Date,open,high,low,close,volume,ticker,rsi,is_new_low,is_pivot,f_rsi,f_stretch,f_dn,f_d200,f_atr,f_body,f_ret3,score,next_open,next_close,year
2010-04-30,18.53017288652081,18.55570722529283,17.525781099599335,17.585363388061523,15122000,MRVL,43.83916913407836,True,False,0.5892779422718907,1.0394182583357219,-0.5,-0.008000226673520183,0.7921264446499867,-2.2933914260673363,-0.44351334565057854,36.1518828098934,17.781129099632036,17.696012496948242,2010
2010-05-04,17.457691348714967,17.4662033383438,16.410740976808846,16.70865249633789,19914200,MRVL,36.17565413567353,True,False,0.0783769423782355,-0.3730621502365989,0.5,-0.25466736730399897,1.0323192593314596,-1.7741960293301051,-1.2545779401564552,38.68382827917823,16.470317314844028,16.52989959716797,2010
2010-05-05,16.470317314844028,17.02358345234619,16.342640763650515,16.52989959716797,17851100,MRVL,34.80688946280124,True,False,-0.012874035813250846,-0.48220267706494563,0.5,-0.3025787683590847,1.062801179607315,0.21874925494122288,-0.7502430910882513,37.79379071032283,16.51287965837539,16.05324363708496,2010
2010-05-06,16.51287965837539,16.844840720775185,14.691356303472428,16.05324363708496,21144100,MRVL,31.39560548192189,True,False,-0.24029296787187396,0.49399566511655485,1.5,-0.4340533684516251,1.5818864749438417,-0.5335957130654836,-1.1604089199096292,51.1462166836261,15.91705506607329,16.05324363708496,2010
2010-05-07,15.91705506607329,16.393715064614135,15.431881455411409,16.05324363708496,24431700,MRVL,31.39560548192189,True,True,-0.24029296787187396,0.4752697410967743,0.5,-0.43010594973324656,1.635157531799942,0.3539816287054024,-0.49032145126348403,47.94616488616157,16.95548475973716,16.929948806762695,2010
2010-06-30,13.806127768968407,13.916781987986996,13.380538927404697,13.414586067199709,16704400,MRVL,30.722382361202037,True,True,-0.28517450925319754,-0.6353928042087426,1.5,-1.0447610633253235,1.940276652998391,-1.825392860765082,-1.1586088482603853,46.762885831737755,13.406070154860336,13.874217987060549,2010
2010-12-13,16.725674764679788,16.87037532657608,16.26603873621241,16.300085067749023,12848900,MRVL,43.90744310548469,True,False,0.5938295403656458,2.391132777716813,1.5,0.15848052234857746,0.39021526084044045,-1.7605656504873237,-0.5907894126613008,47.911083613409325,16.334130089882315,16.283058166503906,2010
2010-12-14,16.334130089882315,16.615019174481326,16.121335279625626,16.283058166503906,8130300,MRVL,43.656448284008114,True,False,0.5770965522672076,2.3725442740989795,1.5,0.15152255991615626,0.3896678988521904,-0.2586266430330722,-0.39240769225445393,46.07200642538849,16.231989649219592,15.848959922790527,2010
2010-12-15,16.231989649219592,16.427760506516385,15.831935946461485,15.848959922790527,11469500,MRVL,37.73405566972907,True,False,0.18227037798193776,1.685948019540124,1.5,0.014043980997875405,0.47410489127238664,-1.6071413974348916,-0.6007132337904925,51.471661628546734,15.934072070221822,15.806395530700684,2010
2010-12-16,15.934072070221822,16.027702290168452,15.763837225358731,15.806395530700684,7891600,MRVL,37.20115252981074,True,True,0.14674350198738276,1.7120071802397117,1.5,0.0005723767309928629,0.4060388203664419,-1.2096764269761178,-0.3785942949042817,51.95686569652911,15.976637362953918,16.05324363708496,2010
2010-12-29,15.797880307380275,15.83192824347242,15.670203794024642,15.69573974609375,4007100,MRVL,37.171839515833,True,False,0.1447893010555333,0.9119942890155569,1.5,-0.0393766953822422,0.10435154654153747,-1.5789288761732194,-0.32356362202094063,47.892185104085804,15.670207170457996,15.636160850524902,2010
2010-12-30,15.670207170457996,15.695743128029296,15.48294835208772,15.636160850524902,5560100,MRVL,36.228731731378396,True,True,0.08191544875855973,0.39101633823367843,1.5,-0.057634053821824516,0.04892184487780953,-0.3999900817870748,-0.23370645207356489,44.56106915777375,15.627646744273816,15.789369583129885,2010
2011-01-04,15.797887125329597,15.94258766918022,15.278668863803183,15.423369407653809,29101600,MRVL,34.20432666642155,True,True,-0.053044888905229945,-0.4351808875779722,0.5,-0.12348046242781685,0.13462511945177488,-1.4102542157361433,-0.17011164449612232,41.35346723802793,15.287176191542173,15.797883987426758,2011
2011-02-23,15.491457202552464,15.49996756319181,15.227590564873564,15.295684814453123,14076900,MRVL,32.33226826871886,True,True,-0.17784878208540914,-0.44483095453663396,1.5,-0.25257172052301324,0.45159440577801824,-1.7968880385284995,-0.6900672284609568,46.70463560665987,15.355269802803056,15.329733848571776,2011
2011-03-04,14.248740667673454,14.470047470870952,13.610356220429146,13.729520797729492,60904000,MRVL,27.21369126405631,True,False,-0.5190872490629128,-0.5342519639270742,0.5,-0.7234268627450624,1.2465519022123475,-1.5099021587026984,-1.3110395773508143,46.476911791543316,13.806126321057947,13.457143783569336,2011
2011-03-07,13.806126321057947,13.848686256023065,13.32095442692424,13.457143783569336,23720500,MRVL,25.784649758595734,True,True,-0.6143566827602844,-0.5140216055852159,0.5,-0.8015156363695969,1.2799592240398108,-1.6532191079157927,-1.5147263367279826,47.68511628033475,13.491187166750642,13.780588150024414,2011
2011-06-17,11.831389991673166,11.831389991673166,11.210029594912658,11.2440767288208,29748600,MRVL,30.0133949494262,True,True,-0.33244033670492,-0.6105680438417799,1.5,-1.1044887709789586,0.7322879957326921,-2.363013743369996,-0.8878319310277771,45.58962638860338,11.363243459418149,11.405801773071287,2011
2011-08-05,11.584546645099373,11.686688034278893,10.49503768210358,11.082351684570312,27488100,MRVL,27.232674699543864,True,False,-0.5178216866970757,0.14100985343241032,1.5,-1.0044859224124396,1.249541027945122,-1.05357028513507,-1.0949567332802155,51.78714158153588,10.495036560220504,10.180100440979004,2011
2011-08-08,10.495036560220504,10.920626042181588,10.0183767950027,10.180100440979004,26487500,MRVL,20.872996418598078,True,True,-0.9418002387601282,-0.46175134762034925,1.5,-1.3200357101559317,1.7789306146721002,-0.8726416791873961,-2.0087750934721273,53.74083424486475,10.384386039144808,10.197126388549805,2011
2011-10-21,11.52496632728637,11.720737965255164,11.073841578898424,11.184494972229004,24073100,MRVL,34.27556989050362,True,True,-0.04829534063309211,0.19753685662047285,1.5,-0.7208917663231285,1.6210013694988503,-1.3157878225865056,-1.2190898761201843,45.95140222682871,11.235567936249833,11.746275901794434,2011
2012-02-24,13.882731046314063,13.882731046314063,13.065599867231493,13.159229278564451,26893100,MRVL,44.19270602054605,True,False,0.6128470680364032,1.9697303333306106,-0.5,0.11239484362067453,0.5905200123513218,-2.213542287548981,-0.4218741192045225,39.852897596784324,13.06560223752222,13.048578262329102,2012
2012-02-27,13.06560223752222,13.235837930714329,12.954948834010398,13.048578262329102,13641600,MRVL,42.547240562437366,True,False,0.5031493708291578,1.6487695356496384,0.5,0.06870653243992275,0.5495727092103396,-0.1515186544519311,-0.5234345430437437,39.86904500327013,13.074111070181448,12.988993644714355,2012
2012-02-28,13.074111070181448,13.12518217485984,12.835781142426852,12.988993644714355,14522400,MRVL,41.6479597263428,True,False,0.4431973150895198,1.4505456725563095,1.5,0.045103517997769904,0.5068078327413045,-0.7352895802713003,-0.6226659901385323,44.1579231960933,12.997507538381614,12.767688751220703,2012
2012-02-29,12.997507538381614,13.006018713954107,12.674059325940956,12.767688751220703,14473100,MRVL,38.401474823212595,True,True,0.226764988214173,1.1298756566305235,1.5,-0.04045111985945371,0.510351303274971,-1.730774873821353,-0.3719257783409313,48.72210841457697,12.78471371830456,12.852807998657228,2012
2012-03-05,12.767690223368064,12.801737364827131,12.393171667318336,12.588942527770996,15286000,MRVL,36.276967681236556,True,False,0.08513117874910374,0.8854725550404972,0.5,-0.10857735029878357,0.4436419487319987,-1.0937512417646105,-0.17499861068493855,45.39781176394124,12.393168369992829,12.444238662719728,2012
2012-03-06,12.393168369992829,12.58893917835872,12.316562119154812,12.444238662719728,10650800,MRVL,34.231933203322185,True,True,-0.0512044531118543,0.6736905484133574,1.5,-0.16321561981386123,0.4199208018509334,0.4687462747061539,-0.3973541579203793,46.92949413829263,12.503820547564644,12.605962753295898,2012
2012-05-04,12.103770326213043,12.20591174862544,11.746274941895722,11.933534622192385,10295800,MRVL,32.626235004963405,True,False,-0.15825099966910633,-0.3286316923185699,1.5,-0.3746366427732012,0.39648438555846083,-0.9259251083038436,-0.8088713052360432,44.22347958053815,11.84841587130285,11.89097499847412,2012
2012-05-07,11.84841587130285,12.044186719843738,11.814368731915398,11.89097499847412,11615800,MRVL,32.08851327298888,True,False,-0.19409911513407488,-0.39821631188623946,1.5,-0.3875422735965578,0.3480071144470206,0.46296557935817534,-0.7169354416194401,42.23461366289551,11.84841339920075,11.83138942718506,2012
2012-05-08,11.84841339920075,11.865436559468776,11.55050038290748,11.83138942718506,14489500,MRVL,31.310462177630157,True,False,-0.24596918815798954,-0.1435936864680288,1.5,-0.4069016667472575,0.3505578894768149,-0.1351382699311449,-0.3326341328768814,46.46479042689291,11.414314694910958,11.62710952758789,2012
2012-05-09,11.414314694910958,11.73776293798964,11.295150108130512,11.62710952758789,15593200,MRVL,28.73780820749481,True,False,-0.41747945283367943,-0.06971938542053276,1.5,-0.4818341064105608,0.45899791446686095,1.2019242231673424,-0.3209705928562914,47.654381174596615,11.67817785700224,11.54198932647705,2012
2012-05-10,11.67817785700224,11.729248150075348,11.405799984204192,11.54198932647705,9122100,MRVL,27.71589844539814,True,True,-0.4856067703067907,-0.21870628038859197,1.5,-0.5103102959289973,0.45516714445211864,-1.0526302580692244,-0.3668598159968492,51.86829775075942,11.516455702910765,11.754786491394045,2012
2012-05-18,11.754785113776526,11.780320262497169,10.784440533166991,10.86104679107666,25079800,MRVL,25.536564838964296,True,True,-0.6308956774023803,-0.5414336553018863,0.5,-0.7470431720434872,0.8365083849038715,-2.2435900048417214,-0.5792185476547265,50.6586213585496,10.878068503766732,11.278122901916504,2012
2012-09-24,8.398606276795503,8.424421434554255,8.114637079502028,8.166267395019531,16389100,MRVL,32.27903011311051,True,False,-0.18139799245929947,-0.5372848192348512,1.5,-1.2267184401212798,0.5051607765049108,-1.8750049670584708,-0.7433154986235146,41.435888190316085,8.174875464993649,7.951141834259033,2012
2012-09-25,8.174875464993649,8.26092711393753,7.951141834259032,7.951141834259033,11043100,MRVL,29.195905995877965,True,False,-0.38693960027480234,-0.6666666666666644,1.5,-1.316397543256903,0.590122937476364,-1.8055540838384216,-0.9615373437374924,43.63260015725854,7.761829672748563,7.925326824188232,2012
2012-09-26,7.761829672748563,7.951141991120947,7.701593189039749,7.925326824188232,14762900,MRVL,28.839922723832956,True,True,-0.41067181841113626,-0.10961639202974431,1.5,-1.3186254111690991,0.5856901254377365,1.6379276325525178,-0.7764795607490632,41.28286053667833,7.942537587982555,8.028589248657227,2012
2012-10-10,7.701593266762255,7.770434259710458,7.563911280865848,7.589726448059082,11751600,MRVL,28.821652580003573,True,True,-0.4118898279997618,-0.593333490937333,1.5,-1.38277539333781,0.39475011909058993,-1.3541691501959012,-0.581084934497228,43.86193699593187,7.632754474299049,7.641359806060791,2012
2012-10-15,7.520884668276634,7.632751475276311,7.460649010911147,7.49506950378418,10050200,MRVL,28.318393759776953,True,True,-0.44544041601486983,-0.5685131021296791,0.5,-1.398094014116792,0.4128041320851643,-0.3749970197649215,-0.1558965018744335,40.481111981876396,7.572519375031972,7.718806743621826,2012
2012-10-19,6.841081510388612,6.849686841526288,6.471060888288806,6.514086723327637,54487000,MRVL,20.666201050745997,True,False,-0.9555865966169336,-0.5682982693963584,0.5,-1.8335448013879652,1.317600207075934,-2.1590885692394504,-1.9509492534090012,48.09600067889153,6.557111300013856,6.419429302215576,2012
2012-10-22,6.557111300013856,6.600137129488178,6.3161678038668665,6.419429302215576,17758900,MRVL,19.894677632383363,True,True,-1.0070214911744424,-0.4301417576111482,1.5,-1.8678415945992333,1.3559467092992952,-1.2121203363870252,-2.1388857590735917,51.179485820817476,6.333378018106493,6.5571112632751465,2012
2013-03-21,9.07157575735456,9.08900473626372,8.82757587004249,8.83629035949707,9140100,MRVL,50.68660443579479,True,True,1.045773629052986,3.299729989006058,0.5,0.05818952023646906,0.19834131768421345,-2.249994436903378,-0.45152387666675536,38.936249716689765,8.940861846531075,8.897290229797363,2013
2013-04-02,9.054145268422031,9.062858924564113,8.801430956998395,8.818859100341797,4673000,MRVL,47.490371130282405,True,False,0.8326914086854936,1.9242161078589677,0.5,0.03648281760569638,0.06460620270231412,-2.2500095367674113,-0.463848817747152,37.3632503507901,8.862432845785088,8.723004341125488,2013
2013-04-03,8.862432845785088,8.958289734973704,8.679432725654504,8.723004341125488,8062400,MRVL,44.90151576067065,True,True,0.6601010507113766,1.5849708528949125,1.5,-0.018079150954777856,0.11083803149154192,-1.25,-0.6734393061341645,40.06541796517249,8.705572684553367,9.045430183410645,2013
2013-04-17,8.871147778952675,8.8798614376353,8.531290158545788,8.592289924621582,9357400,MRVL,41.498997706332496,True,False,0.43326651375549974,0.9888396943792293,0.5,-0.10476028282757288,0.37925266451654305,-2.000005960470164,-0.6944475018585583,39.36743994691709,8.635861519747042,8.322147369384766,2013
2013-04-18,8.635861519747042,8.653290499185799,8.243718624029327,8.322147369384766,9976100,MRVL,36.48875637133165,True,True,0.09925042475544311,0.2688808682131527,0.5,-0.2562252584734376,0.5291394417520399,-1.9148907028981554,-0.7389165748394017,41.50108429427068,8.339576517084357,8.487719535827637,2013
2013-08-23,11.091978801608386,11.153308591534728,10.233358400416732,10.680191040039062,21558200,MRVL,40.62792645633118,True,False,0.37519509708874543,1.8424724553993475,1.5,0.5056751913148472,0.32405024842764263,-1.1190490679416198,-0.9301460503203365,48.88686326614364,10.566292590004766,10.504961967468262,2013
2013-08-26,10.566292590004766,10.645144815170534,10.40858646856187,10.504961967468262,13557700,MRVL,37.53500823405407,True,False,0.16900054893693786,1.499124801650253,1.5,0.4108716178794303,0.3358091485161754,-0.6481553432350731,-1.0153272420114392,49.579885966180925,10.312214431303415,10.198315620422363,2013
2013-08-27,10.312214431303415,10.426112406628508,10.189553980610906,10.198315620422363,12902000,MRVL,32.825539018872206,True,True,-0.1449640654085196,0.2404054103077186,1.5,0.25028228234775907,0.395959090897594,-1.2037069741977484,-1.2731447069532553,49.02403824003841,10.145744263062412,10.373541831970217,2013
2013-09-30,10.11517209511183,10.22961713916305,9.89508566568174,10.12397575378418,9124900,MRVL,32.192959234088164,True,False,-0.18713605106078907,-0.15084504615906882,0.5,0.09671171251524058,0.28135521239506733,0.06579095967214629,-0.4807732370372353,43.25303940452212,10.062353502673796,9.92149829864502,2013
2013-10-01,10.062353502673796,10.185601386417355,9.868677177352607,9.92149829864502,11330700,MRVL,29.000008558069993,True,True,-0.39999942946200046,-0.5482334932808672,1.5,-0.00516958334706441,0.3312366581569311,-1.1111111111111065,-0.7506213814862203,49.930030216887054,9.84226474301441,9.930298805236816,2013
2013-10-04,9.965514842929927,10.00953230373829,9.78944583925971,9.815855979919434,4478400,MRVL,28.001663253516156,True,False,-0.4665557830989229,-0.48023758708559083,-0.5,-0.0578949026240394,0.2575032270242648,-1.7000007629394587,-0.13309773829726645,46.392342168565946,9.72782289048776,9.71021556854248,2013
2013-10-07,9.72782289048776,9.824660642496845,9.639787959888,9.71021556854248,3705200,MRVL,26.34356538089692,True,False,-0.5770956412735387,-0.49672366776992205,0.5,-0.11000194420175413,0.23016274482742077,-0.23810064441122708,-0.2770350130077065,48.78489426378443,9.710213066016369,9.648589134216309,2013
2013-10-08,9.710213066016369,9.807051632631437,9.569357885008746,9.648589134216309,6620200,MRVL,25.398721972256425,True,True,-0.6400852018495716,-0.4735538768561988,1.5,-0.13967244709849946,0.22323467805699984,-0.6481442235691498,-0.3868336038536549,54.02863982619147,9.6662003168787,9.75423526763916,2013
2014-03-26,14.070299065581317,14.105807672038004,13.573177728595748,13.58205509185791,4568900,MRVL,43.784709549072296,True,True,0.5856473032714864,1.2694586719351033,1.5,0.6824355344541211,-0.12858029572743712,-2.291666004393248,-0.6871513373258766,44.59129518679379,13.590932846069336,13.590932846069336,2014
2014-04-10,14.114681092931448,14.150189691600024,13.555420875549316,13.555420875549316,4228200,MRVL,42.037306806282956,True,False,0.4691537870855304,0.7200860921776085,0.5,0.5705636170724071,0.04565634744849677,-2.3507462155449117,-0.42694803705625173,41.30348707384867,13.528788977018698,13.262474060058594,2014
2014-04-11,13.528788977018698,13.688578096513115,13.244720183776872,13.262474060058594,3241400,MRVL,37.5725044800044,True,True,0.17150029866695984,0.11004737928261621,1.5,0.44529959838142563,0.11783606272694966,-1.5000009536743226,-0.8426978159495252,44.492768235919435,13.324614270809358,13.457771301269531,2014
2014-06-09,13.377879367295858,13.502159907593084,13.013915955858453,13.173705101013184,9699800,MRVL,36.70495349313518,True,True,0.11366356620901191,-0.357282207987466,1.5,0.1821721094506501,0.07577530564023527,-1.0454521021575618,-0.9207229698891192,40.90032964746831,13.155880096860985,13.21827220916748,2014
2014-06-16,13.209356629912852,13.325228283687537,12.941961421232888,13.004353523254396,6266900,MRVL,36.422745694091915,True,True,0.09484971293946103,-0.5488927135942064,1.5,0.10476319688564995,0.14387731745114374,-1.3372086576015518,-0.46204690736687953,41.99442211441622,13.031095022219215,13.21827220916748,2014
2014-06-24,13.12913171649609,13.12913171649609,12.790431160562113,12.808257102966309,7651600,MRVL,35.48396127389249,True,True,0.03226408492616599,-0.6294061750821974,0.5,0.019384920755773916,-0.006577697333745812,-2.3684240246148978,-0.2806182404785959,40.530995674472656,12.7904407881503,12.9152250289917,2014
2014-06-27,12.78152416536861,12.81717691806025,12.629999753921972,12.63891315460205,5199500,MRVL,33.902056343753685,True,True,-0.07319624374975434,-0.6467315982775309,0.5,-0.047228971948320986,-0.09437377166331071,-1.9047597422355027,-0.16526833725589302,41.320691827810656,12.603258420860348,12.772608757019045,2014
2014-07-14,12.558692782120565,12.647824228427874,12.30021014278078,12.4071683883667,7725200,MRVL,33.42537227961476,True,True,-0.10497518135901582,-0.4163765323631155,1.5,-0.140336790975239,-0.1358776244784599,-1.0897457842638807,-0.35764068993689446,44.08308266951074,12.487388743155414,12.63891315460205,2014
2014-07-25,12.407174724225529,12.41608812841656,11.925861948286997,11.934775352478027,8179800,MRVL,30.01943862450372,True,False,-0.33203742503308525,-0.6452557821585675,0.5,-0.3179039578104398,-0.11637923930585664,-2.40908885987408,-0.6797263341375148,43.97376616991615,11.96150993183287,11.801072120666504,2014
2014-07-28,11.96150993183287,11.979335883057647,11.676287912007036,11.801072120666504,12388400,MRVL,28.22450697083839,True,True,-0.4516995352774406,-0.3688779178715323,0.5,-0.36694197856937616,-0.08852000271940969,-1.3235347741329329,-0.6362019573704372,45.56942201644147,11.85455086067644,11.952595710754396,2014
2014-10-10,11.52058692597538,11.601150608217775,10.813418059388429,10.911884307861328,17568800,MRVL,26.219538011873723,True,False,-0.5853641325417518,-0.44203427299926107,0.5,-0.6225615778269883,0.11872184511525011,-1.9318187975685646,-0.8148041362174591,47.52692214293875,10.902936308681488,10.446409225463867,2014
2014-10-13,10.902936308681488,10.974548299733398,10.428505800859757,10.446409225463867,13606700,MRVL,21.786186532395348,True,True,-0.8809208978403101,-0.6282091906855914,1.5,-0.8025325511170639,0.3139744082663397,-2.090162781099137,-1.5730298432161407,53.56951314527456,10.652291297912598,10.652291297912598,2014
2015-03-03,14.55879486222534,14.693598169185066,14.343108371207848,14.379055976867676,8055300,MRVL,49.95008406640957,True,True,0.9966722710939716,3.122817044433983,-0.5,0.5160784405942009,-0.08333884880192313,-1.282055044076832,-0.07764009441747488,37.19871421692745,14.298173876497176,14.56778049468994,2015
2015-03-12,14.251138255060466,14.620945270791102,14.251138255060466,14.494669914245604,5129900,MRVL,49.64633422271227,True,False,0.9764222815141513,2.1067813250051035,1.5,0.512682905117251,-0.20745731534492312,1.646342881732425,-0.2813288590491819,34.90396536427983,14.449574980306767,14.485652923583984,2015
2015-03-13,14.449574980306767,14.566830446424037,14.350357625641578,14.485652923583984,4090000,MRVL,49.41143802287924,True,False,0.9607625348586158,1.6880364754202162,1.5,0.5036758752565207,-0.2396814608141731,0.41665673254972935,-0.1991404716877837,35.413835470661375,14.485653562942275,14.422515869140623,2015
2015-03-16,14.485653562942275,14.629968783166936,14.395456980395142,14.422515869140623,5374100,MRVL,47.709283138357726,True,False,0.8472855425571818,1.5915887463620644,1.5,0.4744616632406373,-0.25837917561200274,-0.6730758650033922,-0.15441386894081977,38.67853379415857,14.44055215896108,14.187999725341797,2015
2015-03-17,14.44055215896108,14.467611901254372,14.124862047030152,14.187999725341797,7293400,MRVL,41.93122107147435,True,True,0.46208140476495646,1.0629791068967263,1.5,0.381316865030058,-0.22231918599856354,-1.8421046027204715,-0.26446806888165697,44.547132740802596,14.215063407399926,14.27820110321045,2015
2015-03-23,14.160942163475625,14.242119677551068,13.998587995511166,14.052705764770508,7095100,MRVL,39.102652412476836,True,False,0.27351016083178903,0.8183702130829769,1.5,0.3140898193043995,-0.2563531701002468,-1.1111120922593363,-0.19741224473057012,45.379286527077056,14.06172954675682,13.953493118286133,2015
2015-03-24,14.06172954675682,14.097808356247048,13.881335499305674,13.953493118286133,4594600,MRVL,36.82626582107591,True,False,0.1217510547383938,0.6208800032842529,1.5,0.27366955233882884,-0.2739028141573239,-1.2500000000000102,-0.26107338060324115,47.0640655566238,14.034666172069564,13.41230583190918,2015
2015-03-25,14.034666172069564,14.034666172069564,13.394266863018975,13.41230583190918,11158500,MRVL,27.441669997787287,True,True,-0.5038886668141809,-0.6207174942678548,1.5,0.0684326058184237,-0.09383464115129114,-2.429579214736554,-0.6758888390344816,53.17210267117668,13.25897467142398,13.493487358093262,2015
2015-07-09,11.78555346843755,11.848965085010294,11.23296356201172,11.23296356201172,7442200,MRVL,25.630647448072963,True,True,-0.6246235034618024,-0.6666666666666666,1.5,-0.6835712294307794,0.28412617660070105,-2.2426482962896412,-0.8107051747621913,51.67554496843959,11.3416653607695,11.332606315612791,2015
2015-08-24,9.149430832999258,9.919431890323116,9.149430832999258,9.611431121826172,12090400,MRVL,22.612247619566688,True,False,-0.8258501586955541,0.03645930709370996,1.5,-1.1587944842295006,1.371688434282006,1.49999887802946,-1.3644007180302744,51.34574115783428,10.037195827073475,9.403077125549316,2015
2015-08-25,10.037195827073475,10.100607438050368,9.394018077147358,9.403077125549316,6400600,MRVL,21.016224533183788,True,True,-0.9322516977877474,-0.29683301822652686,1.5,-1.2327513330123052,1.5750091454796982,-2.2435899003410027,-1.1383507523515093,59.10633672463386,9.674841276734496,9.493663787841797,2015
2015-09-14,7.835896390421432,7.881190763991158,7.645660712563238,7.808720111846924,15022900,MRVL,19.974725134567436,True,True,-1.0016849910288377,-0.1911981335866204,0.5,-1.7797833250911255,2.779362511461832,-0.28845871694238046,-2.2770389372722506,51.16610197761753,7.835891425978893,7.826833248138428,2015
2016-01-06,7.743574485130829,7.752759553880969,7.376144578507994,7.394516468048096,7374500,MRVL,37.174445839966076,True,True,0.14496305599773837,-0.5149871371504967,1.5,-1.2615571669274306,0.8812938428366678,-2.3170747308776627,-1.0912658708526966,36.36635593899495,7.275100464536756,7.468000888824463,2016
2016-01-19,7.74357504750313,7.74357504750313,7.100573321230505,7.1373162269592285,6357400,MRVL,35.09168631270239,True,True,0.0061124208468262015,-0.5898637438476836,0.5,-1.3243675330781057,1.3123867698833702,-2.3571430517701875,-0.7840765339086536,36.786699727301205,7.00871646911301,7.26591682434082,2016
2016-04-04,9.193409091520078,9.239607304272967,8.842303908218792,8.88850212097168,4192400,MRVL,41.254656727511126,True,True,0.4169771151674084,2.459268290538444,1.5,-0.2363041383494513,0.32637713089844916,-1.9186028459395656,-0.8478715678599799,48.79091416972833,9.92334418932751,10.052699089050291,2016
2016-05-04,8.897739381429242,8.980895964243302,8.703707648582222,8.75914478302002,4054200,MRVL,39.10832021271319,True,True,0.2738880141808792,-0.5559438520216262,1.5,-0.31529444706316967,0.8738347004482742,-1.2500039736404556,-0.626260658097269,38.10608210632354,8.78686838902426,8.823826789855957,2016
2016-06-27,8.977964177589797,9.024434149471888,8.411033002383045,8.476090431213379,8938700,MRVL,34.82772400832063,True,True,-0.011485066111958039,-0.5297866178825793,0.5,-0.44526074456729015,0.8255089600076603,-2.045454873854873,-1.3454029253331112,38.23097796285434,8.578324317932129,8.578324317932129,2016
2016-10-11,12.2688467908884,12.32486842223914,11.886028154568724,11.979398727416992,5039800,MRVL,51.00374779650875,True,True,1.0669165197672499,2.652799788952567,0.5,0.8280966626817776,-0.015616611075747421,-1.6489374653785926,-0.33194310345001227,39.567076562767255,12.287517452783248,12.08210277557373,2016
2016-10-21,12.128790221899935,12.2034863196286,11.988735261270628,12.044756889343262,2681100,MRVL,50.99003302624135,True,True,1.0660022017494233,2.1744421583195472,0.5,0.7810357976558513,-0.12189486427707902,-0.9782644751463446,-0.10568468658302549,36.443384222099056,12.091442294844198,12.203486442565918,2016
2016-11-01,12.306196967644253,12.352881371684624,11.942052739173032,12.091444969177246,4219200,MRVL,49.52613798182191,True,False,0.9684091987881274,1.2771894323102986,1.5,0.7353256460007285,0.05561252394907836,-1.3068222457751106,-0.16196278230799221,38.33136427142176,12.091440008730428,12.08210277557373,2016
2016-11-02,12.091440008730428,12.231495834738192,11.998070348506149,12.08210277557373,3856200,MRVL,49.22433881561173,True,False,0.9482892543741154,1.2926211910662448,1.5,0.722570798901091,0.0258288788608498,-0.10000228881836754,-0.15267253838849443,36.65374633368885,11.998070626798276,11.79265594482422,2016
2016-11-03,11.998070626798276,12.03541866984378,11.58724126285016,11.79265594482422,4594300,MRVL,40.906977261668494,True,False,0.39379848411123297,0.607697512880582,1.5,0.5789768893181513,0.14333716465547316,-1.1458335402936721,-0.383730810715896,44.227353731408556,11.736635336527868,11.689950942993164,2016
2016-11-04,11.736635336527868,11.83934313937876,11.61525395435264,11.689950942993164,3844000,MRVL,38.42591648454313,True,True,0.22839443230287534,0.41707366237429344,1.5,0.5245571085048628,0.12010033743122331,-0.5208238131757983,-0.4150600147537639,44.87228279155011,11.84868236210551,11.998075485229492,2016
2017-01-23,13.165681011096364,13.268830611885368,12.968758395564093,13.08128547668457,4831700,MRVL,42.794452640842614,True,True,0.5196301760561742,1.2963812153298384,0.5,0.6140611655730366,-0.40597012834900986,-0.7031268626469126,-0.22871554147762263,39.73783375057667,13.137550518483296,13.60641384124756,2017
2017-03-28,14.741063121046013,14.83483524904606,14.609781068702963,14.722308158874512,6630300,MRVL,46.35417212020118,True,False,0.7569448080134118,2.5930386060364685,1.5,0.7546472832513251,-0.1642669649463353,-0.20833830039180984,-0.16499111988866194,45.847520813224065,14.675423479030156,14.75981903076172,2017
2017-03-30,14.712932728161547,14.7691967282311,14.619160587093551,14.637914657592772,6500200,MRVL,44.28255187158844,True,False,0.6188367914392292,1.1969721528866017,0.5,0.7048197185494676,-0.2611322312465874,-1.2500000000000295,-0.09535651358936054,39.67633916173685,14.58143431067771,14.364925384521484,2017
2017-03-31,14.58143431067771,14.666155507082,14.364925384521484,14.364925384521484,7280800,MRVL,38.14089422729291,True,False,0.20939294848619408,0.6094370016428939,0.5,0.5917686401058109,-0.2368684853550053,-1.7968731373530684,-0.30343643341821935,44.2496620697423,14.251961100467817,14.120172500610352,2017
2017-04-03,14.251961100467817,14.355508708953858,13.997797564543362,14.120172500610352,10896700,MRVL,33.63655223558132,True,False,-0.09089651762791201,0.0697329080855716,1.5,0.4910693595892368,-0.1921730327791654,-0.9210546128961916,-0.5417127141076796,48.39939058272555,14.035453057886992,14.082520484924316,2017
2017-04-04,14.035453057886992,14.176655338998964,13.997799295804436,14.082520484924316,5285300,MRVL,32.991073368643086,True,True,-0.13392844209046093,0.010010582238128821,1.5,0.4712398411007379,-0.23335438366638359,0.6578953972795462,-0.474277062050954,46.14119514083899,14.13900168385964,14.110760688781738,2017
2017-04-12,13.93190675346696,13.988386953061172,13.724810593569478,13.941320419311523,9673200,MRVL,32.395141112249334,True,False,-0.17365725918337774,-0.16882786997496524,1.5,0.3860497663240092,-0.2802223072657551,0.089287843025054,-0.2724556696193717,47.045062272218885,13.913076972345,13.81894302368164,2017
2017-04-13,13.913076972345,14.016625482932056,13.800115695307111,13.81894302368164,7408600,MRVL,30.028006030208985,True,True,-0.3314662646527343,-0.44623288837466557,1.5,0.33517401549628123,-0.2932453568244314,-1.0869479585193724,-0.3315652607204775,50.257774614746516,13.866011093433585,13.960145950317385,2017
2017-07-03,15.748365273976257,15.786152855770627,15.181537131884788,15.200431823730469,3186300,MRVL,36.8482457729095,True,True,0.12321638486063335,1.3492966083672027,1.5,0.4107261699357967,0.39161597311598734,-2.2656268626469185,-0.716890949859994,53.612878572014566,15.294899154004368,15.42715835571289,2017
2017-07-28,14.935909227233353,14.992591488663654,14.643047873349117,14.728072166442873,6167000,MRVL,33.695149253954185,True,False,-0.0869900497363877,-0.5195768948942378,0.5,0.1668521222345054,0.07767732672301307,-1.486488750505835,-0.32031458354324777,42.59241173164971,14.737521259544671,14.699732780456545,2017
2017-07-31,14.737521259544671,14.803650872711794,14.558025308164757,14.699732780456545,4665700,MRVL,33.27367973652542,True,True,-0.11508801756497178,-0.41499807640095154,1.5,0.15530040590979177,0.03577318474219475,-0.3846146792355766,-0.38161795136604365,45.029004115135315,14.728076063640128,14.89812469482422,2017
2017-08-10,14.567474494752824,14.624156770076429,14.199036101355324,14.217930793762209,3962300,MRVL,29.64969133332805,True,True,-0.35668724444479666,-0.6290650363542832,1.5,-0.024988519306924917,-0.09589073925954326,-2.0555557910307654,-0.5022297214037658,49.746500608691555,14.217925851843733,14.539128303527832,2017
2017-10-30,17.39229085400785,17.468115481390374,17.041600822487595,17.278553009033203,6057400,MRVL,51.1024597044851,True,True,1.07349731363234,2.611777406466691,-0.5,0.6219605170880238,-0.5920980718465151,-0.6666701987877804,-0.10875074670816526,32.28492307520251,17.3638562686286,17.506027221679688,2017
2017-12-29,20.899279303933344,20.899279303933344,20.40507125854492,20.40507125854492,4256400,MRVL,46.56274481377064,True,True,0.7708496542513762,4.181175291496181,0.5,0.970550457016699,-0.1001183809914053,-2.5,-0.21176889501493407,48.956448617309434,20.585656452851477,21.09887313842773,2017
2018-02-01,21.96373070577963,22.286866646676984,21.412499126497607,21.479026794433597,7988300,MRVL,44.634506094263024,True,False,0.6423004062842016,0.8844712542074697,0.5,0.9396887702979284,-0.0966057598854588,-1.3858700722511808,-0.45308801664530746,38.69162062700051,21.269936145091048,21.31745719909668,2018
2018-02-02,21.269936145091048,21.46952094642898,20.785234083433632,21.31745719909668,9945300,MRVL,42.497189279593144,True,False,0.4998126186395429,0.6369411949506952,0.5,0.8845282177866154,-0.0427233464543197,0.17361525032650976,-0.37305547666103,37.633439529281695,21.041845590426245,20.291030883789062,2018
2018-02-05,21.041845590426245,21.441013476468576,20.25301403143108,20.291030883789062,9355000,MRVL,32.01040813614593,True,True,-0.19930612425693822,-0.6219704960477462,1.5,0.5944974833089123,0.1963605951409602,-1.5799980163574148,-1.0608643414423606,48.45072315853966,19.83483720423257,20.623668670654297,2018
2018-02-08,20.37656301466655,20.462099103046008,19.359635978091827,19.71128273010254,11758100,MRVL,30.034279817324972,True,True,-0.3310480121783352,-0.3096637004517868,0.5,0.4164298271363398,0.5542761687711363,-1.5086225323673799,-0.35714557641677996,50.77892243146762,20.00590752480377,20.243507385253903,2018
2018-06-25,19.99546883196517,20.03359262019819,19.04239594024699,19.23301124572754,9398300,MRVL,35.16811872851052,True,False,0.011207915234034733,0.055422538409501655,0.5,-0.13199017270667024,0.6208855684371855,-1.9230733961779671,-0.9022978262795841,42.56191065143883,19.33785002514012,18.97568130493164,2018
2018-06-26,19.33785002514012,19.33785002514012,18.88037365130613,18.97568130493164,10091600,MRVL,33.23218706557955,True,True,-0.11785419562802986,-0.19417293407250327,0.5,-0.19523735623256988,0.6010974086076806,-1.9791662527467686,-0.7827205896901807,43.837609789805676,19.871567811612834,19.175825119018555,2018
2018-09-10,18.704221676991576,18.75201076762605,17.99695954230806,18.188112258911133,19795700,MRVL,30.54200618778995,True,False,-0.29719958748066994,-0.4564396373446648,1.5,-0.42548658478648416,0.5552193557317777,-1.708855640433808,-0.8850102729431111,47.548690835700945,17.863154158326605,17.968286514282227,2018
2018-09-11,17.863154158326605,18.283687228084,17.729346524342475,17.968286514282227,15130100,MRVL,28.804010218728436,True,False,-0.41306598541810424,-0.4022688586823338,1.5,-0.4764472310750817,0.5686641666470094,0.47413240289785064,-0.4239457125517293,47.314871590582825,17.738901620524025,17.51907730102539,2018
2018-09-12,17.738901620524025,17.863151417087373,17.356598059881364,17.51907730102539,11965400,MRVL,25.59834688729879,True,True,-0.6267768741800808,-0.4870722601694932,1.5,-0.5843561017290749,0.6284846780819716,-1.0849020955616469,-0.7197972372812611,52.36847071510973,17.681560137032807,17.719791412353516,2018
2019-03-07,18.809586865267068,18.82883786084467,18.357154502248505,18.45341682434082,22402700,MRVL,50.957668724003405,True,False,1.0638445816002269,3.890127877087375,1.5,0.18875049943601452,0.09882411539700506,-1.8877602656276176,-0.602035534815741,41.54480735316269,17.952854074931164,17.981733322143555,2019
2019-03-08,17.952854074931164,18.11649947036592,17.40416123025319,17.981733322143555,21587800,MRVL,44.47130815537853,True,True,0.631420543691902,2.950307750336215,1.5,0.0555574194961983,0.2935835693876059,0.10135370244836459,-0.8541134027556587,44.99931886053726,18.09724417023733,18.655563354492188,2019
2019-05-13,22.12880176591103,22.18673005053057,21.2695251516111,21.3757266998291,14438800,MRVL,35.734644223959805,True,True,0.04897628159732032,2.4134157819193067,0.5,0.5654740456267404,0.5464643536341874,-2.0526358585990496,-0.9010934792398575,56.62814395154079,21.71364847038961,22.09984016418457,2019
2019-05-20,21.29849154541208,21.559171627286744,20.82540649395837,20.989538192749023,17319300,MRVL,35.59770795746759,True,True,0.03984719716450608,1.3600744833474694,0.5,0.42774086627907937,0.761718450508502,-1.0526302580692173,-0.7359328239851193,50.503301228215,21.54952022430068,21.626758575439453,2019
2019-05-28,21.192291294261985,21.31780291099172,20.564727686091256,20.603347778320312,12785400,MRVL,35.58387513002009,True,True,0.03892500866800598,1.0752152633013496,1.5,0.3014900718272584,0.7335485132488875,-1.9551284402548055,-0.696901612481103,53.85897720267374,21.25987434387207,21.25987434387207,2019
2019-08-02,24.369043720027747,24.63034844123214,24.08838268334455,24.223875045776367,8322000,MRVL,44.2817901419541,True,False,0.6187860094636065,2.4526423883519572,1.5,0.7262835070759743,0.20733571235624845,-0.6696395119924216,-0.8559742477377549,47.46393378830308,23.65288006847224,23.178661346435547,2019
2019-08-05,23.65288006847224,23.710947177355067,22.92703474671647,23.178661346435547,10797900,MRVL,36.38096490782169,True,True,0.0920643271881128,0.9203332353490467,1.5,0.47398514297953276,0.4183755158478945,-1.5123459697226005,-1.0995783972415698,50.11179535030761,23.66255689198383,23.488353729248047,2019
2019-10-08,23.41093093644937,23.50771067900912,22.201188769252607,22.210866928100582,11466400,MRVL,35.75438172776859,True,True,0.05029211518457259,-0.657884604068245,-0.5,0.01543501504445044,0.5385343765084141,-2.29629522357653,-0.5018815121698452,37.300732542033415,22.540775058420746,22.60869789123535,2019
2019-12-04,23.918643073588616,24.151522138576635,22.99683033935583,23.210302352905277,26761300,MRVL,34.08291669250126,True,False,-0.061138887166582855,0.22123021141877341,1.5,0.041775744640114576,0.5096105087755775,-1.5336142535205792,-1.1613603173873124,47.52212731340681,23.31704701785294,22.754255294799805,2019
2019-12-05,23.31704701785294,23.482003308269835,22.696034121175792,22.754255294799805,11018900,MRVL,31.649027500412814,True,True,-0.22339816663914575,-0.18132988620121235,1.5,-0.05672390506516467,0.5591481246281861,-1.790120186307619,-1.1429641302298148,48.786099057106064,23.200602334207165,23.45288848876953,2019
2020-02-24,22.30017091478432,22.776711625587268,21.852804992322053,22.329345703125,13623000,MRVL,34.856763440685555,True,False,-0.009549103954296357,-0.32364737531954363,1.5,-0.3203577778910033,1.0985104058450204,0.07894409264486889,-1.11562783928401,41.236757881498406,22.718359677530533,22.02786064147949,2020
2020-02-25,22.718359677530533,22.80588775048008,21.930607020984603,22.02786064147949,12658300,MRVL,33.497736230308675,True,False,-0.10015091797942167,-0.5401631885610821,1.5,-0.3800148221818711,1.1253552667614566,-1.9722216335353842,-1.2335844520395822,44.8371441806536,22.19318687586098,21.74582290649414,2020
2020-02-26,22.19318687586098,22.708629664658485,21.570766795017324,21.74582290649414,11222100,MRVL,32.2316880092086,True,False,-0.1845541327194269,-0.5422373590654707,1.5,-0.4351781491521145,1.2087198226784877,-0.9829039625572851,-1.0591502842442146,45.15907939453528,21.01642809141069,19.98554229736328,2020
2020-02-27,21.01642809141069,21.11367985824359,19.975818604646832,19.98554229736328,20046800,MRVL,25.702375889557686,True,True,-0.6198416073628209,-0.6601669784310936,1.5,-0.7979622518486235,1.6602371483332228,-2.264963744017114,-1.31206453433704,53.67350837109787,19.051914887402454,20.71494483947754,2020
2020-07-23,35.29084064593071,35.44712431466763,34.16754921519268,34.509422302246094,5533000,MRVL,49.51657831787882,True,False,0.9677718878585878,3.3446527424278654,1.5,1.294569112582351,0.6678174766716454,-1.5267145007847756,-0.5253500833710845,50.37491047353149,33.97219702493495,34.17732238769531,2020
2020-07-24,33.97219702493495,34.69501139244497,33.48381004653809,34.17732238769531,8198900,MRVL,47.523933643379515,True,True,0.8349289095586343,2.6820532782224267,1.5,1.2187222322830593,0.6908883407198873,0.42339236876998465,-0.45773323479496725,47.81804308166723,34.46057740649103,34.75361251831055,2020
2020-08-10,35.26153392797491,35.408051493559256,34.4117417354365,34.528953552246094,7321800,MRVL,46.45025177485986,True,False,0.7633501183239905,0.9489018547759448,1.5,1.0990812368726421,0.48229420578558974,-1.8382344691402541,-0.8008989256877971,42.65428637386414,34.58756336775746,33.88428497314453,2020
2020-08-11,34.58756336775746,34.6461711426741,33.796375173817914,33.88428497314453,6101900,MRVL,42.82319036908575,True,True,0.5215460246057168,0.583889364575192,1.5,0.9734973618605436,0.48618737204671103,-2.0689624933133484,-0.6620237868294756,45.58505079273906,34.06010557467387,34.4605827331543,2020
2020-08-14,33.86474428694916,33.96242389807694,32.565637130767165,32.7902946472168,12303300,MRVL,38.086704050586235,True,False,0.20578027003908234,-0.08195563039478444,0.5,0.7486050918560527,0.555416907505249,-1.9230738450539648,-0.40357584894988585,44.15525196513653,32.90750875547014,32.995418548583984,2020
2020-08-18,33.20055387689194,33.35683758657076,32.53634717923255,32.60472106933594,4501500,MRVL,37.70620048767163,True,False,0.18041336584477535,-0.1720066460021966,0.5,0.6991403523047623,0.4635055418651469,-1.8154776772130912,-0.4754985891582117,43.2777588974208,32.692623543780535,32.34098434448242,2020
2020-08-19,32.692623543780535,32.9075112674986,32.25307454465789,32.34098434448242,4597900,MRVL,36.43104798227946,True,False,0.0954031988186306,-0.3318842852750312,0.5,0.6457034458133559,0.42384050026971903,-1.343289530620149,-0.17128174188750095,43.79034028530176,32.11632547614568,32.02841567993164,2020
2020-08-20,32.11632547614568,32.2140013714517,31.77445239038149,32.02841567993164,5098200,MRVL,34.923648118247385,True,True,-0.005090125450174317,-0.49428320720231866,1.5,0.5845692707655414,0.3776933442188565,-0.5,-0.3663398250383171,46.10852994580338,32.155383640698346,32.68284225463867,2020
2020-10-28,39.67379572135003,39.86942288606406,38.656518046901546,38.666297912597656,6818100,MRVL,43.13210909757396,True,False,0.5421406065049307,1.495615676053621,0.5,0.9267680064696293,0.6469192941759836,-2.0766217105870286,-0.5732571613608919,46.29146761541665,35.29167902591997,37.37513732910156,2020
2020-10-29,35.29167902591997,38.83258351302253,34.52871894305953,37.37513732910156,41594500,MRVL,37.99987659140902,True,False,0.19999177276060134,0.5589806671878773,0.5,0.7205615057100967,1.104227608404125,1.2102252924744716,-0.819273703641038,42.11654615994626,37.46316960595468,36.6904296875,2020
2020-10-30,37.46316960595468,37.834867902268726,36.20135435653101,36.6904296875,16166200,MRVL,35.581940301811215,True,False,0.0387960201207477,0.2576402500112449,1.5,0.6088884546572337,1.1663299916698908,-1.1826346963436174,-1.1936343669609077,50.055727766892495,37.07192274535724,36.08398818969727,2020
2020-11-02,37.07192274535724,37.081702613128726,35.71228978143461,36.08398818969727,11677500,MRVL,33.54596998679283,True,True,-0.09693533421381156,0.00416859501959103,1.5,0.5105208178990395,1.1889022875206656,-1.8035732775298043,-0.8348063631335695,53.107104846224644,36.39699342756222,36.3774299621582,2020
2021-02-17,50.987263494463086,51.23211204493115,49.03826738885664,49.36146926879883,10323800,MRVL,47.80277140001569,True,True,0.8535180933343796,2.35987702042539,0.5,1.1553768793013364,0.7672494528146505,-1.852677012889923,-0.4101923596543641,46.21727807278519,48.95014486691522,49.43004989624024,2021
2021-02-22,50.105822092107445,50.340878414213215,48.460439045647526,48.66611099243164,13798700,MRVL,45.76006779794153,True,False,0.7173378531961021,1.2122536181547174,-0.5,1.0262886527040016,0.8403683068955684,-1.914062111949332,-0.17608832523313966,40.04821290794514,47.20682146339931,47.83363342285156,2021
2021-02-23,47.20682146339931,48.38209575541928,45.71814119165321,47.83363342285156,13210700,MRVL,43.31950600451825,True,False,0.5546337336345502,0.4272708659202687,0.5,0.9123412911050832,0.9952837856468704,0.5882344691402337,-0.40370596346244736,38.027309518743834,47.58878345922111,48.24497604370117,2021
2021-02-25,47.89239608946392,48.40167797939899,45.18926497716401,45.60061264038086,11476400,MRVL,37.68388698295849,True,True,0.1789257988638994,-0.3655934417508926,0.5,0.6185576590164032,1.2502370683470718,-1.7835373654388411,-0.7873801423457477,43.330741232961685,46.37433420461912,47.28517150878906,2021
2021-03-04,42.17272638598019,42.69180424922556,39.06804403494581,39.27371597290039,33121300,MRVL,29.02014598784315,True,True,-0.39865693414378994,-0.6056385500443326,1.5,-0.18808534931621435,2.1471565630049216,-2.0000015464985696,-2.3778278437830522,50.79350855423995,39.76341799261021,40.654666900634766,2021
2021-05-12,42.06614079544227,42.252446359493575,40.359960073128406,40.703155517578125,13437700,MRVL,33.85670780587492,True,True,-0.07621947960833873,-0.5371419192293315,1.5,-0.22786342935411596,1.2265313780644596,-1.8005220007194669,-1.210292192580724,45.270223256711645,41.21305081678992,40.79140853881836,2021
2021-08-18,57.0605253114621,58.01267670524229,56.70714799232122,56.77585983276367,3977400,MRVL,44.99580049158277,True,True,0.6663866994388513,1.5522089961625278,1.5,0.863987409403133,0.08216402606579451,-0.545115315888955,-0.5278162922429996,43.44413233874779,56.30468439156778,57.89487838745117,2021
2021-09-29,59.95624407395261,60.68262736151519,58.97464220301964,59.04335403442383,4583700,MRVL,43.69919243350155,True,False,0.5799461622334368,0.6278677270362429,1.5,0.7346007223280016,0.07421179010210291,-1.3362089755113689,-0.6799232230319904,40.9616892759694,59.3476546147431,59.200416564941406,2021
2021-10-01,59.681395541194206,59.7501073755197,57.27647010625951,58.72924423217773,6822700,MRVL,42.485217486635364,True,False,0.49901449910902423,0.44773849369456614,0.5,0.6877201651268539,0.15311314111303825,-0.9622988390909544,-0.18930011628521537,38.77568964047742,58.35623283418298,56.53045272827149,2021
2021-10-04,58.35623283418298,58.37586532123208,55.813883801292654,56.53045272827149,6955500,MRVL,34.47855538559298,True,True,-0.03476297429380111,-0.3851369655967258,0.5,0.46960713721366565,0.33443323583067025,-1.7816093633987855,-0.5320034208861276,44.46077814576589,57.305912801585386,58.29732894897461,2021
2022-01-07,84.03649054689214,84.42978321061241,81.20478936925309,81.71607208251953,10289300,MRVL,47.438416648720704,True,False,0.8292277765813802,2.0532345527831946,0.5,1.414572278581323,1.1486464324366434,-1.7987774384357904,-0.73564139814241,46.64825752024573,79.74961235292747,80.83116149902344,2022
2022-01-10,79.74961235292747,80.94915154278115,76.0920035122042,80.83116149902344,16685000,MRVL,45.76258932758623,True,True,0.7175059551724151,1.6889967944961795,0.5,1.3281688593695773,1.3074958682008766,0.5566791146200126,-0.27510310972277546,44.31506338710934,79.8184193865844,84.78372192382812,2022
2022-01-13,84.4691245111174,85.19671116026427,77.18340113454381,77.33088684082031,13860600,MRVL,40.82948173487887,True,True,0.38863211565859124,0.8748332868033382,0.5,1.004163931030203,1.7790245055326845,-2.226994103368447,-0.5412941298396118,50.37589030791088,76.51478968017611,81.60791015625,2022
2022-01-19,77.02605715902119,77.99945801770004,74.49916218013476,75.60037994384766,12153300,MRVL,40.48276599577848,True,False,0.3655177330518986,0.5441669032747082,0.5,0.8338169527603134,1.9802202325082587,-1.0182547999751388,-0.279724403739022,47.619109657251116,76.04284566584575,72.56222534179688,2022
2022-01-20,76.04284566584575,77.33087937477477,72.49339968570402,72.56222534179688,10401200,MRVL,36.929269654105816,True,False,0.12861797694038776,0.045772661742912835,1.5,0.592702309044989,2.178975652247787,-1.798777745730173,-1.3855404453339561,50.82061318121375,71.68715358080244,71.33319091796875,2022
2022-01-21,71.68715358080244,74.85314128502883,70.98905513362257,71.33319091796875,14820400,MRVL,35.56908687738715,True,False,0.037939125159143335,-0.14712585370530604,1.5,0.49253193751165214,2.2237628117392854,-0.22900800406900687,-0.8239953109080933,50.150652323817404,69.86818147970578,70.88090515136719,2022
2022-01-24,69.86818147970578,71.00872959631037,65.8467824337595,70.88090515136719,22085000,MRVL,35.05735873422057,True,False,0.00382391561470475,0.12164593716304258,1.5,0.45274004009232427,2.337512990843612,0.4904756091889889,-0.7803325188289175,51.07105022857807,68.42283063414378,65.89593505859375,2022
2022-01-25,68.42283063414378,69.0815990732325,65.82710940094974,65.89593505859375,17846800,MRVL,29.94395517151399,True,False,-0.33706965523240057,-0.6560311215004673,1.5,0.06855673648712646,2.6979838059561128,-1.9410843404041422,-1.1483747658995873,55.9561404353939,68.83578383590691,66.52519989013672,2022
2022-01-27,68.19669675362539,69.07176910011708,63.634519295027786,63.801666259765625,13587900,MRVL,28.704706581107175,True,True,-0.41968622792618837,-0.6416368465257302,0.5,-0.09275657866636866,2.985188948157871,-2.020796657965757,-1.2484389971607557,53.69924188193912,63.80165596324112,65.20767211914062,2022
2022-04-11,60.82819717679273,61.379299606105775,59.50948189305921,59.76535034179688,12152000,MRVL,35.54523201202049,True,False,0.03634880080136611,-0.2895857115271357,1.5,-0.47849142010123635,2.10445138303688,-1.4210567527249867,-1.074278847219716,45.39629095409837,61.81231945598725,59.17488861083984,2022
2022-04-12,61.81231945598725,62.33389966838814,58.800923527216334,59.17488861083984,10070200,MRVL,34.784813628315604,True,True,-0.014345758112293083,-0.4068580494723583,1.5,-0.5184966376824757,2.1543318122573845,-1.866295397817658,-1.0527733261766634,46.565409743482974,59.81456037456046,62.294532775878906,2022
2022-06-16,46.63725201529902,46.87344148368706,43.625859756502976,44.32458114624024,14987600,MRVL,32.232327052500494,True,True,-0.18451152983330038,-0.5285223472034598,0.5,-1.4459031130224598,3.404919967620881,-1.7803022859289597,-0.9654784606235935,43.24378830270738,44.43282297729279,45.308685302734375,2022
2022-07-01,42.09063694551811,42.85824613621132,41.08683829009397,41.87413024902344,8790100,MRVL,31.869696852599944,True,True,-0.2086868764933371,-0.4776691913641127,1.5,-1.5508678327532033,2.7546487168336617,-0.3055573804886677,-0.7640096718556949,44.407040673249966,40.73255409272131,42.29729843139648,2022
2022-09-22,44.76968580034143,44.858377821610986,42.73962606864463,42.88744735717773,12084400,MRVL,34.7543316356564,True,False,-0.016377890956240055,-0.6216914160506096,0.5,-1.1565547328731196,1.7393806391635411,-2.220928478912733,-0.7123491551784128,39.05488660490081,42.25674512879472,42.66078567504883,2022
2022-09-23,42.25674512879472,42.7987501894891,41.69503031471585,42.66078567504883,11335200,MRVL,34.25253830698081,True,False,-0.049830779534612665,-0.36294308437801875,0.5,-1.1678925868661671,1.645996250834031,0.9151791036133974,-0.5519997199985166,35.78687327201993,42.64107220376516,41.990665435791016,2022
2022-09-26,42.64107220376516,43.68566648655728,41.90197343291951,41.990665435791016,8920800,MRVL,32.747149258799425,True,True,-0.1501900494133717,-0.572626325207558,1.5,-1.2188467739011093,1.6607451445147363,-0.9116013075339232,-0.7836597706920106,42.35903066433195,42.83817400610364,42.76919174194336,2022
2022-10-12,37.790197041983326,38.04673835151888,36.912044222870094,37.474456787109375,12698400,MRVL,31.87865664599424,True,True,-0.20808955693371728,-0.5100894949496687,1.5,-1.5353480212157888,2.5933245711071016,-0.6956505874625866,-1.2898456311580124,42.967925364393,35.5109534255044,38.60915756225586,2022
2022-12-27,36.23123614102981,36.25097038079219,35.3728136490124,35.570152282714844,8452600,MRVL,35.38247114557872,True,False,0.025498076371914636,-0.601466222311759,0.5,-1.3292636701508347,2.115087715678246,-1.8820212679322248,-0.9068699050289799,37.50013452078353,35.303738671583915,34.90906524658203,2022
2022-12-28,35.303738671583915,35.747749568141586,34.622924472809245,34.90906524658203,8096200,MRVL,33.85727598490388,True,True,-0.07618160100640807,-0.5690401375561057,0.5,-1.387439158770779,2.064899613145362,-0.8771884327609026,-0.5698698313470668,38.30702222807708,35.60961100472008,36.27069091796875,2022
2023-03-13,37.555741721610254,38.39580285734327,36.211640888357735,37.545860290527344,26159500,MRVL,36.29593946289021,True,True,0.08639596419268068,0.6145209289324439,1.5,-0.903875050955934,2.205035749199324,-0.011310323161953292,-1.4947865120376351,43.12310835464194,38.4649846763847,38.15861129760742,2023
2023-04-25,37.809446776552576,37.82924275111328,36.522738635675104,36.53263473510742,11514900,MRVL,36.11519248292576,True,True,0.07434616552838377,-0.5305344566313158,1.5,-0.8774899180979867,1.20194856062886,-2.443184116984085,-0.8107429334074379,41.389988707011376,37.314565424873535,37.69068145751953,2023
2023-08-02,64.30097722916824,64.40005272156014,60.41715669970358,61.53672790527344,13743500,MRVL,49.203138969062344,True,True,0.9468759312708229,0.9978728490245858,-0.5,1.1247472641365186,0.7307607992845776,-1.7350749986477758,-0.5392064398758861,33.96347291267094,60.87290886006911,61.77450942993164,2023
2023-08-08,61.83395070608692,61.85376655807349,60.22890449004804,61.38810348510742,9182600,MRVL,48.33846160070575,True,False,0.8892307733803833,0.9996181032904573,-0.5,1.0540871249748196,0.6694715363244915,-0.6859770280705935,-0.07818879267315476,34.03656864771407,61.24939782635185,59.386749267578125,2023
2023-08-09,61.24939782635185,61.5268122020993,59.11924092832705,59.386749267578125,9272600,MRVL,42.23476759621708,True,False,0.4823178397478055,0.37054897815880955,0.5,0.8467456861414246,0.7687599411769497,-1.934157234580307,-0.5483322780858835,41.90498286630439,59.56508506664167,58.38607025146485,2023
2023-08-10,59.56508506664167,60.48650137193071,57.65289886572892,58.38607025146485,9706500,MRVL,39.545972519885325,True,False,0.3030648346590217,0.04743287437306757,1.5,0.7396803779335437,0.8646657531455706,-1.0402083677900844,-0.908734925543242,44.51152454768412,57.56373682068709,56.56306076049805,2023
2023-08-11,57.56373682068709,57.65290627393068,56.176661056271705,56.56306076049805,9950800,MRVL,35.155064724263426,True,True,0.01033764828422837,-0.500738282673075,1.5,0.5542732389378113,0.9456176214255869,-1.6946304858753591,-0.9824873327818145,47.56950804109131,56.08749365123636,59.02017211914063,2023
2023-08-25,53.967239295173805,54.58151559350184,51.76772884119337,53.00619125366211,32505500,MRVL,34.60284651624286,True,True,-0.026476898917142458,-0.3588243892499874,0.5,0.1393418013447223,1.7065594148299637,-0.8538742681221637,-1.277479043709831,42.97683502446826,53.29351447362609,54.66077423095703,2023
2023-09-20,53.76908852830024,54.23475163924979,52.43154675626036,52.45136260986328,5934600,MRVL,34.371976712527854,True,False,-0.041868219164809754,-0.42426026591642074,0.5,0.027131520621168637,0.7230154338946818,-1.8269220692387105,-0.35557169339302114,43.86770603606338,53.80871406733221,51.36151123046875,2023
2023-09-21,53.80871406733221,54.94809717273369,51.31197349188385,51.36151123046875,18074600,MRVL,31.54709494981556,True,True,-0.23019367001229607,-0.6501998588330128,1.5,-0.07656623469852297,0.9365268134744994,-1.6825629789162562,-0.6708672038721094,48.94233109213467,51.817264556884766,51.817264556884766,2023
2023-10-23,48.72145197444557,49.49512582928272,47.769242074064536,48.62226486206055,8743500,MRVL,31.50857790772966,True,False,-0.2327614728180227,-0.3506174102129436,1.5,-0.3441442119267152,0.8004413099989681,-0.14367582996991213,-0.5950088167304398,46.14249887994911,49.25707788468158,49.08845901489258,2023
2023-10-25,48.44372641829666,48.80080608708874,46.747601775280216,47.16419219970703,9165800,MRVL,29.118636324936062,True,False,-0.3920909116709292,-0.5105706521245553,0.5,-0.47673912612389013,0.8482439244915291,-1.5579723498907194,-0.4851437187029753,46.868470049020516,47.16420075628573,46.25166702270508,2023
2023-10-26,47.16420075628573,47.779169306470365,46.053288972525536,46.25166702270508,7733800,MRVL,27.066752829566326,True,True,-0.5288831446955783,-0.5921751367270484,0.5,-0.5592679741013784,0.8923718037586922,-1.3218380724793384,-0.6094424658334929,47.95571508706921,46.8269552047194,46.87654876708984,2023
2024-02-16,66.83452300368256,67.6884486114749,65.4940608532414,65.82173156738281,11088200,MRVL,47.974136098329765,True,False,0.8649424065553177,2.3876399592480264,0.5,0.7924616074934365,0.9998010696887171,-1.15384283440755,-0.33758873214783935,43.944770993953604,65.34511616869985,64.58055877685547,2024
2024-02-20,65.34511616869985,65.61321313275604,63.08122328578341,64.58055877685547,12304900,MRVL,44.84701432675467,True,True,0.6564676217836445,1.6924735848190513,1.5,0.6755187394444073,1.0589992140146716,-0.7548977662356324,-0.7105558573239176,46.02675126069062,64.04436809874244,65.05715942382812,2024
2024-03-13,70.16085433801896,70.21049658772463,66.83451301225038,67.15225219726562,27385900,MRVL,44.05313774054177,True,False,0.6035425160361181,0.3341552961042962,1.5,0.6690321874010141,1.8725672641484161,-2.22794488886894,-1.2911042594460935,43.83308663270758,66.8245957154491,65.61321258544922,2024
2024-03-14,66.8245957154491,66.99339301703914,64.75928702087553,65.61321258544922,21934700,MRVL,42.118314292428614,True,True,0.47455428616190765,0.06349744287927643,1.5,0.533169324671452,1.870522574994535,-1.3555569118923496,-1.0848528124406676,43.34678289302884,65.25575844058032,66.39763641357422,2024
2024-03-19,64.54083672860557,65.58342250596,63.01171445705244,64.60041046142578,19428300,MRVL,41.06777971145826,True,True,0.4045186474305505,-0.31566108701624085,-0.5,0.4298661748390209,1.7975423772485886,0.057912612636491105,-0.19294934741696385,35.21514948202828,64.58056593823963,65.07703399658203,2024
2024-04-17,68.02360174237185,68.95774863151526,65.93668477769738,66.06587982177734,9761000,MRVL,41.0429499071481,True,False,0.4028633271432066,-0.011629123320090251,0.5,0.38724524990133347,1.469987330124707,-1.6200600312704674,-0.6556438331071709,40.44613509110405,65.09199308817061,64.83361053466797,2024
2024-04-18,65.09199308817061,65.96650873911858,63.96903471551207,64.83361053466797,11870200,MRVL,38.676757767673884,True,False,0.24511718451159226,-0.2666193207199678,0.5,0.2837463832747522,1.4553087676254375,-0.3233866253691294,-0.48614984781282927,39.867891256133795,64.34665939543098,61.74298095703125,2024
2024-04-19,64.34665939543098,65.31061828595972,61.55416207855298,61.74298095703125,14886800,MRVL,33.46558079773119,True,True,-0.10229461348458718,-0.6258971898847289,1.5,0.03155015900534908,1.6671381080778565,-1.732802337257358,-1.1258780930231873,48.14268979290982,62.38892859993038,62.48830795288086,2024
2024-07-19,67.72214660454898,68.14982387394708,65.6732779869652,66.15068817138672,9367800,MRVL,39.233794615601205,True,True,0.2822529743734137,-0.5546237085716546,0.5,0.05076172700878234,1.3750985799860518,-1.5863409208595052,-1.5029741234065128,35.76199047234259,67.76191831347813,68.63716888427734,2024
2024-07-24,66.68775980115639,67.48343318132618,63.90288400012188,64.0023422241211,10741400,MRVL,37.274361485330026,True,False,0.15162409902200172,-0.6446195028128235,0.5,-0.11632299744816499,1.4659668073803844,-1.8750039736446729,-0.40595684010489297,40.68091243594028,63.50505171017724,63.6442985534668,2024
2024-07-25,63.50505171017724,66.25014305818338,61.78439841317161,63.6442985534668,13634700,MRVL,36.71768437387986,True,True,0.11451229159199082,-0.26817963275141105,1.5,-0.1422547752771608,1.592701427757553,0.07795275724346099,-0.9092869089684763,42.185603573982426,65.55392804979317,65.36495208740234,2024
2024-07-30,64.52948869924933,65.1163052213082,61.95348459178607,62.46072769165039,10623700,MRVL,36.3127169793504,True,True,0.08751446529002654,-0.5180661501874534,0.5,-0.22929522200483665,1.5718662227346836,-1.6352184093913587,-0.23245814800325476,42.26202542507716,66.16061966536346,66.6181411743164,2024
2024-08-02,60.23282519729321,60.49141887459464,57.66676185887409,58.92990112304688,20178800,MRVL,34.944927283495005,True,False,-0.0036715144336663267,-0.41831389334777347,0.5,-0.4934173732991931,2.169204308432968,-1.1531701610097596,-0.7066093165841197,42.5774981868526,53.14134526647285,57.358436584472656,2024
2024-08-05,53.14134526647285,58.502225238686485,52.90264019465757,57.358436584472656,14025800,MRVL,33.06738491723439,True,False,-0.1288410055177072,0.16331375436007609,1.5,-0.6082302445192722,2.493183290927221,1.882769564548663,-1.7374592765982355,43.38463738143296,58.64147574284288,57.90547561645508,2024
2024-08-07,60.02395548709303,61.1876364939134,55.7272947423943,55.84664916992188,11349500,MRVL,31.840841898007326,True,True,-0.21061054013284491,-0.13293054918939742,0.5,-0.7130233395041768,2.723013707488438,-1.9125663315895005,-0.6540083841917329,49.75316404187451,57.98503642793162,60.829586029052734,2024
2024-12-18,111.98484465833675,112.9902218346066,103.90202469210335,104.79790496826172,24146000,MRVL,52.38492451221149,True,True,1.158994967480766,2.2209734970711286,0.5,1.776121060413166,2.28494745175013,-1.976998181648013,-1.6032546956669655,44.29784426685452,107.2267400143218,108.6103744506836,2024
2025-01-27,107.589925224832,107.70943912539131,99.11458963429172,99.92129516601562,38462500,MRVL,36.24850563429883,True,True,0.08323370895325534,0.7229081863731933,0.5,0.8392805328591857,2.4120761962526047,-2.230588815649894,-2.483826531829643,50.592656302828125,102.87919375502534,103.45682525634766,2025
2025-02-25,96.60485240977296,96.64469037411084,91.35632408087164,92.62114715576172,24331400,MRVL,34.40208130371603,True,False,-0.039861246418931275,-0.5189209888015215,1.5,0.17223584621299803,2.4412565880491135,-1.8832400372418083,-1.8064116858312051,48.76221958485095,95.45953947217272,94.51341247558594,2025
2025-02-27,97.60077350656456,97.6605266507202,86.92444278072841,87.29293823242188,22770300,MRVL,31.967819969444477,True,True,-0.2021453353703682,-0.6252322861028559,0.5,-0.12676001127431613,2.8613670412457823,-2.4002782110695673,-1.3098778325483895,49.634842607695084,86.81489451360542,91.44595336914062,2025
2025-03-06,73.77822808011305,75.46133849605448,71.35812667192373,71.98555755615234,60967000,MRVL,28.229572048675024,True,False,-0.45136186342166507,-0.6075275391279109,-0.5,-0.9718776037795601,4.883661949630203,-1.0922361559657463,-1.9733769329229238,42.40054639764322,71.66684691602185,70.55140686035156,2025
2025-03-07,71.66684691602185,72.03534233757786,67.00591209521612,70.55140686035156,38853100,MRVL,27.59561866931371,True,False,-0.49362542204575277,-0.32544059305485923,0.5,-1.0438455511323386,4.878887830667863,-0.5544564701758832,-2.4750950225082753,45.412397361169326,68.07155603980452,65.40247344970703,2025
2025-03-10,68.07155603980452,68.27074584402916,63.39070581607973,65.40247344970703,32136400,MRVL,25.390969536210406,True,True,-0.6406020309193062,-0.4735153270057624,1.5,-1.3228193969061086,5.411216682682228,-1.3673466686804117,-3.3933327435332545,49.585154632421144,66.15938403610132,66.88641357421875,2025
2025-04-04,52.47535172061844,52.64466115537567,47.117271335587645,49.228633880615234,37313400,MRVL,21.779184234080375,True,True,-0.881387717727975,-0.36557771113491916,0.5,-2.100100194151032,4.66426587143949,-1.4684679142675867,-2.6408179436780186,48.03737349155229,47.266663759258606,50.79224395751953,2025
2025-08-19,76.23756670515637,76.27748257433014,71.64734833460261,71.9167709350586,16963400,MRVL,41.9808028771958,True,False,0.46538685847971994,0.20789185932109092,0.5,-0.23066310340634055,1.2142718056963118,-2.3329754313732622,-1.102291653648234,36.44192762755057,71.57750613395798,71.06858825683594,2025
2025-08-20,71.57750613395798,71.6772920123884,68.3942856037581,71.06858825683594,19895200,MRVL,40.38138145744639,True,False,0.3587587638297592,0.01609117721503998,0.5,-0.28421984727311944,1.2764395492323564,-0.38753950935353926,-0.8153946395556346,35.018075801710765,70.3101959346574,71.05860137939453,2025
2025-08-21,70.3101959346574,71.84692269476518,69.90107158371818,71.05860137939453,9854100,MRVL,40.361882625892356,True,True,0.3574588417261571,0.03294843522953631,1.5,-0.28220787007946835,1.1970005864390842,0.9615399663523531,-0.9007698552995643,35.94256877153771,71.1883208867424,72.84479522705078,2025
2025-08-29,64.39281031636695,65.35076847721795,62.48687106012514,62.7363395690918,96830800,MRVL,31.72132513855773,True,True,-0.21857832409615127,-0.6217206775113581,-0.5,-0.8251333201383304,2.2654201215220438,-1.4459934365916105,-1.9172505491256098,37.531747482161364,61.828274875101805,64.46266174316406,2025
2025-11-17,85.30481496026118,86.592925565488,81.74004658513198,83.32771301269531,16548600,MRVL,43.413627010528565,True,False,0.560908467368571,1.6545419974472706,1.5,0.3126087720866999,2.035313416673406,-1.0185201174235872,-0.8227929167374095,48.77845160663091,80.35209059763953,78.56471252441406,2025
2025-11-18,80.35209059763953,81.63021382764725,78.32506632334146,78.56471252441406,23426900,MRVL,37.38709130334504,True,False,0.1591394202230025,0.8159405308768756,1.5,0.00885167283052768,2.2825051881939484,-1.3519654348988623,-1.2625678634946347,50.73902233695779,78.97410059444906,81.20083618164062,2025
2025-11-20,83.2777967122094,84.31627372946608,75.96852290686239,76.56764221191406,23315900,MRVL,36.84282669441874,True,True,0.12285511296124933,-0.19608670283583382,0.5,-0.1190210964896038,2.53157055838771,-2.0095695963174474,-1.0140790135076863,44.852715295060726,76.64752593986586,77.33650970458984,2025
2026-02-03,78.48134090071797,78.9110200469432,72.73563546503198,75.48358154296875,22563900,MRVL,33.8181457459706,True,False,-0.07879028360196022,-0.16596393020230824,1.5,-0.33703961321278453,1.5647519674794585,-1.213592173081082,-0.8913205826403022,47.440849891238976,74.94399023007078,73.67494201660156,2026
2026-02-04,74.94399023007078,76.00319618573944,71.72639369640157,73.67494201660156,17506200,MRVL,31.17259538205616,True,True,-0.25516030786292276,-0.3158546683255919,1.5,-0.44469921263276646,1.68402465288244,-0.74182068065627,-0.8220341901791106,49.20849893473366,72.8255630823612,74.15457153320312,2026
2026-06-10,263.435007398329,272.4027961571106,252.1977742664545,252.52769470214844,54175100,MRVL,58.20612325948699,True,True,1.5470748839657995,2.9313110982775363,0.5,5.36929859329073,5.287225716551255,-1.349579420800418,-0.5161886346552582,51.104092217696596,260.4757396084832,280.6407470703125,2026
2026-06-23,278.751244442478,290.8782578108031,276.18187093615273,278.97119140625,46361100,MRVL,56.08907675866963,True,False,1.405938450577975,2.5590738924739083,0.5,5.344005936574043,5.004612900976432,0.03741514251903612,-0.4533050432632274,49.74386565223714,281.8804801938732,276.6317749023437,2026
2026-06-24,281.8804801938732,281.8804801938732,263.5949821687589,276.6317749023437,35747400,MRVL,55.503951442928795,True,False,1.366930096195253,2.5118165634835155,1.5,5.151059875490365,4.895244980816458,-0.717604913511333,-1.3635766113080914,52.58895069239817,291.1081796800467,281.1906433105469,2026
2026-06-26,268.303804594754,274.13238377468235,261.9353805671532,266.7041931152344,41986200,MRVL,52.60083616226683,True,True,1.1733890774844553,2.3199075281558894,0.5,4.594826776188592,5.022912117446073,-0.3278697751207037,-0.549653452977511,53.313463993541774,272.3428089040106,277.6814880371094,2026
2026-07-01,282.4003227010313,292.4278473221371,271.28307061777724,271.9828796386719,33822700,MRVL,52.493511500502784,True,False,1.166234100033519,2.4637715434535696,-0.5,4.495006629570328,4.867164279840075,-1.2316804296414559,0.2474036151147413,54.34766965316313,269.4335274714508,245.2294921875,2026
2026-07-02,269.4335274714508,274.88219542582146,237.14149125781915,245.2294921875,38435900,MRVL,46.5063865967093,True,False,0.7670924397806199,1.6156245773743825,0.5,3.5007954874730327,5.795212275134422,-1.6033110548366316,-1.4608462054406233,57.042358363024185,254.75716086138075,249.20852661132807,2026
2026-07-07,234.8620573201894,237.38144005686132,222.88501634799667,230.64309692382807,36163800,MRVL,43.54104046747488,True,True,0.5694026978316586,1.1591566634445252,0.5,2.8915493112556843,6.008439356428571,-0.7275864173626154,-1.8999257770270104,55.190064432287876,225.10447485439005,231.65286254882807,2026
2026-07-13,228.77999877929688,228.8000030517578,215.27999877929688,217.52999877929688,25615300,MRVL,41.140888669653556,True,False,0.40939257797690376,0.9991254976714199,0.5,2.2752790185445693,5.644538933541223,-2.0802508219089955,-0.7620704323562141,59.863170465058175,231.57000732421875,222.44000244140625,2026
2026-07-15,222.16000366210935,223.3000030517578,201.22000122070312,206.25999450683597,26827600,MRVL,39.110098286499344,True,False,0.2740065524332896,0.7279930422995632,0.5,1.8396412959042374,5.801799516007844,-1.8002726264395752,-1.5664095753836316,56.025286813657864,200.1199951171875,188.3000030517578,2026
2026-07-16,200.1199951171875,201.94000244140625,186.1499938964844,188.3000030517578,34893000,MRVL,35.59143101458015,True,True,0.03942873430534348,0.21801240357869434,0.5,1.2286619276774646,6.438356351556905,-1.8714353497343517,-1.6796531450585948,54.59479761160951,182.22999572753903,188.67999267578125,2026
2026-07-28,180.0,181.47999572753903,167.32000732421875,174.47000122070312,29188500,MRVL,34.312781877810494,True,False,-0.04581454147930041,-0.4271143515615596,1.5,0.6421749890111661,5.9366314057565175,-0.9763423919895622,-2.081143995084997,51.041664633390184,174.02999877929688,163.39999389648438,2026
2026-07-29,174.02999877929688,177.8000030517578,162.89999389648438,163.39999389648438,25708900,MRVL,31.927451940205657,True,True,-0.20483653731962287,-0.6496086873239518,1.5,0.2811959655088836,6.306078191110598,-1.7835567703410284,-1.984116930264354,52.77234985798973,178.3800048828125,183.3000030517578,2026
2010-05-04,18.114999771118164,18.20499992370605,17.184999465942383,17.28499984741211,291600,COHR,50.62200257307498,True,False,1.0414668382049987,2.6713530640294967,0.5,0.4154799039892698,0.5787542083386629,-2.0343126255203203,-1.0952757153287405,38.20460087641698,17.165000915527344,17.104999542236328,2010
2010-05-05,17.165000915527344,17.3700008392334,16.94499969482422,17.104999542236328,218800,COHR,48.790551218959465,True,False,0.9193700812639644,2.118143691191822,0.5,0.35525802676840357,0.5586255083550461,-0.3529483042594346,-0.5751538963312958,36.244839915406,17.010000228881836,16.94499969482422,2010
2010-05-06,17.010000228881836,17.514999389648438,16.174999237060547,16.94499969482422,333800,COHR,47.15736172854038,True,False,0.810490781902692,1.67135133317824,1.5,0.3019452053576521,0.7957556040520984,-0.12126963928340634,-0.8938358254628644,38.81290298210232,16.94499969482422,16.600000381469727,2010
2010-05-07,16.94499969482422,17.225000381469727,16.290000915527344,16.600000381469727,389200,COHR,43.75622534081567,True,True,0.5837483560543778,1.1441290328532687,1.5,0.19199342730306213,0.9356051232129089,-0.922458583991726,-0.49537132773314757,42.85650851685744,17.229999542236328,17.559999465942383,2010
2010-05-20,16.985000610351562,17.094999313354492,16.489999771118164,16.649999618530273,319000,COHR,42.69582792868489,True,False,0.5130551952456595,0.3060582622143004,1.5,0.1617385424256801,0.9677499572074293,-1.3843026665069327,-1.045680002326188,39.40963275583108,16.354999542236328,16.770000457763672,2010
2010-05-24,16.704999923706055,16.8799991607666,16.520000457763672,16.610000610351562,141600,COHR,42.60376883446352,True,False,0.5069179222975682,0.2531706235381391,0.5,0.14579203945564667,0.8932157711538047,-0.6597198306692168,-0.49508489658906113,35.83544192254844,16.204999923706055,16.2450008392334,2010
2010-05-25,16.204999923706055,16.485000610351562,15.734999656677246,16.2450008392334,255600,COHR,39.406244705050604,True,True,0.2937496470033736,-0.1473738036369768,0.5,0.03238717701004479,1.0202646988184807,0.13333621554538022,-0.3040531445764563,36.82108220070794,16.295000076293945,16.719999313354492,2010
2010-06-04,16.3700008392334,16.729999542236328,15.479999542236328,15.545000076293944,257800,COHR,37.4406437027729,True,False,0.16270958018486018,-0.604590180088435,-0.5,-0.19223842552276327,1.3270903569863781,-1.6500015258789096,-0.5164971245675692,35.674887573316916,15.59000015258789,15.005000114440918,2010
2010-06-07,15.59000015258789,15.609999656677246,14.975000381469728,15.005000114440918,224600,COHR,34.0614762574353,True,False,-0.06256824950431318,-0.6378303754950486,0.5,-0.35592958950023235,1.4148141310244227,-2.303152385314907,-1.2180450267361518,41.60101755126748,15.06999969482422,15.020000457763672,2010
2010-06-09,15.109999656677246,15.460000038146973,14.890000343322754,14.96500015258789,243000,COHR,33.87881166448629,True,True,-0.07474588903424717,-0.4832881616718739,0.5,-0.3616997034735331,1.329493611037456,-0.6359630777261716,-0.4663878424408546,41.614177899856806,15.234999656677246,15.645000457763672,2010
2010-07-01,14.890000343322754,15.020000457763672,14.279999732971191,14.595000267028809,155000,COHR,32.63943037315505,True,True,-0.15737130845632993,-0.33984313173197594,1.5,-0.4687199579728807,1.268355203326931,-0.9966209032317928,-1.2419003889672973,45.09000309352882,14.744999885559082,14.729999542236328,2010
2010-10-20,18.84000015258789,19.11000061035156,17.55500030517578,17.899999618530273,867000,COHR,40.4452399446721,True,True,0.3630159963114735,1.2403578505104484,0.5,0.2843637798530685,0.17565016176823503,-1.5112545813155953,-0.8766236243309911,41.819035341891656,18.040000915527344,18.084999084472656,2010
2011-01-07,23.225000381469727,23.295000076293945,22.38500022888184,22.84499931335449,167200,COHR,50.814647251567365,True,True,1.0543098167711578,2.448098638807215,0.5,1.0332142076783335,0.3289256584050176,-1.0439591533885972,-0.0054693880344208745,40.8123845227486,22.76000022888184,22.86000061035156,2011
2011-02-22,25.395000457763672,25.770000457763672,24.989999771118164,24.9950008392334,198800,COHR,50.632138186273295,True,False,1.042142545751553,2.2534364218514535,0.5,1.1021478640077276,-0.01647042981922503,-1.2820489307853133,-0.3993991408509756,38.76588501237881,24.979999542236328,23.80500030517578,2011
2011-02-23,24.979999542236328,24.979999542236328,23.774999618530277,23.80500030517578,368000,COHR,40.364650169815235,True,True,0.357643344654349,0.8648586497103018,1.5,0.802255719930629,0.18630521505239678,-2.4377579075830242,-1.06408537356837,47.62363597242161,23.899999618530277,24.614999771118164,2011
2011-03-10,23.489999771118164,23.799999237060547,21.875,22.040000915527344,716200,COHR,33.60176126306499,True,True,-0.09321591579566757,-0.5465508445810304,0.5,0.26089219962222576,1.1034114067334788,-1.883116143210728,-1.3506668696231836,43.733181221636634,22.01000022888184,22.565000534057617,2011
2011-03-16,21.700000762939453,21.90999984741211,21.415000915527344,21.53499984741211,437600,COHR,33.08321295055866,True,True,-0.1277858032960893,-0.4776381610069464,1.5,0.13001822830321141,1.0082453315640847,-0.8333397553964597,-0.5705742644958697,47.957293624535936,21.799999237060547,21.700000762939453,2011
2011-04-12,23.280000686645508,23.36000061035156,22.18000030517578,22.200000762939453,433200,COHR,33.06732204719974,True,True,-0.12884519685335077,0.18863584350729182,1.5,0.1590556487660244,0.4633650262838615,-2.288134839815091,-0.9447213579210703,51.081907927659,22.5049991607666,22.479999542236328,2011
2011-06-10,24.274999618530277,24.440000534057617,23.51499938964844,23.63500022888184,427800,COHR,31.154788679311096,True,True,-0.25634742137926025,0.38094490294985234,1.5,0.08559848635900646,0.9988918265374338,-1.7297259401155196,-0.838760073526465,54.931722960225855,23.545000076293945,23.875,2011
2011-08-02,21.649999618530277,22.700000762939453,20.26000022888184,22.020000457763672,2720500,COHR,26.745102647607638,True,False,-0.5503264901594908,0.2827732432459082,-0.5,-0.41832523044478986,2.0748303139868716,0.3790991375502895,-1.4190819633159422,47.646149915450295,21.940000534057617,22.440000534057617,2011
2011-08-04,22.0,22.31999969482422,20.670000076293945,20.68000030517578,755100,COHR,24.895228236750384,True,False,-0.6736514508833077,-0.4415391507913573,0.5,-0.688344396743566,2.342810375587649,-2.0,-2.2461319634115893,51.3345638306766,21.0,20.149999618530277,2011
2011-08-05,21.0,22.6299991607666,19.440000534057617,20.149999618530277,471000,COHR,23.55122928342344,True,False,-0.763251381105104,-0.32435613545050157,0.5,-0.7921569570085268,2.9082160823330887,-0.6661447863589209,-1.0615354225470066,55.914423960221924,19.34000015258789,17.940000534057617,2011
2011-08-08,19.34000015258789,20.09000015258789,17.920000076293945,17.940000534057617,507700,COHR,18.955806867013308,True,True,-1.069612875532446,-0.6574282098727453,1.5,-1.2442922128761147,3.6966758618473055,-1.612902729617959,-2.506684432321127,58.97901629740852,18.5,19.11000061035156,2011
2011-11-25,16.979999542236328,17.190000534057617,16.610000610351562,16.639999389648438,132600,COHR,34.67815734320048,True,True,-0.021456177119967872,-0.03997947594993093,1.5,-1.0773902050852147,1.9134091980788157,-1.4655180918618684,-1.0777044026342983,44.03146739209154,17.469999313354492,17.8799991607666,2011
2012-03-02,23.200000762939453,23.200000762939453,22.43000030517578,22.520000457763672,264000,COHR,43.41177079933585,True,False,0.5607847199557232,5.055683431922705,1.5,0.30854820069423416,-0.0974382358141073,-2.207791886094198,-0.48035846263791565,51.85955218630555,22.34000015258789,22.57999992370605,2012
2012-03-06,22.26000022888184,22.479999542236328,22.01000022888184,22.100000381469727,168100,COHR,37.96811936385935,True,True,0.19787462425729008,4.392690541729029,0.5,0.20406453243438039,-0.025018743931611485,-0.8510642615100795,-0.5772549046724931,51.917789808176536,22.149999618530277,22.40999984741211,2012
2012-04-10,22.309999465942383,22.450000762939453,21.75,21.8799991607666,304200,COHR,37.3581554979486,True,True,0.15721036652990678,-0.5375037484309627,0.5,0.04379683251848787,0.3777663258443753,-1.5357137018326874,-0.4302739915588466,38.11577380225324,22.18000030517578,22.18000030517578,2012
2012-04-19,21.770000457763672,21.8799991607666,21.299999237060547,21.3700008392334,227600,COHR,36.9222799501154,True,False,0.1281519966743602,-0.5899457785894532,0.5,-0.07642812746239624,0.23094482380567005,-1.7241365135635525,-0.13882448191787494,38.520585577283285,21.799999237060547,21.239999771118164,2012
2012-04-20,21.799999237060547,21.799999237060547,21.200000762939453,21.239999771118164,350800,COHR,35.95914922459407,True,False,0.06394328163960476,-0.6227855794451167,1.5,-0.10534370411079241,0.24070276182989206,-2.333337042076218,-0.3932971525624926,43.33032170414682,21.0,20.790000915527344,2012
2012-04-23,21.0,21.049999237060547,20.6299991607666,20.790000915527344,267400,COHR,32.77235815478052,True,True,-0.14850945634796536,-0.4911837437184832,1.5,-0.20704988338915042,0.2825174304077959,-1.2499943233681954,-0.5627006899572878,45.10211497324932,20.670000076293945,21.190000534057617,2012
2012-04-30,20.790000915527344,20.790000915527344,20.290000915527344,20.40999984741211,192000,COHR,32.562677374358046,True,True,-0.16248817504279695,-0.45780308530466846,0.5,-0.28507856198519255,0.5227537379749612,-1.9000053405761719,-0.24615745282289409,44.18170176390817,20.34000015258789,20.90999984741211,2012
2012-05-09,19.739999771118164,20.059999465942383,19.6299991607666,19.770000457763672,118000,COHR,31.795663873980033,True,True,-0.21362240840133115,-0.5129391010319432,1.5,-0.4157187935755724,0.38067870798309306,0.17442247298663968,-0.2962960137261286,43.742327166384705,19.96999931335449,20.13999938964844,2012
2012-05-15,19.459999084472656,19.690000534057617,19.15999984741211,19.209999084472656,291000,COHR,30.136492502964344,True,False,-0.32423383313571036,-0.6082086381223558,1.5,-0.5303595455653853,0.3121672717121026,-1.1792437552407036,-0.5772097401687271,46.05775451365354,19.3799991607666,19.190000534057617,2012
2012-05-16,19.3799991607666,19.600000381469727,19.11000061035156,19.190000534057617,121200,COHR,29.993177677243693,True,False,-0.33378815485042046,-0.5721832330985311,1.5,-0.5302537133403956,0.29432794594940864,-0.9693812013187889,-0.42778074764415613,46.433949231245755,19.25,18.76000022888184,2012
2012-05-17,19.25,19.420000076293945,18.739999771118164,18.76000022888184,152600,COHR,27.01803927422789,True,False,-0.5321307150514741,-0.6433855902791248,1.5,-0.6249208986500621,0.3686009497691772,-1.8014689382804567,-0.5112469701580843,50.740113154537354,18.76000022888184,18.729999542236328,2012
2012-05-18,18.76000022888184,19.76000022888184,18.6299991607666,18.729999542236328,279600,COHR,26.818163187921016,True,True,-0.5454557874719322,-0.5578280087889534,1.5,-0.6264174675063328,0.513542664679316,-0.06637313780497214,-0.31233704132780926,49.383722341150005,18.780000686645508,19.040000915527344,2012
2012-06-18,16.059999465942383,16.290000915527344,16.0,16.1299991607666,937100,COHR,26.42627606930273,True,True,-0.571581595379818,-0.5451153322766054,0.5,-1.1417960943558148,1.2802235357087892,0.6034437399700087,-1.4641497286386875,41.24188024134046,16.15999984741211,16.68000030517578,2012
2012-10-09,18.51000022888184,18.899999618530277,18.190000534057617,18.299999237060547,438800,COHR,40.67249439340468,True,False,0.37816629289364556,0.3279690843077037,0.5,-0.2874817092119186,0.2379003893773169,-0.7394410655376669,-0.7451181282028457,33.944084140075326,18.270000457763672,18.25,2012
2012-10-10,18.270000457763672,18.350000381469727,18.010000228881836,18.25,205700,COHR,40.18629054469414,True,True,0.3457527029796092,-0.23507947607735216,1.5,-0.2975464682185741,0.19542006751006477,-0.14706212343906022,-1.0191247929106153,33.62580430476264,18.450000762939453,18.32999992370605,2012
2012-10-15,18.26000022888184,18.26000022888184,17.90999984741211,18.06999969482422,192200,COHR,38.534541638457696,True,True,0.2356361092305131,-0.45933625050869414,0.5,-0.33545634859997786,0.2314193325854706,-1.3571451926692613,-0.12328788025738474,35.40072551911859,18.21999931335449,18.09000015258789,2012
2012-10-18,18.059999465942383,18.239999771118164,17.809999465942383,17.950000762939453,210100,COHR,37.336740229419554,True,False,0.15578268196130363,-0.47026769100692833,-0.5,-0.3571049632618045,0.09833797256218793,-0.6395268891609446,-0.08300977719380986,31.873883870535185,17.760000228881836,17.489999771118164,2012
2012-10-19,17.760000228881836,18.059999465942383,17.31999969482422,17.489999771118164,224200,COHR,32.26931053562413,True,False,-0.18204596429172473,-0.4373117777908691,0.5,-0.4717972927890757,0.21684707253009222,-0.9121639907931737,-0.4145939582702915,40.60038144437075,17.469999313354492,17.34000015258789,2012
2012-10-22,17.469999313354492,17.6200008392334,17.200000762939453,17.34000015258789,241700,COHR,30.80127651797801,True,False,-0.279914898801466,-0.47574092712696564,1.5,-0.5060658874616158,0.2127801711491656,-0.7738043878093196,-0.538079918956634,45.10081710269805,17.670000076293945,16.639999389648438,2012
2012-10-23,17.670000076293945,17.670000076293945,16.5,16.639999389648438,742000,COHR,25.06954405942912,True,False,-0.6620303960380587,-0.49302340652817706,1.5,-0.6815739683293898,0.4867714059458799,-2.200856024531436,-0.912257184966056,53.43755459364508,16.729999542236328,16.639999389648438,2012
2012-10-24,16.729999542236328,16.969999313354492,16.299999237060547,16.639999389648438,282500,COHR,25.06954405942912,True,False,-0.6620303960380587,-0.25225663248259944,0.5,-0.675708646103943,0.5246897776106323,-0.33582142663967907,-0.6074902748664998,48.63200802934555,16.739999771118164,16.639999389648438,2012
2012-10-25,16.739999771118164,16.829999923706055,16.459999084472656,16.639999389648438,327500,COHR,25.06954405942912,True,True,-0.6620303960380587,-0.2424532007581448,-0.5,-0.6698859685125164,0.47404826098784575,-0.6756767206049888,-0.5046141556946451,45.720746853471574,16.65999984741211,16.809999465942383,2012
2013-01-31,17.010000228881836,17.079999923706055,16.940000534057617,17.020000457763672,304600,COHR,36.919346677499924,True,True,0.12795644516666158,0.42390182898763024,1.5,-0.3786854941313522,0.1291675009985308,0.17857629427792915,-0.4325005190303738,40.88188726049902,17.09000015258789,17.110000610351562,2013
2013-03-21,17.209999084472656,17.399999618530273,16.790000915527344,16.8700008392334,648900,COHR,35.73202532058828,True,False,0.04880168803921852,-0.503423163044043,0.5,-0.3466725182648167,-0.37557807613827765,-1.3934383940715724,-0.44310959119378546,35.87589491802143,16.920000076293945,16.690000534057617,2013
2013-03-22,16.920000076293945,16.979999542236328,16.670000076293945,16.690000534057617,309400,COHR,32.82089983400344,True,False,-0.14527334439977058,-0.6257051682394292,0.5,-0.39268900843748233,-0.3664215489069055,-1.8548382134880543,-0.482430913549646,39.18798270936776,16.709999084472656,16.579999923706055,2013
2013-03-25,16.709999084472656,16.739999771118164,16.31999969482422,16.579999923706055,260100,COHR,31.15066640296739,True,True,-0.2566222398021741,-0.14499458072407098,1.5,-0.41919833802560924,-0.33065857283207867,-0.7738043878093196,-0.5616364193705744,44.99127979002406,16.700000762939453,17.010000228881836,2013
2013-04-23,15.850000381469728,15.850000381469728,14.380000114440918,14.850000381469728,1900300,COHR,24.98938367903051,True,True,-0.667374421397966,-0.07405419637055906,0.5,-0.8481009793506489,0.7069923735960271,-1.7006799631764984,-1.4771375839420258,48.99987054853217,14.850000381469728,14.890000343322754,2013
2013-09-12,20.57999992370605,20.57999992370605,18.959999084472656,19.01000022888184,507000,COHR,44.871692737836405,True,False,0.6581128491890936,1.70695746300166,0.5,0.3203206078950893,0.13583005354585176,-2.4228377800828107,-0.7770104837363456,40.508095576257894,19.0,18.559999465942383,2013
2013-09-13,19.0,19.0,18.520000457763672,18.559999465942383,398200,COHR,40.55001033514187,True,True,0.370000689009458,1.1162496134061364,1.5,0.19237055361159938,0.17337984270422852,-2.291671633725135,-1.3246632578782196,44.330678265915694,18.71999931335449,18.600000381469727,2013
2013-09-23,18.649999618530277,18.75,18.46999931335449,18.479999542236328,322500,COHR,39.93144583589182,True,True,0.32876305572612147,0.9878314831904621,0.5,0.15693198005710451,-0.05315648134013908,-1.517854101811308,-0.166844638354266,42.04128240891216,18.530000686645508,18.59000015258789,2013
2013-10-07,18.36000061035156,18.489999771118164,18.149999618530277,18.15999984741211,291300,COHR,39.772724826302536,True,False,0.3181816550868357,-0.44713491328095817,0.5,0.04784467176863316,-0.10592711025769845,-1.4705931851585796,-0.5274256828127363,34.03790940770975,18.200000762939453,17.65999984741211,2013
2013-10-08,18.200000762939453,18.26000022888184,17.610000610351562,17.65999984741211,312300,COHR,34.722029709602836,True,True,-0.01853135269314426,-0.5911174001367098,0.5,-0.09024736079189855,-0.0011080886003535704,-2.076927817082213,-0.48312531259179226,40.00903177709083,17.739999771118164,18.0,2013
2013-10-30,18.25,18.25,16.8700008392334,16.8700008392334,529800,COHR,27.9645914552122,True,False,-0.46902723631918664,-0.6666666666666666,0.5,-0.33187327670546274,0.4334230013714288,-2.5,-1.3070589818200515,46.2712867174493,16.829999923706055,17.059999465942383,2013
2013-11-01,17.010000228881836,17.09000015258789,16.190000534057617,16.219999313354492,532400,COHR,25.650769457382324,True,True,-0.6232820361745117,-0.6301082508463138,0.5,-0.5046846510768882,0.5817814210711282,-2.1944479177042293,-1.3476354227998033,48.2124136266613,16.280000686645508,16.56999969482422,2013
2013-11-07,15.859999656677246,15.970000267028809,15.399999618530272,15.4399995803833,671000,COHR,24.299137092324386,True,False,-0.7133908605117075,-0.6170175348518429,1.5,-0.7023078219047907,0.6524260726612728,-1.8421035019884864,-0.8524442782532782,53.74970239786573,15.43000030517578,15.390000343322754,2013
2013-11-08,15.43000030517578,15.56999969482422,15.329999923706056,15.390000343322754,471400,COHR,24.030139683780305,True,False,-0.731324021081313,-0.589128755552366,1.5,-0.7101105270348712,0.5680323771804607,-0.41666666666664814,-0.7912355010162464,51.619873739584484,15.399999618530272,15.390000343322754,2013
2013-11-11,15.399999618530272,15.449999809265137,15.25,15.390000343322754,386900,COHR,24.030139683780305,True,False,-0.731324021081313,-0.47747090094529315,0.5,-0.7040396680190231,0.4702940593276181,-0.12499105929473496,-0.32436696397362547,49.029767803176014,15.369999885559082,15.350000381469728,2013
2013-11-12,15.369999885559082,15.4399995803833,15.279999732971191,15.350000381469728,292900,COHR,23.78582975482368,True,False,-0.7476113496784212,-0.5246738162402903,0.5,-0.7090980309072648,0.3724603114225761,-0.3124925494122699,-0.07286204773275795,49.87340454012395,15.300000190734863,15.25,2013
2013-11-13,15.300000190734863,15.369999885559082,15.18000030517578,15.25,597100,COHR,23.152103016674488,True,True,-0.7898597988883674,-0.5628582317426115,0.5,-0.7307899466237588,0.298553180088258,-0.6578986994865144,-0.11371047774496601,50.63046482309836,15.199999809265137,15.350000381469728,2013
2014-01-28,15.789999961853027,16.520000457763672,15.380000114440918,15.869999885559082,757900,COHR,33.419046184302275,True,False,-0.10539692104651503,0.025115327818537498,1.5,-0.4332128575873134,0.3169930836343422,0.1754383763448686,-0.6283656829267292,43.001241604012435,15.539999961853027,15.140000343322754,2014
2014-01-29,15.539999961853027,15.800000190734863,14.960000038146973,15.140000343322754,866300,COHR,26.349526692611008,True,False,-0.5766982204925994,-0.4283255379085446,1.5,-0.637694742567515,0.5503341163656621,-1.1904748388971893,-0.9392184123799385,50.72227576463159,15.229999542236328,15.0,2014
2014-01-30,15.229999542236328,15.5,14.960000038146973,15.0,1461100,COHR,25.24649464917998,True,True,-0.650233690054668,-0.6139751036170705,1.5,-0.6721936034541653,0.5826195308009523,-1.0648127707596369,-0.8467993647071043,51.19214039578218,14.81999969482422,15.270000457763672,2014
2014-04-10,14.6899995803833,14.800000190734863,14.1899995803833,14.25,244700,COHR,30.473158075278505,True,False,-0.30178946164809967,-0.5824079653428732,1.5,-0.7274494708778156,0.5543005299541603,-1.80327516446957,-0.5533197972556178,46.611878716307054,14.100000381469728,14.239999771118164,2014
2014-04-11,14.100000381469728,14.399999618530272,14.020000457763672,14.239999771118164,320200,COHR,30.366197896335848,True,False,-0.30892014024427683,-0.3532539765319728,1.5,-0.7242324472622869,0.5241813348315403,0.9210506502567324,-0.537634692876815,43.0795833414448,14.420000076293944,14.119999885559082,2014
2014-04-14,14.420000076293944,14.420000076293944,13.960000038146973,14.119999885559082,261000,COHR,29.04859261363798,True,True,-0.39676049242413475,-0.4384522159598441,1.5,-0.7538398772060123,0.5401142330905245,-1.6304356840021113,-0.5257801010739512,48.67053013781613,14.199999809265137,14.239999771118164,2014
2014-05-21,13.050000190734863,13.210000038146973,12.630000114440918,12.789999961853027,886300,COHR,27.50165847376323,True,True,-0.4998894350824514,-0.4410167222499923,1.5,-1.018150333513923,0.7972798481215289,-1.120690789149158,-0.6310321934813276,48.768009484083585,12.850000381469728,12.850000381469728,2014
2014-09-08,13.470000267028809,13.59000015258789,13.199999809265137,13.270000457763672,215500,COHR,33.391528537378505,True,False,-0.10723143084143298,-0.5223216088723494,1.5,-0.5621119269927632,-0.04243980466152551,-1.2820489307853133,-0.4974667594118423,41.65611447239691,13.210000038146973,12.979999542236328,2014
2014-09-09,13.210000038146973,13.510000228881836,12.920000076293944,12.979999542236328,332400,COHR,28.821787062349784,True,False,-0.4118808625100144,-0.5498289690619407,1.5,-0.6533958114258542,0.09169091865577558,-0.9745781204538813,-0.5961120384693888,46.25502559602681,12.949999809265137,12.979999542236328,2014
2014-09-11,12.949999809265137,13.079999923706056,12.760000228881836,12.899999618530272,421600,COHR,27.612790142707453,True,False,-0.49248065715283645,-0.3849612517200735,0.5,-0.6687466915530793,0.04555004535969308,-0.3906268626469373,-0.3485312984832359,44.31881927489913,12.920000076293944,12.869999885559082,2014
2014-09-12,12.920000076293944,12.970000267028809,12.770000457763672,12.869999885559082,330000,COHR,27.152817826031182,True,False,-0.5231454782645879,-0.4388776601911095,0.5,-0.6729739734403412,0.0009549195540535054,-0.6250029802350587,-0.10593187649902414,45.6063810215717,12.90999984741211,12.760000228881836,2014
2014-09-15,12.90999984741211,12.90999984741211,12.65999984741211,12.760000228881836,267600,COHR,25.476994541806278,True,False,-0.6348670305462482,-0.4562256139004362,1.5,-0.7038872250203398,-0.011514256945434112,-1.4999961853027344,-0.21186375299804966,52.36936062221592,12.699999809265137,12.729999542236328,2014
2014-09-16,12.699999809265137,12.859999656677246,12.640000343322754,12.729999542236328,236800,COHR,25.023383215658086,True,False,-0.6651077856227943,-0.473046373673729,1.5,-0.7078894962534654,-0.043822328545174705,0.3409071205014608,-0.16472876097002598,49.660145354683415,12.729999542236328,12.729999542236328,2014
2014-09-17,12.729999542236328,12.859999656677246,12.699999809265137,12.729999542236328,444200,COHR,25.023383215658086,True,True,-0.6651077856227943,-0.4661177656137228,0.5,-0.7018345187463237,-0.09988871585624541,0.0,-0.13597547063679688,46.495244790824984,12.789999961853027,13.0600004196167,2014
2014-09-24,12.300000190734863,12.369999885559082,12.18000030517578,12.220000267028809,134600,COHR,24.915862363286223,True,False,-0.6722758424475851,-0.5831408662986558,1.5,-0.8439252551417609,0.07508084108955385,-1.0526328998288303,-0.7499997432415306,49.59700493652027,12.220000267028809,11.949999809265137,2014
2014-09-25,12.220000267028809,12.229999542236328,11.850000381469728,11.949999809265137,220200,COHR,21.846406911206017,True,False,-0.8769062059195989,-0.46065261520089673,1.5,-0.9281710299131102,0.13863696353974023,-1.7763227241014192,-0.5786112690208747,55.522018807701464,11.970000267028809,11.920000076293944,2014
2014-09-26,11.970000267028809,12.1899995803833,11.859999656677246,11.920000076293944,230500,COHR,21.529050079666163,True,False,-0.8980633280222557,-0.522660045108192,1.5,-0.9307940694727707,0.14573690149069207,-0.37878941132273114,-0.3466559402940786,53.89659033007718,11.739999771118164,11.829999923706056,2014
2014-09-29,11.739999771118164,11.890000343322754,11.600000381469728,11.829999923706056,225200,COHR,20.563923338015684,True,False,-0.9624051107989544,-0.19307731768390846,1.5,-0.9537756682773085,0.15789180245762008,0.7758634864364674,-0.3989365126846861,54.403324181417496,11.850000381469728,11.770000457763672,2014
2014-09-30,11.850000381469728,12.010000228881836,11.760000228881836,11.770000457763672,346300,COHR,19.922718340359353,True,False,-1.0051521106427097,-0.3108304830453563,1.5,-0.9664767346517117,0.13734777842547424,-0.7999992370605646,-0.1882838434879172,57.85280475548994,11.779999732971191,11.5,2014
2014-10-01,11.779999732971191,11.90999984741211,11.460000038146973,11.5,200800,COHR,17.30740003542273,True,True,-1.1795066643051513,-0.5853390768645325,1.5,-1.050681531855845,0.23415475111874043,-1.5555547313922164,-0.44043631879795847,60.15451720527425,11.539999961853027,11.649999618530272,2014
2014-10-08,11.010000228881836,11.09000015258789,10.779999732971191,10.949999809265137,351000,COHR,16.68774107043511,True,True,-1.2208172619709927,-0.33041185465358996,1.5,-1.1972597110482068,0.38536462210734834,-0.48387369677504694,-0.4298945525518266,59.98734206361184,11.270000457763672,11.789999961853027,2014
2015-01-05,13.43000030517578,13.649999618530272,13.270000457763672,13.279999732971191,176600,COHR,44.115273517864956,True,False,0.607684901190997,0.2744849459065752,1.5,-0.21995346437759744,0.395803908737571,-0.9868480492297738,-0.4622917243406799,35.121542684609985,13.350000381469728,12.949999809265137,2015
2015-01-06,13.350000381469728,13.699999809265137,12.850000381469728,12.949999809265137,200400,COHR,39.084301623297385,True,False,0.27228677488649233,-0.5159104003585581,1.5,-0.3355904426412465,0.609844902979309,-1.1764730631703149,-0.6410254842744323,37.30625662352873,13.0600004196167,12.949999809265137,2015
2015-01-07,13.0600004196167,13.25,12.770000457763672,12.949999809265137,153000,COHR,39.084301623297385,True,True,0.27228677488649233,-0.3969510464224702,0.5,-0.33247327376543234,0.6237398016379968,-0.5729203919605178,-0.5446825648542555,33.7408595565205,13.050000190734863,13.079999923706056,2015
2015-01-14,12.9399995803833,13.119999885559082,12.640000343322754,12.670000076293944,207900,COHR,36.26501064281416,True,True,0.08433404285427741,-0.6212547808767425,0.5,-0.41905866532205405,0.6506677754202477,-1.4062487582353922,-0.3918194283291182,37.40708318089669,12.75,13.0,2015
2015-03-25,18.34000015258789,18.34000015258789,17.65999984741211,17.68000030517578,179600,COHR,50.737859542230055,True,True,1.0491906361486703,6.019911197371056,1.5,0.860377564312893,-0.14030522711602905,-2.4264689382804696,-0.5281682136924911,45.72105025493742,17.549999237060547,17.8799991607666,2015
2015-04-30,18.799999237060547,18.8799991607666,17.649999618530273,17.790000915527344,390700,COHR,40.29467434622539,True,True,0.3529782897483595,0.2683817017139152,0.5,0.6105017188302253,0.33719943273075176,-2.05284288093488,-0.6082886432387149,41.35358002004904,17.829999923706055,17.8799991607666,2015
2015-05-05,17.920000076293945,17.920000076293945,17.5,17.68000030517578,171300,COHR,39.500511745569355,True,True,0.30003411637129035,0.15629910865397445,-0.5,0.5553558082706012,0.2882713803709296,-1.4285698066766273,-0.07729103758473688,38.26331998807376,17.799999237060547,17.709999084472656,2015
2015-07-02,18.6200008392334,18.71999931335449,18.049999237060547,18.200000762939453,245500,COHR,38.97334155910309,True,True,0.26488943727353936,0.6992560818458422,1.5,0.4005561443793437,0.12113746961677728,-1.567164285327944,-0.5200098852688101,46.38494843538357,18.020000457763672,18.420000076293945,2015
2015-07-08,18.200000762939453,18.299999237060547,18.040000915527344,18.09000015258789,231300,COHR,38.57002263724258,True,False,0.23800150914950535,0.5944326906331333,0.5,0.3543716989720358,0.06721444601447228,-1.0577050046216823,-0.07554986657992008,42.72446740332441,18.34000015258789,18.059999465942383,2015
2015-07-09,18.34000015258789,18.3799991607666,18.010000228881836,18.059999465942383,199300,COHR,38.1362667529061,True,True,0.2090844501937402,0.5708017014510959,1.5,0.341819193529177,0.043598453389218084,-1.8919019929273244,-0.24430008744603243,47.670935735816,18.270000457763672,18.280000686645508,2015
2015-07-20,18.0,18.0,17.610000610351562,17.719999313354492,265200,COHR,35.179223151174156,True,False,0.011948210078277082,-0.49219183194220867,0.5,0.21530993064625026,-0.08538749698075443,-1.7948790054383974,-0.3162823047989233,41.22137427027492,17.700000762939453,17.610000610351562,2015
2015-07-21,17.700000762939453,17.860000610351562,17.540000915527344,17.610000610351562,183800,COHR,33.6485933131563,True,False,-0.09009377912291351,-0.5537109335340867,1.5,0.18104919893356053,-0.10263342647250327,-0.7031268626469256,-0.4251227012158687,44.06002662409139,17.469999313354492,17.5,2015
2015-07-22,17.469999313354492,17.65999984741211,17.299999237060547,17.5,106500,COHR,32.14248702604324,True,False,-0.19050086493045057,-0.34094082784045,1.5,0.14716284560468362,-0.10726183900264322,0.20833774848472003,-0.36071063024004923,45.345038045564124,17.520000457763672,17.450000762939453,2015
2015-07-23,17.520000457763672,17.75,17.3700008392334,17.450000762939453,136600,COHR,31.45334534556129,True,False,-0.23644364362924744,-0.4211133796281355,1.5,0.13110435287788103,-0.11080150473636516,-0.46052532512836986,-0.1904617387679275,47.400802307303216,17.43000030517578,17.18000030517578,2015
2015-07-24,17.43000030517578,17.520000457763672,17.149999618530273,17.18000030517578,164500,COHR,27.9663552288673,True,False,-0.46890965140884666,-0.617232437968674,1.5,0.05119196302018403,-0.09667355456323876,-1.6891853577817069,-0.3052245104147075,52.25281355648119,17.06999969482422,16.889999389648438,2015
2015-07-27,17.06999969482422,17.18000030517578,16.81999969482422,16.889999389648438,214100,COHR,24.787724448109273,True,True,-0.6808183701260485,-0.5504081324024315,1.5,-0.03373614915959611,-0.08228739696231382,-1.25,-0.4357147216796878,54.965859763446915,17.059999465942383,17.06999969482422,2015
2015-12-09,18.51000022888184,18.600000381469727,17.84000015258789,17.8799991607666,240300,COHR,42.6582151299637,True,True,0.5105476753309134,1.4692453897404905,1.5,0.15268388519094067,0.14881166701613754,-2.0723713104736112,-0.8106705178082207,44.24936974691925,17.84000015258789,18.030000686645508,2015
2016-01-04,18.290000915527344,18.32999992370605,17.670000076293945,17.68000030517578,323600,COHR,38.16448046167694,True,False,0.21096536411179584,-0.4064493251382273,0.5,0.04423898118000702,0.2654379152694307,-2.3106089067422024,-0.898949466372892,37.39196058157642,17.760000228881836,17.700000762939453,2016
2016-01-06,17.510000228881836,17.8700008392334,17.329999923706055,17.329999923706055,513900,COHR,34.628879661740896,True,False,-0.02474135588394025,-0.6666666666666666,0.5,-0.05555808227776293,0.25530048334265293,-0.8333333333333333,-0.8283941120885929,37.63157335504854,17.09000015258789,16.989999771118164,2016
2016-01-07,17.09000015258789,17.34000015258789,16.8700008392334,16.989999771118164,431200,COHR,31.4867011757851,True,False,-0.23421992161432664,-0.5058640541691098,0.5,-0.15109173518361274,0.2854617749864577,-0.5319176998153521,-0.48783973568118505,42.20826762619209,16.979999542236328,16.420000076293945,2016
2016-01-08,16.979999542236328,17.489999771118164,16.40999984741211,16.420000076293945,461800,COHR,27.054564437467377,True,True,-0.5296957041688415,-0.6543002562925347,1.5,-0.3108404041360274,0.5221561786233102,-1.2962951516253967,-0.9039552482150132,50.69003160840492,16.510000228881836,16.56999969482422,2016
2016-04-27,23.07999992370605,23.1299991607666,20.32999992370605,20.770000457763672,926700,COHR,43.78646962893288,True,True,0.5857646419288585,-0.04988743237676063,0.5,0.4059755832428713,1.0047535954230566,-2.0625000851495097,-0.6449767011699387,36.56326672459756,20.75,21.26000022888184,2016
2016-05-05,20.86000061035156,20.8700008392334,20.399999618530277,20.40999984741211,259600,COHR,41.43829846968986,True,True,0.42921989797932414,-0.2873147759937675,-0.5,0.2861874718841573,0.6868426540305473,-2.393614862671254,-0.22847586061878478,35.00434314883524,20.399999618530277,20.600000381469727,2016
2016-05-11,20.40999984741211,20.479999542236328,20.100000381469727,20.15999984741211,218600,COHR,40.16836039102936,True,False,0.3445573594019573,-0.5018563391789589,0.5,0.20976068529876324,0.4735714951078394,-1.6447404745293104,-0.26699061038210625,36.707181803940834,20.18000030517578,19.559999465942383,2016
2016-05-12,20.18000030517578,20.34000015258789,19.520000457763672,19.559999465942383,585600,COHR,35.47315507172823,True,False,0.031543671448548596,-0.6262360788253813,0.5,0.05415792787321405,0.581289352620297,-1.8902471645623797,-0.49705531413805903,41.002934753860664,19.61000061035156,19.450000762939453,2016
2016-05-13,19.61000061035156,19.950000762939453,19.38999938964844,19.450000762939453,276900,COHR,34.672984760573996,True,False,-0.02180101596173358,-0.6053569102500594,1.5,0.025477708398131682,0.5696302190370955,-0.714283281449025,-0.6460259959247302,43.10706175520115,19.5,19.540000915527344,2016
2016-05-17,19.5,19.549999237060547,18.950000762939453,19.200000762939453,352500,COHR,33.30544807673802,True,True,-0.11297012821746553,-0.40512885718230884,0.5,-0.039207250377708,0.5460293937960436,-1.25,-0.23006052711667668,43.78077108376853,19.149999618530277,19.559999465942383,2016
2016-06-27,18.600000381469727,18.600000381469727,17.90999984741211,18.020000457763672,300900,COHR,28.601515549544402,True,True,-0.4265656300303732,-0.5258979667610438,0.5,-0.3758479221465,0.26064379800063364,-2.1014473724219713,-0.9249734676619117,45.84602946038609,18.190000534057617,18.1299991607666,2016
2016-09-13,21.709999084472656,21.81999969482422,21.26000022888184,21.26000022888184,154300,COHR,48.23455835463649,True,True,0.8823038903090994,1.9328808546311282,0.5,0.3182867331901895,-0.13871375716782477,-2.0089253783195526,-0.7203010127632553,36.23688565492124,21.31999969482422,21.270000457763672,2016
2016-12-01,30.200000762939453,30.5,28.649999618530277,29.299999237060547,731600,COHR,53.11761054075741,True,False,1.2078407027171607,3.1211912844074132,0.5,1.373331539817274,0.7120490021192583,-1.2162180274307628,-0.7612185414334185,41.502120425393784,29.399999618530277,28.899999618530277,2016
2016-12-02,29.399999618530277,29.549999237060547,28.399999618530277,28.899999618530277,840200,COHR,49.6744011074303,True,True,0.97829340716202,2.8220652454612787,1.5,1.270272735530893,0.7621999394995439,-1.0869568822966509,-0.9400001525878887,47.476659807811004,29.0,29.950000762939453,2016
2016-12-22,30.0,30.049999237060547,29.030000686645508,29.649999618530277,599100,COHR,47.211235084928106,True,True,0.8140823389952071,2.117860714446367,1.5,1.1684907047085757,0.621197451239706,-0.8578452913666085,-0.40783034765334153,47.448918436189494,29.5,29.75,2016
2016-12-28,30.100000381469727,30.25,29.399999618530277,29.450000762939453,184700,COHR,45.69200630197567,True,True,0.7128004201317111,1.9628945091134369,-0.5,1.0842431062788926,0.5084783039436487,-1.9117627259365717,-0.08431655065934268,43.18673363684872,29.5,29.850000381469727,2016
2017-01-06,29.75,29.850000381469727,29.229999542236328,29.350000381469727,187600,COHR,45.32353766283374,True,True,0.6882358441889163,1.390401408713957,0.5,0.9849088004914097,0.27674518403165127,-1.612899504397663,-0.06355916039418319,43.00408520049281,29.299999237060547,29.549999237060547,2017
2017-02-28,36.5,36.5,35.25,35.599998474121094,599600,COHR,43.84243589372951,True,True,0.5894957262486339,2.7432710647857483,1.5,1.3937324052632771,0.7387276326824732,-1.8000030517578125,-0.6016052735025631,57.180967274112135,36.09999847412109,36.400001525878906,2017
2017-03-13,35.400001525878906,35.599998474121094,34.20000076293945,34.599998474121094,923500,COHR,38.81899359200528,True,False,0.25459957280035184,2.681453831079049,0.5,1.0698699274179613,0.4434324778639749,-1.4285792136806166,-0.2997187131611359,57.08807349098499,34.45000076293945,33.0,2017
2017-03-14,34.45000076293945,34.45000076293945,32.599998474121094,33.0,1663700,COHR,31.0972632464387,True,True,-0.26018245023742,1.5751488744139275,1.5,0.7801048288526913,0.6763114430441359,-1.9594580662189387,-0.9615384615384609,63.09214696671067,33.20000076293945,33.650001525878906,2017
2017-05-03,28.700000762939453,29.0,27.25,27.729999542236328,1411200,COHR,30.39572951365598,True,True,-0.306951365756268,-0.46325614937969783,0.5,-0.3938545307230612,2.1154510194930336,-1.3857160295758926,-2.0437412270597464,44.77145177730938,28.149999618530277,29.950000762939453,2017
2017-08-03,36.400001525878906,36.84000015258789,35.20000076293945,35.95000076293945,604900,COHR,46.35855952578378,True,False,0.7572373017189188,2.141616507160198,0.5,0.5814221714857903,0.8866563453569042,-0.6859770280705998,-0.7053798547531409,41.48015971663219,36.150001525878906,35.349998474121094,2017
2017-08-04,36.150001525878906,36.34999847412109,34.599998474121094,35.349998474121094,900600,COHR,43.830643872204924,True,True,0.5887095914803282,1.527798180042802,1.5,0.482941076850657,0.9802564656927225,-1.1428615025111653,-1.0524611815007314,44.93005458809429,40.25,38.150001525878906,2017
2017-08-17,35.75,36.25,35.0,35.04999923706055,352100,COHR,43.01159707607415,True,False,0.5341064717382769,0.9945306101536527,1.5,0.3756602837555656,1.0812943994408921,-1.400001525878906,-0.5293713462025492,45.17754986312129,34.75,35.25,2017
2017-08-21,35.04999923706055,35.54999923706055,34.20000076293945,34.5,403100,COHR,40.93646082374989,True,True,0.39576405491665934,-0.0008755331727590873,0.5,0.2840127519868685,1.0422078558113492,-1.0185182568791784,-0.5208333333333328,38.26098175122344,34.75,35.5,2017
2017-11-02,44.09999847412109,44.34999847412109,41.54999923706055,41.59999847412109,1185900,COHR,46.92631881075278,True,False,0.7950879207168522,2.222756075519678,0.5,0.8153183173751266,0.6812717480786263,-2.2321434653536896,-0.761851244198411,44.24573476635112,41.650001525878906,41.5,2017
2017-11-03,41.650001525878906,42.400001525878906,40.650001525878906,41.5,798500,COHR,46.39644721103909,True,False,0.7597631474026059,2.0036579208742205,1.5,0.7921027028753358,0.7196185567175241,-0.2142878941127232,-1.0232302822141686,43.30988290100822,41.54999923706055,42.0,2017
2017-11-07,42.0,42.150001525878906,40.84999847412109,41.400001525878906,514300,COHR,46.05733066788617,True,True,0.737155377859078,1.8713250027189545,0.5,0.759446955756925,0.6682212962930683,-1.153840510816102,-0.06009523905589759,43.558816699587396,41.79999923706055,43.84999847412109,2017
2017-12-04,46.34999847412109,46.43000030517578,42.84999847412109,43.0,1435800,COHR,38.204598086163436,True,False,0.21363987241089574,0.4763679832049504,1.5,0.6715188751033474,1.4077925930202078,-2.339383212783269,-1.2434554973821996,50.74435132018803,43.09999847412109,42.70000076293945,2017
2017-12-05,43.09999847412109,44.45000076293945,42.38999938964844,42.70000076293945,992300,COHR,37.42377554173883,True,True,0.16158503611592182,0.37263068524016907,1.5,0.6248763250850642,1.4379772240825073,-0.48543379189913527,-1.2394516380905078,47.842303824686496,42.59999847412109,43.45000076293945,2017
2018-01-25,45.650001525878906,46.400001525878906,44.400001525878906,44.75,783600,COHR,37.20683061284733,True,False,0.14712204085648845,0.2527443633742519,1.5,0.4754620935823717,1.1959345836233335,-1.1250019073486328,-0.9426656536176178,48.04273424178369,45.09999847412109,45.0,2018
2018-01-29,44.95000076293945,44.95000076293945,43.84999847412109,44.20000076293945,577900,COHR,36.17030778890757,True,False,0.07802051926050477,0.11602131718359043,0.5,0.3983985888952679,1.0312361821286666,-1.704541907830159,-0.34378437266695955,46.85427327682488,44.5,44.5,2018
2018-01-31,45.04999923706055,45.04999923706055,42.5,42.650001525878906,1235900,COHR,32.84218976395566,True,True,-0.1438540157362894,-0.4641625678315678,0.5,0.202464386469684,1.1636153505483304,-2.3529396365116004,-0.6527773539225262,47.83194729268503,42.45000076293945,43.68000030517578,2018
2018-02-05,41.04999923706055,41.54999923706055,37.0,37.72999954223633,1860100,COHR,25.748071364437195,True,True,-0.6167952423708537,-0.44520481920742244,0.5,-0.39791159419856725,2.216216751238767,-1.824175962372826,-1.4419700491268588,53.49548872677462,36.900001525878906,40.34999847412109,2018
2018-07-02,42.75,43.150001525878906,41.650001525878906,42.34999847412109,875000,COHR,36.646304199896996,True,False,0.10975361332646637,1.0721060104856601,1.5,-0.027737070853814938,0.9286458082366653,-0.6666692097981889,-0.5502259583867353,49.56594524880226,42.09999847412109,40.70000076293945,2018
2018-07-03,42.09999847412109,42.79999923706055,40.650001525878906,40.70000076293945,676400,COHR,32.02955404643191,True,True,-0.19802973023787254,0.3821237442943777,1.5,-0.2193544170796008,1.0925161744187954,-1.627906048342016,-0.818024834686959,52.42194724004727,41.20000076293945,42.09999847412109,2018
2018-07-31,39.70000076293945,42.25,38.45000076293945,39.20000076293945,1756500,COHR,31.69277612700199,True,True,-0.22048159153320057,-0.3654619126353367,1.5,-0.415200037370152,1.1564631416232245,-0.3289474344649936,-1.8246188834988173,43.20674512620307,39.54999923706055,39.59999847412109,2018
2018-10-05,42.4900016784668,43.16999816894531,39.470001220703125,39.95000076293945,1734500,COHR,25.92983689147927,True,False,-0.6046775405680488,-0.09649471361737556,0.5,-0.47172423664472163,1.2600865112696753,-1.716218250351571,-1.4543238299190062,51.448066672309295,39.63999938964844,39.900001525878906,2018
2018-10-08,39.63999938964844,40.5,38.43000030517578,39.900001525878906,772300,COHR,25.831810270195447,True,False,-0.6112126486536369,-0.11500061638689558,1.5,-0.4730908660146227,1.3014844400963126,0.3140122881184141,-1.6528920391714164,51.201281667294104,40.06999969482422,39.209999084472656,2018
2018-10-09,40.06999969482422,40.4900016784668,38.84999847412109,39.209999084472656,687700,COHR,24.45766941260156,True,False,-0.7028220391598959,-0.3723319130290655,1.5,-0.5464893501492268,1.3371472718564514,-1.310973978698208,-1.204194619720658,55.58492763094491,38.86000061035156,37.13999938964844,2018
2018-10-10,38.86000061035156,38.90999984741211,37.09000015258789,37.13999938964844,1073800,COHR,20.870769843978465,True,True,-0.9419486770681024,-0.6480650256687109,1.5,-0.7750303408848414,1.5498640909744685,-2.362639435592389,-0.8792244429372389,60.86007425101869,37.59999847412109,37.540000915527344,2018
2019-03-20,38.63999938964844,38.63999938964844,37.27999877929688,37.79999923706055,641300,COHR,44.008872370487815,True,False,0.6005914913658543,2.2920830370126963,0.5,-0.1895391579983624,0.7415194551847244,-1.5441172345701255,-0.5772147936323913,42.508176332962734,37.91999816894531,38.84000015258789,2019
2019-03-22,38.59999847412109,38.59999847412109,36.459999084472656,36.470001220703125,634600,COHR,39.89301992575187,True,True,0.32620132838345817,1.5178111596904336,0.5,-0.3549558266824915,0.9720656573418478,-2.4883152580803864,-0.7385181888533084,44.927514457708206,36.47999954223633,36.83000183105469,2019
2019-05-01,39.9900016784668,40.25,37.20000076293945,37.27000045776367,2336000,COHR,37.77293968837165,True,True,0.18486264589144336,0.03767696743672344,0.5,-0.2588913798217518,0.6866918815728766,-2.2295097549963163,-0.5941734473485518,40.28298888246718,36.97999954223633,38.09000015258789,2019
2019-05-13,36.08000183105469,36.52999877929688,34.18000030517578,34.29999923706055,1226500,COHR,31.56485693945163,True,True,-0.22900953736989133,-0.6151275865048563,1.5,-0.6245162870682291,1.350255379456764,-1.8936210103922102,-1.1122185103085978,46.502033185205015,34.38999938964844,36.0099983215332,2019
2019-09-23,37.81999969482422,38.0,36.54999923706055,36.97999954223633,2863000,COHR,39.20851808235313,True,False,0.28056787215687534,-0.15013373082969625,1.5,-0.13526950079600752,1.055644369192856,-1.4482753631195262,-0.9783148907168123,40.57171613890352,37.47999954223633,36.720001220703125,2019
2019-09-24,37.47999954223633,37.84999847412109,36.45000076293945,36.720001220703125,1913900,COHR,38.10029573020932,True,False,0.20668638201395453,-0.26281565446312816,1.5,-0.16784267547086895,1.0606460576465235,-1.357142078631945,-0.8915021590568575,41.34067900101929,36.5099983215332,36.2599983215332,2019
2019-09-25,36.5099983215332,37.0,35.040000915527344,36.2599983215332,17529300,COHR,36.153282426522516,True,True,0.07688549510150106,-0.13677565068099815,1.5,-0.226207018840604,1.1553661071561214,-0.3188776999700273,-0.890113514600499,42.50678528804048,36.31999969482422,37.38999938964844,2019
2019-09-30,36.150001525878906,36.34999847412109,34.52000045776367,35.209999084472656,1425200,COHR,34.809794853037715,True,False,-0.012680343130818983,-0.3801313204439379,0.5,-0.35836814658072924,1.3729687176916399,-1.284157732691579,-0.36196886571454867,42.512705333395516,35.5099983215332,32.779998779296875,2019
2019-10-01,35.5099983215332,35.79999923706055,32.529998779296875,32.779998779296875,2258800,COHR,27.74891658976658,True,False,-0.483405560682228,-0.5700082228702171,1.5,-0.6728635228493574,1.8401152533912082,-2.0871553211519682,-1.5411877124915985,51.747374250554365,32.5,32.7599983215332,2019
2019-10-02,32.5,32.79999923706055,31.71999931335449,32.7599983215332,1470600,COHR,27.699115201703748,True,False,-0.48672565321975014,-0.25354181862105346,1.5,-0.6696825060723782,1.748604715967773,0.6018480090281155,-1.22211612417107,49.30722529898011,32.58000183105469,32.61000061035156,2019
2019-10-03,32.58000183105469,33.119998931884766,31.790000915527344,32.61000061035156,1633700,COHR,27.30334719138598,True,True,-0.5131101872409346,-0.3078070654156266,1.5,-0.6835868624555747,1.713458201813259,0.056388766990486186,-0.9230327114903542,51.217256981679604,32.95000076293945,32.68000030517578,2019
2019-10-08,32.11000061035156,32.5099983215332,31.709999084472656,31.82999992370605,1502800,COHR,25.31609071707537,True,True,-0.6455939521949754,-0.6127021103783779,0.5,-0.7688315677588903,1.4382969610413725,-0.8750029802350919,-0.2989882980858907,50.73231468226435,32.130001068115234,31.86000061035156,2019
2019-11-22,27.520000457763672,27.690000534057617,26.93000030517578,27.13999938964844,1840400,COHR,24.83921114944674,True,True,-0.6773859233702173,-0.5490523160455798,1.5,-1.2392324918248037,1.2572482751474088,-1.2500031370856106,-0.5461591824288944,52.28120494772185,27.31999969482422,28.209999084472656,2019
2020-02-24,33.0,33.2400016784668,32.20000076293945,32.59000015258789,1758000,COHR,37.01506844045859,True,False,0.13433789603057278,-0.4887621949798607,0.5,-0.39102822656434,1.322913353473903,-0.9855756886622896,-1.3482065283225375,35.78336774015162,32.95000076293945,30.75,2020
2020-02-25,32.95000076293945,32.9900016784668,30.709999084472656,30.75,1465300,COHR,32.03827056290889,True,False,-0.19744862913940722,-0.6491215258965611,1.5,-0.6456029990137363,1.628561082453324,-2.4122787938208665,-2.1422798793276923,44.30951201494417,31.36000061035156,29.81999969482422,2020
2020-02-26,31.36000061035156,31.61000061035156,29.739999771118164,29.81999969482422,1739000,COHR,29.85344946276068,True,False,-0.3431033691492881,-0.63214516306324,1.5,-0.7707549515714546,1.7872329933959168,-2.05882382940355,-1.7641133905537898,47.43359303032533,29.01000022888184,28.030000686645508,2020
2020-02-27,29.01000022888184,29.399999618530277,27.32999992370605,28.030000686645508,2578100,COHR,26.156221672950892,True,True,-0.5895852218032739,-0.37724888078860835,1.5,-1.0165004194306282,2.1683536594947794,-1.1835745008642964,-1.749002548554869,51.62989454315758,27.18000030517578,29.690000534057617,2020
2020-03-12,20.709999084472656,22.5,19.0,21.149999618530277,3600300,COHR,25.332123693988322,True,True,-0.6445250870674452,-0.06136155801635342,0.5,-1.9332093527936127,5.79732527025964,0.31428609575544336,-2.0421286372318797,44.613625278019015,23.040000915527344,24.84000015258789,2020
2020-06-26,49.400001525878906,50.47999954223633,48.119998931884766,48.31999969482422,2084600,COHR,53.87279994860507,True,False,1.258186663240338,4.498506027889499,0.5,1.5509351716861153,1.7292451066375216,-1.1440694404034526,-0.45853273479496,45.25499041509228,48.08000183105469,48.38999938964844,2020
2020-06-30,45.25,48.5,45.060001373291016,47.220001220703125,4736200,COHR,50.60326136201852,True,False,1.040217424134568,3.8648641464773896,0.5,1.3644821254473616,1.7833103265137347,1.4316875051980815,-0.7044363617180651,43.30605205360511,47.90999984741211,43.5099983215332,2020
2020-07-01,47.90999984741211,47.91999816894531,43.02000045776367,43.5099983215332,6542200,COHR,41.55987867793888,True,True,0.4373252451959255,2.616935530163792,0.5,0.8543634769533548,2.3463180990028527,-2.244899786299002,-1.2443091379526219,56.53795631016149,44.540000915527344,44.09999847412109,2020
2020-08-18,46.209999084472656,47.310001373291016,44.290000915527344,44.459999084472656,2368300,COHR,38.180549500256014,True,False,0.2120366333504009,-0.03189533787288997,1.5,0.548787332548657,1.9081738772834451,-1.4486752771023461,-1.3515545523152248,47.336507151773255,44.66999816894531,43.68999862670898,2020
2020-08-19,44.66999816894531,45.34000015258789,43.52999877929688,43.68999862670898,1473000,COHR,36.43151139164729,True,False,0.09543409277648607,-0.2398737772495708,1.5,0.44778041488628184,1.9086090126371404,-1.3535895009494736,-0.7730301393032115,49.572586154587654,43.18999862670898,43.56999969482422,2020
2020-08-20,43.18999862670898,43.75,42.790000915527344,43.56999969482422,1501300,COHR,36.15355339881668,True,False,0.07690355992111222,-0.25673295072004465,1.5,0.42814213026708403,1.7672970983451073,0.989587058627203,-0.7141309894917097,45.40207066829205,43.400001525878906,42.43000030517578,2020
2020-08-21,43.400001525878906,43.7400016784668,42.18000030517578,42.43000030517578,1798100,COHR,33.535834447857994,True,False,-0.09761103680946709,-0.5907500416632072,1.5,0.28310787125685577,1.7827651358517287,-1.5544877673036717,-0.570737410340455,51.241642013439424,42.900001525878906,42.77000045776367,2020
2020-08-25,43.33000183105469,43.4900016784668,41.36000061035156,42.060001373291016,2160400,COHR,33.342242931430505,True,True,-0.11051713790463301,-0.44640869502766245,0.5,0.2312160844600908,1.6915992148266275,-1.4906101184346494,-0.4332104464395317,48.17518434480708,42.5,43.900001525878906,2020
2020-09-08,37.81999969482422,39.2599983215332,37.52999877929688,37.540000915527344,2158900,COHR,31.132301108839343,True,False,-0.2578465927440438,-0.6637665195151116,1.5,-0.348488684524787,2.4164889700247167,-0.40462262049926406,-1.8978755255443804,46.49684604905692,38.709999084472656,37.900001525878906,2020
2020-09-10,38.36000061035156,38.83000183105469,36.13999938964844,36.65999984741211,2675700,COHR,30.26055342820524,True,False,-0.31596310478631723,-0.5140490884231556,0.5,-0.45066199310842325,2.464038436504932,-1.5799249256914663,-0.7500000489063754,49.64858914991883,36.86000061035156,36.4900016784668,2020
2020-09-11,36.86000061035156,37.5099983215332,36.040000915527344,36.4900016784668,1348200,COHR,29.953770004522738,True,True,-0.3364153330318175,-0.5311789334138711,0.5,-0.4675027794601605,2.378690499450798,-0.6292509945478277,-0.3496268018956833,49.143762015692644,37.08000183105469,38.2599983215332,2020
2021-01-27,87.08999633789062,90.11000061035156,85.56999969482422,87.2300033569336,1606200,COHR,58.732421646274204,True,False,1.5821614430849469,3.782210428312929,1.5,2.7885282315547033,1.114006291642416,0.0770963605778845,-0.8842014481950974,44.18023952036689,87.58000183105469,87.05000305175781,2021
2021-01-28,87.58000183105469,88.47000122070312,85.1500015258789,87.05000305175781,1498300,COHR,58.24553589202805,True,False,1.54970239280187,3.38426337090377,1.5,2.729808620132337,1.102340179994046,-0.3990955030230329,-0.6066229800637535,46.09312447996517,87.48999786376953,84.06999969482422,2021
2021-01-29,87.48999786376953,88.7699966430664,83.94000244140625,84.06999969482422,1392200,COHR,50.74532623058939,True,True,1.049688415372626,2.6195157483938876,1.5,2.428747890517434,1.2692764537480437,-1.7701875127354176,-0.811923552638323,54.34586166104569,85.80999755859375,87.27999877929688,2021
2021-02-18,88.76000213623047,89.48999786376953,86.51000213623047,87.63999938964844,1326200,COHR,49.340984543992306,True,False,0.9560656362661537,1.8230602891100283,0.5,2.2174512807939237,1.7634223225134749,-0.9396009667327199,-0.3169482353376385,48.98378882894024,89.56999969482422,90.27999877929688,2021
2021-02-22,89.01000213623047,89.98999786376953,87.22000122070312,87.47000122070312,873400,COHR,48.926943547520196,True,False,0.928462903168013,1.798273645477809,0.5,2.1379091829490524,1.6892124601447562,-1.3898942074371536,-0.3930899699183407,49.302871103967625,84.55000305175781,84.6500015258789,2021
2021-02-23,84.55000305175781,85.3499984741211,80.55000305175781,84.6500015258789,1892300,COHR,45.013011166280236,True,False,0.6675340777520158,1.167704261227736,0.5,1.8816588690476843,1.9425957595457308,0.052082588274563094,-0.4264602185920785,47.992382385047804,84.06999969482422,89.30999755859375,2021
2021-02-25,88.97000122070312,89.11000061035156,82.45999908447266,82.51000213623047,1229600,COHR,43.37170581171686,True,True,0.5581137207811239,0.5941087114663327,0.5,1.6554274791063595,2.2810447181567244,-2.4285705271394136,-0.7088143099423391,50.64003306587613,83.48999786376953,84.30000305175781,2021
2021-03-03,84.31999969482422,85.94000244140625,80.16999816894531,80.63999938964844,1146500,COHR,41.93668561914638,True,False,0.4624457079430921,0.3253466955963467,0.5,1.4146230203754095,2.1890851087795387,-1.5944530243849548,-0.5427051497053678,48.65606709431849,80.04000091552734,75.61000061035156,2021
2021-03-04,80.04000091552734,80.75,73.52999877929688,75.61000061035156,1829000,COHR,36.98991297180695,True,False,0.1326608647871301,-0.38054897472877514,1.5,1.0023863337990058,2.6065729358434657,-1.5339333643299449,-1.6127170347923603,51.00834376632328,76.63999938964844,74.61000061035156,2021
2021-03-05,76.63999938964844,77.62000274658203,69.63999938964844,74.61000061035156,2503700,COHR,36.07874985569151,True,False,0.07191665704610083,-0.013189913300795034,1.5,0.9121406742686178,2.8638401798728155,-0.6359642623248609,-1.5214827412222436,52.889435988207964,74.69999694824219,71.66999816894531,2021
2021-03-08,74.69999694824219,76.30000305175781,71.12999725341797,71.66999816894531,2386800,COHR,33.468503545285756,True,True,-0.10209976364761625,-0.40012817356952607,1.5,0.6715075945886251,3.0563113834307605,-1.4651815188823614,-1.390439187840349,55.287087905054214,75.16000366210938,73.77999877929688,2021
2021-03-23,67.6500015258789,68.0,65.25,65.8499984741211,2275000,COHR,32.95539484694375,True,True,-0.1363070102037502,-0.5715117094873173,0.5,0.14461130084524876,2.5891257896048328,-1.6363664106889204,-0.4712848567055214,50.44243761987045,67.31999969482422,67.26000213623047,2021
2021-05-04,66.01000213623047,66.2300033569336,63.58000183105469,64.55999755859375,2112700,COHR,30.45131100509562,True,False,-0.3032459329936254,-0.17545458064125938,1.5,-0.14470443790347565,1.8089819656710324,-1.367928059169519,-1.2807595431866894,52.44434499020911,66.72000122070312,64.58999633789062,2021
2021-05-06,59.81999969482422,63.06999969482422,58.81999969482422,59.90999984741211,6421900,COHR,25.24400713219974,True,True,-0.6503995245200173,-0.460261111528318,0.5,-0.48870709177724014,2.25096264631215,0.05294126622817095,-1.3277635128951915,50.744933632419624,60.5099983215332,63.63999938964844,2021
2021-07-26,70.69999694824219,71.16000366210938,67.22000122070312,67.4000015258789,1777500,COHR,40.596934106424634,True,False,0.3731289404283089,-0.21175102991493966,0.5,-0.01610573576272034,0.7975381452968199,-2.093904427369758,-0.8841164586649436,36.30206094322039,67.4000015258789,66.11000061035156,2021
2021-07-27,67.4000015258789,67.66999816894531,64.25,66.11000061035156,2027500,COHR,37.7996778508565,True,True,0.1866451900570998,-0.18184568270946863,0.5,-0.11040997155549681,0.9125153903100185,-0.9429836302552502,-0.8887167501715726,37.663492908947525,65.91000366210938,68.27999877929688,2021
2021-08-10,69.33000183105469,70.98999786376953,64.04000091552734,64.94000244140625,2932300,COHR,37.79059299041226,True,False,0.1860395326941505,-0.45153658401147084,1.5,-0.20209393670259368,1.1965043092320309,-1.5791371644986003,-0.7695077121936469,41.80016740258813,64.7300033569336,64.37999725341797,2021
2021-08-11,64.7300033569336,65.0,62.63999938964844,64.37999725341797,2040300,COHR,36.62230210540359,True,False,0.10815347369357274,-0.24612912982615365,1.5,-0.24116259227234704,1.1896771135682296,-0.3707690815633789,-0.7277653820578878,42.01541704108465,64.3499984741211,63.880001068115234,2021
2021-08-12,64.3499984741211,64.62000274658203,63.38999938964844,63.880001068115234,949300,COHR,35.56511744555067,True,False,0.03767449637004461,-0.3546225863268559,1.5,-0.2755063952014758,1.0981025925411156,-0.9552766733449531,-0.7383264025600785,43.328814917426996,63.540000915527344,63.34000015258789,2021
2021-08-13,63.540000915527344,64.19999694824219,63.13999938964844,63.34000015258789,795300,COHR,34.40980381575994,True,False,-0.03934641228267045,-0.48262695236924397,1.5,-0.31250168440846215,1.002196971986014,-0.471700999021132,-0.30797702276458977,44.11517123304698,62.68999862670898,62.22999954223633,2021
2021-08-16,62.68999862670898,63.59999847412109,62.150001525878906,62.22999954223633,1023000,COHR,32.10139383009876,True,False,-0.1932404113267495,-0.6449705657361736,1.5,-0.3910279168100028,0.9667235019775248,-0.7931035389941722,-0.4174428787870707,45.92657203554417,61.63999938964844,61.41999816894531,2021
2021-08-17,61.63999938964844,62.130001068115234,60.720001220703125,61.41999816894531,1442500,COHR,30.493753635579765,True,False,-0.30041642429468235,-0.47144329651388706,1.5,-0.4469328494630437,0.9279429511188843,-0.3900731285661336,-0.4813718804862768,47.44661915919095,61.20000076293945,60.93999862670898,2021
2021-08-18,61.20000076293945,62.040000915527344,60.52999877929688,60.93999862670898,1220800,COHR,29.549360537177407,True,False,-0.3633759641881729,-0.5492316357260502,1.5,-0.4781732458640675,0.8795834994125438,-0.4304665039738616,-0.4736346542661113,48.041205446157065,60.27999877929688,59.93999862670898,2021
2021-08-19,60.27999877929688,61.31999969482422,59.77999877929688,59.93999862670898,1918700,COHR,27.629544964920214,True,True,-0.4913636690053191,-0.6197033756818342,1.5,-0.5474800948162867,0.8594988290477238,-0.5519479715235751,-0.4599873317476674,49.934650740852064,59.43999862670898,60.41999816894531,2021
2022-01-20,65.6500015258789,66.80000305175781,64.13999938964844,64.13999938964844,1260500,COHR,37.704527635917394,True,False,0.18030184239449293,0.6214750508907302,1.5,-0.09986484354541025,0.9315288998379292,-1.419172986244163,-1.215693765888308,45.069192837843794,63.18000030517578,63.11000061035156,2022
2022-01-21,63.18000030517578,65.19000244140625,62.7400016784668,63.11000061035156,1373000,COHR,35.6959765219961,True,False,0.04639843479974009,0.34822034620590747,1.5,-0.17684034669784243,0.9701814311122677,-0.07142823778168415,-0.9717959358283526,44.374735778144306,61.95000076293945,63.77000045776367,2022
2022-01-25,62.54999923706055,62.97999954223633,61.34999847412109,61.470001220703125,1507000,COHR,33.51611048157531,True,False,-0.09892596789497929,-0.10734717849924096,0.5,-0.29817836004566833,1.125543017769925,-1.65643758995541,-0.5203457659714722,45.13433093570783,63.20000076293945,60.84999847412109,2022
2022-01-26,63.20000076293945,63.470001220703125,60.43999862670898,60.84999847412109,1444600,COHR,32.41111580771599,True,False,-0.17259227948560085,-0.2728692915181708,0.5,-0.34239884343183646,1.1896344944909951,-1.9389441229162403,-0.4476315390535307,46.39282096524778,61.72999954223633,59.369998931884766,2022
2022-01-27,61.72999954223633,61.95000076293945,59.25,59.369998931884766,2152400,COHR,29.878775770197734,True,True,-0.3414149486534844,-0.6360592859811112,1.5,-0.45155680952984223,1.2682897466563148,-2.185185132857391,-0.8624748107052951,50.426083904786275,59.11000061035156,60.04999923706055,2022
2022-04-11,64.16000366210938,65.30999755859375,63.52999877929688,63.63999938964844,1324300,COHR,37.33261211634792,True,False,0.15550747442319449,-0.03597081521975635,1.5,-0.20997485383729642,1.001938704657552,-0.7303435801601346,-0.7894157397789078,42.1667231845963,64.87000274658203,63.34999847412109,2022
2022-04-12,64.87000274658203,65.23999786376953,63.27000045776367,63.34999847412109,1398700,COHR,36.80442396092622,True,False,0.12029493072841481,-0.10273307617232123,1.5,-0.2296019269918692,0.9707488157680837,-1.9289419719880885,-0.566983519542219,45.02949340476221,63.619998931884766,64.44000244140625,2022
2022-04-14,64.12000274658203,64.19000244140625,61.79999923706055,61.97999954223633,1786800,COHR,35.54764346211657,True,True,0.03650956414110453,-0.46560741975334324,0.5,-0.328314405714189,1.008206074818424,-2.2384940744583215,-0.3260527701391916,42.03734275092158,61.709999084472656,62.18999862670898,2022
2022-04-26,61.9900016784668,62.38999938964844,60.20000076293945,60.220001220703125,1325400,COHR,34.25638388653748,True,True,-0.04957440756416816,-0.6609557405603391,0.5,-0.4433688569854294,0.9180331784829608,-2.0205497347999892,-0.54589485999086,40.84411900273822,59.95000076293945,60.34999847412109,2022
2022-06-16,54.58000183105469,54.9900016784668,51.84999847412109,53.040000915527344,2959600,COHR,33.61631320446011,True,False,-0.09224578636932582,-0.3854475940329434,0.5,-0.8911589054436247,1.8791562263442025,-1.2261141273645908,-0.8068782623818715,41.29719990707426,53.7599983215332,51.77000045776367,2022
2022-06-17,53.7599983215332,54.18999862670898,51.470001220703125,51.77000045776367,3069700,COHR,31.79974096743325,True,True,-0.21335060217111657,-0.5955895556694523,0.5,-0.9816286963361676,1.9568452687746347,-1.8290438985121311,-0.9152345390034691,43.01437380338395,52.869998931884766,52.84999847412109,2022
2022-07-06,48.41999816894531,48.90999984741211,47.119998931884766,47.150001525878906,3416900,COHR,30.48540093860332,True,True,-0.3009732707597787,-0.5682054584538242,1.5,-1.2634779360304937,1.875553554878803,-1.7737374210954782,-0.9322863543077292,46.62499568294028,47.95000076293945,48.720001220703125,2022
2022-09-01,46.41999816894531,46.9900016784668,43.84999847412109,44.5099983215332,2837900,COHR,27.758085272098867,True,False,-0.4827943151934088,-0.45389848752783274,1.5,-1.243319106962606,1.4307316799927587,-1.520698963593972,-1.4344671335144097,47.39632436435609,45.0,43.40999984741211,2022
2022-09-02,45.0,45.560001373291016,43.22999954223633,43.40999984741211,1955600,COHR,26.026083198491705,True,False,-0.598261120100553,-0.6091593330659987,1.5,-1.3263916783043828,1.5379619574021306,-1.7060074067282693,-1.157504256648749,49.862219271502,43.27000045776367,41.650001525878906,2022
2022-09-06,43.27000045776367,43.34999847412109,40.79999923706055,41.650001525878906,4749200,COHR,23.49955896625967,True,True,-0.766696068916022,-0.3998828977336594,1.5,-1.464954194287013,1.7332099121788342,-1.5882347221328845,-1.4768150726339204,52.706046565967135,41.88999938964844,41.95000076293945,2022
2022-09-23,37.7599983215332,37.83000183105469,35.97999954223633,37.29999923706055,2805000,COHR,21.838629117466553,True,False,-0.8774247255022298,-0.1912144821079962,1.5,-1.7170133067201965,1.6414105830099313,-0.6216196153552715,-1.0695028193595455,53.700901594596864,37.36000061035156,36.66999816894531,2022
2022-09-26,37.36000061035156,37.95000076293945,36.619998931884766,36.66999816894531,1932700,COHR,20.851517477222075,True,False,-0.9432321681851951,-0.4130370031755029,1.5,-1.7610385542887863,1.6306053322809786,-1.2969952846964883,-1.2266360346287446,54.324046211275316,37.18999862670898,36.380001068115234,2022
2022-09-27,37.18999862670898,37.90999984741211,35.779998779296875,36.380001068115234,1967900,COHR,20.394543012710486,True,False,-0.9736971324859677,-0.4488317422021056,1.5,-1.7751872970168625,1.6982953945529267,-0.9507008831109205,-0.6698743601028678,55.90149079900712,36.0099983215332,36.459999084472656,2022
2022-09-29,35.720001220703125,35.959999084472656,34.5,35.470001220703125,1896100,COHR,19.24997834415238,True,False,-1.0500014437231746,-0.3061273577697296,0.5,-1.8331238008901378,1.7044667249459906,-0.4280824602199984,-0.4090527025368204,53.86219947770735,35.470001220703125,34.849998474121094,2022
2022-09-30,35.470001220703125,36.25,34.63999938964844,34.849998474121094,2331900,COHR,18.27192756892964,True,True,-1.1152048287380238,-0.5356176506531294,0.5,-1.876741917355798,1.7393526374681187,-0.9627368191597243,-0.5257018104292646,54.451932468882276,35.18000030517578,36.220001220703125,2022
2023-03-07,42.63999938964844,42.84000015258789,41.150001525878906,41.34000015258789,705100,COHR,43.97618335276639,True,False,0.5984122235177594,2.0452880545439456,0.5,-0.385788973320913,1.2431166041350163,-1.923077357157529,-0.4517367857070437,42.88268624322111,41.2400016784668,41.470001220703125,2023
2023-03-09,41.29999923706055,41.900001525878906,39.91999816894531,39.9900016784668,1438000,COHR,39.5684411887803,True,False,0.30456274591868654,1.2173153632297247,0.5,-0.5284257108450402,1.2711110951762092,-1.6540345171718884,-0.8124850214936821,42.25573398046041,39.720001220703125,38.540000915527344,2023
2023-03-10,39.720001220703125,40.0,37.84999847412109,38.540000915527344,1843600,COHR,35.39168253006186,True,False,0.026112168670790463,0.6481012524796954,0.5,-0.6846304922757573,1.4295524461751605,-1.372092404322133,-0.8466374052750414,43.80152422393745,38.11000061035156,37.02000045776367,2023
2023-03-13,38.11000061035156,38.65999984741211,36.59999847412109,37.02000045776367,1563800,COHR,31.623278152840257,True,False,-0.22511478981064953,-0.025504185180350136,1.5,-0.8477631738646985,1.5914199675325322,-1.3228148373106725,-1.3413312731944986,47.0924767208015,38.0099983215332,36.650001525878906,2023
2023-03-14,38.0099983215332,38.20000076293945,36.18999862670898,36.650001525878906,2064800,COHR,30.764564252403844,True,False,-0.2823623831730771,-0.49849614772758316,1.5,-0.8819754135839603,1.6503999178558877,-1.6915365052855265,-1.044011006626927,47.4526301343566,35.40999984741211,35.58000183105469,2023
2023-03-15,35.40999984741211,36.02000045776367,34.630001068115234,35.58000183105469,1793900,COHR,28.36571372717455,True,False,-0.4422857515216966,-0.32201189570241673,1.5,-0.9942122007744059,1.7764455330349849,0.30575909764531534,-0.9600411955621238,47.8341779883279,35.02000045776367,35.95000076293945,2023
2023-03-17,35.79999923706055,36.02000045776367,34.029998779296875,34.470001220703125,1869900,COHR,27.093727872154474,True,True,-0.5270848085230351,-0.5057383903619805,0.5,-1.1031895271165342,1.8586562951571588,-1.6708503700636612,-0.7435198548479127,48.58361430327772,34.58000183105469,34.95000076293945,2023
2023-05-12,29.1200008392334,29.209999084472656,27.290000915527344,27.809999465942383,2835100,COHR,25.324578432646902,True,True,-0.6450281044902065,-0.054368687322399634,1.5,-1.5952091887998354,2.3006498371536686,-1.7057325815193636,-1.602664655759145,52.91186635119029,27.84000015258789,28.770000457763672,2023
2023-08-02,45.63999938964844,46.630001068115234,45.15999984741211,46.09999847412109,2403100,COHR,46.16000550952505,True,True,0.74400036730167,2.1929271956643928,0.5,0.4298323482562305,1.5665203689627094,0.7823107185118939,-0.12615450498794228,42.360368408587746,45.56999969482422,47.02000045776367,2023
2023-08-11,45.900001525878906,46.040000915527344,44.34000015258789,45.18000030517578,3660700,COHR,42.79287497009267,True,True,0.5195249980061779,1.2055467208930404,1.5,0.27406956551094375,1.8432143010475692,-1.058824849375624,-1.184632227183223,45.63891803796167,44.220001220703125,47.61000061035156,2023
2023-08-16,35.7400016784668,36.47999954223633,29.600000381469727,32.970001220703125,33289500,COHR,26.310518759594146,True,True,-0.5792987493603903,-0.02728993993634014,0.5,-1.1503273108230727,5.438458021036697,-1.0065409867924406,-3.378153774346558,47.08276963293472,33.29999923706055,33.439998626708984,2023
2023-09-21,29.59000015258789,29.899999618530277,28.46999931335449,28.920000076293945,3033400,COHR,26.1021935337657,True,True,-0.5931870977489534,-0.4921065514974303,1.5,-1.4645355130883542,2.295086579326961,-1.1713285547368868,-1.2031249701976776,50.79658291175481,29.790000915527344,31.270000457763672,2023
2024-03-14,61.2599983215332,61.4900016784668,59.04999923706055,59.72999954223633,1391700,COHR,50.53880136465851,True,False,1.0359200909772341,3.963013113697602,0.5,1.612865862774715,1.3645412015467822,-1.567620131575656,-0.3577821776281562,49.68266063685096,59.040000915527344,58.7599983215332,2024
2024-03-15,59.040000915527344,59.810001373291016,58.34999847412109,58.7599983215332,3667700,COHR,48.08493701374377,True,False,0.8723291342495846,3.8749046091691253,1.5,1.4860424852190368,1.3128093813922816,-0.47945554449469496,-0.8153042970507035,52.400267865214246,59.93000030517578,59.59000015258789,2024
2024-03-19,57.77000045776367,59.15999984741211,55.720001220703125,58.0,2412800,COHR,46.224297634113185,True,True,0.748286508940879,3.2474303024197173,0.5,1.3646092587369762,1.4070057590914153,0.16715089684233872,-0.3620457800717486,50.8511102144135,58.0,60.0099983215332,2024
2024-04-04,60.15999984741211,60.68999862670898,57.119998931884766,57.56999969482422,1727100,COHR,43.3488959570355,True,False,0.5565930638023668,2.0261932956692412,0.5,1.1090612921568332,1.3234752881341985,-1.8137257520938128,-0.5062500635782882,51.26129808760617,57.77000045776367,57.63999938964844,2024
2024-04-08,58.43000030517578,58.86000061035156,56.97999954223633,57.38999938964844,950500,COHR,42.90720664694184,True,False,0.5271471097961224,1.984976702696797,0.5,1.0634701832521987,1.1750381802159502,-1.3829791551261994,-0.4311068481711297,50.40484816107222,57.540000915527344,57.47999954223633,2024
2024-04-10,56.040000915527344,56.88999938964844,55.15999984741211,55.84999847412109,989400,COHR,38.751400843429316,True,False,0.2500933895619544,-0.4300033498175253,0.5,0.8778010597104846,1.1914602864907535,-0.2745700746843054,-0.3881854906492274,41.476058364251344,56.2400016784668,56.02999877929688,2024
2024-04-12,55.22999954223633,55.29999923706055,53.08000183105469,53.59999847412109,1944600,COHR,33.54428370337317,True,False,-0.09704775310845548,-0.5186623912920917,0.5,0.6238947556010921,1.2465915737401505,-1.8355889332410094,-0.8437719856939571,47.67885545685181,54.04999923706055,52.119998931884766,2024
2024-04-15,54.04999923706055,54.09000015258789,52.09000015258789,52.119998931884766,1300000,COHR,30.525726102920373,True,True,-0.29828492647197513,-0.6580381919074614,0.5,0.4635131344689303,1.298046168813738,-2.4125003814697266,-0.8348253456006524,51.13694703575367,52.08000183105469,53.04999923706055,2024
2024-04-18,51.59000015258789,52.0,50.68000030517578,51.0,1313800,COHR,30.264393563070414,True,False,-0.31570709579530576,-0.5685887772316963,0.5,0.33207290733615724,1.1766534542564202,-1.1174247897581133,-0.2686106472652855,50.266713391108816,50.709999084472656,49.2599983215332,2024
2024-04-19,50.709999084472656,51.0,48.77999877929688,49.2599983215332,3297300,COHR,27.07935023732992,True,True,-0.5280433175113387,-0.5197662438193414,1.5,0.14861646224949676,1.281424208033222,-1.6328828441817358,-0.8930256762566702,56.571661279399805,50.27999877929688,51.5099983215332,2024
2024-07-19,74.91000366210938,74.94000244140625,71.91999816894531,72.0199966430664,2339200,COHR,47.830901730203045,True,True,0.8553934486802031,3.0539035059274693,1.5,1.3901656375385063,1.1198654209648273,-2.392386531864045,-1.31399204165452,53.48338688582561,73.0,73.75,2024
2024-07-24,71.75,71.9800033569336,70.12000274658203,70.16999816894531,1860400,COHR,43.57242168474508,True,False,0.5714947789830054,2.7244746888875366,0.5,1.1742439672831828,1.1256278759045382,-2.1236576782037293,-0.32109111364058834,55.1274317123787,69.51000213623047,67.44999694824219,2024
2024-07-25,69.51000213623047,70.08999633789062,67.20999908447266,67.44999694824219,2438600,COHR,38.33638454270724,True,True,0.2224256361804829,2.106077628331098,1.5,0.9238900895730051,1.2397108983909741,-1.7882006532675299,-1.067797127416578,58.61703762052727,69.30999755859375,70.5,2024
2024-07-30,69.02999877929688,69.80000305175781,63.4900016784668,65.1500015258789,3636000,COHR,36.821565059136915,True,True,0.1214376706091277,1.3887596733435916,0.5,0.6884070180456536,1.629054003787638,-1.5372410495191124,-0.4262408314355051,54.84217683781925,69.0,69.68000030517578,2024
2024-08-02,61.61000061035156,62.0,58.20000076293945,58.93000030517578,3921700,COHR,32.89868462001792,True,False,-0.14008769199880552,-0.024423968971748478,0.5,0.12576007082416463,2.6900133730614955,-1.7631584495059462,-1.1934000527675375,51.37089431775739,53.63999938964844,56.25,2024
2024-08-05,53.63999938964844,57.470001220703125,52.13999938964844,56.25,3626200,COHR,30.404416294381818,True,True,-0.30637224704121213,0.008042477817120641,1.5,-0.1063022315373302,3.1463819131699835,1.224202492363451,-2.40922794316101,49.22961746548235,56.720001220703125,57.93999862670898,2024
2024-12-19,99.3499984741211,100.87999725341795,95.0,96.18000030517578,2437000,COHR,42.35531169966741,True,True,0.4903541133111607,-0.016408789115896383,1.5,1.0176800522176888,2.1494495598892787,-1.3477889666966425,-1.3525728249947035,45.20973708914217,95.0,97.66999816894533,2024
2024-12-30,93.8000030517578,95.7300033569336,92.4000015258789,94.83999633789062,2299600,COHR,40.986309318247045,True,False,0.39908728788313635,-0.1051684956549992,1.5,0.8567956974948898,1.6967643281176144,0.7807753110179501,-0.6188618087094074,42.808310304476485,94.58000183105467,94.7300033569336,2024
2024-12-31,94.58000183105467,95.7300033569336,93.70999908447266,94.7300033569336,1378200,COHR,40.84847820678114,True,True,0.38989854711874256,-0.0969807889489857,1.5,0.8401242832919231,1.5616875895950109,0.18564506016635315,-0.6111941756772293,43.57668732839274,95.87000274658205,100.58999633789062,2024
2025-01-10,91.41999816894533,91.41999816894533,88.0999984741211,89.87000274658203,4845700,COHR,38.402775599678506,True,True,0.22685170664523374,-0.44001602650355354,1.5,0.47390899837667866,2.1954028927451383,-1.1671653349695226,-1.373068101037185,45.04533397552899,87.5,92.0500030517578,2025
2025-01-27,88.0,90.0,75.5999984741211,81.31999969482422,12873600,COHR,34.72768805101762,True,True,-0.018154129932158487,-0.10121679724500517,1.5,-0.13450606726628622,3.8620219035029257,-1.1597221523155474,-3.084475687240898,45.56961677434868,83.69999694824219,82.48999786376953,2025
2025-02-25,79.08999633789062,80.0,74.41000366210938,76.12999725341797,6111300,COHR,33.3402925795738,True,True,-0.11064716136174677,-0.4662996807486206,1.5,-0.48322373044642264,3.3447709814102256,-1.3237929443749898,-1.4653874160459157,48.61861323974291,78.5199966430664,78.4000015258789,2025
2025-03-03,76.0,76.72000122070312,67.69999694824219,68.2699966430664,5134300,COHR,28.88416683690842,True,True,-0.407722210872772,-0.6017402735540995,0.5,-0.9303987549274823,4.048658532489344,-2.1424611129437436,-1.615115542993438,48.431406913693195,66.37999725341797,69.56999969482422,2025
2025-08-14,91.0999984741211,93.08000183105467,86.5,91.6500015258789,28971800,COHR,38.6499501791464,True,False,0.24333001194309342,0.8759964989085866,0.5,0.4493760122853485,2.9762887814271553,0.20896766668135386,-2.4152725839651485,43.93020807737213,91.25,93.4000015258789,2025
2025-08-18,92.08000183105467,93.25,89.9000015258789,90.48999786376952,4692800,COHR,38.391228632600594,True,False,0.2260819088400396,0.8230694137767504,0.5,0.3704823738849583,2.8204329614636614,-1.1865706653062804,-2.5787215849225373,45.05839366300228,89.8499984741211,87.76000213623047,2025
2025-08-19,89.8499984741211,90.06999969482422,87.75,87.76000213623047,4490000,COHR,36.23424454077112,True,False,0.0822829693847415,0.4635790707879157,0.5,0.20630030132335886,2.778211944032771,-2.2521515224261477,-0.5305509171963887,53.04773669874188,86.5,86.55000305175781,2025
2025-08-20,86.5,87.23999786376953,84.3499984741211,86.55000305175781,4682600,COHR,35.28790165163775,True,True,0.019193443442516885,0.35619924890445304,1.5,0.13314382865501684,2.7060383126725482,0.04325524421987444,-0.9167556694609793,51.69757300388309,86.33000183105469,86.5999984741211,2025
2025-11-20,150.0,155.6999969482422,133.24000549316406,135.61000061035156,5688700,COHR,49.95039082450808,True,True,0.9966927216338718,1.406254458101591,0.5,1.68285075330877,3.6250759775490735,-1.60173696174703,-0.31099505030232344,48.32237110244301,135.83999633789062,139.50999450683594,2025
2026-01-08,190.16000366210935,191.2100067138672,171.8000030517578,173.14999389648438,5985000,COHR,45.71169956777713,True,True,0.7141133045184754,2.190914111619047,0.5,2.0444503716989826,2.7706802194114584,-2.190881833632845,-0.886054321649149,57.799306358066936,169.0,178.05999755859375,2026
2026-03-26,261.1400146484375,263.0,243.0800018310547,243.2899932861328,6390900,COHR,47.65539493534681,True,False,0.8436929956897875,1.3590035718812803,0.5,2.1759063742179197,4.470282693817257,-2.2402137303070067,-0.5763580486626437,53.86808718840496,243.80999755859372,243.47999572753903,2026
2026-03-30,247.5800018310547,248.92999267578125,215.5500030517578,219.6499938964844,8235200,COHR,40.83936866092309,True,True,0.38929124406153953,0.6411915128986237,0.5,1.4320654516414566,5.204117295429441,-2.0918226944616225,-2.407275262959452,49.32869674822559,224.0800018310547,238.2100067138672,2026
2026-06-09,407.0799865722656,410.7000122070313,335.4800109863281,355.94000244140625,8180300,COHR,47.142674560596156,True,False,0.8095116373730771,1.3782048374449154,0.5,2.4472930699488638,4.985483439275729,-1.699680380913895,-1.9542543377963932,50.95298062634914,353.489990234375,354.7699890136719,2026
2026-06-10,353.489990234375,373.3599853515625,345.5299987792969,354.7699890136719,5666800,COHR,46.91099956062013,True,True,0.7940666373746751,1.0311020863858404,0.5,2.387195509904534,4.904249635879654,0.11498377622040215,-0.7367570027154074,49.75527122436433,354.8500061035156,363.5799865722656,2026
2026-07-02,358.0799865722656,371.75,325.6600036621094,333.3599853515625,6965900,COHR,41.20467361033963,True,False,0.41364490735597553,-0.02469990975615081,0.5,1.4010712659381608,5.6581506618167685,-1.3408550219595476,-1.8487045552567318,45.91695262019331,333.19000244140625,335.70001220703125,2026
2026-07-07,320.9200134277344,330.0,304.07000732421875,314.1300048828125,5475000,COHR,38.30319295759749,True,True,0.22021286383983257,-0.47638974898687136,0.5,1.0023974135473857,5.813647332941641,-0.6546481356379034,-1.8486365765742043,44.122763192437574,312.1499938964844,317.04998779296875,2026
2026-07-13,314.0,322.8399963378906,306.1000061035156,307.3900146484375,3218900,COHR,38.00868521839695,True,False,0.20057901455979657,-0.5960189230921744,0.5,0.8235764639959897,5.12800495456857,-0.987154899587265,-0.38085371063155266,47.94295172299078,320.5,310.7699890136719,2026
2026-07-15,315.1199951171875,316.1300048828125,281.0599975585937,299.3800048828125,5188100,COHR,36.869362553195955,True,False,0.1246241702130637,-0.2663262635931714,0.5,0.6543767800263112,5.1267915970802935,-1.1220407005379498,-0.9676423388747107,48.51980200084913,286.0899963378906,276.9599914550781,2026
2026-07-16,286.0899963378906,289.92999267578125,273.8699951171875,276.9599914550781,4962600,COHR,33.05455059374256,True,True,-0.12969662708382923,-0.5983426766647918,0.5,0.22852814371788543,5.590802326314304,-1.421233852854325,-1.2374354136129888,49.18938083246013,264.8399963378906,277.6000061035156,2026
2026-07-28,257.2799987792969,257.3299865722656,228.22999572753903,243.3300018310547,8375000,COHR,31.29415175351062,True,False,-0.24705654976595876,-0.3245345475099847,1.5,-0.4364395462217002,6.394633598421083,-1.1984537231194836,-2.7891737084664205,47.905462959841834,243.92999267578125,222.0500030517578,2026
2026-07-29,243.92999267578125,245.0,220.67999267578125,222.0500030517578,6900600,COHR,28.299123789218314,True,True,-0.4467250807187791,-0.6352359245465178,1.5,-0.8286016851641032,7.057740370456887,-2.249175887607006,-2.670951895723021,50.30676404178883,243.3999938964844,249.05999755859372,2026
2010-04-27,10.570488736245713,10.58024033267259,10.024411425865049,10.08292007446289,32056800,MU,45.69805996133334,True,False,0.7132039974222228,2.3883632106313204,0.5,-0.029029889591913882,1.034698713508625,-2.192979961150371,-0.6747459552554832,43.40103680511213,10.16092996648099,9.98540496826172,2010
2010-04-28,10.16092996648099,10.219437679245198,9.47833409446418,9.98540496826172,66819300,MU,44.03073711385452,True,False,0.6020491409236347,1.7393103036059474,1.5,-0.07635020681408311,1.2196628798603362,-0.5921068317026648,-0.8636341328491017,43.0961211079806,10.151177293380387,9.95615005493164,2010
2010-04-29,10.151177293380387,10.151177293380387,9.800128264172644,9.95615005493164,23934600,MU,43.5177575691203,True,False,0.5678505046080199,1.6043917795779166,1.5,-0.08988835590017008,1.1892742667450265,-1.3888888888888902,-0.865997042137287,44.30199780357223,9.88789104187862,9.11753273010254,2010
2010-04-30,9.88789104187862,9.897641706612552,9.09802954070816,9.11753273010254,52942300,MU,32.00632058436399,True,True,-0.19957862770906729,0.015635144342520075,1.5,-0.49896264144605296,1.6773796823617741,-2.4085373654388236,-1.19681022118458,51.22821398480986,9.185793046849382,9.644107818603516,2010
2010-05-06,9.059025750154978,9.205295977534842,7.138005416416854,8.532451629638672,66628800,MU,30.7654691741282,True,False,-0.28230205505812006,0.9080599663397516,1.5,-0.7712581745281766,2.9458743543066275,-0.6367925854500295,-1.440848922826815,55.53897962174296,8.58120507841992,8.35692310333252,2010
2010-05-07,8.58120507841992,8.58120507841992,7.840100796337342,8.35692310333252,64580800,MU,29.315730317394227,True,True,-0.3789513121737182,0.6851790478829484,1.5,-0.8511652662365821,3.1286614204002423,-0.7565803508014608,-1.2473810271047936,56.80568939806071,8.971262218592694,8.863997459411621,2010
2010-07-29,8.074134000402127,8.10338877961611,7.489051900587438,7.586565971374512,54088200,MU,35.21095684954595,True,False,0.014063789969730086,-0.5009249202484879,1.5,-0.9860975559111146,1.7800661505056512,-1.9841232297437117,-1.0722681209719684,42.214364389583395,7.362286543465822,7.098999500274658,2010
2010-07-30,7.362286543465822,7.411043127771336,7.079496773556116,7.098999500274658,68687900,MU,29.897007077900255,True,True,-0.34019952813998294,-0.6341974790456024,1.5,-1.2347375497452417,2.0938216942511967,-1.9852958707265205,-1.7052183301524497,45.90818031110594,7.206263868170052,7.459799766540527,2010
2010-11-15,7.459799057938381,7.469550187343945,7.235517501831055,7.235517501831055,35164900,MU,41.97292970470328,True,False,0.4648619803135522,1.1424835032352512,1.5,-0.6251303357462246,1.0813365849547905,-2.3958358168625655,-0.7147403579766078,43.139743166346,7.17700968879884,7.04049015045166,2010
2010-11-16,7.17700968879884,7.225766268224288,6.952728121493201,7.04049015045166,37492300,MU,38.64917350887317,True,False,0.2432782339248779,0.7116470362883908,1.5,-0.736747195307097,1.1470026793782813,-1.250004257478688,-1.0031862845712392,42.01386166793531,7.069744990842375,6.923474311828613,2010
2010-11-17,7.069744990842375,7.138004765043911,6.91372318121792,6.923474311828613,29866900,MU,36.76785643368059,True,True,0.11785709557870613,0.469003893404149,1.5,-0.8008554584624616,1.1444431527592527,-1.630435684002101,-1.0038861477936478,43.500376289749966,7.089246666335913,7.1087493896484375,2010
2011-03-09,10.560736719431103,10.570488315469802,10.043914218904051,10.063416481018066,57899800,MU,42.20106235060283,True,False,0.48007082337352214,2.190869429567927,1.5,0.6550724140419972,1.287278720529795,-2.361112337544213,-1.4175264336603224,52.95718018398436,9.809882017195926,9.683114051818848,2011
2011-03-10,9.809882017195926,9.887892929741293,9.41007492794663,9.683114051818848,69326200,MU,38.07706621502835,True,True,0.20513774766855686,1.5063337838848,1.5,0.4365887483244424,1.5053078821123806,-0.6632649089242345,-1.2465969849534977,51.91175748102372,9.663609758168604,9.98540496826172,2011
2011-05-17,10.160931808486955,10.229191129073904,9.546595133313929,9.692865371704102,74861800,MU,36.571321960792766,True,True,0.10475479738618437,-0.440441392120243,0.5,0.07725003104094075,1.298029190322623,-1.7142879525015648,-0.8442754746186845,41.42127705920281,9.780625472225992,9.809880256652832,2011
2011-05-23,9.566097207814137,9.585599470000004,9.332063551839996,9.468583106994627,27594900,MU,35.22940436995975,True,False,0.015293624663983488,-0.4384748611152289,0.5,-0.04409722607936983,1.141528621274969,-0.9615412830576517,-0.43488954595896495,41.89862594394234,9.58559913494545,9.380820274353027,2011
2011-05-24,9.58559913494545,9.595350730679222,9.36131801284884,9.380820274353027,23186000,MU,34.18771810067028,True,False,-0.054152126621981246,-0.582691422449689,1.5,-0.08915284802781087,1.0841389030421764,-2.1875024835292316,-0.6760066949517612,47.20994292104283,9.33206255064306,9.371068000793455,2011
2011-05-25,9.33206255064306,9.40032278587872,9.195543940098313,9.371068000793455,36418200,MU,34.067173526220486,True,True,-0.06218843158530092,-0.3538324103643021,1.5,-0.09333776659415316,0.9943693127598181,0.4761899355588459,-0.487502220036741,44.08539643146673,9.351565467351056,9.546592712402344,2011
2011-06-03,9.02001919633989,9.146787145289451,8.922505103313053,8.932256698608398,32043400,MU,33.10060629104568,True,False,-0.1266262472636214,-0.6486559551359393,1.5,-0.3201059246749888,1.0273550059164624,-0.9782604188694564,-1.2745079990956463,43.004260675881866,8.942007848952672,8.815239906311035,2011
2011-06-06,8.942007848952672,9.195543734235946,8.79573764665408,8.815239906311035,49134700,MU,31.815255390932833,True,False,-0.21231630727114445,-0.6309217721428524,1.5,-0.3779064253353759,1.0841032133917683,-0.7926839196494196,-0.6799153281621964,45.98347724741938,8.903003026429285,8.72747802734375,2011
2011-06-07,8.903003026429285,8.912754621925888,8.688472575320668,8.72747802734375,42494400,MU,30.847753750535034,True,False,-0.2768164166309977,-0.5931622825235463,1.5,-0.4200588374148678,1.0356783117276849,-1.9565208377388954,-0.6110526672983604,49.24032493593727,8.62996613171152,8.288667678833008,2011
2011-06-08,8.62996613171152,8.649468395610123,8.278916081901972,8.288667678833008,56114500,MU,26.507280349537965,True,False,-0.5661813100308024,-0.648635236565685,1.5,-0.6446978530330005,1.2332019612946852,-2.302633395154835,-0.9006528829882079,53.54650851881011,8.31792085984623,8.278915405273438,2011
2011-06-09,8.31792085984623,8.434937223564612,8.113141990848217,8.278915405273438,41172000,MU,26.418312656993194,True,False,-0.572112489533787,-0.35776813289351334,1.5,-0.6441893699421081,1.2143321026762146,-0.30303008409675103,-0.7605075226790353,51.91156059626085,8.395930283595357,8.230156898498535,2011
2011-06-10,8.395930283595357,8.434935731267359,8.171649191972143,8.230156898498535,46209900,MU,25.949366352066605,True,False,-0.6033755765288931,-0.4444314082732744,1.5,-0.664062936333531,1.1767309763523157,-1.5740776716175457,-0.7122921525655453,54.22873878592541,8.239906954428168,8.083885192871094,2011
2011-06-13,8.239906954428168,8.376426460772134,8.074133600283012,8.083885192871094,34694500,MU,24.54195266975809,True,False,-0.6972031553494608,-0.6479609075816688,1.5,-0.734833450252414,1.199474366442271,-1.2903196035181341,-0.3088290149526579,55.42047862022632,8.19115161895752,8.19115161895752,2011
2011-06-15,8.12289202639037,8.152145879208787,7.849853896837634,7.869356155395508,44050500,MU,24.403054193593718,True,False,-0.7064630537604188,-0.629233927215293,0.5,-0.8354285940467571,1.2758001861822128,-2.0967796516314086,-0.5479858214623614,52.3474015354392,7.918114061034967,7.67432975769043,2011
2011-06-16,7.918114061034967,7.927865656359945,7.61582158068554,7.67432975769043,54514800,MU,22.669659372752804,True,False,-0.8220227084831464,-0.5535448871920484,0.5,-0.9310386727530989,1.3286818697266713,-1.9531239522626676,-0.6332899116717999,54.016106907456106,7.791345313844398,7.635323524475098,2011
2011-06-17,7.791345313844398,7.81084850249717,7.450047417108248,7.635323524475098,43133500,MU,22.328050290019178,True,True,-0.8447966473320548,-0.30963005537280597,1.5,-0.9440380683428012,1.3539575783313726,-1.0810789912197627,-0.848214207749523,57.14781483514255,7.635323664281223,7.713334560394287,2011
2011-08-08,5.850823458517422,6.036099590501608,5.509525516433574,5.568033695220947,55283000,MU,22.138189282838,True,True,-0.8574540478108,-0.5679734128362085,1.5,-1.8260553402484492,3.0653333711869353,-1.3425925108303876,-2.2889827470115516,52.64770877697804,5.811817855208664,6.036099433898926,2011
2012-03-06,7.771844498367102,7.840104280466562,7.5865688104917695,7.801098823547363,37490200,MU,48.597372257281684,True,True,0.906491483818779,2.5133070387111816,1.5,0.4754414816519037,1.3906617802523007,0.2884638309500622,-1.0189411726133177,42.48038550025637,7.840102704998197,7.888859748840332,2012
2012-03-26,8.210657164092867,8.230159428943422,7.908364154219409,8.044883728027344,35598900,MU,47.78431348351332,True,True,0.8522875655675548,1.2174744525640981,1.5,0.5302050818765969,1.078204722689633,-1.2878796636129801,-0.7007972296699777,40.4653610396949,8.12289297891911,8.366677284240723,2012
2012-03-30,8.31791990141466,8.32767149642508,7.879108355541904,7.898611545562744,50946900,MU,44.631440829328106,True,False,0.6420960552885404,0.8763537901915056,0.5,0.4019991234065434,1.2136869305477758,-2.336952803491278,-0.6993005149720788,40.60468398379476,7.966870850709112,7.898611545562744,2012
2012-04-03,7.830351045069913,7.888859683186196,7.723086293480525,7.791345596313477,26508300,MU,42.62726864927274,True,False,0.5084845766181829,0.2718913331880611,0.5,0.3209437376836999,1.1188626514564617,-0.5882344691402317,-0.6383592345845179,36.854378708992286,7.557312621668178,7.469550132751465,2012
2012-04-04,7.557312621668178,7.606069663284487,7.26477130193354,7.469550132751465,52000600,MU,37.226570865426254,True,False,0.1484380576950836,-0.2650267763580921,0.5,0.1001530261738337,1.3670237157198792,-0.6428575321115411,-0.6790139797612851,40.41771065728604,7.459799064988203,7.401290893554687,2012
2012-04-05,7.459799064988203,7.586567002251625,7.391539299158294,7.401290893554687,19809500,MU,36.179464702707925,True,False,0.07863098018052833,-0.39049809927373774,1.5,0.05300768185061644,1.301790192286866,-0.7499982118632256,-0.7870380907126662,44.20697859412521,7.255019310612236,7.167256832122803,2012
2012-04-09,7.255019310612236,7.284273160121011,7.147754110789768,7.167256832122803,17380900,MU,32.77546968239294,True,False,-0.14830202117380414,-0.6265532389461886,1.5,-0.10573205895530902,1.3482128113860607,-1.6071471146215477,-1.0012531796913957,47.479965129302926,7.138003817631795,6.972230434417725,2012
2012-04-10,7.138003817631795,7.235517435704303,6.855214092730714,6.972230434417725,23149500,MU,30.2235268899056,True,True,-0.31843154067296003,-0.42892923804206307,1.5,-0.23664404441219478,1.4709125900853932,-1.0897444518755033,-0.8322450641189901,50.888758021779694,7.050242205984961,6.991734027862549,2012
2012-04-13,6.894220100858167,6.923473956169144,6.757700559468119,6.786954879760742,97311100,MU,27.988872801572995,True,True,-0.4674084798951336,-0.6063467742151737,0.5,-0.35567678586125084,1.509271024244652,-1.617648296289648,-0.33216693782521095,51.00352069335405,6.874717643229011,6.942976951599121,2012
2012-04-20,6.630933000856533,6.66993845080426,6.474910736083984,6.474910736083984,50173100,MU,27.763243042586467,True,False,-0.4824504638275689,-0.6666666666666666,1.5,-0.5553399719325836,1.524738926928059,-2.0000011920911933,-1.0359104361058789,52.30360026037877,6.387148047511073,6.465158939361572,2012
2012-04-23,6.387148047511073,6.58217527713732,6.299385561688466,6.465158939361572,35940900,MU,27.637283724689965,True,False,-0.4908477516873357,-0.3078733508095368,1.5,-0.5570647138016604,1.509539748013016,0.6896546054254277,-0.7779376021779707,50.17931728955265,6.494412814144437,6.348142623901367,2012
2012-04-24,6.494412814144437,6.572423706269166,6.338391029894979,6.348142623901367,28535200,MU,26.106695154258645,True,True,-0.5928869897160903,-0.5592966277545881,1.5,-0.6319383440576359,1.5125873293617778,-1.5624975164707624,-0.8915847669918237,54.10541071371335,6.474910285486481,6.357893943786621,2012
2012-05-18,5.850823827221998,5.8605754234585845,5.451017681155973,5.490023136138916,33622900,MU,25.77469125922265,True,True,-0.61502058271849,-0.5849463503308397,0.5,-1.1279868292239859,2.197346665965415,-2.202379871117753,-0.809800318691456,51.472587725955364,5.509525925483454,5.636293888092041,2012
2012-09-26,5.948336319308228,5.948336319308228,5.724054763851578,5.792314529418945,33656700,MU,37.0561195464047,True,True,0.13707463642698012,0.0038622315048972844,1.5,-0.5314629637266982,0.899829442920612,-1.73912863199577,-0.8254748170728701,42.35986409946245,5.860575387816868,5.870326519012451,2012
2012-10-01,5.919082959960057,5.948336815513825,5.57778456863399,5.626541614532471,40669400,MU,34.23344182439273,True,True,-0.05110387837381817,-0.5269687366938974,0.5,-0.6453312481777795,1.090248231961293,-1.973684870965398,-0.35774325195161716,41.42903397405286,5.665547010314693,5.694801330566406,2012
2012-10-12,5.616789950285579,5.655795397302984,5.49002201498821,5.529027462005615,20027100,MU,32.60227493899227,True,True,-0.15984833740051557,-0.5271442031545064,0.5,-0.6746057134428662,0.5805754128820465,-1.323531061719528,-0.1953125331620939,41.14293569141716,5.616790933936193,5.577785015106201,2012
2012-10-19,5.616790407309834,5.626541537366808,5.30474634079874,5.314497470855713,23348000,MU,28.6472924770775,True,False,-0.4235138348615,-0.6318887113288943,0.5,-0.8150408444067253,0.6781353594378888,-2.348488570355166,-0.7136702406438489,45.30259276860683,5.324249353958386,5.304746627807617,2012
2012-10-22,5.324249353958386,5.334000484542937,5.21698412763832,5.304746627807617,26365300,MU,28.39072614355831,True,False,-0.44061825709611263,-0.3450658404749601,1.5,-0.8158687741683701,0.6196936180785716,-0.4166666666666572,-0.7352953617821747,47.09983893918267,5.2169835425865525,5.275491714477539,2012
2012-10-23,5.2169835425865525,5.353502610332186,5.158475370695567,5.275491714477539,36240300,MU,27.592281107899794,True,False,-0.49384792614001377,-0.24006071627754988,1.5,-0.8319849888534381,0.6441960838589454,0.7500000000000091,-0.5309728577474554,47.15667955910792,5.334000955312112,5.041460037231445,2012
2012-10-24,5.334000955312112,5.3632552796110335,5.031708440804568,5.041460037231445,35474400,MU,22.21088559497855,True,True,-0.85260762700143,-0.6330667017186078,1.5,-1.0088099263154109,0.891907721244065,-2.2058792592758807,-0.64219955678214,56.628245591097865,5.070713992873203,5.548531532287598,2012
2013-04-03,9.11753111645272,9.215044256276656,8.824989837054728,8.873746871948242,31012800,MU,49.400389840541,True,True,0.9600259893694002,2.0999202425672308,1.5,1.2195493143139502,1.087283543403526,-1.5625014901175485,-1.1022059258742432,45.45396740405932,8.86399701303936,9.078527450561523,2013
2013-04-18,9.293055315371335,9.34181235118432,8.883497702483247,9.000514030456543,34728800,MU,47.11440659466212,True,True,0.807627106310808,2.0126715333390623,0.5,1.108742274641562,1.1908248142521158,-1.595744788781542,-0.43148694071324517,45.94258691371066,9.029770237754349,9.11753273010254,2013
2013-05-01,9.185788514806742,9.234545539655,8.92250113860389,8.971258163452148,29159700,MU,45.58815790116035,True,True,0.70587719341069,1.818286077430722,0.5,0.9648056365689073,0.7634148602540247,-1.7187486030189554,-0.30488544763720565,45.48760030852102,8.87374924742728,9.088278770446776,2013
2013-07-09,13.7299294981355,13.788438129929514,12.754792454631769,12.81330108642578,91816900,MU,48.32530133337443,True,False,0.8883534222249623,4.027403147244602,0.5,1.9279178737479685,0.840895810702097,-2.2169792647893636,-0.8840199238786456,52.089066655658996,12.608524513582497,12.237972259521484,2013
2013-07-10,12.608524513582497,12.910816530077454,12.159961356557409,12.237972259521484,89592900,MU,41.52114866184279,True,True,0.4347432441228525,3.0821690450952617,1.5,1.595625945257636,1.0634133011285773,-1.2337673999229606,-1.5373874346426397,59.47195943711323,12.550016420011003,12.38424301147461,2013
2013-07-26,12.735291295753996,12.774296743659818,12.198965689576545,12.276976585388184,68782400,MU,40.897250626586604,True,False,0.3931500417724403,2.064135514031195,0.5,1.33327231667273,0.9446101945182653,-1.9915260401512924,-0.9622436737890246,53.484373273962156,12.354987994395184,12.159960746765137,2013
2013-07-29,12.354987994395184,12.55001524202523,12.081949847713116,12.159960746765137,40786800,MU,39.59423922780395,True,True,0.30628261518693023,0.9315941979150887,0.5,1.2570577821836715,0.9647208401645532,-1.0416666666666659,-0.610219883633363,48.79348055555161,12.1892138227065,12.286727905273438,2013
2014-01-03,20.672908524798142,20.89718962509457,20.38036626100033,20.448625564575195,34590200,MU,46.14274539041425,True,False,0.7428496926942832,2.936597827474556,0.5,1.6795707133822413,0.5626012029285828,-1.0849110924774792,-0.1936615320814697,52.46656382959173,20.44863025366885,20.156089782714844,2014
2014-01-06,20.44863025366885,20.44863025366885,20.126834991648664,20.156089782714844,38180500,MU,43.450988438614715,True,True,0.563399229240981,2.7817822558826095,1.5,1.56332416988482,0.5094358534227554,-2.27272201832213,-0.6206874580869506,58.78362330907054,20.37061617449984,21.18973159790039,2014
2014-03-13,24.29066220588825,24.31991698508193,23.013233273249927,23.51055335998535,35572900,MU,46.74696130529756,True,False,0.783130753686504,1.006323743239646,0.5,1.404592154776555,0.3056572444755259,-1.4925357200809621,-0.37223631288464815,40.62006569931004,23.471554026027334,23.364288330078125,2014
2014-03-14,23.471554026027334,23.715338345965183,23.14000720211773,23.364288330078125,24575000,MU,45.06777529028002,True,False,0.6711850193520011,0.8852947027953348,0.5,1.347508289139424,0.29350112005124157,-0.46610416060515913,-0.35974728137028594,40.070504568803564,23.510556488062697,23.33503150939941,2014
2014-03-17,23.510556488062697,23.56906419430831,23.25702061442978,23.33503150939941,17778700,MU,44.721728114752366,True,True,0.6481152076501577,0.9187057147446943,1.5,1.3227049141031921,0.21944892540768438,-1.4062537252938645,-0.45792985338968945,45.290396746840266,23.442294879444944,23.881105422973636,2014
2014-03-21,23.510559325794897,23.65682953902701,23.071746826171875,23.071746826171875,32238500,MU,42.56548144280573,True,False,0.5043654295203822,0.6445841449682582,0.5,1.1858950384030609,0.25297966593793575,-1.8750019868202386,-0.423639621400837,43.26630410751302,23.21801829877313,22.896223068237305,2014
2014-03-24,23.21801829877313,23.50080900496387,22.808460563552373,22.896223068237305,23740900,MU,40.6751341126474,True,False,0.37834227417649324,0.4650391622000605,0.5,1.1249531738032903,0.27352010334157606,-1.1619699391529648,-0.2606304830455333,43.750983888752394,23.05224445623472,22.94498062133789,2014
2014-03-26,23.042493508251678,23.296029428646488,22.252632818512268,22.26238441467285,24590700,MU,34.611216751741864,True,False,-0.025918883217209063,-0.3995327350428155,0.5,0.9308215412992216,0.3739023653280301,-1.8691576290402039,-0.43850299762570877,47.18023070072281,22.242875784144267,21.687047958374023,2014
2014-03-27,22.242875784144267,22.26237897169706,21.37500439723468,21.687047958374023,35985000,MU,30.101567281813743,True,False,-0.32656218121241715,-0.36783039237257426,0.5,0.768622607958791,0.4732603134188653,-1.56593349011322,-0.6601389595238011,51.21562329346038,21.443266255439283,21.36525535583496,2014
2014-03-28,21.443266255439283,21.979592817654733,21.160477441846076,21.36525535583496,37763700,MU,27.91107686687677,True,True,-0.4725948755415487,-0.4729999324439596,1.5,0.6753135145331701,0.5329017726453472,-0.23809496777944017,-0.8606050336090992,53.96004512731286,21.745559591690444,23.071746826171875,2014
2014-07-28,32.51107410775929,32.628089529160086,31.116627626568157,31.184886932373047,34203200,MU,45.174205293108436,True,True,0.6782803528738958,2.9464289540460293,0.5,1.383963283045787,0.2257852582546104,-2.1935504512419968,-0.630935743726635,51.791083293108116,31.34091123497931,31.33116149902344,2014
2014-07-31,30.39502546554714,30.47303636424254,29.10784470710978,29.79043960571289,64996200,MU,37.59120624295606,True,True,0.17274708286373747,1.0124191579086128,-0.5,1.0507777455530065,0.499408977666097,-1.1071446574469055,-0.5589435556092162,45.73088553293849,30.11223302735885,30.317012786865234,2014
2014-08-07,30.131736623663024,30.4145272811118,28.649527755488265,28.94207000732422,35983600,MU,35.654467717315754,True,True,0.04363118115438359,0.02586580852302382,1.5,0.8156178277248216,0.6902229522985258,-1.685080646011113,-0.7928376390503186,50.6027894035677,29.10784475570727,29.293121337890625,2014
2014-09-15,30.619309188151608,30.73632647617593,29.12735039038337,29.27362060546875,37018500,MU,34.95957634537078,True,True,-0.002694910308614832,-0.16978117151633673,1.5,0.5562224048367603,0.2402597267280075,-2.090908302748313,-0.8063272246919314,48.500573391731194,29.341875173128724,30.668062210083008,2014
2014-10-10,29.010327822361127,29.12734508908783,26.90403190069137,27.09906005859375,85752700,MU,31.647517717395786,True,False,-0.22349881884028094,-0.5680352640050915,0.5,-0.022386435372650504,1.5763214985820027,-2.1491211559198473,-1.6002517303701127,45.699728142779975,27.87916925609781,26.357955932617188,2014
2014-10-13,27.87916925609781,28.14245671398669,26.32870115065408,26.357955932617188,44360600,MU,29.713441638972057,True,True,-0.3524372240685295,-0.6522585356283532,1.5,-0.15698630063481878,1.757027558867722,-2.0967727876813966,-2.0459450810122,49.86339198064063,27.09905975999312,26.709003448486328,2014
2015-01-06,33.252183433083054,33.378952335044886,31.81873400264512,32.052764892578125,40092000,MU,37.508911924002525,True,False,0.1672607949335017,0.21000461411708024,1.5,0.40071426389540754,0.1533146601397822,-1.9218761175881507,-0.7640654277193112,45.880522008493244,30.746072975083944,31.301898956298828,2015
2015-01-07,30.746072975083944,32.160020633089104,30.66806208264177,31.301898956298828,52552300,MU,33.344385062093096,True,True,-0.1103743291937936,-0.20691368721042758,1.5,0.2713211070081445,0.29082420327773234,0.9313696768724425,-0.9532377239034273,43.30934572901424,31.75046753664489,32.83286666870117,2015
2015-01-13,31.126376847986982,31.39941591031129,29.887952263056416,30.07322883605957,40260500,MU,32.74160671437308,True,False,-0.1505595523751282,-0.5525525626941944,1.5,0.051631241198214495,0.7328214724987561,-1.741934074696641,-1.0506384732132987,46.94318158750391,29.517404996751456,29.302873611450195,2015
2015-01-14,29.517404996751456,30.42428293662064,29.05908929900909,29.302873611450195,35766100,MU,29.939560266799475,True,False,-0.337362648880035,-0.5192675996734781,1.5,-0.07700931842066161,0.8418575081796008,-0.3928588945019371,-1.2973479125447982,47.15384157451195,29.49789701788312,28.571516036987305,2015
2015-01-15,29.49789701788312,29.66367039783522,28.54226311459519,28.571516036987305,28512400,MU,27.53067754347329,True,False,-0.4979548304351141,-0.6490010193158894,1.5,-0.19796997454602894,0.9092030842312225,-2.06521973492821,-0.9317749085814078,53.131869353630435,28.425253624811404,28.26923179626465,2015
2015-01-16,28.425253624811404,28.532519329409887,27.801166310624374,28.26923179626465,58433300,MU,26.578810678306127,True,True,-0.5614126214462583,-0.3777692247128286,1.5,-0.24642167254225134,0.8805529858067388,-0.5333328247070276,-0.7498351148247109,53.13473822749145,28.776295947085256,28.93231773376465,2015
2015-06-09,25.265801564185136,25.30480794010376,24.31991926727504,24.563703536987305,39816700,MU,32.271056814036754,True,False,-0.18192954573088305,-0.4481983546309314,1.5,-0.6717117542234058,0.3523544475949219,-1.7821761143351351,-0.8336430844881088,43.83718865366541,24.88549869861044,24.563703536987305,2015
2015-06-10,24.88549869861044,24.95375799654165,24.40768175316556,24.563703536987305,23802900,MU,32.271056814036754,True,False,-0.18192954573088305,-0.4439679187648519,0.5,-0.6659182145636189,0.3140006651124544,-1.4732153500839544,-0.6581441173746677,40.10909092910169,24.573453195873974,24.39792823791504,2015
2015-06-11,24.573453195873974,24.758727887118425,24.34917027185632,24.39792823791504,25793500,MU,31.287101744614418,True,False,-0.2475265503590388,-0.593099076674431,0.5,-0.6892043899370243,0.26495714477641624,-1.0714301933233707,-0.4340301687236259,40.32201767539415,24.271168593635498,24.50520133972168,2015
2015-06-15,23.617822096662675,23.647076881966512,23.11075217088224,23.637325286865234,44190200,MU,27.696119255681964,True,False,-0.48692538295453575,-0.20013852104940777,0.5,-0.8111960282809183,0.4556001462368356,0.09091129776181062,-0.47141621413438195,44.362938100744316,23.45204869979409,23.637325286865234,2015
2015-06-16,23.45204869979409,23.71533618774889,23.28627530292551,23.637325286865234,19173100,MU,27.69611925568195,True,True,-0.4869253829545367,-0.18536258212987958,-0.5,-0.8044230225486687,0.390446980481794,1.0795471786446582,-0.3896862387416808,39.187663001863875,23.69583387300521,23.87135887145996,2015
2015-06-26,19.766030233230808,20.08782541436705,18.946914888533744,19.17119598388672,149010300,MU,13.369409454243225,True,False,-1.4420393697171183,-0.5030648601881005,1.5,-1.5500840200764858,1.5114720471342824,-1.3034200225947385,-2.4652907370003807,60.16178490054631,18.859152725894084,18.264318466186523,2015
2015-06-29,18.859152725894084,19.1126886093772,18.137551454408225,18.264318466186523,49126100,MU,11.902258971316584,True,True,-1.5398494019122277,-0.5750536475597969,1.5,-1.7020349837363173,1.7004880195666598,-1.5250015258789036,-2.7691205538657755,60.86672987654051,18.420340051819657,18.371583938598636,2015
2015-12-09,14.237003548946255,14.305262855631096,13.885953560365223,13.963964462280272,20917100,MU,35.22521286821214,True,False,0.015014191214142632,-0.5811261037668084,1.5,-1.4895876652942952,1.2359650884526512,-1.6279098135235532,-0.9516125918159035,37.48625719847082,13.934710592249942,14.29551124572754,2015
2015-12-11,13.963963740738867,14.080980087565012,13.642168554476156,13.690925598144531,23718100,MU,34.96013005616358,True,False,-0.002657996255761456,-0.6130129729886536,0.5,-1.537899085457597,1.2833360156842528,-1.5555547313922116,-0.4794528347639229,35.27249003709686,14.071231614019108,13.320375442504885,2015
2015-12-14,14.071231614019108,14.119987735316682,13.17410521868535,13.320375442504885,35155800,MU,32.428109824509136,True,True,-0.17145934503272428,-0.5119113403113182,0.5,-1.6206294623243194,1.4869676770909248,-1.9845386670966396,-0.5761159568203763,39.27467495000575,13.42764080127839,13.827446937561035,2015
2016-01-11,13.037585067772424,13.125347570055204,11.906425993824085,12.218469619750977,43159100,MU,30.008623842717583,True,False,-0.3327584104854945,-0.3311110250763096,1.5,-1.7388793387467494,1.7159395245401157,-1.6800003051757757,-1.4855826952728495,43.57904768829936,12.40374755859375,12.40374755859375,2016
2016-01-13,12.462252819618415,12.647529403402666,11.613883590086694,11.760154724121094,35319800,MU,28.558798973405004,True,False,-0.42941340177299975,-0.5195229330947847,0.5,-1.8389741437352392,2.090161256938472,-1.6981109158778618,-1.1909227719622577,42.28566376277645,11.779657155072837,11.721149444580078,2016
2016-01-14,11.779657155072837,11.955182146477696,11.243331515751663,11.721149444580078,35810400,MU,28.321605693504168,True,False,-0.4452262870997222,-0.18853052661616573,0.5,-1.837819970106747,2.122625995837713,-0.205477483503404,-0.5087791174426093,43.66428458686407,11.067807132778825,10.804519653320312,2016
2016-01-15,11.067807132778825,11.370099131457192,10.638746261801234,10.804519653320312,37164600,MU,23.402558049344364,True,False,-0.7731627967103757,-0.5078685174079312,1.5,-2.072966477013998,2.627524796398401,-0.9000015258789086,-1.61163783134783,50.199015490746255,10.999548139508144,10.531482696533203,2016
2016-01-19,10.999548139508144,11.087310642556783,10.44372019348456,10.531482696533203,38131300,MU,22.167487464215142,True,False,-0.8555008357189905,-0.5821427193120303,1.5,-2.134692396522147,2.7151801750233364,-1.818180504580545,-1.3059692414885693,53.84516906562946,10.12192413478402,9.800128936767578,2016
2016-01-20,10.12192413478402,10.131675729866528,9.078527640001212,9.800128936767578,65210400,MU,19.238658680032316,True,True,-1.0507560879978457,-0.022278318224366062,1.5,-2.321231775642979,3.4118317127843065,-0.7638887662455804,-2.048669071339235,55.946903341987245,10.190182928259288,10.580238342285156,2016
2016-05-04,9.995157623291016,10.229190359084168,9.556346011187998,9.751373291015623,40867200,MU,39.66192422327398,True,True,0.3107949482182652,-0.42093038546257255,1.5,-1.5817514963423762,1.9505771396726967,-0.9057976523011987,-0.8720906959676727,33.68381366840618,9.809880256652832,9.809880256652832,2016
2016-05-09,9.751369276323512,9.819628563669603,9.51733663688288,9.624601364135742,20476700,MU,38.425280570774376,True,True,0.22835203805162507,-0.5214759332583266,0.5,-1.5941588830479791,1.7448913786816507,-1.0483898258156952,-0.1625052224652826,32.80882909316749,9.69286402199713,9.83913516998291,2016
2016-05-12,9.897641462804843,10.004907141905148,9.117532505511184,9.390570640563965,41066600,MU,36.71649411821823,True,False,0.1144329412145486,-0.29866936833617747,-0.5,-1.6458371432687273,1.8449263482543115,-1.428570305720785,-0.3039485931903743,32.557218771344594,9.41982359304667,9.322310447692873,2016
2016-05-13,9.41982359304667,9.546591518973438,9.176039334717457,9.322310447692873,21517300,MU,35.9197608560374,True,True,0.06131739040249329,-0.3856338388401235,0.5,-1.6591141042026325,1.8072551606083773,-0.6578907742076253,-0.6565931778571843,34.106751224550536,9.371066065179551,9.439326286315918,2016
2016-10-10,17.27943280210602,17.39645009996602,17.055151662795105,17.064903259277344,18857600,MU,55.277412667069406,True,False,1.3518275111379603,3.367301276487245,0.5,0.9209590314283678,0.5179571247467495,-1.57142195410378,-0.14124080730913147,38.4553821344377,16.967386162269587,16.440813064575195,2016
2016-10-11,16.967386162269587,17.03564546568122,16.1190178771157,16.440813064575195,38070200,MU,45.33313285425039,True,False,0.6888755236166925,2.468434674051583,1.5,0.6964348601792714,0.7128825897444462,-1.4361696731124298,-0.6133634059344417,49.651791758732976,16.460314735286836,16.362802505493164,2016
2016-10-12,16.460314735286836,16.616338394795143,16.255536820808253,16.362802505493164,17901800,MU,44.2612676049784,True,True,0.6174178403318933,2.465995298202437,1.5,0.661863203269818,0.658449604220276,-0.6756638331434719,-0.5891528641054924,49.377009147915956,16.148270134362573,16.431060791015625,2016
2016-11-02,16.528574867104798,16.5968341676652,16.089762420750123,16.265287399291992,24949700,MU,41.551076524291084,True,False,0.4367384349527389,-0.03201500018746639,1.5,0.5064677969623577,0.6004742877550096,-1.2980779811466205,-0.3779077998900787,41.709626609610375,16.24578973277923,16.206785202026367,2016
2016-11-03,16.24578973277923,16.392059977974846,16.148275616006458,16.206785202026367,17255100,MU,40.683197433494335,True,True,0.37887982889962235,-0.11577433994487792,1.5,0.4813538058843503,0.5177639996886128,-0.3999900817871189,-0.3933531112217267,40.440499280435176,16.050756043329066,16.265287399291992,2016
2017-02-14,22.77920828489321,22.78895988123928,22.116114612775498,22.545175552368164,60685200,MU,47.676278139790035,True,False,0.8450852093193357,2.6893551504197304,1.5,1.2841787089388468,0.41260806129505256,-0.86956371506996,-0.6799541460622074,48.765976408859146,22.49641465430132,22.44765853881836,2017
2017-02-15,22.49641465430132,22.68169124100444,22.223377431714194,22.44765853881836,28215800,MU,46.66042778248492,True,False,0.7773618521656616,2.680142588011,1.5,1.2413843511018485,0.3696998172697287,-0.2659537771645149,-0.5353417519903619,49.01603076690246,22.46716092031421,22.40865135192871,2017
2017-02-16,22.46716092031421,22.75970132253566,22.281884340279824,22.40865135192871,23819800,MU,46.236045739165704,True,True,0.7490697159443802,2.4344136048411626,1.5,1.2153184491971314,0.32907413972860167,-0.30612959856129623,-0.48117500834564814,48.35384865464867,22.437906265647047,22.76945304870605,2017
2017-04-24,27.05030183852568,27.06980502612048,25.86063529413757,25.90939140319824,44041000,MU,44.86852908054644,True,True,0.6579019387030959,2.708267343766963,0.5,1.2060401001272236,0.28117187017221623,-2.3588715569659287,-0.31640085985607386,51.5072005528103,26.045913477386524,26.318952560424805,2017
2017-05-17,27.63538885231699,27.80116225344655,26.289698452576648,26.32870483398437,38027900,MU,42.25384656127991,True,True,0.48358977075199383,1.1091401411679405,0.5,1.0105673014138172,0.24285730907980022,-2.161288972948897,-0.8339096025013842,44.167359378867594,26.474973006341475,26.79676818847656,2017
2017-07-03,29.34187592148633,29.527152494004238,27.849915466860665,28.41549491882324,36830400,MU,40.95366550503789,True,True,0.39691103366919267,0.5186508607021527,1.5,0.8943024607896077,1.138439039506195,-1.3808140824328956,-1.2019256145349198,46.32420614800757,28.815301705818968,29.751434326171875,2017
2017-07-26,29.10784640844634,29.302872736620746,28.94207300653844,29.06884002685547,26387400,MU,40.69649191092094,True,False,0.37976612739472937,0.9866929053277298,1.5,0.8073036276732015,0.3622848227042265,-0.27027723650161484,-0.8591058073904256,45.17708452684377,29.517404429448625,29.488149642944336,2017
2017-07-28,29.215106978285775,29.23461016690514,28.23996986643496,28.55201530456543,31854900,MU,38.59973218246737,True,False,0.2399821454978247,-0.17777247777940608,0.5,0.6861040896133819,0.5687820522602685,-1.666661991794658,-0.25919918793483737,42.779205570340416,28.698287571144025,27.42085838317871,2017
2017-07-31,28.698287571144025,28.81530299145489,27.177074087616734,27.42085838317871,41112700,MU,32.98556552502879,True,True,-0.13429563166474737,-0.5051178188194322,0.5,0.4558319043789316,0.7792310760420386,-1.9494058262744387,-0.7086547150463598,46.764567421946715,27.51837204169218,27.63538932800293,2017
2017-11-29,46.319014163305845,46.416526389392665,42.19418450630328,42.65250015258789,81370100,MU,45.147017245413515,True,False,0.676467816360901,2.628191784939871,1.5,1.5444219546915305,0.7449514158136443,-2.170900718273466,-1.4945638479450711,53.826099242502146,43.06205659489601,41.336063385009766,2017
2017-11-30,43.06205659489601,43.43260975517322,40.8192418834661,41.336063385009766,63895700,MU,40.71523120093126,True,False,0.3810154133954171,1.569375407854313,1.5,1.3255346565568016,0.9450696188162961,-1.6511196419878542,-1.4724226327388026,52.948526459111655,40.69246147410109,40.94599914550781,2017
2017-12-01,40.69246147410109,41.49207341650325,39.01522485352484,40.94599914550781,73138600,MU,39.47862185904795,True,False,0.2985747906031965,0.9502080623335202,1.5,1.2500997047242435,1.0696706113648453,0.25590752215977863,-1.5491375733216932,47.96811498234603,40.90700869154317,38.90797805786133,2017
2017-12-04,40.90700869154317,41.238555507850414,38.098612348696754,38.90797805786133,73640500,MU,33.71658062373007,True,True,-0.08556129175132886,-0.26966240338154335,1.5,0.927933665709435,1.3916050685607297,-1.5916137111066837,-1.097392322059275,53.23347282789995,38.78120941107855,40.18540573120117,2017
2018-04-24,48.42530007135872,49.01038074475678,45.28535794848705,45.93870162963867,61915400,MU,38.49885085882255,True,True,0.23325672392150334,0.17047834691379946,1.5,0.49776444172733303,1.950821294467857,-1.6688478015558363,-1.047746374152704,49.054293105110624,46.37752413557031,46.4165267944336,2018
2018-06-25,54.15913060215977,54.25664285154158,51.10694958237948,51.83830261230469,72196300,MU,35.842030941056564,True,True,0.056135396070437577,1.4237062642722187,0.5,0.603514608852761,1.4689683892934602,-1.8421063509403912,-1.2277324376062313,53.44544267326207,53.05722111014539,53.23274612426758,2018
2018-08-14,50.44384542115569,50.48285180076949,48.76660829629341,49.36144256591797,32050200,MU,35.27779070311877,True,False,0.018519380207917872,-0.41028151592096007,1.5,0.13718495461185753,0.422305971713458,-1.5767034986800337,-0.392270129711475,45.65943742461176,48.59108622865798,46.30926513671875,2018
2018-08-15,48.59108622865798,48.62033915296071,45.96796490049035,46.30926513671875,57746200,MU,26.56215625006925,True,False,-0.56252291666205,-0.5311196721802282,1.5,-0.17873231295368053,0.7498861357364176,-2.1507344691402372,-0.9441305603019797,54.628900934016066,47.00161590790304,45.92896270751953,2018
2018-08-16,47.00161590790304,47.10888159992673,45.79244408852698,45.92896270751953,33663000,MU,25.709839545353162,True,True,-0.6193440303097891,-0.6115997655747798,1.5,-0.21624724178442079,0.7323435308031914,-2.037037821952833,-1.0323318847753282,54.59911787495664,45.06107689968938,45.93870162963867,2018
2018-09-12,40.21465617496819,41.13128372199815,39.66857805256678,40.70222473144531,66916000,MU,24.011770694416157,True,True,-0.7325486203722562,-0.3095216528460935,0.5,-0.7532515630497727,1.493622747266619,0.8333333333333293,-0.8693721653881575,49.349943117247314,41.24829978736726,42.53548049926758,2018
2018-10-24,37.05521265510465,37.34775306367432,34.519857487696626,34.549110412597656,53096500,MU,20.103590464157406,True,True,-0.9930939690561729,-0.6550765634215963,1.5,-1.2751983533009408,1.5801861646457833,-2.215518726889829,-1.5512986012593515,57.104526863979046,34.70512410779035,35.865535736083984,2018
2019-05-07,40.64371455836932,40.88749883296613,38.74219647254359,39.25901794433594,35094100,MU,39.71286082754387,True,False,0.31419072183625807,1.0599102593239647,0.5,-0.1631165384527089,0.6926341046997802,-1.6136380581810497,-0.6755195731699526,41.86041424237809,38.86896917780967,38.76170349121094,2019
2019-05-08,38.86896917780967,39.483306652059454,38.59593195363341,38.76170349121094,26190100,MU,37.49705342379511,True,False,0.16647022825300722,0.8606973537219144,1.5,-0.22225439468813668,0.6612350776485995,-0.3021995296603266,-1.0327723874354697,43.62429441932345,38.127857274035726,38.29363250732422,2019
2019-05-09,38.127857274035726,38.6446824414856,37.25023615848493,38.29363250732422,27844400,MU,35.48994215676056,True,False,0.03266281045070419,0.6194278318659826,1.5,-0.27731749788092896,0.709332923590542,0.29720620168273104,-0.8485679658956676,44.3355433553868,38.04009538726204,37.97183609008789,2019
2019-05-10,38.04009538726204,38.31313629581133,36.71391209941239,37.97183609008789,30368100,MU,34.137076114040525,True,False,-0.057528259063965,0.4485539651632382,1.5,-0.314047900889991,0.75886874533984,-0.10670689157882678,-0.4098363642441011,47.172389091160284,36.431126997279286,36.45063018798828,2019
2019-05-13,36.431126997279286,37.0357110298452,36.138586576350825,36.45063018798828,33092100,MU,28.589026326805907,True,True,-0.4273982448796062,-0.5195244666973026,1.5,-0.49727760881860317,0.9191069001789925,0.05434917817987489,-0.7452824228128554,47.73817551635735,37.07471704784457,37.55253219604492,2019
2019-05-17,35.69977304309811,36.35311317344152,34.90991058177625,35.163448333740234,31096300,MU,28.320272414449548,True,False,-0.44531517237003015,-0.5429349294956457,1.5,-0.6400288648718516,0.9232604862369982,-0.9290530526608679,-0.79524725850455,48.79568252853478,33.88601186721283,33.75924301147461,2019
2019-05-20,33.88601186721283,34.32482427565085,33.47645609923906,33.75924301147461,34489500,MU,24.64490650360399,True,True,-0.6903395664264006,-0.5309383573325618,1.5,-0.8073456478255914,1.0762565374778266,-0.3735667463223178,-1.2334042157503389,50.740589627075714,34.412583109981355,34.75387954711914,2019
2019-09-27,44.75879472286982,44.7782941915496,41.84313313466535,42.13567352294922,75941400,MU,34.76362890380554,True,False,-0.0157580730796307,0.24630809733424566,0.5,0.09623475771084022,1.1611271084710175,-2.2342225427189315,-1.3656972704098311,45.901058331619254,41.930894241631925,41.78462219238281,2019
2019-09-30,41.930894241631925,42.38920985741659,41.52133845549879,41.78462219238281,31423100,MU,33.89646656691126,True,False,-0.07356889553924949,0.14519349704152,1.5,0.05323494492307068,1.0801077412478048,-0.42135288974232077,-1.6727315752577825,45.693760205555265,42.02841146900739,41.2483024597168,2019
2019-10-01,42.02841146900739,42.262446031721154,40.711977748320336,41.2483024597168,28087300,MU,32.56017901781051,True,False,-0.16265473214596587,-0.058169593357674985,1.5,-0.01150962591994209,1.096066340443425,-1.257860314916422,-1.6203685630041709,47.71798050652735,40.78024221647716,40.93626403808594,2019
2019-10-02,40.78024221647716,41.60910744630125,40.72173263842874,40.93626403808594,26408500,MU,31.775297507870846,True,True,-0.2149801661419436,-0.16255127435030295,1.5,-0.048761711953866915,1.0215068421686628,0.43956009406791247,-0.3558177028456719,48.605959210659414,40.95576373032109,42.37946319580078,2019
2020-01-31,53.77880689993942,53.82756300584381,51.38972051209955,51.77002334594727,28550800,MU,41.250899038077506,True,True,0.4167266025385004,2.4135798512876647,1.5,0.6052778204784881,0.6543433025815074,-2.0600013732910165,-0.7481865534435902,54.51473161340435,51.92605340760715,52.44287490844727,2020
2020-02-25,53.4765150149114,54.07134919995527,50.26831328499277,50.80463790893555,41894200,MU,37.17713888181562,True,False,0.1451425921210415,-0.51457824535678,1.5,0.33784999754769784,1.4182661216278245,-1.7564106451530832,-1.4618669156706203,43.95566254371316,51.34097306374776,51.06793212890625,2020
2020-02-27,49.37119721684611,51.535999259914334,48.74711000731822,49.32244110107422,36349200,MU,34.37734747819235,True,True,-0.041510168120510116,-0.5055681026037692,0.5,0.1765172128413739,1.5514300758044484,-0.04370567576904348,-1.0066344730616654,41.71651146058263,47.44041865439763,51.253204345703125,2020
2020-03-09,44.34924180887784,47.391668995911935,43.80316360818827,44.82706069946289,31260800,MU,33.63999056822628,True,False,-0.09066729545158125,-0.43909785481687624,1.5,-0.3167360666565794,2.794215852263097,0.3328815474401088,-2.107071123229766,43.836825979555144,46.95285367551777,46.67006301879883,2020
2020-03-11,45.051335189952994,45.16835060150064,41.784623642152944,42.63299560546875,38483800,MU,32.86469639132265,True,False,-0.14235357391182316,-0.48581814582076716,0.5,-0.5400219084442848,3.2237175274889274,-1.7867425574952729,-1.8821658132611385,44.65221350530224,38.42041250607639,37.8450813293457,2020
2020-03-12,38.42041250607639,41.48234314432476,37.055218748454976,37.8450813293457,40117200,MU,27.857607451881307,True,True,-0.47615950320791284,-0.5072146537663339,0.5,-1.032683310413382,4.150741990569406,-0.32488988634893107,-1.9469209170680817,45.462446894401374,40.5364497491793,41.921146392822266,2020
2020-08-06,48.75686302800951,48.786115955473214,47.11863213268012,47.48918533325195,32204700,MU,43.67756956248946,True,True,0.5785046374992973,-0.014008213798792543,0.5,0.0388007269136692,0.5706355566673164,-1.9005846974787344,-0.41922757460575166,34.24979973381593,47.479423784801305,47.537933349609375,2020
2020-08-11,47.7914810744822,48.50333463114457,46.4457941763338,46.57255935668945,21532800,MU,40.750485005324364,True,False,0.3833656670216243,-0.39534502238094954,-0.5,-0.05913709509181131,0.5970383414022831,-1.4810422256130673,-0.24127229445244786,32.00169924738691,47.17713834257084,47.27465057373047,2020
2020-08-13,45.98746482858061,46.05572412701479,44.78804665914083,44.99282455444336,41051700,MU,36.773009381730155,True,False,0.118200625448677,-0.5818920855611086,0.5,-0.22472025122702188,0.71944984666448,-1.9615404930352272,-0.7655153566895223,37.99827967629974,44.46625900268555,44.46625900268555,2020
2020-08-14,44.46625900268555,44.93432817605802,44.17371855921792,44.46625900268555,18167300,MU,35.307962206391196,True,False,0.020530813759413034,-0.5411548050053457,0.5,-0.277970007933811,0.662969139280302,0.0,-0.5653276261543285,36.82168369479957,44.75879668476338,44.095703125,2020
2020-08-17,44.75879668476338,44.79779934368539,43.62763773925873,44.095703125,17303800,MU,34.27314800738547,True,False,-0.04845679950763516,-0.4622417967329498,1.5,-0.3143617477835092,0.641111207596982,-1.416670905229957,-0.840552867697171,43.35785717226597,43.93967951617544,43.29608917236328,2020
2020-08-18,43.93967951617544,44.03719173923525,42.95478895194823,43.29608917236328,20118100,MU,32.08770388001663,True,False,-0.19415307466555778,-0.5148672011572794,1.5,-0.39567025721119087,0.6413297959276781,-1.486485325451908,-0.4713905491827236,46.6088632086344,43.19857631763513,42.95479202270508,2020
2020-08-19,43.19857631763513,43.58863267746448,42.759763842790406,42.95479202270508,19455500,MU,31.173980062033465,True,False,-0.2550679958644357,-0.5770633210223229,1.5,-0.4280353473980514,0.5853883877621364,-0.7352921377056949,-0.42489153964166,45.946456166467485,41.61885254671111,41.921146392822266,2020
2020-08-20,41.61885254671111,42.57448647718304,41.19954328785009,41.921146392822266,22445400,MU,28.52473787738542,True,False,-0.43168414150763873,-0.3400260726375525,1.5,-0.5332703753131091,0.6754718054232404,0.549647884466072,-0.616431017670084,47.27223394753329,41.78462852353228,41.5993537902832,2020
2020-08-21,41.78462852353228,41.98941016747982,41.34581974900271,41.5993537902832,15476700,MU,27.734533660181512,True,True,-0.48436442265456586,-0.47810562537353657,1.5,-0.5625456565022152,0.5986719479653139,-0.7196919342253345,-0.48986392723754796,49.81835225384702,42.04790993302755,42.6719970703125,2020
2021-01-26,79.75645317738481,79.9417315812481,77.04557360784949,77.53314208984375,13678000,MU,55.925931505658774,True,False,1.3950621003772516,3.7055888417320184,1.5,1.8133679504921285,0.8723721874280014,-1.9191901028554972,-0.8087301542014382,45.54908905422553,75.40737364542777,73.22306060791016,2021
2021-01-27,75.40737364542777,75.66090400180315,72.48196157275618,73.22306060791016,23513400,MU,45.66872679690377,True,True,0.711248453126918,2.212134996724662,1.5,1.416293399140246,1.1582834895150478,-1.7177985181163358,-1.0923057919915893,52.184961170602634,75.28057876959173,76.44099426269531,2021
2021-03-24,84.89543268413856,84.98319889089522,80.85836572626589,80.9363784790039,24232800,MU,43.8602453189068,True,True,0.5906830212604532,0.6416153687672638,0.5,1.1265140773180715,1.8819247368123724,-2.39952383958444,-1.0371793055392153,45.25925164477171,79.12263109875782,81.99928283691406,2021
2021-04-22,86.00708518293898,86.16311068263032,81.81400031475614,82.6038589477539,34044100,MU,40.3251538222659,True,True,0.3550102548177264,0.13422921730655712,0.5,0.8957821307997627,1.0978432609301143,-1.9562772310423995,-0.5231333037875165,44.479219010879085,83.12070052355784,83.89105987548828,2021
2021-05-10,82.8379129311077,82.8866727733279,78.79109897688171,78.83985137939453,24862900,MU,37.057463848246215,True,False,0.13716425654974765,-0.5893045730777675,0.5,0.5064980934172014,0.8914832121628695,-2.4404770554875372,-0.6312370834118938,43.01072638960848,75.34885072963019,78.674072265625,2021
2021-05-11,75.34885072963019,78.75208502980412,74.91004195060933,78.674072265625,23227800,MU,36.80039025374424,True,False,0.12002601691628266,0.1454552766201842,0.5,0.48951270201307406,0.9516231636731899,2.1637065666971287,-0.6073131486101474,39.06150550201143,77.17236645021136,74.89054870605469,2021
2021-05-12,77.17236645021136,77.98173220652292,74.51024574869524,74.89054870605469,23472600,MU,31.43979735245358,True,True,-0.23734684316976123,-0.5866007916319775,1.5,0.22317183961773512,1.1521882095921028,-1.6432569821866312,-1.3346104606293874,49.53899773670519,76.03142621867998,75.27082061767578,2021
2021-07-19,72.00413159750244,72.82325076330049,71.380044347231,72.72573852539062,23436900,MU,36.19545587879415,True,True,0.07969705858627663,-0.27798419775417765,1.5,-0.09212381779278245,0.44916329394793786,1.2500064437307863,-0.6226877244991186,38.57389451055566,72.80374847745917,73.51559448242188,2021
2021-08-12,70.38540252144001,70.40490199172757,67.09918751986532,68.50338745117188,72492400,MU,32.33640023062398,True,True,-0.17757331795840134,-0.3131539914848798,1.5,-0.3897643343584628,0.910422181941388,-1.4233043161225614,-1.5521752319936952,44.75563850250942,68.30834341470742,69.15670776367188,2021
2021-10-12,67.75936149308248,67.79842240271084,64.12677884881842,65.15210723876953,36911700,MU,27.389918234056807,True,False,-0.5073387843962128,-0.30695147494728797,1.5,-0.5360257800151608,0.27776738511922594,-1.7752637313805404,-0.6769223220524853,51.52422165862683,65.17163197334499,64.8200912475586,2021
2021-10-13,65.17163197334499,65.83565251648521,64.6736221535697,64.8200912475586,17532400,MU,26.57445764144856,True,True,-0.5617028239034293,-0.4164902028717741,1.5,-0.5538301610717333,0.23349416294856096,-0.7563071004968892,-0.6667148386441168,50.04486652566245,65.69893415415619,66.20671844482422,2021
2022-01-19,91.61518458358736,92.65137611926636,87.75389143620463,87.97872924804688,19043800,MU,47.180324404090165,True,False,0.8120216269393443,2.3083623666481774,0.5,0.6865327059305215,0.8049502007923389,-1.8562872427745432,-0.7346797936274602,43.46551486307577,88.2524365224856,83.1594467163086,2022
2022-01-20,88.2524365224856,88.30131657577375,83.02259151676057,83.1594467163086,24701300,MU,38.84995351573165,True,False,0.25666356771544324,1.2391713926521282,1.5,0.3710282467235493,1.0636830881761064,-2.412035931612385,-1.5779077167611275,50.074909454251696,82.32855216798906,80.08998107910156,2022
2022-01-21,82.32855216798906,83.22788862190316,79.68918545578423,80.08998107910156,29716300,MU,34.65321406133607,True,False,-0.023119062577595172,0.6347161505034594,1.5,0.1710023301357777,1.1762254117812228,-1.5814911450616558,-1.472486645405989,50.59994338008287,78.46726244361076,81.08707427978516,2022
2022-01-25,79.10264793504332,80.568960028314,77.86117364428237,78.90714263916016,22128400,MU,34.108448810958905,True,False,-0.05943674593607303,-0.09730614891125426,0.5,0.09131253349739077,1.311832278540306,-0.18050287961792438,-0.6391793483870228,44.117828375341034,81.38033371177809,80.12908172607422,2022
2022-01-27,81.63448897755822,81.82021678249424,76.62947404414841,76.95206451416016,22694000,MU,32.91339758778949,True,True,-0.1391068274807007,-0.4754895166921425,0.5,-0.036154664566587225,1.5227823666767917,-2.255180375636494,-0.6374335555870233,47.389852808905296,75.63238514654847,77.48970794677734,2022
2022-03-14,70.13859814495784,70.85220667591861,67.41125663919844,67.84137725830078,24893400,MU,31.97823497777334,True,True,-0.20145100148177733,-0.606020154564871,1.5,-0.7047553357823311,2.9796334577234793,-1.669030981373036,-1.5798072940327617,48.69422471554894,68.47678128643658,71.46805572509766,2022
2022-06-13,58.75220512073547,59.67234826815979,57.34262341389228,57.597129821777344,24278600,MU,31.120118301508043,True,False,-0.2586587798994638,-0.6144157702225562,1.5,-1.1506970059187198,2.0918944381707365,-1.239497549294605,-1.7784280814859637,43.41324197681542,58.10615713534668,57.46009826660156,2022
2022-06-14,58.10615713534668,58.60538291541858,56.5007989605328,57.46009826660156,17036000,MU,30.96360753387981,True,False,-0.26909283107467935,-0.4646419552214855,1.5,-1.150970820614422,2.00616270387828,-0.7674425000310536,-1.385941107519205,44.39815045005431,58.076786687131225,57.871219635009766,2022
2022-06-16,55.796005156810686,55.796005156810686,53.10409262731544,53.84803771972656,22706200,MU,27.443084161010518,True,True,-0.5037943892659655,-0.5133221496041989,0.5,-1.3748558255278003,2.3375745463366986,-1.8090924349698139,-0.8136456004082984,48.15341034732242,54.719236025204594,54.57240295410156,2022
2022-09-06,55.24812609962571,55.60120878585429,54.07117258790088,54.16925048828125,12133300,MU,37.84609564959626,True,False,0.18973970997308384,0.29638978625668244,0.5,-0.9955363984240256,1.0421287619145534,-1.7628269396298812,-0.28745712322881256,38.79126336952457,54.24770433458616,53.94365692138672,2022
2022-09-07,54.24770433458616,54.6498296274338,52.972669450572,53.94365692138672,17030600,MU,37.33928723076712,True,True,0.15595248205114132,-0.36747561816584035,1.5,-1.0041643785395604,1.0072146554698522,-0.45321761360974444,-0.5038393805630161,37.03935197059425,53.443459636626194,54.326171875,2022
2022-09-13,54.63021714947864,55.15984671630271,52.11938359453721,52.59016418457031,22361800,MU,37.24314688699276,True,False,0.14954312579951742,-0.5288689542705479,-0.5,-1.0759622595221174,1.2206172805346467,-1.67741959300902,-0.39944092104080564,32.13370619478295,52.85497614112718,52.08995819091797,2022
2022-09-14,52.85497614112718,53.18844617557785,51.452440738122725,52.08995819091797,19984900,MU,36.22967824521399,True,False,0.08197854968093263,-0.4768405853446847,0.5,-1.1046552351432792,1.1988284268290703,-1.101692906173555,-0.9422869254470639,34.27286908755974,51.687834325253945,51.67802429199219,2022
2022-09-15,51.687834325253945,52.42342967976487,50.98166158766539,51.67802429199219,15620800,MU,35.37591980356581,True,False,0.02506132023772049,-0.45390797913364245,1.5,-1.1267079319547828,1.1482126554466625,-0.017010421640474185,-1.1326384889643881,36.27177786671391,50.89339211309748,51.83495330810547,2022
2022-09-19,50.97185709951751,51.75649142380782,50.88358550419537,51.09935760498047,19251400,MU,34.33508527681036,True,False,-0.044327648212642616,-0.4719387690898289,0.5,-1.1526691889700558,1.0055946313535693,0.36516107463095504,-0.23771390406640142,35.27669596727254,50.54030073528419,49.82432174682617,2022
2022-09-20,50.54030073528419,50.59914970719366,49.61835595728987,49.82432174682617,19373800,MU,31.614129205034047,True,False,-0.2257247196643969,-0.5982762079382035,0.5,-1.239323190384679,1.0197641499943182,-1.824998855590824,-0.4483778575522235,40.53262747552563,48.78468516720921,49.13776779174805,2022
2022-09-21,48.78468516720921,51.50148069568066,48.76506884227404,49.13776779174805,31117300,MU,30.22517116207078,True,False,-0.3183219225286147,-0.5460399173636902,1.5,-1.2815891827429142,1.1279136923182813,0.32257810908404994,-0.6504263398110512,41.959848724725404,48.84353690026385,48.70622634887695,2022
2022-09-22,48.84353690026385,49.40258914030017,48.40217888406888,48.70622634887695,21317000,MU,29.352236730720733,True,False,-0.37651755128528447,-0.5645064368686752,1.5,-1.3045802423403718,1.0491004446715604,-0.34313560494713363,-0.5854112870173996,43.92595388887533,48.3335171765631,49.13776779174805,2022
2022-09-26,48.97104075406891,49.490860334720175,47.87255261061587,47.94120788574219,19266800,MU,28.881829901419778,True,True,-0.40787800657201484,-0.5215103703603629,0.5,-1.3435457790409044,1.0268847359107667,-1.5909101417913418,-0.30438905748553513,43.72673421110502,48.86315317459391,49.60855865478516,2022
2022-12-05,53.43826882618017,54.3228471677053,52.77975231029789,53.11392593383789,13806900,MU,42.71320447942372,True,False,0.5142136319615815,0.3637544956586214,1.5,-0.6689015900049844,1.294484082701447,-0.5254746504813316,-0.7827410085891523,35.80532106261476,52.93701318171302,52.76009750366211,2022
2022-12-06,52.93701318171302,53.69381830463622,52.327639040274114,52.76009750366211,17988000,MU,41.85448793173134,True,True,0.4569658621154228,0.29260848971052855,1.5,-0.6917717626721626,1.2247190033291713,-0.32374169822712884,-0.4077314877926577,36.89554789312877,52.209699984806605,52.897705078125,2022
2022-12-15,52.64216133041708,52.79941931332128,50.96146218580365,51.14820861816406,17785000,MU,37.793412172578925,True,False,0.18622747817192836,-0.28644248771590664,1.5,-0.7874434889229254,1.2533605110690869,-2.032083188837448,-0.7475147994302225,40.57626332618606,50.853345679134286,51.17768859863281,2022
2022-12-19,51.275968429311874,51.393914706121095,50.22430516504443,50.833683013916016,16470000,MU,36.96109986920475,True,False,0.13073999128031677,-0.47090302647962723,0.5,-0.8000537591850959,1.0549097738855115,-0.9453698004821306,-0.6571722092090212,35.05475041330871,50.46019775249452,49.81150817871094,2022
2022-12-20,50.46019775249452,51.07940262952791,49.585450088533015,49.81150817871094,16942000,MU,34.188638754013255,True,False,-0.05409074973244969,-0.5925625309025798,0.5,-0.8772502793475678,1.055190918445698,-1.085525737905286,-0.3266733272693806,38.512939829729305,50.05722424056644,50.312767028808594,2022
2022-12-22,48.65173164720062,49.11367858181689,47.60006825295467,48.58293151855469,40959600,MU,32.1443168075901,True,True,-0.19037887949399324,-0.34181697873867023,0.5,-0.9644288646913829,1.101195215917101,-0.11363580066484073,-0.5534596752376691,39.50799007815194,48.16030026378403,49.33973693847656,2022
2023-03-07,55.65814745095357,55.88471998963395,54.48587985747037,54.732154846191406,13278300,MU,38.20679417456965,True,True,0.21378627830464345,1.5564302009669788,-0.5,-0.3659902648053792,0.6470406462158675,-1.6549292936890818,-0.1927157088770448,42.6508239668058,55.00797757084671,56.04233169555664,2023
2023-03-10,54.830656545684256,55.66798990045709,53.7174926823724,54.11153411865234,14180700,MU,38.167973810414765,True,False,0.21119825402765097,-0.3047952259663125,0.5,-0.4091482677500152,0.6586720004212246,-0.9217168068279415,-0.14174042874868092,36.57069006825029,53.16584619261408,53.09688949584961,2023
2023-03-13,53.16584619261408,53.73720221692803,51.97387238170359,53.09688949584961,17365200,MU,35.15073398121952,True,True,0.010048932081301132,-0.2737195041417464,1.5,-0.4907872783518352,0.7255505926383711,-0.09776488690174175,-0.6569681592897932,40.792854624011035,54.15094306159426,53.46137237548828,2023
2023-06-29,66.96422091350897,67.07280147910208,62.72960521353957,63.49953842163086,51141900,MU,43.225586831691956,True,False,0.5483724554461304,0.7590655331906492,-0.5,0.19441402343578384,0.7513863810186169,-1.9943160981175334,-0.21390369674147702,36.653055096304534,63.66734341124238,62.2952880859375,2023
2023-06-30,63.66734341124238,64.25959626237554,62.08799996458608,62.2952880859375,31549600,MU,39.92720836812096,True,False,0.3284805578747305,0.3546591999213926,0.5,0.09493108629234137,0.7880722682971413,-1.5795469520526684,-0.6887242464517718,39.85406160799482,62.62102398011582,63.07508850097656,2023
2023-07-05,62.68025544456435,62.927028103794925,61.219361753773626,61.25884628295898,16553000,MU,38.13017473659433,True,False,0.20867831577295515,0.08769834585402592,0.5,0.008496410786519304,0.7161956041935124,-2.0809234215859065,-0.44108433588010976,41.71743577668811,60.20266788910237,60.43956756591797,2023
2023-07-06,60.20266788910237,60.9923397542418,59.71899175363746,60.43956756591797,15607300,MU,36.15475544810003,True,False,0.07698369654000221,-0.15081692419973072,0.5,-0.05791223369515264,0.6973063368190757,0.46511180899322696,-0.37236374070931527,38.5298299487129,60.7510802837692,59.97970199584961,2023
2023-07-07,60.7510802837692,60.81041852612359,59.95992258173148,59.97970199584961,15028100,MU,35.056893262736054,True,True,0.0037928841824035925,-0.2770814194412435,1.5,-0.09458259779636491,0.6128036551014779,-2.2674367026844893,-0.6134328501732955,46.46323119056985,60.15771616179113,61.78947830200195,2023
2023-09-28,65.24090246926832,66.34851942931705,63.12455429766131,64.47940826416016,46749800,MU,37.47277442874384,True,True,0.16485162858292265,0.503024234141081,0.5,0.06777016461840257,0.3438965837459701,-0.5904950689689081,-0.6160674120269701,40.608873521724185,65.6265957111936,67.27813720703125,2023
2023-10-26,65.82523274568418,66.80593018736786,63.27940001830914,63.92328643798828,16697900,MU,34.57734874236316,True,True,-0.0281767505091229,-0.008561921140329906,0.5,-0.03263446948748139,0.43094481201591217,-1.348312800768941,-0.4392178426760554,43.31628466666929,64.30961320564364,65.03275299072266,2023
2024-02-13,81.80400095537786,82.87528105131204,80.11772504856691,80.87158966064453,21207900,MU,39.82996698490872,True,True,0.32199779899391484,1.6800838109752123,-0.5,0.5500801823504031,0.2377007552466617,-0.84532398780398,-0.4933421956052009,42.47583289470968,81.51633089127758,81.16915893554688,2024
2024-02-16,80.30619510454301,80.68312363612975,78.61000536072929,78.85798645019531,15553100,MU,35.291653251918916,True,True,0.01944355012792774,-0.19354112982622343,0.5,0.3955429513970532,0.1935938194146984,-1.7464134482003293,-0.31123464044956195,44.14795794779117,78.68935942048465,80.05821228027344,2024
2024-07-08,130.46944040862033,132.43707647076974,129.27694335373818,129.87319946289062,20500700,MU,45.910376310709616,True,True,0.7273584207139744,1.950951749515499,0.5,1.3246167372700812,1.1078080916766828,-0.47168973872988035,-0.16834848534899444,46.85627659575168,130.92657696746633,130.3203887939453,2024
2024-07-16,129.6048950824264,130.15146070747528,126.44476924512573,126.69320678710938,21312600,MU,43.43519212029233,True,False,0.5623461413528219,0.4046825671395573,0.5,1.0729970500377028,1.071247717276199,-1.9638054076609024,-0.2629957134496,43.53430792201843,121.81390342812996,118.7531509399414,2024
2024-07-17,121.81390342812996,122.26108799312676,118.48484171728582,118.7531509399414,31414100,MU,36.55171329139269,True,False,0.10344755275951248,-0.6336508226486329,1.5,0.6845603567783443,1.3748173395009726,-2.0263194351028813,-1.3150510317002344,46.749408019656144,119.74689094856924,116.71595001220705,2024
2024-07-18,119.74689094856924,120.87976549291504,113.37694896096308,116.71595001220705,30404900,MU,35.01830994026788,True,False,0.0012206626845255642,-0.26678997507919916,1.5,0.5805227653244338,1.5129717685437527,-1.0099343771283904,-1.2818052122398753,48.59386041712804,115.96070390242156,113.54589080810548,2024
2024-07-19,115.96070390242156,116.47745062875018,113.13844961977703,113.54589080810548,18038900,MU,32.71816205191395,True,True,-0.15212252987240332,-0.6165936817354576,1.5,0.4243227760216117,1.5183191940661853,-1.8080356129172839,-1.2971607073905864,50.35370390334713,114.63901873892364,114.55951690673828,2024
2024-07-24,110.77331660496922,113.32725386837495,109.31250285375889,109.59075164794922,25261000,MU,30.43555659408365,True,False,-0.30429622706109,-0.6290332847130528,0.5,0.2237512889015747,1.3318303352265206,-0.736387482508112,-0.43541196559465506,48.495727727673156,106.13251848354048,106.77845001220705,2024
2024-07-25,106.13251848354048,110.00813798238757,104.38351610604028,106.77845001220705,29068400,MU,28.492496802598396,True,True,-0.4338335464934403,-0.34598194890304984,1.5,0.08879176819248213,1.4418209237573814,0.28709997883717414,-0.8490201321363938,52.605736071484166,109.3125128481482,108.72620391845705,2024
2024-07-30,108.31876743319668,108.56720497318108,101.53145202121208,101.91901397705078,23915100,MU,26.872493445984418,True,True,-0.5418337702677055,-0.6143628355904011,0.5,-0.14416781119108324,1.5645784700589531,-2.2740115734005726,-0.5688690033664012,54.06692275194186,109.16345539623153,109.1336441040039,2024
2024-08-05,87.08232502067159,91.67345355409807,84.37933091595319,89.85488891601562,36977600,MU,26.006401794928536,True,False,-0.5995732136714309,-0.05996777352874346,1.5,-0.7076738239058633,2.7974028728613707,0.9502732655072214,-2.208159013000577,51.7209365694417,88.64250308454685,88.44375610351562,2024
2024-08-06,88.64250308454685,90.29213183760916,86.60531999298706,88.44375610351562,26460000,MU,25.31620381377786,True,False,-0.6455864124148093,-0.20351209837935746,1.5,-0.768556174692856,2.743179965579238,-0.13476886630458915,-1.5404897487241678,55.30205053150974,92.79639330294688,86.25752258300781,2024
2024-08-07,92.79639330294688,92.99514789702124,86.03889632038229,86.25752258300781,29483800,MU,24.242737507446762,True,True,-0.7171508328368825,-0.4554919061000258,1.5,-0.865969502517957,2.916001388032287,-2.349997929164336,-0.7955754620754124,61.38244776644326,87.9270234528779,91.4945831298828,2024
2024-12-19,89.61781454274933,90.53309233591412,84.17587909668912,86.64315032958984,91396800,MU,35.31036069129826,True,True,0.020690712753217138,-0.37565714130620886,0.5,-0.7512454223208592,2.6823686824061865,-1.169798817981022,-2.444346898870077,37.53796998279583,84.97176814647015,89.65760040283203,2024
2024-12-30,86.65610352249679,86.71587839213575,84.25535779507652,84.98255157470703,22022900,MU,35.0717959088292,True,False,0.004786393921946797,-0.40474782977187607,0.5,-0.8000320005513878,2.06961115893324,-1.700404326822097,-0.5403165160132672,42.0443038524533,85.11205315445258,83.83696746826172,2024
2024-12-31,85.11205315445258,86.06836741909574,83.76722885719141,83.83696746826172,18691500,MU,34.04785584911012,True,True,-0.06347627672599193,-0.5612069118223669,1.5,-0.8495729869113561,1.980845255147731,-1.3852769530050124,-0.7724687024038709,44.510767668258886,84.65381844834478,86.99479675292969,2024
2025-04-03,82.70926636745803,83.13817387546845,74.02140276101908,74.15106964111328,44839500,MU,29.70793767304366,True,False,-0.35280415513042274,-0.6500550960614736,0.5,-1.2190134649189681,3.0119603757288695,-2.346827791031373,-1.8054454949619296,45.45568256188783,70.4704569869439,64.55552673339844,2025
2025-04-04,70.4704569869439,71.1586982986341,63.6977116631705,64.55552673339844,50737700,MU,24.40857938822984,True,True,-0.7060947074513441,-0.5641585061370843,1.5,-1.6970646167869885,4.094617334798426,-1.9819531057161335,-3.3803973047071056,49.4933688971114,63.777504968778274,68.19625091552734,2025
2025-07-14,120.18709749227784,120.24700652653048,116.83248102655124,118.41993713378906,32117700,MU,52.3351727246771,True,False,1.15567818164514,4.923461765188738,-0.5,0.9444220968019179,0.7014235743004315,-1.2938550015950385,-0.37119605100269376,37.91322887185609,120.7462056935578,119.91753387451172,2025
2025-07-16,118.83925548832823,118.89915690198464,114.62601673867432,116.24342346191406,30614800,MU,48.34988463597735,True,False,0.8899923090651565,3.398628774651513,0.5,0.8138239975016193,0.7357838663163826,-1.5186911306480715,-0.8130579008987421,44.90386499896773,113.74743098723329,113.07850646972656,2025
2025-07-17,113.74743098723329,114.01699496899153,110.77220299393424,113.07850646972656,34702400,MU,43.644830797147236,True,True,0.5763220531431491,2.8187448587584325,0.5,0.6481648698508768,0.857019958798214,-0.5153832068810168,-0.5638229922833679,48.392930408876765,114.05693440015412,114.20669555664062,2025
2025-07-22,112.67914942545524,112.81892447472298,107.95672560695012,109.04498291015624,27917600,MU,38.445638625030696,True,True,0.2297092416687131,2.315765691519207,0.5,0.4274954718092816,0.840505082289091,-1.8685817950529637,-0.44587646289905025,54.00747946045847,109.26462491271867,109.65399932861328,2025
2025-08-01,105.32095241882728,106.3293360484318,103.21433303891678,104.71192932128906,24003300,MU,35.43702659320675,True,True,0.029135106213783502,1.461435397621343,0.5,0.17246740952944983,0.8715624980129474,-0.4887821100637012,-0.7904611568730568,49.02478520443152,105.85010950926048,107.59730529785156,2025
2025-11-13,243.3619554618112,249.25618377004463,229.93508685096947,236.71844482421875,32324600,MU,60.825400231870155,True,True,1.7216933487913437,3.824694302449861,0.5,3.4227350731476966,1.8344988350435536,-0.8596187195553964,-0.8068492453530335,42.97726604294641,231.2238158911012,246.5887908935547,2025
2025-11-18,235.2498775452143,238.69650305197035,225.29961929538163,228.27670288085935,33843900,MU,53.55983029394321,True,False,1.2373220195962138,2.8515419476894213,0.5,2.957885263542842,2.421503202427172,-1.3012680394657974,-0.44576912614625597,54.689531506792164,226.6882567642365,225.69921875,2025
2025-11-19,226.6882567642365,234.1209884928716,216.14856366096723,225.69921875,35256600,MU,52.173982954411294,True,False,1.1449321969607529,2.661309367822719,1.5,2.8233802123717653,2.552033567028853,-0.1375771527057368,-1.058927499697873,55.07403864317406,230.01501657820896,201.1732177734375,2025
2025-11-20,230.01501657820896,230.3746653984946,199.40495838058808,201.1732177734375,47420700,MU,41.23936539159183,True,True,0.4159576927727888,1.3483296728921266,1.5,1.9459631859863868,3.4613564099809015,-2.328226643223915,-2.0965075304874583,59.851023834321424,204.3301372331983,207.1673583984375,2025
2026-03-03,386.3282739254194,389.86625202405895,374.3351567775591,379.4622192382813,39010900,MU,44.40556519366728,True,True,0.6270376795778186,2.0721528533369753,0.5,2.7649222016173503,2.657784984666979,-1.1052109619708683,-1.0792661452030547,59.76905250836002,393.4141856400565,400.5400695800781,2026
2026-03-06,379.9219681112347,390.9556136587371,367.23924459596833,370.0875854492188,34458800,MU,42.616628947194954,True,True,0.5077752631463303,1.6137009282404977,0.5,2.4428193235234206,2.8660962593895682,-1.0366661351056532,-0.3088131477186576,60.90223072552228,363.75121121460063,389.0966796875,2026
2026-03-25,382.7803007509789,388.6969182975011,371.1669711800078,381.8708190917969,55328700,MU,42.49072667547317,True,False,0.49938177836487796,-0.04374472184951831,1.5,2.0861087113164154,2.893320173853448,-0.12970399355546633,-1.206254452282436,51.04390239849499,369.80774961984406,355.256103515625,2026
2026-03-26,369.80774961984406,374.0353343184194,349.79924385156124,355.256103515625,54515900,MU,37.16075615205845,True,False,0.1440504101372298,-0.529619946265326,1.5,1.5714157131129658,3.3147179092817405,-1.5010306761436853,-1.5113758048170458,54.48885025817408,359.6535760842338,357.0151062011719,2026
2026-03-30,362.6042190325812,362.7541898568937,318.3510173743371,321.75048828125,73833200,MU,31.666753757756368,True,True,-0.2222164161495755,-0.5828235712743614,0.5,0.9217110741543377,3.934033101156112,-2.300158325814462,-1.9679538146411337,53.97513749818952,321.6205585497994,337.7880554199219,2026
2026-07-01,1081.8436734177803,1096.8313592555164,1032.0412720759573,1032.121337890625,51328100,MU,51.789114467399166,True,False,1.119274297826611,3.1291425230736674,-0.5,4.942547139694183,4.5043174574422675,-1.9185934797924777,-1.1044696597305697,54.91679554309804,1041.3398351432645,975.4099731445312,2026
2026-07-02,1041.3398351432645,1064.47629125389,950.1338925088278,975.4099731445312,61316900,MU,48.47143268288955,True,False,0.8980955121926366,2.5875396167818554,0.5,4.3147475760832,4.954906836209277,-1.4415007626727006,-1.85238552788915,57.72951996826589,1007.0,984.75,2026
2026-07-07,923.010009765625,942.02001953125,891.6599731445312,938.3800048828124,52367500,MU,46.27103077659384,True,True,0.7514020517729226,2.4007143631790626,0.5,3.8151510053047555,4.94585070871536,0.7630054090478783,-1.1352993292362599,57.882161859486565,902.6400146484376,948.7999877929688,2026
2026-07-13,929.0,943.5,902.5999755859376,937.0,35536200,MU,46.19393652032439,True,False,0.7462624346882928,1.6643972163518372,0.5,3.530775052128401,4.471899651713961,0.4889972631195675,-0.15545936900274726,57.899611654892475,988.3800048828124,983.1199951171876,2026
2026-07-15,975.8099975585938,978.4000244140624,873.6300048828125,904.280029296875,54779200,MU,44.36573149097869,True,False,0.6243820993985792,1.2870793078506637,0.5,3.1174717563806396,4.67699977996172,-1.7068329418508748,-0.9575712170839107,59.76849418999995,866.77001953125,853.2000122070312,2026
2026-07-16,866.77001953125,887.7100219726562,840.510009765625,853.2000122070312,46718000,MU,41.26342400956577,True,False,0.4175616006377178,0.9206789270482428,0.5,2.6186271816203863,4.932455541350576,-0.718750202049591,-1.1179293995860289,57.75760008503461,822.530029296875,848.9500122070312,2026
2026-07-17,822.530029296875,903.9600219726562,804.0,848.9500122070312,63346300,MU,41.006495423070966,True,True,0.4004330282047311,0.867019573834671,1.5,2.5419439414300724,5.052459080788063,0.6607637330597865,-1.705920736742865,57.00985454916692,885.5700073242188,865.4600219726562,2026
2026-07-28,839.6099853515625,848.3599853515625,789.0900268554688,820.530029296875,61039300,MU,40.294859002780825,True,False,0.35299060018538836,-0.077704737051511,1.5,1.991365634907195,5.08789995846754,-0.8047903414655244,-2.1419697451878896,51.82366287271364,833.0,739.0,2026
2026-07-29,833.0,841.7999877929688,737.8800048828125,739.0,69846000,MU,35.694834400470384,True,True,0.04632229336469228,-0.6578428941732734,1.5,1.2804785205533942,5.967029507815735,-2.2613552602598928,-2.4695967451451724,52.65031060626258,793.1400146484375,874.6599731445312,2026
2015-10-01,16.8799991607666,16.979999542236328,16.540000915527344,16.540000915527344,265400,LITE,33.887309647703376,True,False,-0.07417935681977497,-0.6666666666666666,0.5,-0.3415182968508196,1.2366297839376836,-1.9318142410029218,-0.2807322392532119,43.344327120550105,16.479999542236328,15.760000228881836,2015
2015-10-02,16.479999542236328,16.649999618530273,15.59000015258789,15.760000228881836,378300,LITE,28.220184746957017,True,False,-0.4519876835361989,-0.514453785786012,0.5,-0.5562421355627128,1.482959232236059,-1.698112443656713,-0.8016626439430921,48.75168837329381,15.68000030517578,15.59000015258789,2015
2015-10-05,15.68000030517578,15.960000038146973,15.489999771118164,15.59000015258789,268400,LITE,27.154316832507178,True,False,-0.5230455444995215,-0.5747071351957947,1.5,-0.598884453341374,1.4334373746212734,-0.47872394390773987,-1.002950257475174,50.43731878841243,15.510000228881836,15.279999732971191,2015
2015-10-06,15.510000228881836,15.550000190734863,15.270000457763672,15.279999732971191,429500,LITE,25.279294943061046,True,False,-0.6480470037959303,-0.6570892798738334,1.5,-0.6804984357942478,1.370129409148474,-2.053577814789459,-0.9522378422099228,54.665911083735914,15.399999618530272,15.229999542236328,2015
2015-10-07,15.399999618530272,15.5600004196167,15.15999984741211,15.229999542236328,438000,LITE,24.97969027677513,True,False,-0.6680206482149913,-0.5975197362515972,1.5,-0.6886732039108601,1.287539719715002,-1.0624989569201975,-0.420368558810541,54.89182235955924,15.359999656677246,15.18000030517578,2015
2015-10-08,15.359999656677246,15.817999839782717,15.0,15.18000030517578,695400,LITE,24.664887070286284,True,False,-0.6890075286475811,-0.4915121868193005,1.5,-0.6968083432993688,1.3421636300419213,-0.5501203751741548,-0.3287362439057223,55.284151666022986,14.90999984741211,15.140000343322754,2015
2015-10-09,14.90999984741211,15.390000343322754,14.850000381469728,15.140000343322754,419300,LITE,24.399962559502598,True,False,-0.7066691626998268,-0.38013897131415675,1.5,-0.7020906177632713,1.3044720664216303,1.0648171859188245,-0.11452829850705643,53.83228129793267,15.15999984741211,14.75,2015
2015-10-12,15.15999984741211,15.359999656677246,14.706000328063965,14.75,120700,LITE,21.927026707946524,True,False,-0.8715315528035651,-0.6230981321858934,1.5,-0.8060192000895583,1.3763333040263013,-1.5672793131204723,-0.3939589270055277,59.111834113697405,14.649999618530272,14.6899995803833,2015
2015-10-13,14.649999618530272,14.93000030517578,14.649999618530272,14.6899995803833,173000,LITE,21.564912657663598,True,False,-0.8956724894890935,-0.6253341565820172,1.5,-0.8162266879815844,1.2612822491363003,0.3571416407245341,-0.40349202482015817,55.8349973431002,14.760000228881836,14.449999809265137,2015
2015-10-14,14.760000228881836,14.829999923706056,14.399999618530272,14.449999809265137,150500,LITE,20.132695787591317,True,True,-0.9911536141605789,-0.6137399466243528,1.5,-0.8773222398684127,1.2390035421794872,-1.802326741895977,-0.5696833870630746,60.44395968406888,14.4399995803833,14.75,2015
2016-01-07,21.36000061035156,21.790000915527344,20.46999931335449,20.549999237060547,552400,LITE,48.87186883902788,True,False,0.9247912559351922,3.5597147119840464,0.5,0.6649348856369885,1.275753986529749,-1.5340916479905564,-0.9964177635060203,44.57023772859725,19.32999992370605,19.559999465942383,2016
2016-01-08,19.32999992370605,20.700000762939453,19.149999618530277,19.559999465942383,705900,LITE,42.109706136635744,True,True,0.4739804091090496,2.292627896407259,0.5,0.38782235399959064,1.5812192602576747,0.37096672971167716,-1.149025862017057,45.325000853881306,19.709999084472656,19.6299991607666,2016
2016-01-14,19.43000030517578,19.6200008392334,18.649999618530277,19.31999969482422,389400,LITE,40.53674774377286,True,False,0.3691165162515238,1.636665332636407,0.5,0.3058477743643562,1.679122405835512,-0.28350637092968484,-0.19740160417451857,48.026251193081755,19.13999938964844,19.40999984741211,2016
2016-01-19,19.440000534057617,19.950000762939453,18.709999084472656,18.989999771118164,417400,LITE,38.33130291184152,True,False,0.22208686078943457,0.35040680076946124,0.5,0.20959571847593783,1.8540560556266414,-0.907258374633528,-0.40137681012189647,45.18637584738882,18.709999084472656,18.81999969482422,2016
2016-01-20,18.709999084472656,18.93099975585937,18.100000381469727,18.81999969482422,298500,LITE,37.089153914736954,True,False,0.13927692764913027,0.24472587899567966,0.5,0.1612851925260228,1.857297640590031,0.33092867979700974,-0.3234989699132537,44.07302128317472,18.920000076293945,18.809999465942383,2016
2016-01-21,18.920000076293945,19.229999542236328,18.59000015258789,18.809999465942383,526200,LITE,37.013169958841495,True,True,0.13421133058943296,0.26167480568515006,1.5,0.15691563550171983,1.7693466435020206,-0.4296902939703884,-0.3863990122272745,48.826316516091765,19.07999992370605,19.63999938964844,2016
2016-04-12,27.13999938964844,27.13999938964844,26.1299991607666,26.239999771118164,356200,LITE,52.351599883134874,True,True,1.156773325542325,2.3892709968634467,0.5,1.2497809315233865,0.6113193313508657,-2.2277213232086512,-0.20614717439314395,42.02850470747529,26.479999542236328,26.43000030517578,2016
2016-04-18,26.82999992370605,27.049999237060547,25.61000061035156,25.940000534057617,521600,LITE,48.24872971819986,True,False,0.8832486478799908,2.087522202292201,0.5,1.114679455306331,0.7035001561733946,-1.545139302810418,-0.23174411911669884,43.980484831229674,25.8700008392334,24.81999969482422,2016
2016-04-19,25.8700008392334,26.13500022888184,24.01000022888184,24.81999969482422,1424700,LITE,40.10657038471038,True,False,0.3404380256473587,1.1121802097744757,1.5,0.8407807335363859,1.041213932762307,-1.2352954640107996,-1.0007412361287757,49.97192702147618,24.809999465942383,24.809999465942383,2016
2016-04-20,24.809999465942383,25.020000457763672,24.5,24.809999465942383,571400,LITE,40.04159612063969,True,True,0.3361064080426459,1.1690570872294128,1.5,0.8287021627387592,0.9486136356509703,0.0,-0.9797551097565068,47.88455155505166,24.809999465942383,25.049999237060547,2016
2016-05-09,24.46999931335449,24.6299991607666,23.770000457763672,23.899999618530277,575900,LITE,37.10894880000548,True,False,0.1405965866670319,0.4865603805687644,1.5,0.4939672588460364,1.1874922267038477,-1.6569783559960494,-0.5500001907348617,51.455081167092644,23.88999938964844,23.489999771118164,2016
2016-05-10,23.88999938964844,23.899999618530277,23.229999542236328,23.489999771118164,566300,LITE,34.65349176764586,True,True,-0.0231005488236093,0.2418298992235742,1.5,0.3954274646120437,1.1657052692482208,-1.492535720080968,-0.5930657357732751,52.36092064124463,23.5,23.71999931335449,2016
2016-05-16,23.32999992370605,23.70499992370605,23.1200008392334,23.18000030517578,661400,LITE,34.3630316683867,True,False,-0.0424645554408869,-0.622929860260548,0.5,0.30712185025455807,0.9636277369254755,-0.6410250140198382,-0.2845694687028749,43.27465644130424,23.11000061035156,22.709999084472656,2016
2016-05-17,23.11000061035156,23.309999465942383,22.59499931335449,22.709999084472656,527100,LITE,31.52999900907983,True,False,-0.23133339939467798,-0.5815099963187728,1.5,0.19745022993412298,0.97622078608441,-1.398606435366218,-0.6223852264912705,50.49599413371898,22.6200008392334,23.059999465942383,2016
2016-05-19,22.739999771118164,22.850000381469727,20.799999237060547,21.709999084472656,1937900,LITE,28.44788525333466,True,True,-0.43680764977768927,-0.04561655994774464,0.5,-0.0338168242083603,1.3329955685178363,-1.2560976971336753,-0.7927098799341337,52.238457185701776,21.84000015258789,22.459999084472656,2016
2016-10-11,41.02999877929688,42.869998931884766,39.84000015258789,40.72999954223633,2954700,LITE,52.281393189040806,True,False,1.152092879269387,4.182795628719235,0.5,2.0495431467134693,0.709480777456543,-0.24752422270791322,-1.0538444353060186,43.47093094065327,40.70000076293945,40.970001220703125,2016
2016-10-13,40.380001068115234,40.790000915527344,39.119998931884766,40.72999954223633,1088900,LITE,52.10296377362856,True,False,1.1401975849085706,4.0861078387295775,0.5,1.992216448393288,0.7417484567104292,0.5239491892064754,-1.0589888926302442,42.15221257799946,40.75,40.470001220703125,2016
2016-10-14,40.75,41.41400146484375,40.45000076293945,40.470001220703125,420400,LITE,50.77695269293678,True,False,1.0517968461957854,3.5000676854310275,0.5,1.9207585431239194,0.6975155889749289,-0.7261373844016984,-0.07979324958731909,48.36228497440806,40.5,40.25,2016
2016-10-17,40.5,40.79899978637695,39.9900016784668,40.25,497900,LITE,49.62606280120165,True,True,0.9750708534134432,3.375190937318625,1.5,1.8574377369659134,0.6363558199831134,-0.7725605213274611,-0.21967329730615548,52.693388385091744,40.70000076293945,40.38999938964844,2016
2016-10-27,40.79999923706055,41.5,38.5,38.900001525878906,2157400,LITE,41.61299441080667,True,False,0.4408662940537781,2.16362747110829,1.5,1.4388537778729182,0.6343046531445125,-1.5833314259847004,-0.7548308900536107,56.31531263100638,37.5,37.45000076293945,2016
2016-10-28,37.5,41.150001525878906,34.70000076293945,37.45000076293945,2135800,LITE,35.77617915314957,True,False,0.05174527687663802,0.8873256465888065,1.5,1.1840912081371047,1.3728169504781031,-0.019379546955960655,-1.0403910153557197,54.8519277458717,37.75,33.599998474121094,2016
2016-10-31,37.75,37.95000076293945,32.900001525878906,33.599998474121094,3507500,LITE,25.53482632985458,True,True,-0.6310115780096945,-0.42688234253184687,1.5,0.542295229205908,2.1948114954236533,-2.0544565113115234,-2.1678975360153396,60.54138232102004,33.599998474121094,35.79999923706055,2016
2017-01-17,36.04999923706055,36.04999923706055,34.775001525878906,34.900001525878906,678600,LITE,34.98106322945762,True,False,-0.001262451369492131,-0.4230932185421206,0.5,0.17422578924468413,1.4180424406787449,-2.254901520795373,-0.5642947146455052,46.06911318219635,35.04999923706055,34.70000076293945,2017
2017-01-18,35.04999923706055,35.25,34.20000076293945,34.70000076293945,866400,LITE,34.33404050708158,True,True,-0.044397299527894535,-0.454959130925406,0.5,0.14309423735355375,1.3583076026198206,-0.8333303057936211,-0.46809934212607845,44.20278016286556,35.04999923706055,35.099998474121094,2017
2017-01-23,35.04999923706055,35.599998474121094,34.150001525878906,34.400001525878906,986200,LITE,34.328566184832795,True,True,-0.04476225434448035,-0.5571080101347797,-0.5,0.09351368048279407,1.2815020305232814,-1.1206880676018394,-0.10806888705495177,41.13515810839462,34.75,37.70000076293945,2017
2017-04-11,47.04999923706055,47.59999847412109,45.57500076293945,45.70000076293945,1791000,LITE,39.3184710185755,True,False,0.2878980679050334,1.9257700638733601,1.5,0.7889529604789691,1.6345630284528345,-1.6666666666666723,-0.8418365400664665,57.504053063096706,45.09999847412109,44.25,2017
2017-04-12,45.09999847412109,46.303001403808594,44.150001525878906,44.25,2183000,LITE,35.925125782478815,True,False,0.06167505216525437,0.02656598519919588,1.5,0.5985335061316965,1.7309022111511012,-0.9869931750047756,-1.0243777750042524,50.33388851036792,45.59999847412109,44.09999847412109,2017
2017-04-13,45.59999847412109,46.0,43.84999847412109,44.09999847412109,1525900,LITE,35.582999756497614,True,True,0.03886665043317426,-0.3107365823205113,1.5,0.5731275016337911,1.7311062594874083,-1.7441848086442695,-0.8085903905230479,50.99890901470347,44.04999923706055,45.0,2017
2017-04-19,45.900001525878906,45.95000076293945,42.400001525878906,42.95000076293945,2517400,LITE,34.6035671770622,True,True,-0.026428854862519793,-0.5020221731345414,-0.5,0.408223585640074,1.7900929727172286,-2.0774657724871077,-0.32596308134128366,45.172152534025344,43.34999847412109,43.900001525878906,2017
2017-08-04,61.59999847412109,62.34999847412109,58.09999847412109,58.84999847412109,2878000,LITE,42.92199220481891,True,False,0.5281328136545942,-0.08860731582113453,0.5,0.9295256964577903,1.795469094828571,-1.6176470588235294,-0.9517272823252639,40.65489744887916,60.0,58.75,2017
2017-08-07,60.0,60.650001525878906,58.29999923706055,58.75,1988300,LITE,42.71739904503443,True,False,0.5144932696689622,-0.10108562357215105,0.5,0.9086388487815023,1.7441220444702203,-1.3297859388772464,-0.5976500661389356,41.129840953854895,58.70000076293945,59.25,2017
2017-08-09,64.25,64.5,56.79999923706055,57.400001525878906,6306900,LITE,40.1476254272,True,False,0.34317502847999987,-0.4238191554788309,0.5,0.7531479015086662,2.1594080176433263,-2.224025258247548,-0.3079857658959434,45.58916040824001,57.04999923706055,53.04999923706055,2017
2017-08-10,57.04999923706055,57.3129997253418,52.79999923706055,53.04999923706055,3472600,LITE,32.65091081275308,True,False,-0.15660594581646117,-0.6174664416643753,0.5,0.3137974970308377,2.5903467573970596,-2.2158207219269417,-1.2127661197743513,50.286257794147176,52.650001525878906,51.95000076293945,2017
2017-08-11,52.650001525878906,53.84999847412109,51.84999847412109,51.95000076293945,2550800,LITE,31.0709271089995,True,True,-0.26193819273336677,-0.6463929799867659,1.5,0.201507556864301,2.5533010962135734,-0.8750009536743164,-1.540084227227964,51.84395475764721,52.59999847412109,54.09999847412109,2017
2017-11-29,57.54999923706055,57.54999923706055,53.45000076293945,54.09999847412109,4011400,LITE,38.72718968905309,True,False,0.24847931260353942,-0.19556765001794219,1.5,0.02034369499533728,1.2978655413111755,-2.103659784702132,-1.2852406387612605,42.66642752713639,54.34999847412109,54.04999923706055,2017
2017-11-30,54.34999847412109,55.150001525878906,53.5,54.04999923706055,1772200,LITE,38.61537162219722,True,False,0.2410247748131482,-0.4965801312998524,1.5,0.015547148138040923,1.2340278962685973,-0.45454387822571735,-0.8813418274360898,39.58676148477419,53.45000076293945,52.25,2017
2017-12-01,53.45000076293945,53.95000076293945,51.04999923706055,52.25,2169200,LITE,34.72789263861924,True,False,-0.018140490758717456,-0.3330610251796015,1.5,-0.15002096202083148,1.3930366906494744,-1.0344828720182893,-1.1016577888962487,45.046270376635334,52.900001525878906,47.150001525878906,2017
2017-12-04,52.900001525878906,53.29999923706055,46.97499847412109,47.150001525878906,3890900,LITE,26.56707050741697,True,False,-0.5621952995055353,-0.6231098327655221,1.5,-0.6179794432099822,2.1205930547114424,-2.2727269985844885,-1.6058218910040112,54.2234954840725,47.79999923706055,47.150001525878906,2017
2017-12-05,47.79999923706055,49.25,47.0,47.150001525878906,2389600,LITE,26.56707050741697,True,False,-0.5621952995055353,-0.6226063174048456,0.5,-0.6125837555525215,2.0773127930581907,-0.7222196790907117,-1.5957441740467468,47.702925570532805,46.70000076293945,46.400001525878906,2017
2017-12-06,46.70000076293945,47.59999847412109,45.900001525878906,46.400001525878906,2036000,LITE,25.54332163139172,True,True,-0.6304452245738853,-0.5374787206119045,0.5,-0.676501862019081,2.0405459792596394,-0.44117614059653176,-1.399521166057678,49.03644125605424,47.0,48.54999923706055,2017
2018-04-23,59.54999923706055,60.09999847412109,53.5,54.45000076293945,5555600,LITE,35.53775547910671,True,False,0.035850365273780466,-0.47488244512283656,1.5,-0.18233545765253711,2.376584045505121,-1.9318180504580547,-1.7049957530106616,45.89456292508079,54.79999923706055,55.45000076293945,2018
2018-04-25,55.70000076293945,56.400001525878906,50.150001525878906,51.20000076293945,3958000,LITE,32.38175700308274,True,False,-0.17454953312781735,-0.4654917056804441,0.5,-0.46481165061437957,2.8640048095919823,-1.7999999999999998,-1.6248933537665404,46.121598071953606,51.5,51.79999923706055,2018
2018-04-27,52.150001525878906,52.75,50.04999923706055,50.20000076293945,1819400,LITE,31.85944176481054,True,True,-0.20937054901263064,-0.6364744231204138,0.5,-0.5448697558109733,2.7319290701912466,-1.8055557517847833,-1.1834986311462972,46.47773581566841,50.75,50.45000076293945,2018
2018-10-05,58.900001525878906,58.900001525878906,53.63999938964844,54.91999816894531,3153800,LITE,30.522727443566254,True,True,-0.2984848370955831,-0.284338042803638,0.5,-0.33334313452119235,1.0426496320733378,-1.8916358082440938,-1.098239701869462,46.27146036713131,54.97999954223633,55.9900016784668,2018
2018-11-12,44.02000045776367,44.43999862670898,37.0,37.5,17787600,LITE,25.380362067102908,True,True,-0.6413091955264728,-0.5855546574603786,0.5,-1.7780024209690215,5.639188512995835,-2.190860773265942,-4.2647572895435735,44.39135966458018,37.959999084472656,38.95000076293945,2018
2019-05-13,56.79999923706055,57.22999954223633,55.220001220703125,55.459999084472656,1911200,LITE,35.70645320512294,True,True,0.047096880341529375,1.7174307061210452,1.5,0.16980434261999133,1.1299757803428525,-1.666668248217434,-0.9284762089537199,56.03283645212125,56.38999938964844,57.34999847412109,2019
2019-05-16,53.97999954223633,54.02999877929688,50.13999938964844,50.20000076293945,4949800,LITE,28.29920212946425,True,False,-0.4467198580357168,-0.4800115030070263,0.5,-0.323361798846466,1.8196067876085984,-2.4293055092474507,-1.1855387685639776,51.176564717898565,49.27000045776367,46.31999969482422,2019
2019-05-17,49.27000045776367,49.52999877929688,46.04999923706055,46.31999969482422,4165300,LITE,23.431712325685353,True,False,-0.7712191782876431,-0.6008309030580039,1.5,-0.6789342847277735,2.2683951332993546,-2.1192537004212566,-2.404097443933259,55.69378978573592,44.4900016784668,44.41999816894531,2019
2019-05-20,44.4900016784668,46.25,44.0,44.41999816894531,3910000,LITE,21.483062351087895,True,True,-0.9011291765941404,-0.5631361075062279,1.5,-0.8491077540248831,2.3923214793242824,-0.07778167724609375,-2.7158594341530145,53.29916340932634,47.09999847412109,46.15999984741211,2019
2019-05-31,41.06999969482422,41.5,40.27999877929688,40.470001220703125,1336300,LITE,21.275082005054102,True,True,-0.9149945329963932,-0.6129824191626883,0.5,-1.1625150755223645,2.22017254905352,-1.229503839707839,-0.7107896281127984,55.424622046695134,40.34000015258789,41.2599983215332,2019
2019-09-27,55.060001373291016,55.417999267578125,52.34000015258789,52.790000915527344,1493500,LITE,36.762297224862195,True,False,0.11748648165747966,-0.11174974097779455,0.5,-0.1190397039908303,1.1628813473943809,-1.8437305965330613,-0.43426534990205073,42.73061394968643,53.29999923706055,53.560001373291016,2019
2019-10-01,53.72999954223633,54.20500183105469,51.22999954223633,51.25,895700,LITE,34.53751904020126,True,False,-0.030832063986582624,-0.5693612625520063,0.5,-0.25851434625944414,1.2298166542779996,-2.084031625418815,-1.0377526033995235,41.449526846487075,50.52000045776367,50.11000061035156,2019
2019-10-02,50.52000045776367,50.720001220703125,49.08000183105469,50.11000061035156,1099000,LITE,32.31462241986344,True,False,-0.179025172009104,-0.3577228140349022,0.5,-0.36062292384032635,1.2903258525175112,-0.625,-0.6345899457039741,43.48743490574818,49.810001373291016,48.77000045776367,2019
2019-10-03,49.810001373291016,50.0099983215332,48.43999862670898,48.77000045776367,1869800,LITE,29.880196881684014,True,True,-0.3413202078877324,-0.5658943096920367,1.5,-0.4803258628229107,1.3176139313084543,-1.656052735162761,-1.117905338104601,49.06237314426472,49.72999954223633,51.59000015258789,2019
2020-01-15,80.02999877929688,80.5,75.51000213623047,75.88999938964844,3558600,LITE,44.862626673788505,True,True,0.6575084449192337,2.93384341768637,0.5,1.1006363291279275,0.3047184909928884,-2.074148878753732,-0.6702835329908743,50.543857581628366,76.97000122070312,77.75,2020
2020-01-27,76.26000213623047,77.36000061035156,75.58000183105469,75.88999938964844,788500,LITE,44.31477190756319,True,True,0.6209847938375461,1.9129659753721724,0.5,0.9986104396448536,0.36521286775549217,-0.5196671352889742,-0.4600840037094406,43.965195315002305,76.47000122070312,77.73999786376953,2020
2020-01-31,77.08000183105469,77.4800033569336,75.61000061035156,75.7699966430664,1256700,LITE,44.08578147219192,True,True,0.6057187648127945,1.465897367111509,0.5,0.9378751923099682,0.401739291694507,-1.7513412619081616,-0.3167612031832259,44.49679693151123,76.31999969482422,77.22000122070312,2020
2020-02-24,78.1500015258789,81.05000305175781,77.0,80.0,2010100,LITE,43.49386225022162,True,False,0.5662574833481079,0.5288962437322788,1.5,0.9729623332347215,1.1446557466478726,1.1419735062410283,-1.0347398990561667,39.85215867141316,80.5999984741211,77.80000305175781,2020
2020-02-25,80.5999984741211,81.3499984741211,77.63999938964844,77.80000305175781,1720400,LITE,40.126846668920976,True,False,0.3417897779280651,-0.21733186098606452,1.5,0.7993727872070999,1.244743962929749,-1.8867898337778672,-1.2311702925001902,44.49582267102817,78.12999725341797,77.52999877929688,2020
2020-02-26,78.12999725341797,79.7699966430664,76.77999877929688,77.52999877929688,1209600,LITE,39.720436648940655,True,False,0.3146957765960437,-0.2668851212348393,1.5,0.7702978882495515,1.2298471866773977,-0.5016713234074585,-0.843456917779646,43.327940092761345,74.88999938964844,74.80000305175781,2020
2020-02-27,74.88999938964844,77.78900146484375,73.125,74.80000305175781,1843500,LITE,35.77508217546091,True,True,0.05167214503072728,-0.3440266998819436,1.5,0.5608375863036974,1.418035969772057,-0.04823987437021527,-0.812499523162842,46.62259774715094,71.26000213623047,77.81999969482422,2020
2020-03-12,66.5,72.55999755859375,65.0,66.81999969482422,2128000,LITE,35.23351466221983,True,True,0.01556764414798882,-0.4284294000290944,0.5,-0.10946101971349376,3.414607518945622,0.1058200390754301,-1.1267705825350027,43.20029014707713,70.80999755859375,72.25,2020
2020-08-20,85.30999755859375,87.0,83.42500305175781,84.27999877929688,1454500,LITE,42.116282948610134,True,True,0.4744188632406756,1.8211754851530755,1.5,0.48942846058779743,1.127070591367064,-0.7202794814995026,-0.8333338965961057,48.84163577077173,83.83999633789062,85.73999786376953,2020
2020-09-03,78.8499984741211,78.8499984741211,75.37999725341797,77.08000183105469,4310500,LITE,33.551027126223474,True,False,-0.09659819158510174,-0.3556952016127955,-0.5,-0.028285286907861473,1.4854720165403994,-1.2752132711842048,-1.2965113617653068,39.792148526977954,77.9000015258789,76.3499984741211,2020
2020-09-04,77.9000015258789,79.69000244140625,73.18000030517578,76.3499984741211,2192100,LITE,32.695528002583956,True,False,-0.15363146649440296,-0.11763249072926237,0.5,-0.07463225432838227,1.6943299984726412,-0.5952390718627787,-1.43863010629158,44.38753636540847,74.01000213623047,73.11000061035156,2020
2020-09-08,74.01000213623047,75.93000030517578,73.0199966430664,73.11000061035156,1403400,LITE,29.1436193748322,True,False,-0.3904253750111868,-0.6509266046356694,1.5,-0.28098202157261665,1.8094625180070338,-0.7731962141471344,-2.0425676391794862,47.78365014366809,75.19000244140625,72.62000274658203,2020
2020-09-09,75.19000244140625,75.9800033569336,72.0999984741211,72.62000274658203,2077100,LITE,28.63693889991592,True,False,-0.4242040733389388,-0.5758429127041503,1.5,-0.3096919416627675,1.8373703420487257,-1.655925554506843,-0.7232743543273648,54.19794171568611,73.5,70.25,2020
2020-09-10,73.5,74.19999694824219,69.72000122070312,70.25,2499800,LITE,26.25896224123521,True,True,-0.5827358505843193,-0.5752317970592006,1.5,-0.4585810144546737,2.0005297597669047,-1.813617801029288,-0.9986900124478545,56.306972791769276,71.02999877929688,70.48999786376953,2020
2021-01-19,95.01000213623048,96.77999877929688,91.91000366210938,94.5999984741211,11441800,LITE,43.55433262893123,True,True,0.5702888419287485,1.580992165904479,0.5,0.6333211308840336,1.397622981307213,-0.2104743702218396,-1.4784698402833307,40.99192749769463,97.12999725341795,96.01000213623048,2021
2021-01-29,97.31999969482422,97.97000122070312,93.41000366210938,93.8000030517578,1589900,LITE,42.48394716731052,True,False,0.4989298111540345,1.1332698893300586,0.5,0.5187845292158966,1.4317088519242147,-1.9298237541995233,-0.4805227937832987,45.61873190570095,95.86000061035156,95.62000274658205,2021
2021-02-02,91.0,91.86000061035156,85.9000015258789,88.13999938964844,6703600,LITE,36.02816516310253,True,True,0.06854434420683522,0.10063315756294511,0.5,0.17747599770680522,1.8656351818726673,-1.1996648698330366,-0.9657660061739626,45.56029471960914,90.2300033569336,88.54000091552734,2021
2021-02-09,88.43000030517578,89.69999694824219,86.43000030517578,87.06999969482422,2236800,LITE,35.54244520053379,True,True,0.03616301336891941,-0.27198614675232086,1.5,0.1050034055036031,1.5485066010222575,-1.0397568857106192,-0.3461757778361288,48.38340785476683,87.52999877929688,88.72000122070312,2021
2021-03-08,84.70999908447266,86.0,82.91000366210938,82.91000366210938,1475200,LITE,33.95226074188905,True,True,-0.06984928387406342,-0.6061294530386168,0.5,-0.1815082922973288,1.2023957888197518,-1.456308701964386,-0.5284734962482718,42.72494883241087,84.7300033569336,85.69000244140625,2021
2021-03-24,83.0999984741211,83.22000122070312,78.0009994506836,79.0,3150600,LITE,33.75181997257866,True,True,-0.08321200182808942,-0.4766315398888496,0.5,-0.4073977347928448,1.2908161683439585,-1.9639763765139278,-0.6793154276054577,43.09819170884997,83.02999877929688,85.73999786376953,2021
2021-05-03,85.29000091552734,86.7300033569336,83.72000122070312,83.87000274658203,1069500,LITE,32.76649029177122,True,False,-0.148900647215252,0.7214225333998682,1.5,-0.197954878316407,0.5738996502907111,-1.1793996355129053,-1.4002110301096562,49.13948125659158,82.87999725341797,83.72000122070312,2021
2021-05-04,82.87999725341797,83.93000030517578,81.5,83.72000122070312,1307300,LITE,32.52725879487873,True,False,-0.16484941367475112,0.6994025299056806,1.5,-0.20457226556491903,0.5558027239942828,0.8642015039010377,-1.2035835259760956,46.26535764954639,83.16999816894531,81.16999816894531,2021
2021-05-05,83.16999816894531,83.98999786376953,80.69000244140625,81.16999816894531,1429800,LITE,28.692122401894196,True,True,-0.4205251732070536,0.08056187150573146,1.5,-0.3473882949507534,0.6554848809146525,-1.5151536169160096,-0.5702534896517425,53.71905884623568,80.06999969482422,81.38999938964844,2021
2021-05-12,71.5,72.0,68.06999969482422,68.23999786376953,9809900,LITE,20.840150704138807,True,False,-0.9439899530574128,-0.6352556032411144,0.5,-1.0705319975382148,1.8581787952928221,-2.0737925464897993,-2.2142171692011656,52.24656271798172,68.51000213623047,67.43000030517578,2021
2021-05-13,68.51000213623047,68.62200164794922,65.66999816894531,67.43000030517578,4673900,LITE,20.30913459672648,True,True,-0.9793910268849013,-0.33718677113363266,0.5,-1.108522479080758,1.8541920282930744,-0.914634619112231,-2.064503666634078,52.53470259064993,67.7750015258789,70.05000305175781,2021
2021-08-10,80.38999938964844,81.99199676513672,79.2300033569336,79.83000183105469,880600,LITE,40.20946288897777,True,False,0.3472975259318512,-0.459538556036124,0.5,-0.2603959376886428,0.026720306119798014,-0.5068780730346389,-0.16075195996752,31.90652302070503,79.97000122070312,79.69999694824219,2021
2021-08-11,79.97000122070312,80.0780029296875,77.91000366210938,79.69999694824219,601900,LITE,39.71738040903546,True,False,0.3144920272690304,-0.0810597692369901,1.5,-0.26558838713462485,0.037862338645668306,-0.3113518953843555,-0.2399712569187737,36.946739405521384,79.51000213623047,79.11000061035156,2021
2021-08-12,79.51000213623047,79.7300033569336,78.67900085449219,79.11000061035156,341300,LITE,37.475894691563525,True,False,0.16505964610423499,-0.26001514125640485,1.5,-0.29782266511936495,-0.008822025289809132,-0.9514761500323032,-0.23868581624161417,39.55987205914952,79.37000274658203,78.63999938964844,2021
2021-08-13,79.37000274658203,79.69999694824219,78.25,78.63999938964844,438800,LITE,35.745249403513995,True,False,0.049683293567599665,-0.4145526783671996,1.5,-0.3227266529515921,-0.030236955428477923,-1.2586291264587959,-0.18633383660767444,41.41866435625373,78.43000030517578,78.37999725341797,2021
2021-08-16,78.43000030517578,79.22000122070312,78.16999816894531,78.37999725341797,545700,LITE,34.788165106699566,True,True,-0.014122326220028942,-0.4988823838500318,1.5,-0.3350512193154165,-0.07829219619716796,-0.11905453911324895,-0.2070263088719812,40.00009698200092,77.91500091552734,80.23999786376953,2021
2021-10-25,83.98999786376953,84.30000305175781,81.18000030517578,81.33999633789062,747600,LITE,37.90238997553866,True,False,0.19349266503591073,-0.4766157320592779,1.5,-0.18620549437870726,-0.027896885956072797,-2.1233967892992944,-0.5900794012878186,39.52494388819173,81.69000244140625,80.77999877929688,2021
2021-10-26,81.69000244140625,82.22000122070312,80.66999816894531,80.77999877929688,675700,LITE,36.37851422733563,True,False,0.0919009484890419,-0.6293914395548056,1.5,-0.21725907458617078,-0.043031548326804656,-1.4677449523040724,-0.603793385778531,39.31688694894386,80.83000183105469,80.69999694824219,2021
2021-10-27,80.83000183105469,81.87000274658203,80.5999984741211,80.69999694824219,628300,LITE,36.15487483630348,True,True,0.07699165575356517,-0.631900568117654,1.5,-0.21988397058459175,-0.0825710952513816,-0.25591426271461354,-0.4982162376384297,37.736185583780596,80.94999694824219,82.0999984741211,2021
2022-01-19,104.0199966430664,104.0199966430664,99.3499984741211,99.44000244140624,1245500,LITE,40.97227023821962,True,False,0.39815134921464146,2.671419442628833,0.5,0.514534399339901,0.37560851925939864,-2.4518179857737135,-0.6978728245413846,51.87322156400155,100.62000274658205,98.9800033569336,2022
2022-01-20,100.62000274658205,101.76499938964844,98.88999938964844,98.9800033569336,736400,LITE,39.9938273193225,True,False,0.33292182128816655,2.5838024124083834,1.5,0.4836881030085216,0.37686060709391883,-1.4260864257812624,-0.8673370170961272,53.961044086279124,98.5,97.48999786376952,2022
2022-01-21,98.5,99.91999816894533,97.3499984741211,97.48999786376952,564300,LITE,36.91841010179203,True,False,0.12789400678613513,2.2886885906408185,1.5,0.39683063364734705,0.3854278688748864,-0.9824924670852527,-0.7847047430822235,55.43163131272226,95.86000061035156,98.5199966430664,2022
2022-01-25,97.05999755859376,97.05999755859376,94.0,95.4800033569336,872700,LITE,34.4116798138099,True,True,-0.03922134574600686,1.6735297058821599,0.5,0.27784305696855083,0.5796053551305456,-1.290845965892097,-0.44200847157210427,53.43469551940832,99.0199966430664,97.83000183105467,2022
2022-02-03,90.5,93.77999877929688,85.18000030517578,86.37000274658203,5484100,LITE,28.681279335071636,True,True,-0.4212480443285576,-0.3182721494027663,0.5,-0.2501805637488924,1.5576539710302697,-1.2005808099402155,-1.861204191776268,46.89253610844908,86.70999908447266,90.4000015258789,2022
2022-04-27,83.0,83.80999755859375,80.69999694824219,80.8499984741211,840000,LITE,33.68346053266369,True,True,-0.08776929782242084,-0.6338452049910589,0.5,-0.5889670988720674,0.8456548893884938,-1.728296707340408,-0.5342766767527762,40.2528531458143,81.79000091552734,83.26000213623047,2022
2022-06-16,78.25,78.9800033569336,73.97000122070312,75.20999908447266,1306900,LITE,32.648635000205786,True,True,-0.1567576666529476,-0.4251003134292444,0.5,-0.8132482582993994,1.3667103534179863,-1.5169658778901458,-0.6506802123845065,42.143832338380065,75.66000366210938,76.66999816894531,2022
2022-08-31,84.81999969482422,84.9000015258789,83.4000015258789,83.55000305175781,697800,LITE,37.63684392075013,True,False,0.1757895947166754,1.4377452030579863,1.5,-0.26846506876543663,0.4617304388532593,-2.1166610717773438,-0.458318947032757,50.21318326181877,82.2300033569336,80.16999816894531,2022
2022-09-01,82.2300033569336,83.06999969482422,79.42500305175781,80.16999816894531,829800,LITE,32.13001693620616,True,False,-0.1913322042529226,0.5456615996562908,1.5,-0.4557198790636252,0.6380417740403229,-1.4128992353853527,-0.8106854325024656,50.116484538824544,80.5,79.58999633789062,2022
2022-09-02,80.5,81.44999694824219,79.25,79.58999633789062,711500,LITE,31.284136223608556,True,False,-0.2477242517594296,0.4221856133090169,1.5,-0.48420530702385167,0.6206421388311655,-1.0340965050388753,-0.7707503206423522,49.84247838136528,80.75,78.44000244140625,2022
2022-09-06,80.75,80.75,78.12999725341797,78.44000244140625,1065300,LITE,29.61911018562654,True,True,-0.3587259876248974,0.14377593926805599,1.5,-0.544582178460935,0.6474555592090957,-2.2041938330096182,-0.7645123314935733,52.42924631381389,79.05999755859375,79.08999633789062,2022
2022-09-16,75.61000061035156,75.86000061035156,74.58999633789062,74.98999786376953,1338500,LITE,28.862311026164377,True,False,-0.40917926492237483,-0.5583333081983949,1.5,-0.7066291891959114,0.5216672005768244,-1.220473741754875,-0.70021469676423,47.288075349494264,74.5,74.22000122070312,2022
2022-09-19,74.5,75.07499694824219,73.56999969482422,74.22000122070312,749200,LITE,27.74666326600247,True,False,-0.4835557822665019,-0.4855993439712723,1.5,-0.7443557328705197,0.4829985081782664,-0.465115100145491,-0.7339881647140347,47.290844758862825,73.37000274658203,72.76000213623047,2022
2022-09-20,73.37000274658203,74.11000061035156,72.62999725341797,72.76000213623047,780100,LITE,25.71682350740805,True,False,-0.6188784328394632,-0.6295624267245702,1.5,-0.8211832411029563,0.47356557945707434,-1.0304040992437637,-0.5202838693572672,50.340384118522444,72.97000122070312,72.58999633789062,2022
2022-09-21,72.97000122070312,74.68000030517578,72.56999969482422,72.58999633789062,736800,LITE,25.483048432534204,True,False,-0.6344634378310531,-0.6609198050256828,1.5,-0.8240416903280928,0.46376231113701705,-0.45024262190756503,-0.40005360618873276,49.7846535459686,72.44000244140625,71.2699966430664,2022
2022-09-22,72.44000244140625,72.4749984741211,70.66000366210938,71.2699966430664,645300,LITE,23.68289142827345,True,False,-0.75447390478177,-0.48923068000019515,1.5,-0.8926223281444168,0.4771807658332193,-1.6115828411694235,-0.49683450032298043,54.26221237893022,69.91999816894531,70.4000015258789,2022
2022-09-23,69.91999816894531,70.7249984741211,69.16999816894531,70.4000015258789,717500,LITE,22.552121933850614,True,False,-0.8298585377432924,-0.3067283222873678,1.5,-0.935134955174412,0.4906951873473282,0.7717094256121912,-0.4054426438053274,52.47167938501259,69.86000061035156,68.66000366210938,2022
2022-09-26,69.86000061035156,70.58999633789062,68.00199890136719,68.66000366210938,1081800,LITE,20.44915998035674,True,True,-0.9700560013095507,-0.47596588795498507,1.5,-1.0274145678777373,0.5668553044448433,-1.1591944907934224,-0.6767448811899626,56.56950679840488,69.83000183105469,70.0199966430664,2022
2023-02-27,54.52999877929688,54.560001373291016,52.36000061035156,52.5099983215332,1751400,LITE,28.782828028577953,True,True,-0.4144781314281365,0.5751947457007266,0.5,-1.1854249610969192,0.909618923231761,-2.2954542695984417,-0.974539592169682,48.72771662583188,52.09000015258789,53.810001373291016,2023
2023-05-12,43.29999923706055,43.45000076293945,42.0,42.220001220703125,1872400,LITE,27.13593953422364,True,True,-0.5242706977184242,-0.570034261224753,1.5,-1.5201090769186953,0.7299663638242259,-1.8620645656903678,-1.0246793651262367,45.90053725679039,42.29999923706055,45.119998931884766,2023
2023-08-01,51.54999923706055,51.72999954223633,50.82500076293945,51.43999862670898,1630800,LITE,42.0156891152533,True,False,0.4677126076835535,0.419113982704173,0.5,-0.523976791196541,0.7802496965615163,-0.30386949924129425,-0.31273685955688496,33.652571755212946,50.54999923706055,50.5099983215332,2023
2023-08-02,50.54999923706055,50.96200180053711,50.3650016784668,50.5099983215332,979800,LITE,38.62036800622916,True,True,0.2413578670819438,-0.18578354427861177,0.5,-0.5996031398223389,0.7486519218819613,-0.16750798722044727,-0.441654475566558,33.87950095884812,50.25,50.959999084472656,2023
2023-08-10,50.5,51.08000183105469,49.810001373291016,49.90999984741211,1126900,LITE,38.2884524038273,True,False,0.21923016025515332,-0.5665208000897092,0.5,-0.6252382131140172,0.6452247295740866,-1.1614172045788365,-0.5848932234482934,33.407253527446116,49.25,49.52999877929688,2023
2023-08-11,49.25,49.790000915527344,48.56999969482422,49.52999877929688,1402600,LITE,36.947321859440436,True,True,0.12982145729602906,-0.29083389253273473,1.5,-0.6528493353728676,0.6253899119057276,0.5737674162643666,-0.6981510570696444,36.27107499841971,49.2599983215332,50.58000183105469,2023
2023-08-16,48.43999862670898,49.43999862670898,45.06999969482422,46.810001373291016,6120400,LITE,32.51028892436915,True,False,-0.16598073837539004,-0.10309418828116845,-0.5,-0.875735718743707,1.2647578702638367,-0.9324929358249019,-0.68645201722244,38.4773501930415,48.84999847412109,46.20000076293945,2023
2023-08-17,48.84999847412109,49.0,44.75,46.20000076293945,4108800,LITE,31.131021627140072,True,True,-0.2579318915239952,-0.23021848428119784,0.5,-0.9219374783440804,1.5293647572486715,-1.5588221830480198,-1.0824438783991002,43.63100121924408,45.5099983215332,47.97999954223633,2023
2023-09-27,44.880001068115234,45.290000915527344,43.40999984741211,43.83000183105469,1883800,LITE,28.826478252605455,True,True,-0.4115681164929697,-0.49143352852796185,1.5,-1.0054126762204822,0.7637520224184208,-1.3962747879090398,-0.6948928099655249,47.13238524435698,44.02999877929688,44.95000076293945,2023
2023-10-05,42.95000076293945,43.025001525878906,40.875,41.61000061035156,1408100,LITE,27.705544355596203,True,False,-0.48629704296025317,-0.36300365177275545,1.5,-1.1642743169163987,0.9186607982143649,-1.5581386064832063,-1.113725828489942,47.79933219684028,41.08000183105469,41.220001220703125,2023
2023-10-06,41.08000183105469,41.869998931884766,40.79999923706055,41.220001220703125,1148200,LITE,26.83291981126341,True,True,-0.5444720125824394,-0.4888656147601773,1.5,-1.19112802298582,0.8803189775286852,0.3271014709762063,-0.9860331785745454,45.13419455961027,40.68000030517578,41.2599983215332,2023
2023-10-23,38.59999847412109,38.59999847412109,37.52999877929688,37.630001068115234,1169000,LITE,24.558983141540182,True,True,-0.6960677905639879,-0.6189369104840796,1.5,-1.4307646248125572,0.8079274466439408,-2.2663497258408514,-0.6933983044704828,51.28422340566106,37.630001068115234,38.560001373291016,2023
2024-02-08,51.2599983215332,51.31800079345703,45.380001068115234,45.584999084472656,11262500,LITE,33.55581694812767,True,True,-0.09627887012482196,0.40513901885372433,0.5,-0.5023580724166116,2.458644874342651,-2.389272271620848,-2.251573665579751,46.52530918627587,45.810001373291016,50.20500183105469,2024
2024-04-15,43.75,43.91999816894531,41.7599983215332,41.810001373291016,950900,LITE,30.744994517941976,True,True,-0.2836670321372016,-0.6479573024006136,1.5,-0.7905532406228843,1.174356533022359,-2.2453689395317458,-0.9732021304082946,47.00201452737676,42.04999923706055,43.310001373291016,2024
2024-07-25,52.77999877929688,52.77999877929688,50.709999084472656,50.83000183105469,1568100,LITE,42.310814493548406,True,True,0.48738763290322706,2.423393910923984,1.5,0.1654968748636354,0.7781385673458818,-2.355069125273203,-1.0352752818346898,50.96630204851092,51.45000076293945,51.83000183105469,2024
2024-07-30,51.86000061035156,52.2400016784668,48.560001373291016,49.04999923706055,2319900,LITE,38.25089504478013,True,True,0.2167263363186753,1.7007123429906963,0.5,-0.020425218228298236,0.9589712698109043,-1.9089681659393172,-0.43773424401753747,49.436961595792596,50.36000061035156,51.77999877929688,2024
2024-08-02,46.29999923706055,47.025001525878906,44.290000915527344,44.33000183105469,1795900,LITE,32.60484657752305,True,False,-0.15967689483179678,-0.07181964918157917,0.5,-0.49626067635850535,1.9401898646778035,-1.8007284884596715,-1.2028535880280882,46.04399954508624,40.70000076293945,41.470001220703125,2024
2024-08-05,40.70000076293945,42.13999938964844,38.28499984741211,41.470001220703125,3650000,LITE,28.740009774708838,True,False,-0.41733268168607746,0.1319238278471464,1.5,-0.7802171332581159,2.6076719180247365,0.49935184772874575,-2.4888947956860488,48.213712194313295,41.810001373291016,41.59000015258789,2024
2024-08-07,42.650001525878906,43.97999954223633,40.2599983215332,40.27999877929688,1425100,LITE,27.403294720958982,True,True,-0.5064470186027346,-0.1738751609489133,0.5,-0.8877073551603953,2.80024626559715,-1.5927432586527923,-1.1420039714843413,52.394705003267646,42.119998931884766,43.34000015258789,2024
2024-12-18,89.97000122070312,90.47000122070312,81.38500213623047,82.9000015258789,3009800,LITE,45.92910900660092,True,True,0.7286072671067279,2.4298313910973537,0.5,1.5935589904005842,1.8861230042195833,-1.945514696558332,-1.3479332813868898,51.889816757006464,84.4000015258789,83.55999755859375,2024
2025-01-27,88.7300033569336,88.8499984741211,71.05000305175781,74.16999816894531,7619600,LITE,34.75340517791017,True,True,-0.016439654805988843,-0.29439394360068577,1.5,0.43812838480300154,3.3553935052128887,-2.044945074774515,-3.263847355253363,49.16377817530419,76.80000305175781,77.80000305175781,2025
2025-02-25,72.05000305175781,72.13999938964844,67.66000366210938,70.38999938964844,3035100,LITE,33.81887763576192,True,True,-0.07874149094920521,-0.30250108733368436,1.5,0.00033456942327037,3.0666939571267267,-0.926342212730883,-0.9742594370038243,52.113340008950274,72.18000030517578,72.5,2025
2025-03-03,71.41999816894531,71.41999816894531,64.37999725341797,65.69000244140625,2905300,LITE,31.42525435706287,True,False,-0.23831637619580875,-0.497417499567774,0.5,-0.331266113818357,3.5701175536724277,-2.034799354535967,-1.17413751010237,50.03003816969518,62.79999923706055,65.08999633789062,2025
2025-03-04,62.79999923706055,66.88999938964844,61.34600067138672,65.08999633789062,3304300,LITE,30.866646962451682,True,False,-0.27555686916988786,-0.18550960674363,0.5,-0.37046504226606547,3.646478839339048,1.0326468390436832,-0.8133449852732524,47.7199945683357,65.13999938964844,67.33999633789062,2025
2025-03-06,64.56999969482422,66.77999877929688,60.90999984741211,61.09000015258789,2890600,LITE,29.571979445798263,True,False,-0.3618680369467825,-0.6437045073849091,0.5,-0.6474876197147628,4.036392430096584,-1.4821125108445947,-0.8753238921176478,49.92084456292387,61.54999923706055,62.11000061035156,2025
2025-03-10,59.65999984741211,60.75,55.959999084472656,57.40999984741211,3734300,LITE,27.66642578228695,True,True,-0.48890494784753663,-0.4835050109345218,0.5,-0.8976059325640345,4.46196620353165,-1.1743212786799078,-1.843257542043246,48.30882279920072,59.5099983215332,62.04999923706055,2025
2025-09-24,162.47500610351562,163.10000610351562,151.3699951171875,152.75,5478400,LITE,54.59178312649154,True,True,1.3061188750994361,4.200871847083189,1.5,2.9465450226555965,1.491299641000358,-2.072676256409856,-1.1838437246024083,54.14465134448295,146.6199951171875,159.11000061035156,2025
2025-10-07,160.99000549316406,162.74899291992188,154.11000061035156,157.14999389648438,2523900,LITE,51.91860075711791,True,True,1.1279067171411938,3.2098702076725476,1.5,2.712784366878661,2.053343465587762,-1.1112440719578214,-0.9278355009952596,56.99391082179403,159.3800048828125,163.08999633789062,2025
2025-10-10,160.8000030517578,160.8000030517578,147.80999755859375,149.61000061035156,3375900,LITE,44.88407890861812,True,True,0.6589385939078748,2.264132044182609,0.5,2.2262429741072864,2.226609524609127,-2.153579235839227,-0.5997449553752018,59.25377907149812,158.3000030517578,160.55999755859375,2025
2026-01-05,388.3399963378906,393.0,344.6700134277344,357.04998779296875,5787800,LITE,54.33189033414755,True,True,1.2887926889431702,4.160604715890924,0.5,4.704994277689576,2.7904715850148767,-1.6185607923838004,-0.47584747163200575,56.20434935281557,355.67498779296875,397.4200134277344,2026
2026-01-08,394.2999877929688,395.0400085449219,343.0,348.260009765625,5137300,LITE,49.91656133109778,True,False,0.9944374220731854,3.0991296844668326,0.5,4.1779345233726,3.8931412152254157,-2.211758765738925,-0.30772925108040194,63.57737537836904,334.302001953125,351.4200134277344,2026
2026-01-12,340.3599853515625,343.79998779296875,322.69000244140625,339.8699951171875,5803900,LITE,47.98331018547106,True,False,0.8655540123647375,2.189396999229558,0.5,3.8134328039982788,4.0346589590679285,-0.05802825371675735,-1.6865839794212967,54.57446780912432,336.9349975585937,361.3299865722656,2026
2026-01-14,354.1499938964844,357.0,327.3800048828125,331.6199951171875,3665000,LITE,46.37058945727799,True,False,0.7580392971518658,1.956123320618081,0.5,3.465961865344712,4.274625200486047,-1.9015869761422972,-0.7042860947722648,61.46096691658471,334.864990234375,343.2699890136719,2026
2026-01-16,348.5799865722656,354.0,317.44000244140625,324.25,3780700,LITE,45.10160905376882,True,True,0.6734406035845879,1.7707738694183943,0.5,3.1640239930596903,4.457278918967223,-1.6637026939944806,-1.2827604942238058,60.082277391099474,323.82501220703125,356.8299865722656,2026
2026-05-20,917.010009765625,929.260009765625,856.22998046875,868.0700073242188,5195000,LITE,46.910266691410776,True,True,0.794017779427385,1.184404571676249,0.5,3.367382155613524,4.5760148693811455,-1.6753383133142334,-1.3215978622667865,55.06272774825425,869.7999877929688,964.5,2026
2026-05-28,936.7000122070312,948.489990234375,854.52001953125,860.6199951171875,6128600,LITE,45.794558529619145,True,False,0.719637235307943,1.1831756895554484,1.5,2.996488553270199,4.426254835023673,-2.024051314493857,-1.1389801862961277,61.16715659348455,860.6799926757812,854.9600219726562,2026
2026-05-29,860.6799926757812,869.0,822.5,854.9600219726562,6364000,LITE,45.31352608551672,True,True,0.6875684057011147,1.1894018753453859,1.5,2.897630358359451,4.287494022374905,-0.30752530661962363,-0.7664877380524223,59.46833993284897,825.25,905.0,2026
2026-06-09,908.1199951171876,914.0,776.010009765625,821.760009765625,7966100,LITE,43.52486509244649,True,True,0.5683243394964327,-0.2879534053994414,0.5,2.2540066658423408,5.7252372942020475,-1.5646059762175648,-1.6310789178459504,47.282180121007805,833.6950073242188,853.260009765625,2026
2026-07-01,818.405029296875,841.260009765625,784.0,801.1599731445312,4202800,LITE,43.07268174104713,True,False,0.5381787827364751,-0.26424905887391664,-0.5,1.5904028858776276,4.834552583680826,-0.7529275764591514,-0.2420501068328182,43.50692644447876,777.5750122070312,728.3200073242188,2026
2026-07-02,777.5750122070312,803.9000244140625,710.010009765625,728.3200073242188,5217800,LITE,37.73070093771338,True,False,0.18204672918089196,-0.5126463939651518,0.5,0.979420967059772,5.587802511542455,-1.3115080732291746,-1.807023924719582,45.80248368183237,729.0,731.25,2026
2026-07-07,699.4199829101562,732.5700073242188,680.4299926757812,698.9099731445312,3750800,LITE,35.790059438914014,True,True,0.05267062926093426,-0.5004233247722524,0.5,0.7182647049673097,5.4022602456173985,-0.024453856076941265,-1.5953430561232287,45.30196906664688,688.9000244140625,707.0999755859375,2026
2026-07-29,655.2100219726562,655.2100219726562,594.8400268554688,602.3499755859375,6388600,LITE,34.183176505291144,True,True,-0.054454899647257096,-0.5988351005604066,1.5,-0.23524623708076509,6.502423934113261,-2.1890032575002376,-2.6317516727691963,46.259024726803105,661.9099731445312,693.239990234375,2026
2010-04-30,13.664574307584592,13.732422504446118,13.04715817492847,13.060728073120115,20394500,GLW,39.8844957777758,True,False,0.3256330518517198,1.893137645621862,1.5,-0.022194176919853037,0.1372248306693529,-2.202968287031366,-0.5405083289099624,49.79060989732344,13.209992649954025,13.440675735473633,2010
2010-05-04,13.29141328719364,13.318551793811306,12.762198820131438,12.850401878356934,15089800,GLW,39.111799833388545,True,False,0.27411998889256967,1.32748354482517,0.5,-0.10254088313680465,0.3220260774094446,-1.9817068915788232,-0.6268778561935847,43.83738242055904,12.68756256138052,12.667207717895508,2010
2010-05-05,12.68756256138052,12.823257635657844,12.375461431759376,12.667207717895508,19674900,GLW,36.71341044103285,True,False,0.11422736273552327,0.9807629683483906,0.5,-0.17070215501786612,0.38522431044221683,-0.11363899083894365,-0.3766255918329117,42.5267474932521,12.531511768949295,11.873387336730955,2010
2010-05-06,12.531511768949295,12.551866613115584,10.523213732017132,11.873387336730955,34028600,GLW,28.54500451493557,True,True,-0.43033303233762865,1.0805538405479747,1.5,-0.4690734583795475,1.225909085399061,-0.8110362772634447,-1.4575982167754533,55.81159998654845,11.975158840037896,11.900527000427246,2010
2010-08-19,11.323298172047991,11.323298172047991,10.880982080563372,10.908202171325684,25358500,GLW,32.37566763866039,True,False,-0.1749554907559741,-0.24961771221967988,-0.5,-0.6399014041491358,0.6601880665947876,-2.3461502346040137,-0.39274835889549914,40.630375761560344,10.744881389085648,10.955832481384276,2010
2010-08-23,11.044298314566705,11.064713381868003,10.819737765953668,10.846957206726074,15478800,GLW,32.195412086595795,True,False,-0.18697252756028035,-0.24842727614079121,0.5,-0.6533174472089776,0.6000009670661781,-2.013885209596109,-0.5831332356167479,43.13924221465654,10.724471718572689,10.69725227355957,2010
2010-08-24,10.724471718572689,10.826544475131191,10.527130579986892,10.69725227355957,16621600,GLW,30.533761838587523,True,True,-0.2977492107608318,-0.3561963064683726,0.5,-0.707214756744704,0.6099231870480347,-0.22727272727272999,-0.24173311794751517,42.36546105665328,10.799323726966644,11.01027488708496,2010
2010-11-12,12.600721918564322,12.716763294173951,12.43689902981224,12.539289474487305,9347700,GLW,47.80929587941074,True,False,0.8539530586273827,2.4809150917711587,1.5,0.06870190732905734,0.0013152059041722972,-0.5487699922775634,-0.3953590436422613,40.407004651250055,12.607735930562551,12.422931671142578,2010
2010-11-15,12.607735930562551,12.621425425075598,12.416086923886054,12.422931671142578,9340400,GLW,44.65877209435427,True,False,0.643918139623618,1.2808674336983632,1.5,0.021450585577326153,-0.024609869887284863,-2.249995231646593,-0.3928092901936353,41.273757488784206,12.320264370532351,11.943812370300291,2010
2010-11-16,12.320264370532351,12.333953866486802,11.92327812636862,11.943812370300291,21370900,GLW,34.55984859904119,True,False,-0.029343426730587416,0.19790533080101783,1.5,-0.170558241257307,0.11847349681933286,-2.291662030752824,-0.7471613936777601,47.09742082858102,11.738471257668577,11.936964988708496,2010
2010-11-17,11.738471257668577,12.114924480347144,11.738471257668577,11.936964988708496,17750800,GLW,34.43998238923558,True,True,-0.037334507384294585,0.17301147154494675,1.5,-0.17166152251278877,0.14208940547422422,1.3181832368679336,-0.6004372167620731,41.40008229664965,12.094392718190084,12.135459899902344,2010
2011-03-09,15.46911422210372,15.46911422210372,14.851721877539308,15.2084379196167,18637900,GLW,49.688345926029896,True,False,0.9792230617353265,2.734360013731278,0.5,0.6958985869182477,0.268055877381757,-1.055553671753637,-0.40903149201152317,40.44930494639018,14.982062263484982,14.625346183776855,2011
2011-03-10,14.982062263484982,15.050661710878948,14.584187038710729,14.625346183776855,15549400,GLW,42.251207259124904,True,False,0.4834138172749936,1.781161857390873,0.5,0.4723174942548669,0.40473790631246,-1.9117655308597774,-0.7027434694939452,44.969823643329285,14.53616431940233,14.61848258972168,2011
2011-03-11,14.53616431940233,14.687082020604684,14.481285036380992,14.61848258972168,12123800,GLW,42.17119314257448,True,False,0.47807954283829873,1.8075470731818057,1.5,0.464640885150458,0.32472096300533876,0.9999936421550473,-0.7602504869572174,43.41806354427859,14.536166182005788,14.693943977355955,2011
2011-03-15,14.15200959654745,14.556744844296148,13.7747146475599,14.46756649017334,16398000,GLW,40.56531923677532,True,False,0.37102128245168825,1.326832917528247,0.5,0.3985978453285455,0.4610214129609996,1.0087746449652675,-0.13485124695589434,41.36404705044665,14.35095146994854,14.083415031433104,2011
2011-03-16,14.35095146994854,14.591048911182646,13.8776166639071,14.083415031433104,16576400,GLW,36.18953562967338,True,True,0.07930237531155863,0.651676614470846,0.5,0.2525829397201462,0.6041616329922566,-0.937497707515691,-0.4575265892035746,45.65114734965327,14.330364034568111,14.20688533782959,2011
2011-04-06,14.131422685445251,14.131422685445251,13.980503744498709,13.987363815307615,14116300,GLW,36.135861329667144,True,False,0.07572408864447625,-0.24086299799071362,1.5,0.1690265750887887,-0.07981658284294975,-2.3863616659731144,-0.13343780050444481,46.24193418395255,13.9873731439231,13.857035636901855,2011
2011-04-07,13.9873731439231,14.200031555553627,13.836455410749537,13.857035636901855,19705100,GLW,33.77965882290788,True,False,-0.08135607847280824,-0.5029054933435325,1.5,0.11963243166325133,-0.05436319959526125,-0.8962187762035131,-0.23080366651352657,44.87068592320718,13.836455058343027,13.431719779968262,2011
2011-04-08,13.836455058343027,13.85703528397118,13.397420712346898,13.431719779968262,31678000,GLW,27.48198416816622,True,False,-0.5012010554555852,-0.600199131803637,1.5,-0.03713472075491109,0.04082503442479578,-2.2014928559838034,-0.5024485801908048,53.19001957437666,13.39055624872259,13.445435523986816,2011
2011-04-12,13.37683520150074,13.404275491496556,13.074998553671968,13.157318115234377,19726200,GLW,24.39789374280494,True,True,-0.7068070838130041,-0.5041311944398933,0.5,-0.1368751085723946,0.0441560098464545,-1.6666600439483528,-0.6311933699261973,51.919015223856626,13.28079663713575,13.26707649230957,2011
2011-06-17,12.461994255927417,12.517014043097673,12.214404557773664,12.241913795471191,10525100,GLW,26.425306508273053,True,True,-0.5716462327817965,-0.4567974593615549,1.5,-0.47685416686190363,-0.0010747726010428469,-1.8181887145786402,-0.49244748045053216,52.12008610377339,12.173135024399652,12.32443904876709,2011
2011-06-27,12.07685245051125,12.07685245051125,11.829264104795518,11.946181297302246,18067400,GLW,25.79599436813885,True,True,-0.6136003754574101,-0.39849832513104766,0.5,-0.5597185437679264,-0.04463528394478555,-1.3194396613384414,-0.25381079874322865,48.71258342219026,11.987448728857656,12.06997776031494,2011
2011-08-02,10.625702503970247,10.790761804967344,10.391868166280684,10.40562343597412,18870900,GLW,24.370507939441353,True,False,-0.7086328040372432,-0.638195528707377,1.5,-1.0168340494026278,0.39687698654162473,-1.3793092108508465,-0.6796951510161658,50.857310151528765,10.398749603427888,10.577564239501951,2011
2011-08-04,10.41938397796926,10.41938397796926,9.937960414874391,9.96547031402588,30062700,GLW,23.441238617252026,True,False,-0.7705840921831982,-0.6132003770450446,0.5,-1.1691055631854252,0.6280476956434458,-2.3571429544565703,-0.9117071826978587,49.29701376651357,10.123653321103948,9.848553657531738,2011
2011-08-05,10.123653321103948,10.219937645849615,9.490924947541966,9.848553657531738,29154400,GLW,22.51435573859827,True,False,-0.8323762840934488,-0.023315841896841178,0.5,-1.204881208081371,0.8419224892310775,-0.9433980512645179,-0.6691931793780012,51.96380252633672,9.44965568439758,9.208944320678713,2011
2011-08-08,9.44965568439758,9.67661243162072,9.208944320678713,9.208944320678713,31645300,GLW,18.260521428031765,True,True,-1.1159652381312157,-0.6666666666666666,1.5,-1.4410741570489187,1.1552660386707543,-1.286763829342625,-1.6173618611931033,55.41131427889846,9.346493778370398,9.8623046875,2011
2011-12-19,9.162111098791325,9.175982232618598,8.697416540314633,8.718223571777344,26271200,GLW,36.29147244893063,True,False,0.08609816326204177,-0.6297399441315348,0.5,-1.0058218242233956,1.2058254181025638,-2.3188432338148166,-0.5422374399359775,37.08674578180874,8.843063395235237,8.7251558303833,2011
2011-12-21,8.732095307754982,8.801452299307599,8.607251796939233,8.704352378845215,33425600,GLW,36.16008083472436,True,True,0.07733872231495743,-0.48491755564212463,0.5,-0.9962026662206869,1.061246580831773,-0.35714285714286037,-0.5064979435224243,34.462039719935284,8.773707673206156,9.03726577758789,2011
2012-01-27,8.739031849863036,8.808388846530859,8.683545987951318,8.75290298461914,22348800,GLW,35.83846084068749,True,False,0.05589738937916593,-0.35844435952255543,1.5,-0.8579805833714427,0.7328033663874505,0.2777718908780676,-1.7099873831602108,34.255936333941676,8.759834886490108,8.745963096618652,2012
2012-01-30,8.759834886490108,8.780641909853944,8.690477260019524,8.745963096618652,22492200,GLW,35.73962423134327,True,True,0.04930828208955139,-0.35736023129140326,1.5,-0.8541588500462155,0.6122724683107438,-0.384623849172864,-0.4214591995664013,38.71206366568587,8.8430655538836,8.926294326782227,2012
2012-05-15,9.289067661831432,9.31696273395128,9.142618366934498,9.17748737335205,14636100,GLW,36.184097260092315,True,False,0.07893981733948768,-0.37618489069141486,0.5,-0.41576572585267757,-0.15524530986579937,-1.599998474121046,-0.15015075520307675,37.34046135094826,9.226308093870912,9.01012134552002,2012
2012-05-16,9.226308093870912,9.275124992749586,8.99617347010574,9.01012134552002,14279400,GLW,31.831468024522906,True,False,-0.2112354650318063,-0.623037772870229,0.5,-0.4948894860012204,-0.08970658572651294,-1.9374938905326526,-0.3662623267707346,41.14512862306496,8.9961712075933,8.940381050109863,2012
2012-05-17,8.9961712075933,9.065909236983163,8.898538764532855,8.940381050109863,12476500,GLW,30.201199007857667,True,False,-0.3199200661428222,-0.5337457528039121,1.5,-0.5250423007261656,-0.10177768294125136,-0.8333333333333333,-0.46018009072860827,44.872287834479124,8.996172672598856,8.891566276550293,2012
2012-05-18,8.996172672598856,9.024067755883223,8.856697256177023,8.891566276550293,16321200,GLW,29.078590976030426,True,True,-0.39476060159797155,-0.5542723651361066,1.5,-0.5446038119310764,-0.11594210594315923,-1.5624975164707635,-0.3894327025063038,47.505117425999586,8.912488109200837,9.191439628601074,2012
2012-07-25,8.410418135631481,8.431462199339686,7.751052858795916,7.814183712005615,38346400,GLW,21.906304933771978,True,True,-0.8729130044152015,-0.4800420620029328,1.5,-0.9192576772126465,0.25734022212878865,-2.190719571652877,-1.1511786325134832,54.7734779023157,7.80015311226679,7.877312660217285,2012
2012-10-24,8.966024631991871,9.036623521514064,8.443595004026568,8.57773208618164,45331900,GLW,34.238200269237836,True,False,-0.050786648717477574,0.8836430582211907,0.5,-0.3514667854418868,0.41635670194326385,-1.6369050322205514,-1.2666410853000534,44.268389531794945,8.683626943048209,8.535369873046875,2012
2012-10-25,8.683626943048209,8.690686963829377,8.500070442421674,8.535369873046875,23049600,GLW,33.55438570242431,True,False,-0.09637428650504584,0.8087029029711269,1.5,-0.37097496214864967,0.38351464395367985,-1.9444415010101845,-1.3221184468896556,48.66301811554878,8.507134264191949,8.344757080078125,2012
2012-10-26,8.507134264191949,8.584792507640598,8.337697729423477,8.344757080078125,17641500,GLW,30.593543330806966,True,False,-0.29376377794620223,0.32874987255788896,1.5,-0.47007467745667053,0.42156248969170607,-1.6428633709444835,-1.4820989983634791,48.670455543360546,8.500071689377364,8.29533576965332,2012
2012-10-31,8.500071689377364,8.528311103364103,8.260036333849712,8.29533576965332,14112900,GLW,29.85789198712112,True,False,-0.3428072008585919,-0.031078915001519897,1.5,-0.49244553462133855,0.4379577779516327,-1.9078939112932571,-0.4115253217444978,51.48734388806129,8.330634217612152,8.288274765014648,2012
2012-11-01,8.330634217612152,8.478891291782425,8.224735922758722,8.288274765014648,22118500,GLW,29.747830727745352,True,False,-0.35014461815030984,-0.1730136034671538,1.5,-0.4918299843580376,0.43531355639376595,-0.41666887424236554,-0.36186936200109376,48.48625540740529,8.387113201811937,8.260035514831543,2012
2012-11-02,8.387113201811937,8.387113201811937,8.224736082528025,8.260035514831543,13538700,GLW,29.282928960800888,True,True,-0.3811380692799408,-0.33348419368913285,1.5,-0.5026505929348657,0.38545531765046737,-1.956520837738882,-0.1269083755727929,51.4974775835847,8.245918578033784,8.365936279296875,2012
2012-11-08,8.161198994628629,8.189438409560323,8.034121290795627,8.048240661621094,17099900,GLW,28.383121864613344,True,False,-0.44112520902577707,-0.6268288399470349,0.5,-0.6001299328040871,0.2905379603488451,-1.8181887145786235,-0.4746862859540013,45.410320350631565,8.097663428293265,8.005885124206543,2012
2012-11-09,8.097663428293265,8.097663428293265,7.977645697816861,8.005885124206543,11424700,GLW,27.678574109905682,True,False,-0.4880950593396212,-0.5840866613700811,1.5,-0.6178496813689677,0.23173930897328426,-1.9117655308597508,-0.5882285499318851,49.7847831791962,8.0199986338573,7.956460475921631,2012
2012-11-12,8.0199986338573,8.04823803958889,7.921161050437009,7.956460475921631,9372500,GLW,26.841292088731365,True,False,-0.5439138607512424,-0.5600714105955813,1.5,-0.6393065928795294,0.1831442240411071,-1.2499933772378173,-0.2606434143708536,50.51165905422384,7.942344501093308,7.878805637359619,2012
2012-11-13,7.942344501093308,7.991763318094671,7.857626240542018,7.878805637359619,10156600,GLW,25.5343324440057,True,False,-0.6310445037329534,-0.6008659444757892,1.5,-0.6759993942855008,0.14901631130340318,-1.1842151494009436,-0.2631553767232689,51.533452648588074,7.928625861875426,7.786280155181885,2012
2012-11-14,7.928625861875426,7.9642116097941775,7.764928570679707,7.786280155181885,14158500,GLW,24.03278070043828,True,False,-0.7311479533041146,-0.5999914526197261,1.5,-0.7205892730543456,0.16123633929942238,-1.7857228006716719,-0.3428805272896407,54.02234240331742,7.793395674060154,7.743575096130371,2012
2012-11-15,7.793395674060154,7.843216930744404,7.707988678142898,7.743575096130371,17840000,GLW,23.35026864202176,True,True,-0.7766487571985493,-0.552551925668536,1.5,-0.7377491759043542,0.12319099084413462,-0.9210460272047405,-0.3344536500173467,53.41209045938122,7.7506919452324174,7.757808685302734,2012
2013-02-01,8.576297837483901,8.597649425943107,8.455304371623802,8.476655960083008,17829800,GLW,37.4842453339109,True,False,0.1656163555940599,-0.5650427534293886,0.5,-0.2687336908698862,-0.19777041354029773,-1.7500059604701639,-0.32705846429403745,35.35471258705132,8.476652843166896,8.39124584197998,2013
2013-02-04,8.476652843166896,8.49088768274197,8.362776841584342,8.39124584197998,21386200,GLW,34.793469220972426,True,True,-0.013768718601838259,-0.5627158789866599,0.5,-0.3134546144207123,-0.21610742333328659,-1.6666622515152747,-0.21874769696658414,38.392270201494405,8.419716919722925,8.51224136352539,2013
2013-04-17,9.384880148427946,9.449405789033886,9.241490215824264,9.29167652130127,18552000,GLW,44.23893861146374,True,False,0.6159292407642492,1.8055299126769524,0.5,0.12849769416209633,-0.6124187547374499,-1.1206907891491638,-0.3195511187277039,37.74702264447477,9.291678433483732,9.363373756408691,2013
2013-04-19,9.37053998347816,9.392048984266802,9.205641746520996,9.205641746520996,14759400,GLW,40.8141956656318,True,False,0.38761304437545335,1.2919895878926333,0.5,0.07851075841181387,-0.5356391603515143,-2.2115321131203505,-0.32246179058582625,41.291948089691296,9.219986979676824,9.191308975219728,2013
2013-04-22,9.219986979676824,9.219986979676824,9.062258297031562,9.191308975219728,10633900,GLW,40.16402999001014,True,True,0.3442686660006762,1.2294628628245265,0.5,0.06989140003193062,-0.5330718118910993,-0.45454643974922027,-0.13502346138967447,39.334347936781356,9.219981087114562,9.41355800628662,2013
2013-06-20,10.599256406426424,10.743562698354914,10.27456862579412,10.32507610321045,18666600,GLW,37.93707742522341,True,False,0.19580516168156048,2.5003877994069073,0.5,0.33046280705686937,0.049697287235562354,-1.4615339471077897,-0.6618111253199055,51.286483891958675,10.411658528053843,10.2889986038208,2013
2013-06-21,10.411658528053843,10.418873291517944,10.187984346186726,10.2889986038208,15296400,GLW,37.31096868216538,True,False,0.1540645788110254,2.4390622593777493,1.5,0.3085429691232211,0.03954717813956626,-1.3281268626469191,-0.7653059226721187,54.82358311211887,10.16633909308486,10.072540283203123,2013
2013-06-24,10.16633909308486,10.238491547383868,10.000387140800756,10.072540283203123,11963100,GLW,33.7156306783054,True,True,-0.08562462144630653,1.873634818641109,1.5,0.19482752458106378,0.08816642774575843,-0.9848495795162372,-0.8121229097363055,55.43315181296796,10.159125141718356,10.252923965454102,2013
2013-08-27,10.548749722182563,10.555965174471536,10.24570760707977,10.260138511657717,12149200,GLW,33.82326764561934,True,True,-0.0784488236253774,0.04507062002076815,0.5,0.09275267778768415,-0.3492659086980245,-2.3255775270133405,-0.3419938753275717,44.811676726397195,10.281936582839712,10.296469688415527,2013
2013-08-30,10.30373696090773,10.32553592781747,10.12934314669982,10.202007293701172,8465000,GLW,33.15820751983021,True,False,-0.12278616534465243,-0.41754605282898005,-0.5,0.06102057197773347,-0.3959686073619804,-1.2962972774410366,-0.07082167785855825,38.58705394075285,10.21653772312968,10.114808082580566,2013
2013-09-03,10.21653772312968,10.29646770950482,10.056677057402924,10.114808082580566,12256900,GLW,31.053141009783886,True,True,-0.26312393268107426,-0.47063567835105696,0.5,0.01758534713939386,-0.3636706514215787,-1.0606089067421673,-0.22053870323066466,43.55487215706299,10.107540168748075,10.303732872009276,2013
2014-01-28,12.405206587593218,12.894982055856726,12.098183138916283,12.500238418579102,41283500,GLW,35.93884694100194,True,True,0.06258979606679607,0.1923544220812463,0.5,0.4491746240042971,-0.002560119840735083,0.29816754568011833,-1.2381500743478255,38.679006103985216,12.427137669891302,12.54409885406494,2014
2014-06-12,15.8283550899129,15.850502073082072,15.459223683764623,15.50351905822754,10003800,GLW,45.00356400056544,True,True,0.6669042667043626,1.351236932611141,0.5,0.6844749649194048,-0.6974723967543185,-2.075478997524036,-0.2679430441217934,39.04860090115659,15.496138599090182,15.651174545288086,2014
2014-07-17,16.071983781293827,16.153191743326552,15.850504064898397,15.865269660949709,5602700,GLW,44.76884184446735,True,True,0.6512561229644902,0.9926403007488623,0.5,0.6017940381905973,-0.6981418593139628,-1.7073218954400173,-0.2396141575973676,36.78429274275338,15.939092896205551,16.116275787353516,2014
2014-07-29,15.533051918728232,15.577347297959475,14.639753087462395,14.765257835388184,30115500,GLW,26.797252684532054,True,False,-0.5468498210311964,-0.39848800290522907,0.5,0.15976607370522644,-0.25798656504629114,-2.0472451587904703,-1.18265804738015,49.08523529126732,14.839083989268625,14.669283866882324,2014
2014-07-30,14.839083989268625,14.846466786953854,14.447804160699404,14.669283866882324,13122000,GLW,25.890723231038294,True,False,-0.6072851179307804,-0.2026165042230764,0.5,0.12494028511072841,-0.22063574871043654,-1.0648108902358193,-1.2204832094838567,49.24522358569556,14.492094189437648,14.50685977935791,2014
2014-07-31,14.492094189437648,14.67665983906847,14.47733000764154,14.50685977935791,13196700,GLW,24.38711811363018,True,True,-0.7075254590913214,-0.539539856916481,1.5,0.06750721015694183,-0.24345942919427346,0.1851904179941475,-1.3605444617879756,50.29660250735278,14.484716315721082,14.676663398742676,2014
2014-10-01,14.295248283759502,14.32492112960463,13.939165643938146,13.946582794189451,14990400,GLW,23.17950875429989,True,False,-0.7880327497133408,-0.6473552575843583,1.5,-0.21830330570839274,-0.44269099558060315,-2.2596275524614255,-0.6731250361501268,55.51396704934085,13.90949456436261,13.872403144836426,2014
2014-10-02,13.90949456436261,14.013351670993492,13.59050326262838,13.872403144836426,12836900,GLW,22.34885722116333,True,True,-0.8434095185891114,0.034660445107171256,1.5,-0.24142825421922254,-0.3788914972315922,-0.21929501679806326,-0.5434774389046645,56.662862538940246,13.961424097512335,14.0430269241333,2014
2015-03-06,18.374171622945124,18.44158614408052,17.9621938350402,17.99964714050293,6211300,GLW,45.529338275598555,True,False,0.7019558850399037,2.612692141002233,0.5,0.615186874527841,-0.3999323163782762,-1.9531210418870788,-0.2896380453440414,44.47524700722052,18.007141416875477,17.797407150268555,2015
2015-03-09,18.007141416875477,18.082045185444272,17.70752062780907,17.797407150268555,9646200,GLW,41.35846567780922,True,False,0.4238977118539481,2.1990166683971424,1.5,0.5460025131555113,-0.37683861006852276,-1.4000034332275362,-0.5000021091057918,49.55825561634287,17.662579618309877,17.265583038330078,2015
2015-03-10,17.662579618309877,17.662579618309877,17.258093803779566,17.265583038330078,11204600,GLW,32.839018328465045,True,False,-0.14406544476899702,1.0979756952019282,1.5,0.37620770004607507,-0.2833326399936602,-2.453711389364739,-0.7971156217006947,55.29937415154949,17.4004111915131,17.003416061401367,2015
2015-03-11,17.4004111915131,17.4004111915131,16.97345341000539,17.003416061401367,10838000,GLW,29.601882108091786,True,True,-0.35987452612721427,0.5928734873112439,1.5,0.29147143712226153,-0.24276479780936205,-2.3245572941066337,-0.6918407006295119,56.69277284914258,17.04086628595008,17.325504302978516,2015
2015-04-30,15.939760624007691,16.059608330085414,15.505312332301616,15.677593231201172,14806800,GLW,28.596757706402116,True,True,-0.4268828195731923,-0.38517570807542256,1.5,-0.1957414421199677,0.06837843627846771,-1.182434086908098,-0.8098733612067699,49.36663443985126,15.745009741294185,16.05961036682129,2015
2015-07-07,14.764897021540024,14.78749543370684,14.380708209609116,14.742297172546388,14206500,GLW,30.028806841914857,True,False,-0.3314128772056762,0.14415146614067798,1.5,-0.4116553059777156,-0.3222185915493332,-0.1388923229076553,-0.14520052467711791,47.954467109639715,14.591635742248048,14.418373107910156,2015
2015-07-08,14.591635742248048,14.599167588377393,14.418373107910156,14.418373107910156,9431000,GLW,25.266426370324922,True,True,-0.6489049086450052,-0.5827445672504742,1.5,-0.5078911226919908,-0.28322235628138875,-2.3958507180379676,-0.3553306008370741,53.37942172874892,14.659435864002788,14.433443069458008,2015
2015-08-21,12.86655365114405,13.009683163797344,12.648094177246094,12.648094177246094,13337700,GLW,24.565577165727063,True,False,-0.6956281889515291,-0.6666666666666666,1.5,-0.9060711269776861,-0.16391736259350662,-1.5104129413728196,-0.7882283346554733,49.281323513793446,11.92491010922148,12.27143383026123,2015
2015-08-24,11.92491010922148,12.633022675569045,11.61605279091776,12.27143383026123,22789600,GLW,21.012078806777964,True,False,-0.9325280795481358,0.6242549362199544,1.5,-1.01984596987358,0.1720557728577432,0.8518534478495684,-1.0217053649513557,55.409967564942484,12.715886570042626,12.03037452697754,2015
2015-08-25,12.715886570042626,12.715886570042626,12.015307965074925,12.03037452697754,20076600,GLW,19.107130101379894,True,True,-1.059524659908007,0.09149308416766495,1.5,-1.0894868636091848,0.3522357451505078,-2.4462352911015937,-0.9141070069937293,61.349963540706,12.316635403500015,12.444698333740234,2015
2015-12-03,14.38821371604571,14.41876118278902,13.563411720836529,13.616870880126951,20092100,GLW,39.24204208281069,True,True,0.28280280552071274,1.872013158323942,0.5,-0.30399499877946545,-0.12060810253027507,-2.254466946638478,-0.6006382806797563,44.4234113125304,13.609231495821694,13.769610404968262,2015
2015-12-09,13.532862995837696,13.800160252861351,13.502315528646545,13.555774688720703,9748800,GLW,39.04572856205598,True,False,0.2697152374703985,1.2713570024964707,0.5,-0.31468098711564585,-0.1464565319528449,0.19231239485110577,-0.19411925061656454,38.79013122821237,13.555775430460756,13.509953498840332,2015
2015-12-10,13.555775430460756,13.739064613595392,13.43358264170433,13.509953498840332,8096900,GLW,38.14694372410309,True,True,0.20979624827353927,1.1740795429723017,1.5,-0.32744492571447237,-0.14258082627680882,-0.3749970197649186,-0.24251730263984417,43.831644591197,14.319478976280667,14.266019821166992,2015
2016-01-07,13.097549967583657,13.296113586540452,13.013543347117404,13.059365272521973,11555100,GLW,34.725572582824825,True,True,-0.018295161145011698,-0.5700055531441728,1.5,-0.45140079523587173,-0.05335990991992233,-0.33783365809904,-0.5653285470552674,38.58079138533699,13.120461128579649,13.097549438476562,2016
2016-01-19,12.998269128018409,13.074639976213955,12.669875500434497,12.799705505371094,11239000,GLW,34.35156928499026,True,False,-0.04322871433398253,-0.41317559965348033,0.5,-0.5146230069683322,0.11173525298916558,-1.226414585080245,-0.21981512121324737,38.7870290478164,12.417852710583404,12.746246337890623,2016
2016-01-20,12.417852710583404,12.837890190325847,12.318570171017011,12.746246337890623,17553100,GLW,33.565691386607554,True,True,-0.09562057422616306,0.13840723488840467,1.5,-0.5286106433155824,0.18564676182623424,1.5808827654298763,-0.440749663488163,40.63030795923598,12.799706801375772,12.929536819458008,2016
2016-04-26,15.823722451922068,15.954497078270643,14.762141312990376,14.785218238830566,39904900,GLW,32.36249515728633,True,False,-0.17583365618091118,1.6183436976536436,0.5,0.05209514231218404,-0.11832585263643197,-2.1774210418804785,-0.949516405394335,52.487418074477965,14.792905975889436,14.84675407409668,2016
2016-04-28,14.800603626510696,14.800603626510696,14.523668782305874,14.53136157989502,14631800,GLW,30.095384974065112,True,False,-0.32697433506232587,0.8053002941567732,0.5,-0.03502039884980601,-0.13219665366191413,-2.430554083838437,-1.2398658151633934,50.534349981495886,14.523665897563475,14.36212158203125,2016
2016-04-29,14.523665897563475,14.539051489685828,14.246732575615257,14.36212158203125,10593100,GLW,28.254534037841466,True,True,-0.4496977308105689,0.12241915792558888,0.5,-0.0919383572490412,-0.12809011335511966,-1.381575975385099,-0.3577024109188781,50.11602725312232,14.41597285923143,14.469820976257324,2016
2016-05-04,14.262121330110991,14.331353575510958,14.008263405556145,14.131346702575684,7729700,GLW,27.266008830590422,True,False,-0.5155994112939718,-0.4099402320136474,0.5,-0.16763983624121348,-0.15880166229355458,-1.0119050322205538,-0.20085375107836978,48.1578654597509,14.139034603503974,14.09287929534912,2016
2016-05-05,14.139034603503974,14.254425074767292,14.09287929534912,14.09287929534912,7108700,GLW,26.844165192864352,True,True,-0.5437223204757099,-0.4837121592912716,1.5,-0.1790596408579187,-0.20809906746553203,-0.7142759829611329,-0.3256274572493903,50.98077521446244,14.054417505616914,14.185192108154297,2016
2016-09-09,17.600540083508616,17.639495974171954,17.374591756659733,17.436922073364258,13999000,GLW,47.619570386197886,True,False,0.8413046924131924,3.96872135107025,1.5,0.521100571372205,-0.838743798514946,-1.544124246878114,-0.27315888185252407,44.969897710924776,17.296672457658733,17.514827728271484,2016
2016-09-13,17.397966472264294,17.530418583224872,17.327844679045636,17.413549423217773,10036500,GLW,46.87316558349571,True,True,0.7915443722330475,3.3175150380151535,0.5,0.502158767297044,-0.8113683422004314,0.19231192458644705,-0.22517412242876733,39.38751830708691,17.390169374712798,17.429126739501953,2016
2016-10-25,18.613405739490872,18.613405739490872,17.709615518927503,17.8966064453125,17599000,GLW,41.349220715412514,True,False,0.42328138102750096,0.8030125843393066,-0.5,0.4417508093854017,-0.5739299037380051,-1.9827590459309299,-0.43592278147956964,35.90453127581813,17.84985740996271,17.935562133789062,2016
2016-10-27,17.997902014003007,18.03685791679652,17.826492475137712,17.85765838623047,8345400,GLW,40.754650881371454,True,False,0.3836433920914303,0.747174479531191,0.5,0.4204264269019953,-0.5968572117842517,-1.6666666666666525,-0.5075286011527055,38.975564339517504,17.818691216162534,17.670656204223633,2016
2016-10-28,17.818691216162534,18.02126356588336,17.655073258530802,17.670656204223633,14260400,GLW,36.75280967079348,True,False,0.11685397805289881,0.29308190662371675,0.5,0.35978576265164874,-0.5640781347774263,-1.010642615100526,-0.15781640068140423,41.40416177360083,17.70961943592797,17.69403648376465,2016
2016-11-01,17.77974152006225,17.834280367437437,17.444715473532227,17.592750549316406,8994600,GLW,35.4217463741052,True,False,0.028116424940346482,0.11822663268154147,0.5,0.3287391897121872,-0.563228410505559,-1.1999988555908097,-0.1854301325407287,42.30102396734432,17.538205872724117,17.499248504638672,2016
2016-11-02,17.538205872724117,17.678449425688438,17.38237937252562,17.499248504638672,11589900,GLW,33.510057517008775,True,False,-0.09932949886608165,-0.09652668377116773,0.5,0.29725103400681574,-0.5560039295706962,-0.3289539727952559,-0.1212516513280304,42.19766901945546,17.51483362414679,17.397964477539062,2016
2016-11-03,17.51483362414679,17.569372460158938,17.320051217776637,17.397964477539062,10994700,GLW,31.525284744046857,True,True,-0.23164768373020952,-0.32459841221019764,1.5,0.2637984364381851,-0.5610925936472523,-1.1718731373530837,-0.20916087073832024,48.30216402053855,17.41355112392661,17.45250701904297,2016
2017-01-17,19.355740215056105,19.355740215056105,18.909068045297413,18.95608711242676,6138500,GLW,46.18839298730988,True,True,0.7458928658206588,1.4288834911415227,0.5,0.42816081996002175,-0.603312528559886,-2.23683682176377,-0.24321067692010256,37.3314820742991,19.04229165936348,19.246036529541016,2017
2017-03-14,21.451138779647817,21.459019613703067,21.120151264904425,21.159555435180664,8447700,GLW,44.17741470856246,True,True,0.6118276472374973,4.225164832125308,0.5,0.6665543845155941,-0.7003576373740749,-2.151155054026706,-0.32644101557476046,47.58863963034786,21.27776971472144,21.45902442932129,2017
2017-04-03,21.33292701802902,21.42749551357126,20.97041770853348,21.15167236328125,7317300,GLW,42.134707174395665,True,False,0.475647144959711,0.8934218413161604,0.5,0.554669148238125,-0.5882167158014695,-0.9913774676326151,-0.29112314680966034,38.18675230035718,21.143794096169465,21.11227226257324,2017
2017-04-04,21.143794096169465,21.32504877291515,21.08862976003951,21.11227226257324,3849200,GLW,41.308298178088954,True,False,0.4205532118725969,0.8501391503453434,1.5,0.5383229664347533,-0.6100553273586262,-0.33332591584763305,-0.34923867496908095,41.15350646505087,21.277764601753475,21.04134559631348,2017
2017-04-05,21.277764601753475,21.41173577233357,21.009822260593275,21.04134559631348,5351600,GLW,39.79514784570782,True,True,0.3196765230471878,0.6893465270555472,1.5,0.5140140350027045,-0.59126254932516,-1.4705838354145766,-0.138888926239078,44.756452712481895,21.041351633653942,21.10439682006836,2017
2017-04-12,21.2935294038047,21.332932076139247,20.797047314942056,20.86797332763672,5306000,GLW,36.632705708567954,True,False,0.1088470472378636,-0.16774482492129347,0.5,0.44085343768017204,-0.5969713691941096,-1.9852965925792987,-0.1538636464991361,41.409626736186574,20.84433359084137,20.741884231567383,2017
2017-04-13,20.84433359084137,21.00982662843147,20.741884231567383,20.741884231567383,4005100,GLW,33.9971822840987,True,True,-0.06685451439342008,-0.415203234574186,0.5,0.4035913864627838,-0.6058260189943901,-0.9558897777378811,-0.2192966408348554,41.311667589555384,20.836447759222704,20.915254592895508,2017
2017-07-26,24.98655858238548,25.14500128931545,23.77446439474272,24.099273681640625,16073300,GLW,46.505044816424814,True,False,0.7670029877616542,1.7334312137064252,-0.5,0.6323195482275068,-0.4187571401400967,-1.6184987508517057,-0.5612234870446625,34.4700610950024,24.09927175983087,23.36250877380371,2017
2017-07-27,24.09927175983087,24.21810415831101,23.108999254103168,23.36250877380371,15722400,GLW,38.16881589561478,True,False,0.21125439304098517,0.5208750423843028,0.5,0.45513268693888276,-0.245284952747149,-1.6607152831800387,-0.9262167102202679,41.0178673160459,23.3545902557783,23.17238044738769,2017
2017-07-28,23.3545902557783,23.386279706473804,23.09315833168512,23.17238044738769,9132100,GLW,36.357611409638096,True,False,0.09050742730920641,0.29466467434420024,1.5,0.4063187654764022,-0.2757466755122314,-1.554047436168452,-1.1204478985343824,44.76111450450892,23.31497572376074,23.08523178100586,2017
2017-07-31,23.31497572376074,23.43380812023855,22.990166468237973,23.08523178100586,9434700,GLW,35.52546981332149,True,True,0.035031320888099536,0.17947030651773707,1.5,0.3818522486222309,-0.2787101705008418,-1.294648178991213,-0.5259711942103492,46.43303089290522,23.18029748864171,23.386274337768555,2017
2017-08-10,23.12484279477695,23.2595199091131,22.62574463122233,22.6336669921875,6846800,GLW,33.36382470343541,True,True,-0.10907835310430584,-0.42631220816950366,-0.5,0.24369254067653667,-0.3722462235919754,-1.9374998509885966,-0.28642598079448994,39.73711439365959,22.712899300832287,22.95848655700684,2017
2017-08-17,22.411856193581013,22.58614367375148,22.063279722203603,22.079124450683597,7107000,GLW,32.60852986649594,True,True,-0.15943134223360383,-0.6440295392718849,1.5,0.10250789590169229,-0.25770518355619243,-1.5909097477097196,-0.6545345629778001,44.90844601531452,22.03950728463352,22.08703994750977,2017
2017-12-29,25.89373308468449,25.92575079963544,25.5975768548316,25.605581283569336,3138100,GLW,48.11838618727118,True,True,0.8745590791514118,1.0335739698281403,1.5,0.4375407192419001,-0.8883347089464905,-2.1951148596470156,-0.15055802147219133,36.26996913011919,25.869719377810497,26.109846115112305,2017
2018-01-30,25.861718650928424,26.35798102353032,24.96524247135754,25.87772750854492,16979200,GLW,37.93981266611127,True,False,0.19598751107408485,0.4665733342680321,0.5,0.3447740679779576,-0.2837525740340463,0.028736293670336494,-0.5471758439899346,38.63544909494138,26.0057970582565,24.989255905151367,2018
2018-01-31,26.0057970582565,26.03781172225681,24.877196947706317,24.989255905151367,15339200,GLW,31.248275794988004,True,True,-0.2501149470007997,-0.5381642070191991,1.5,0.15961364954835133,-0.11571131923310575,-2.1896609783785537,-1.1489233881839533,47.38673295475219,24.84518181867763,25.36545753479004,2018
2018-02-05,24.79715769828783,25.12533171451695,23.820640080080324,23.83664894104004,11270300,GLW,27.028854040231664,True,True,-0.5314097306512224,-0.650022354827615,0.5,-0.08152126323917264,0.12669082062567336,-1.840489989924984,-0.5765512629138172,48.94477249648439,23.30836230658914,23.852649688720703,2018
2018-02-08,23.86866226524809,23.908684412833352,22.77208137512207,22.77208137512207,9669300,GLW,22.29517960561988,True,True,-0.8469880262920081,-0.6666666666666666,-0.5,-0.2969545826209824,0.3657473282940737,-2.4119698209107105,-0.5582619690750037,51.67312562348741,23.01220655040657,23.028215408325195,2018
2018-06-28,22.18998712119452,22.24673875725623,21.78461652490673,21.88190460205078,8921900,GLW,35.87198581251043,True,True,0.058132387500695396,0.7598885873972119,1.5,-0.2885131904555277,-0.44798629216961006,-1.6666722437124455,-0.333576030748535,45.960606251727924,21.954874490974017,22.30349349975586,2018
2018-10-05,29.16358673060001,29.25324610594529,28.209943794915414,28.30775260925293,5010300,GLW,50.202374655134825,True,False,1.013491643675655,2.592241584105594,0.5,0.6519446481592417,-0.5550878264109566,-2.0507817156617314,-0.2607842445181946,38.69776670332224,28.20179682102647,28.09583854675293,2018
2018-10-08,28.20179682102647,28.340362185572523,27.91651976061807,28.09583854675293,5342600,GLW,46.664242478943976,True,False,0.7776161652629318,2.314649343231094,1.5,0.6028363765754785,-0.5548648867411031,-0.6249862450940715,-0.44417848537817717,42.11707301356282,28.095836027748,27.91651725769043,2018
2018-10-09,28.095836027748,28.185495412776785,27.908367817818032,27.91651725769043,3916700,GLW,43.84808350674919,True,False,0.5898722337832794,2.141455219115826,1.5,0.5608009329347474,-0.5803762917902539,-1.6176553085976482,-0.5077040509152669,46.006194978005,27.647538492817223,26.34341049194336,2018
2018-10-10,27.647538492817223,27.6964444588324,26.261903657871148,26.34341049194336,12319400,GLW,27.92616780095851,True,False,-0.4715888132694327,-0.24373822881976456,1.5,0.24486486081106706,-0.2986413213696383,-2.27272727272727,-0.8674046578442826,53.816769388022514,26.147793107743205,25.54463195800781,2018
2018-10-11,26.147793107743205,26.620538346801588,25.479425557312528,25.54463195800781,10362100,GLW,23.299714583314937,True,True,-0.7800190277790041,-0.59216280542593,1.5,0.08496277904714855,-0.14391431331174123,-1.3214319287523373,-1.135046469826742,55.09155219216229,26.09888584754787,26.18854522705078,2018
2018-12-24,23.26454956678781,23.53506753046376,22.920253834513687,22.928451538085938,4233800,GLW,26.908416799188714,True,True,-0.5394388800540857,-0.6601171516757333,1.5,-0.4858986329741999,0.7595290170021756,-1.3666661580403632,-0.8690964401813522,50.86583165446997,23.0842095750189,23.92035675048828,2018
2019-03-27,27.71061258249704,27.8095487280307,27.290128460013097,27.40555763244629,3687100,GLW,41.43430970757343,True,False,0.4289539805048956,4.35708332341887,1.5,0.23590114064937606,-0.475440097064384,-1.4682472404042393,-0.2179985264748996,52.308069153854404,27.438527118777465,27.125228881835938,2019
2019-03-28,27.438527118777465,27.61166925986073,27.116982370529687,27.125228881835938,4129600,GLW,38.18630237479851,True,True,0.21242015831990055,3.4256129436538836,1.5,0.18046377359826282,-0.4622526156294315,-1.5833158493708812,-0.3112046637897395,56.010778554516826,27.248903671165085,27.29012680053711,2019
2019-04-30,25.59994816899554,26.5151159239318,25.031061550172534,26.25952911376953,17836600,GLW,28.44306542655383,True,True,-0.43712897156307806,0.678585431554786,-0.5,-0.06152385818487982,-0.1210899609496279,1.1111131715194593,-0.6369233452335588,43.78526494068026,26.383203620644608,26.638792037963867,2019
2019-05-09,25.336123297863654,25.336123297863654,24.775479893009745,25.25367546081543,4854300,GLW,27.47238101269015,True,False,-0.5018412658206567,-0.15384686315564222,1.5,-0.24250994146494453,-0.02557195695757931,-0.3676482962896383,-0.34523779535169247,51.31122848939884,25.055802059999035,25.38559341430664,2019
2019-05-13,24.82494335589788,24.85792153896664,24.322013090468573,24.404460906982425,5613300,GLW,23.92297225100816,True,True,-0.7384685165994559,-0.5842197004225359,0.5,-0.3968307279367622,0.15451278762461246,-1.9615404930352165,-0.5220149864602993,51.94209149893298,24.536378125975137,24.78372001647949,2019
2019-08-01,25.22865442963153,25.53581545296714,24.581128267945648,24.689048767089844,10966800,GLW,30.49275292304928,True,False,-0.30048313846338126,0.3095623476820591,1.5,-0.34349129316506855,0.07845632331948844,-1.4130431177033609,-1.5982433312522804,47.59148063700786,24.489808936940676,24.315475463867188,2019
2019-08-02,24.489808936940676,24.70565151080091,24.13283858722606,24.315475463867188,6626100,GLW,28.698408692314118,True,False,-0.42010608717905884,-0.07095724657593871,1.5,-0.41016853772684214,0.09087974794308104,-0.7608656591819593,-0.8399699122244753,48.846006769639374,24.04152733890346,23.39400100708008,2019
2019-08-05,24.04152733890346,24.07473462946403,23.21136407581849,23.39400100708008,11258200,GLW,24.818845306382258,True,True,-0.6787436462411828,-0.4860465304662916,1.5,-0.5789686382795661,0.25436893513191194,-1.874995415031332,-1.0447139673863182,52.66082777613511,23.68455227823496,23.676250457763672,2019
2019-12-03,23.896454239334364,23.90487460645643,23.28178189361065,23.601749420166016,4829300,GLW,36.753892864403156,True,False,0.11692619096021038,1.150094338683732,1.5,-0.3057882837529513,-0.39021729758662815,-1.1824276431607423,-0.562178977449669,45.26647107177582,23.7448899487991,23.59332656860352,2019
2019-12-04,23.7448899487991,24.048015103169625,23.58490620236813,23.59332656860352,4898300,GLW,36.66131315205394,True,False,0.1107542101369295,1.13447630730359,1.5,-0.3045905565919621,-0.38749858881830757,-0.8181843402991793,-0.43905166377287697,45.056396623889114,23.6775298491654,23.31546211242676,2019
2019-12-05,23.6775298491654,23.71120970982767,23.298621379085255,23.31546211242676,5328600,GLW,33.64999896767807,True,True,-0.0900000688214618,0.7341432881715694,1.5,-0.3565639374768387,-0.3804457789074086,-2.1938801328137965,-0.4608674765966034,48.99320780519387,23.534384117423794,23.483861923217773,2019
2020-01-28,24.20799766268049,24.283779349062694,23.55964394853072,23.57648468017578,10978900,GLW,33.015842799433585,True,False,-0.13227714670442764,-0.24665240010178144,1.5,-0.27799064832048304,-0.34397495880337964,-2.180231010805364,-0.6556680539021073,45.05682191773894,23.4164990361375,23.87118911743164,2020
2020-01-30,23.54280558845411,23.54280558845411,22.94497400901737,23.31546211242676,9475000,GLW,33.011452624397876,True,False,-0.13256982504014161,-0.2290704123160706,0.5,-0.32518014195983713,-0.05277594272734878,-0.9507003470841471,-0.3807774327699326,40.78498312546342,23.21442053186431,22.473445892333984,2020
2020-01-31,23.21442053186431,23.23968163319701,22.35556235880219,22.473445892333984,8708200,GLW,26.837516491408564,True,True,-0.544165567239429,-0.5340665837664144,0.5,-0.48957271786772283,0.09148834473551559,-2.0952338134397155,-0.5848193670541582,47.908917867196244,22.599746631853005,22.65868759155273,2020
2020-02-27,20.67484305751088,21.388354611092083,20.114227068288063,20.411523818969727,10953900,GLW,23.978131992938174,True,False,-0.7347912004707884,-0.3813169203422559,1.5,-0.8541252391787035,0.6019166063678125,-0.5166657765706435,-1.2772170537621377,50.73513292067958,19.570593958278785,20.26711654663086,2020
2020-02-28,19.570593958278785,20.470976697845877,19.366732186927308,20.26711654663086,13670400,GLW,23.36789284146569,True,True,-0.775473810568954,0.1625992602117717,1.5,-0.8762063046004043,0.7143346635306123,1.5769211018596552,-0.80204662656395,52.06347683191397,20.420017760568005,20.955150604248047,2020
2020-09-03,28.75647515679813,28.851435228582957,27.159370903867003,27.53922271728516,6206500,GLW,51.76923875992668,True,False,1.1179492506617785,4.563224354412031,-0.5,0.8798312894818383,-0.024606315810334532,-1.7984724660472173,-0.21564873493970793,37.48103449209751,27.694617625209126,27.668716430664062,2020
2020-09-08,27.280232132234502,27.755047281327844,27.193901955434704,27.418359756469727,4465300,GLW,50.48504280775928,True,True,1.0323361871839518,4.166237244795318,0.5,0.8336810947157725,0.01717499350482298,0.6153825838938212,-0.7195845342293561,37.01566050035465,28.05720030171522,28.549280166625977,2020
2020-09-21,27.332029309672315,27.504689661566307,26.71908818900982,27.12483787536621,5812800,GLW,45.306791652972485,True,False,0.687119443531499,1.359338793050549,0.5,0.6779826708538406,0.311399737272487,-0.6593401411019071,-0.46721750733530326,38.645618689473274,27.12484265922136,27.28886985778809,2020
2020-09-23,27.254330539006634,27.31476116424613,26.33923468549921,26.40829849243164,4175200,GLW,40.2931163216544,True,True,0.3528744214436268,0.571203426177126,0.5,0.5144576188812744,0.3463783404037452,-2.168142190414292,-0.7128525352599113,42.182208302870784,26.201105426218792,26.494626998901367,2020
2020-10-28,27.720510347446787,28.100360433174185,27.29749435656111,27.3924560546875,6551800,GLW,36.3185922100571,True,True,0.08790614733713985,0.4531211184085655,1.5,0.4548982278661351,0.29719613083409036,-1.021510007444822,-1.3463168201920352,45.91669535395564,27.34929406907837,27.711877822875977,2020
2021-01-27,31.400228959306897,32.103800403919855,30.427384113019624,30.60110664367676,9009500,GLW,38.95163161501326,True,True,0.26344210766755083,-0.3899124661206177,0.5,0.4406643263662968,0.24780434221260303,-1.1917122256086659,-0.7879013774259758,36.9231003794672,31.339425924995428,31.652122497558597,2021
2021-05-12,39.20068190666847,39.2269053667254,37.40016213475493,37.45260238647461,5691300,GLW,39.62042266789886,True,True,0.3080281778599238,2.0377183350836128,1.5,0.7477131963244676,-0.021329528204553038,-2.392344322946042,-0.8559788654666917,53.751740495122235,37.49630486300557,38.04694747924805,2021
2021-06-14,37.6150611458005,37.7205229972196,36.16494979292958,36.43739318847656,10490100,GLW,35.638791349066,True,False,0.04258608993773313,-0.438422512621014,-0.5,0.41548433815327246,-0.2107155147402259,-1.8926591723168786,-0.3800292102156988,37.95658539040977,36.50769928767517,36.05069351196289,2021
2021-06-15,36.50769928767517,36.61316112743295,35.927654140150246,36.05069351196289,5329900,GLW,33.33555597664237,True,False,-0.11096293489050879,-0.5625579537686889,0.5,0.35419669215102756,-0.20966219047123097,-1.6666707422043041,-0.5866663869799671,42.47815164945077,35.98916885849039,35.46185302734375,2021
2021-06-16,35.98916885849039,36.05068853590518,35.33881367251416,35.46185302734375,6114800,GLW,30.141192567923014,True,False,-0.3239204954717991,-0.5618355813459456,1.5,0.2639486866328178,-0.19567565351158792,-1.8518557764308725,-0.8138355078522632,49.37776713280314,35.33003145779912,34.556636810302734,2021
2021-06-17,35.33003145779912,35.38276070138816,34.30176762438428,34.556636810302734,5104100,GLW,26.014259417332127,True,False,-0.5990493721778581,-0.45675115375608016,1.5,0.1282562028012324,-0.10510618206128336,-1.7886207228078679,-0.6452013349464255,54.973614244729085,34.213874360329896,34.01173782348633,2021
2021-06-18,34.213874360329896,34.53026314932697,33.85354342898779,34.01173782348633,8693300,GLW,23.89348328132712,True,True,-0.7404344479115252,-0.5351402533798444,1.5,0.04691639339445386,-0.09497709126734857,-0.7467513165652068,-0.7069751958446946,54.848217951582455,34.16114689392384,34.6181526184082,2021
2021-09-09,34.37238741332043,34.65528744368238,34.062963186563415,34.133689880371094,4182700,GLW,35.3343552962134,True,True,0.02229035308089351,-0.591089754591816,0.5,-0.05728648702195138,-0.4481584643153634,-1.0074614118892824,-0.2785479291087814,36.98786481768825,34.26629848983954,34.32818603515625,2021
2021-09-14,34.59339821849771,34.59339821849771,33.70049238802422,33.82426071166992,3866000,GLW,34.35444799373097,True,True,-0.04303680041793522,-0.5376534847601008,-0.5,-0.10068668661737834,-0.4061035638694389,-2.1534675902495026,-0.11331516230212446,37.10748908705767,33.87730206787237,34.16020202636719,2021
2021-09-21,33.70049858575706,33.78006443308108,32.95788513487771,32.98440933227539,3985400,GLW,30.53579335800208,True,True,-0.29761377613319456,-0.6397485085607842,1.5,-0.21744152835693253,-0.33894915843581697,-2.1774120774096186,-0.4923987703473326,47.09458895653049,33.231930155031804,32.99323272705078,2021
2022-01-19,32.7124255411616,32.7924941637771,31.982912932329175,31.99180793762207,3779100,GLW,35.91249938509611,True,False,0.06083329233974079,-0.20023197044889085,1.5,-0.26828435444018583,-0.10328798047814179,-2.2252788711847824,-0.6990005583567201,42.42101303098895,32.04518473052717,31.25339698791504,2022
2022-01-20,32.04518473052717,32.3743541911508,31.182223378188574,31.25339698791504,5343300,GLW,30.896217850355313,True,False,-0.2735854766429791,-0.6059741166456992,1.5,-0.37402305052965656,0.0009793139402252313,-1.660446433400799,-0.6605560176624378,45.601182472498216,31.25338962262157,31.19111442565918,2022
2022-01-21,31.25338962262157,31.76938459655906,31.03987223750501,31.19111442565918,4961200,GLW,30.509121567603145,True,True,-0.29939189549312367,-0.5370774649592028,1.5,-0.3797180630222119,-0.0036724936792379335,-0.2134137831576304,-0.5422955630848283,44.20567981573293,30.70181189043297,31.43132781982422,2022
2022-04-06,31.54370716691268,31.60640023331753,31.0600720119188,31.2750186920166,4926100,GLW,32.15047828858022,True,False,-0.1899681140946522,-0.5049832264002033,0.5,-0.4275008638155031,0.22256451186208154,-1.2295194736973785,-0.49504896128372694,40.977933217913225,30.95259870843192,30.818254470825195,2022
2022-04-07,30.95259870843192,31.06902673674081,30.227145975084184,30.818254470825195,5690100,GLW,30.112417319067063,True,False,-0.3258388453955291,-0.2277492711487108,1.5,-0.48984474055832117,0.2755328998005455,-0.3989408112330767,-0.7447410817232005,46.12926669759387,30.827204949819425,30.531652450561523,2022
2022-04-08,30.827204949819425,30.916768901500166,30.406266334723902,30.531652450561523,5120400,GLW,28.875526138060366,True,False,-0.4082982574626423,-0.4333717867102855,1.5,-0.5270544010280781,0.2333547523450041,-1.4473604957770574,-0.5536876819069753,48.77716670542763,30.424183164138977,30.155494689941406,2022
2022-04-11,30.424183164138977,30.737648495348317,30.07489224750118,30.155494689941406,3757300,GLW,27.291064218019997,True,False,-0.5139290521320002,-0.6038442704305068,1.5,-0.57703809181889,0.22430372587792444,-1.0135267493530395,-0.447451372091813,49.21775216519263,30.316702525101448,30.04801750183105,2022
2022-04-12,30.316702525101448,30.62121312921201,30.021150024458645,30.04801750183105,4106900,GLW,26.837924859842914,True,True,-0.544138342677139,-0.6452697233780698,1.5,-0.5875966326876647,0.19061090614239662,-1.1194031975221628,-0.3124110134641575,50.02123568996194,30.021148524646208,30.334613800048828,2022
2022-09-02,31.211337160787867,31.38417630275645,29.937774995213616,30.15610122680664,6728900,GLW,37.27177383974475,True,False,0.1514515893163169,1.4267536380374441,1.5,-0.3275146448165822,0.10138320076728778,-1.823898956116602,-0.49608956256806114,48.6009799540301,30.25616346348561,29.82861328125,2022
2022-09-06,30.25616346348561,30.30165055260185,29.737642573195213,29.82861328125,3840400,GLW,35.382932271880534,True,True,0.025528818125368957,1.192920943674352,1.5,-0.37477506607312305,0.08315825374843924,-1.8951424352427317,-0.5572555858664868,49.48936506509121,29.97416697921332,30.010555267333984,2022
2022-09-16,29.328286958554727,29.41015886190436,28.973508132343373,29.16454315185547,9532200,GLW,35.335007238043005,True,False,0.02233381586953366,-0.5022057774045994,0.5,-0.4542439234233536,0.10349387986723173,-0.937498758240299,-0.32654971371817304,36.732671437353915,28.88254011118364,29.4465446472168,2022
2022-09-20,29.182740818016484,29.200931491910783,28.70060467554174,28.837059020996094,3433200,GLW,34.60723169725064,True,False,-0.026184553516624003,-0.5475705258243121,0.5,-0.4971196507275122,0.09919304087376637,-1.7272799783602537,-0.34881682131487207,38.3944187636072,28.973507166587552,28.254854202270508,2022
2022-09-21,28.973507166587552,29.164542179732,28.254854202270508,28.254854202270508,3838000,GLW,31.486005859430662,True,False,-0.23426627603795586,-0.6666666666666666,0.5,-0.5828614211932853,0.16016095409683967,-1.9749985218076227,-0.3898950794670203,41.63716708512927,28.24575877067001,27.9455623626709,2022
2022-09-22,28.24575877067001,28.45498793722429,27.845498050063803,27.9455623626709,4238900,GLW,29.941095218098937,True,False,-0.3372603187934042,-0.5791767413574505,1.5,-0.6257189027472415,0.15230443281289235,-1.2313428586882698,-0.637164013014245,45.3760385387202,27.672655917440917,27.572589874267575,2022
2022-09-23,27.672655917440917,27.83639972078316,27.190521578165285,27.572589874267575,3842700,GLW,28.147522507179204,True,False,-0.45683183285471973,-0.3323771945283143,1.5,-0.67821613756396,0.17562430158555437,-0.38732555171999755,-0.548109442179881,47.363981061796224,27.336074735382653,27.19052505493164,2022
2022-09-26,27.336074735382653,27.77272551182473,27.172332646192057,27.19052505493164,3586000,GLW,26.40272515007716,True,False,-0.5731516566615227,-0.6505044964059119,1.5,-0.7318324177806479,0.17321721747560054,-0.6060601681935229,-0.47086119243421043,48.35784121446045,27.4179435130337,26.83574485778809,2022
2022-09-27,27.4179435130337,27.572590247719425,26.54464553016528,26.83574485778809,4705700,GLW,24.861590005382382,True,True,-0.6758939996411745,-0.41470949978349997,1.5,-0.7809109900873862,0.24678860059434565,-1.4159289047928354,-0.49641938247648176,52.70470013814923,26.899423917864468,27.226911544799805,2022
2022-12-19,29.68594718778595,29.80516884270616,28.97062425504601,29.11735725402832,5007800,GLW,38.55596722997995,True,False,0.23706448199866326,1.2395633648591062,1.5,-0.2871009863794971,0.0656101933449213,-1.703294054520829,-0.7337674361418314,45.30088863712256,28.99813810673088,28.93394088745117,2022
2022-12-20,28.99813810673088,29.23657792441688,28.787207884631155,28.93394088745117,3933100,GLW,37.28345597523216,True,True,0.15223039834881055,1.1300592087605283,1.5,-0.3138342542468475,0.026029563257078347,-0.35715119832156506,-0.4727044928785687,44.547589242540866,29.117357906392115,29.3741397857666,2022
2023-03-10,31.27091328281444,31.3818676360628,30.53121171586657,30.75312042236328,3257700,GLW,38.428086818278004,True,False,0.2285391212185336,-0.464402713621997,1.5,-0.09277733521321219,-0.08110132502158196,-1.5217458908994403,-0.42828173157558463,38.72876562408641,30.31855506932413,30.577449798583984,2023
2023-03-13,30.31855506932413,30.882578752791225,30.179859448834264,30.577449798583984,3667800,GLW,37.16703630921241,True,True,0.14446908728082755,-0.3032550593950236,1.5,-0.11963547992415113,-0.07646113322381405,0.9210460272047342,-0.47629325616587864,36.658451733501785,31.14147195276248,31.030517578125,2023
2023-04-25,31.44659496382874,31.89966421036809,30.346288975341327,30.411012649536133,7704500,GLW,36.24338669142843,True,False,0.08289244609522844,0.07010066554565804,0.5,-0.14983689886464535,-0.23607120033522638,-1.666664774456066,-0.4009720789112492,39.76911592046369,30.17985423342032,29.81000518798828,2023
2023-04-26,30.17985423342032,30.263070885898244,29.680554318552755,29.81000518798828,6084200,GLW,31.630335397413063,True,True,-0.22464430683912914,-0.5355406683838141,0.5,-0.24336412842447974,-0.19478941104995295,-1.5872898135645648,-0.5059538372253147,41.76677583805467,29.699048128918584,30.28156471252441,2023
2023-05-04,29.125779849898905,29.282966668838696,28.820652702967283,29.005578994750977,4855900,GLW,30.692736036364437,True,True,-0.28715093090903754,-0.4796605248191475,1.5,-0.36004410698402434,-0.15143606206740878,-0.6499958038330195,-0.6569011385677905,44.327468780076465,29.440153068279503,29.10728645324707,2023
2023-05-09,28.802160598003905,28.96859391295902,28.59874308171869,28.8114070892334,3321400,GLW,30.040357744041557,True,False,-0.33064281706389614,-0.4372689260946528,0.5,-0.3812714444328902,-0.23659477491903397,0.0625014901175474,-0.08367868882772356,41.75172023373606,29.070302034093704,28.93160820007324,2023
2023-05-11,28.79291217007941,28.839144623117143,28.524770996811583,28.64497184753418,3645400,GLW,29.855584120346037,True,True,-0.3429610586435975,-0.5310262563564748,0.5,-0.4009385797033588,-0.29171469322084725,-1.1764689382804556,-0.19462985537324895,43.07284253093585,28.69120081694822,28.65421485900879,2023
2023-05-16,28.589493019051133,28.81140349007397,28.29361239102068,28.32135009765625,3696400,GLW,29.25224603173588,True,True,-0.3831835978842747,-0.6336426297482755,-0.5,-0.44193021792548914,-0.34858014610074606,-1.2946481789912248,-0.14122101061943837,39.67655169147792,28.478541090007447,28.497034072875977,2023
2023-08-04,31.3085542822904,31.53245135731979,30.83276676998823,30.87941169738769,4784100,GLW,41.609990736181366,True,False,0.4406660490787578,1.7964231911664024,0.5,-0.037892003452655865,-0.2929089131373586,-1.5333429972330928,-0.23710686675144643,41.86289236100151,31.12196487462284,30.88873672485352,2023
2023-08-08,30.496916462792843,30.646182360179573,30.142412180736677,30.62752723693848,3382600,GLW,38.988076269399855,True,False,0.26587175129332363,1.2286210490971214,0.5,-0.0772473776673882,-0.280947658493029,0.6481664629795865,-0.2755391062282689,38.47729828987696,30.6648338462542,30.375633239746094,2023
2023-08-09,30.6648338462542,30.71147876097045,30.35697456210381,30.375633239746094,3620100,GLW,36.48412585563729,True,False,0.09894172370915252,1.0181674850322604,0.5,-0.11659005091384456,-0.31368248036858665,-2.039472363322425,-0.2039297504185522,45.02677876509598,30.496907897157843,30.468921661376957,2023
2023-08-11,30.24502335845213,30.394292783845604,30.142405966662583,30.25435447692871,2621200,GLW,35.85251891929481,True,False,0.056834594619653934,0.25416266245623476,0.5,-0.13379581431461174,-0.38672856210446144,0.09261221548765083,-0.15230284391017646,38.49479460031152,30.086431625442945,30.18905258178711,2023
2023-08-14,30.086431625442945,30.25435617968264,29.983810669098784,30.18905258178711,2914300,GLW,35.18076701528159,True,False,0.012051134352105919,-0.42175837169294805,0.5,-0.1429043977312261,-0.43290703388263485,0.9482781300149902,-0.0767805630940907,34.93893775852257,29.94649252991198,29.750581741333008,2023
2023-08-15,29.94649252991198,30.049113483580697,29.675948805771085,29.750581741333008,3362500,GLW,30.983051212331247,True,False,-0.2677965858445835,-0.5770875957969969,1.5,-0.21141559215001882,-0.42202025829772677,-1.3124955296473955,-0.2947018965863718,45.70241897019043,29.52668442469348,29.61997604370117,2023
2023-08-16,29.52668442469348,29.84387486168585,29.52668442469348,29.61997604370117,3096100,GLW,29.840894603339493,True,True,-0.34394035977736714,-0.551153181438219,1.5,-0.23023126588413878,-0.4548338152792824,0.7352965925792629,-0.2621021189327083,43.59499675698479,29.834548236956763,29.881193161010746,2023
2023-10-06,27.75715250903073,28.058246757575784,27.44664884088573,27.832426071166992,2561900,GLW,29.239777704226086,True,False,-0.38401481971826096,-0.13337668227759525,0.5,-0.44600004621632994,-0.5115134785130891,0.3076921948313754,-0.18321215244563732,42.28960519995882,27.55014792850541,27.7006950378418,2023
2023-10-09,27.55014792850541,27.83242330984536,27.48428199784052,27.7006950378418,2857400,GLW,28.02651876683862,True,False,-0.4648987488774253,-0.30836129666167417,1.5,-0.4633329851235607,-0.5290755378473934,1.0810775979833764,-0.26188946556981035,44.947163212864865,26.99500624672249,27.521921157836918,2023
2023-10-10,26.99500624672249,27.907698370664303,26.844459129261217,27.521921157836918,4182400,GLW,26.424085162916157,True,False,-0.5717276558055896,0.21053898185323291,1.5,-0.48818855889633805,-0.4195063770276041,1.2389377916937439,-0.18110031458439257,49.56201376880069,27.67247367577321,27.380788803100582,2023
2023-10-11,27.67247367577321,27.76656609121509,27.258468124627075,27.380788803100582,3066200,GLW,25.19917452390176,True,False,-0.653388365073216,0.028447470505823375,1.5,-0.5067529592729214,-0.41425463443296545,-1.435180279461435,-0.20283772016118085,54.74665569098259,27.540742518188605,26.46809196472168,2023
2023-10-12,27.540742518188605,27.63483492388407,26.2140448024063,26.46809196472168,5720800,GLW,19.049280146229407,True,False,-1.0633813235847063,-0.3742167282695301,1.5,-0.6508462216538058,-0.20799461815424564,-1.8874190797991597,-0.5562148672787217,59.99294852077632,26.439865686326023,26.279909133911133,2023
2023-10-13,26.439865686326023,26.57159397843357,26.15758846724266,26.279909133911133,3741000,GLW,18.07006271249311,True,True,-1.1286624858337926,-0.5229282108348338,1.5,-0.6759011042098129,-0.22746886471046215,-0.9659083520094148,-0.5641012562326699,58.730281565977016,26.533958246717862,26.72214126586914,2023
2024-03-26,31.22416491763127,31.329584128647,30.94623256944893,30.96540069580078,5452600,GLW,49.198634194994256,True,True,0.946575612999617,2.3614756136792274,1.5,0.21890007943519474,-0.6347653690891336,-1.6875125170469965,-0.3093865660283787,39.28245587672518,31.147494597674797,31.64585494995117,2024
2024-04-04,31.597938245308697,31.61710637408928,30.92706836177528,31.022905349731445,4417500,GLW,48.47122849082556,True,False,0.8980818993883707,1.599819274888339,0.5,0.21168127616214671,-0.6565759575475708,-2.0833377484847384,-0.1147797970134895,34.36948288534706,30.984573106689812,31.18583297729492,2024
2024-04-08,31.42543002911036,31.42543002911036,30.85039710998535,30.85039710998535,4923700,GLW,45.93948692527174,True,False,0.7292991283514492,1.3558218751512732,0.5,0.17837906872631315,-0.6512666239512221,-2.5,-0.1458386672394188,36.643040934799465,30.94623523731452,31.19541358947754,2024
2024-04-10,30.73538741328661,30.84081028223035,30.419120634428563,30.62038230895996,4155300,GLW,43.53140150325708,True,False,0.5687601002171386,0.958250724689934,0.5,0.13595042179108896,-0.5987952602017091,-0.6818112854213696,-0.22664564898211836,34.47315574049179,31.07082802631032,30.92707252502441,2024
2024-04-12,30.59163290468854,30.71622208371686,30.07410440417087,30.179527282714844,3352500,GLW,39.694198250002984,True,False,0.31294655000019894,0.2994885106639136,0.5,0.05951356935523733,-0.5164199257018338,-1.6044785679514288,-0.40706557065225135,36.84635178657305,30.50537489917606,29.98784828186035,2024
2024-04-15,30.50537489917606,30.70663657055722,29.959096092242145,29.98784828186035,3385000,GLW,37.87176967691234,True,False,0.19145131179415623,0.032330703940914564,0.5,0.02710521361179885,-0.47304801704369565,-1.7307645282373008,-0.2582160881914111,38.38232412824082,30.08368741056517,29.63324737548828,2024
2024-04-16,30.08368741056517,30.13160773002438,29.6140792477046,29.63324737548828,5754400,GLW,34.697983224352186,True,True,-0.020134451709854298,-0.40729820648368964,1.5,-0.03201967597965982,-0.4618794338988932,-2.1759190579126377,-0.522933890885259,43.53948744419414,29.71949849553962,29.690746307373047,2024
2024-07-25,42.38458729364023,42.40390174248474,41.24506059879501,41.34163284301758,8275700,GLW,53.8988192546532,True,False,1.2599212836435465,4.570235904018144,1.5,1.1866382333221082,-0.1445210155803731,-2.2499944369033598,-0.42315629643820823,43.50273056678608,41.76653824890701,41.38025665283203,2024
2024-07-29,41.52511497272241,41.54442942174901,40.93603717090196,41.21609115600586,11589700,GLW,52.8955661043606,True,False,1.1930377402907064,4.7466407645632005,0.5,1.139160326148848,-0.2146461232870836,-1.2698379059164093,-0.36120728675103075,39.15578919364908,38.19344862485288,38.37693405151367,2024
2024-07-30,38.19344862485288,38.54110134499487,36.31033217998674,38.37693405151367,25844700,GLW,37.08473994083062,True,True,0.13898266272204154,1.8390574421060577,0.5,0.7081298537369674,0.3901055096883638,0.20563022559544591,-0.8964023030855652,48.59390722130535,39.31365957786617,38.63766860961914,2024
2024-08-02,38.106538604409536,38.23208069350444,37.20843689752839,37.604373931884766,6589400,GLW,34.443540443057785,True,False,-0.03709730379614769,0.9669621275662443,-0.5,0.5702842479742876,0.43234451929380774,-1.2264145850802295,-0.25163556532157155,47.84732079770534,36.55174928164434,36.46483612060547,2024
2024-08-05,36.55174928164434,36.81248876476096,35.90473194801898,36.46483612060547,6816500,GLW,30.277553423556625,True,True,-0.3148297717628916,-0.04439476264704786,0.5,0.39717385830886687,0.5652790468016066,-0.23936245764259614,-0.7029514743006282,48.408750421002395,36.83180771235145,37.01529312133789,2024
2024-11-13,47.05456650696201,47.15178519916825,45.82959021669331,45.89764404296875,5383800,GLW,51.039011041079696,True,False,1.0692674027386464,2.9586002604221324,0.5,0.9387547009121333,-0.10337475287698883,-2.187503506153996,-0.38741902289567004,41.983566881698174,45.88792770710091,45.742095947265625,2024
2024-11-14,45.88792770710091,46.2865303141742,45.71293107876085,45.742095947265625,3506000,GLW,50.05811217331278,True,False,1.0038741448875186,2.448269327388299,1.5,0.9078279414659918,-0.1503885390377868,-0.6355995215465757,-0.47781865886575153,41.265912580185564,45.55626477105922,45.46824264526367,2024
2024-11-15,45.55626477105922,45.95725362615942,45.29219839367259,45.46824264526367,3655700,GLW,48.29820039341986,True,False,0.8865466928946575,2.2098482716460683,1.5,0.8622800739321856,-0.18056249621270182,-0.3308827654299005,-0.40140798578347653,41.68702495723384,45.526925061989374,45.419342041015625,2024
2024-11-18,45.526925061989374,45.66384755018942,44.998792266768056,45.419342041015625,3590000,GLW,47.97385927121309,True,True,0.8649239514142057,1.7707380227188614,1.5,0.8460169547754981,-0.21550061105619867,-0.4044138271494126,-0.13026322263549744,40.78714100222801,44.93033174795742,46.25066375732422,2024
2024-12-11,47.61011331618084,47.61011331618084,46.53429056202685,46.58319091796875,3787900,GLW,46.86216092708251,True,True,0.7908107284721676,1.805111497672681,1.5,0.806292843384484,-0.4151117045794547,-2.386365212687016,-0.4867842175899348,43.85627008015559,46.51473026810352,47.54165267944336,2024
2024-12-18,46.84725821147217,47.13088177369325,45.360664231137136,45.4878044128418,4615000,GLW,39.36070146510108,True,True,0.2907134310067387,0.06828774436936753,0.5,0.6241711564849917,-0.2340440548311775,-1.919896518293719,-0.42575239237957474,40.28107355221147,45.8203312244726,46.02571868896485,2024
2025-02-27,49.04781119827221,49.46836101166709,47.83506211830269,47.9230842590332,4378500,GLW,39.03123527034757,True,True,0.26874901802317147,0.6769870905259955,0.5,0.48379970641500014,0.23021771669423235,-1.7215571255947493,-0.43816362548312615,43.76313298575225,47.932921680763656,49.32969665527344,2025
2025-03-04,46.47712394073229,46.65417995116668,44.94263976773421,45.72955703735352,9970500,GLW,34.127230154121165,True,False,-0.05818465639192236,-0.33081506550198164,0.5,0.21938265013481395,0.6105383956175238,-1.0919505580633384,-0.5721478634970717,43.361853768522714,46.10334758202537,46.27056884765625,2025
2025-03-06,45.48364559817,46.22137771236482,44.66722025735727,44.76558303833008,5394000,GLW,32.699578459053626,True,False,-0.1533614360630916,-0.6236570939106477,0.5,0.1054196675954655,0.6039243072821624,-1.1550672641409332,-0.7098458986962721,42.84466696947445,44.657392802812375,45.1787223815918,2025
2025-03-10,43.93933061159412,44.65739329712559,43.54587566653191,44.27376937866211,5428200,GLW,32.39336754882444,True,False,-0.17377549674503712,-0.28215789006887343,0.5,0.047316977280827954,0.6702529834362713,0.7522120159474189,-0.5394356279605383,41.93849913230473,44.07703699722455,44.17539978027344,2025
2025-03-11,44.07703699722455,44.96231330156351,43.60488888445051,44.17539978027344,6771700,GLW,32.11724676768121,True,True,-0.19218354882125274,-0.3213217834832142,0.5,0.035740806999934316,0.6544863953602736,0.18115701656907762,-0.1647982719088295,44.06988429717388,45.14921206027056,44.65739059448242,2025
2025-04-03,43.722931486960896,43.949168923510406,41.32284019916565,41.598262786865234,9628700,GLW,30.789716988544612,True,False,-0.2806855340970259,-0.5603509470900053,0.5,-0.29477097364121796,1.1011948606575732,-2.0224702646712123,-0.9529262277278489,45.673614064415126,40.309689040979855,38.430931091308594,2025
2025-04-04,40.309689040979855,40.42772514843611,37.604670834514415,38.430931091308594,11895500,GLW,24.598605117913394,True,True,-0.6934263254724404,-0.3750575580413804,0.5,-0.6473751115510529,1.610151582615726,-1.6637635524813477,-1.7759112907545573,50.860722922058535,37.22104508242902,38.96209335327149,2025
2025-10-10,86.79762123584588,87.18497699212622,82.39764994337696,82.41751861572266,7898500,GLW,61.43694130758246,True,True,1.7624627538388304,5.373393950006165,-0.5,2.159333348167752,0.09508273803016296,-2.287342485441626,-0.3056657795566131,33.43572566353982,84.53308488398638,84.92044067382812,2025
2025-10-17,85.66534627148887,85.95338138856364,83.12270189686743,83.91727447509766,5940500,GLW,59.389583714314995,True,True,1.6259722476209997,5.355222581619606,-0.5,2.123927475902696,0.20072097141982845,-1.5438623495870647,-0.017729509711818248,35.47040941886762,84.65226303240209,84.70191955566406,2025
2025-10-22,85.48656636505267,86.74795422023838,82.51683647404779,83.56964874267578,8440400,GLW,56.274609907190715,True,True,1.4183073271460478,5.132336895722863,-0.5,2.0041696146015586,0.24868001437305504,-1.1326307475741766,-0.051781015082454085,37.87298531426144,83.43060148143934,85.25812530517578,2025
2025-11-04,84.92042799283172,85.4964982118936,84.14571652883433,84.63239288330078,5601900,GLW,50.77573137789356,True,True,1.0517154251929037,3.539785352861694,1.5,1.8208311356084994,0.6657158164198134,-0.53308967900459,-0.7019833202983286,49.28885162542103,84.9601595586855,86.50958251953125,2025
2025-11-07,85.31771725812291,85.85405770761884,82.76513863854726,84.90056610107422,7430000,GLW,50.51364189265854,True,True,1.0342427928439026,2.4113873439487095,-0.5,1.7645243801826405,0.7049472029463627,-0.33761904060995174,0.03960853649488949,41.12044780142078,87.25450755065943,87.9596939086914,2025
2025-11-13,87.80076997601154,88.12853484433694,80.7786952450059,81.80171203613281,11373700,GLW,43.50977793547496,True,False,0.5673185290316638,0.6735986660414325,0.5,1.422910504936954,0.9866917283389833,-2.040540429081182,-0.87511415725125,44.58465484701742,80.37656842880553,81.78178405761719,2025
2025-11-14,80.37656842880553,83.6354785834328,79.30022820022974,81.78178405761719,9792200,GLW,43.47545565045886,True,False,0.5650303766972574,0.5631063422575465,0.5,1.4032339390048953,1.0501949527704992,0.8103428317867015,-0.7946751456010093,39.575962489874485,81.33330982861192,80.78517150878906,2025
2025-11-17,81.33330982861192,82.51927768230438,79.94802309690813,80.78517150878906,7248000,GLW,41.70366917690073,True,False,0.4469112784600488,0.3808525741592142,1.5,1.3085655162455434,1.038819455874441,-0.5329483153244261,-1.07761626271312,45.50288717865385,80.1872094060372,79.8483657836914,2025
2025-11-18,80.1872094060372,80.79514188474276,78.6026037541354,79.8483657836914,6889700,GLW,40.05135612507899,True,False,0.3367570750052659,0.21112238835787286,1.5,1.2201174343298726,1.0058008507149325,-0.38636001081988897,-0.29848798451470454,48.26801457714715,79.97791991274715,81.41304016113281,2025
2025-11-20,83.964362743641,84.30320637386247,77.22727940222565,77.76544952392578,8332200,GLW,37.736892471301275,True,True,0.18245949808675163,-0.42761297298738143,0.5,1.0292256360846652,1.2924662958005326,-2.1901417455843517,-0.46724570989719744,46.888592692707114,78.29364737765809,79.19059753417969,2025
2026-06-09,190.41000366210935,190.41000366210935,166.0,173.94000244140625,16673400,GLW,45.725358627869895,True,False,0.7150239085246597,0.8258845607156786,0.5,1.906545451591004,3.925648216166317,-1.6868085569225872,-1.5022758518969712,48.59607354661524,173.66000366210938,168.1699981689453,2026
2026-06-10,173.66000366210938,178.47999572753906,166.67999267578125,168.1699981689453,10595200,GLW,43.374076752936745,True,True,0.5582717835291163,0.27030594930850355,0.5,1.6552225087668526,4.038496243831113,-1.1631364562118125,-0.662377770939955,49.17970458172625,169.5,176.5500030517578,2026
2026-07-15,186.6000061035156,187.07000732421875,167.08999633789062,174.41000366210938,13357900,GLW,42.51561904852526,True,False,0.501041269901684,-0.3456089336866321,0.5,1.1751019816593733,5.008454306408973,-1.5252747420593973,-1.0791552582791255,44.21589499080816,166.5800018310547,158.38999938964844,2026
2026-07-16,166.5800018310547,167.5,154.42999267578125,158.38999938964844,17706100,GLW,37.9846802295535,True,False,0.19897868197023313,-0.517031116390748,0.5,0.6011270887372389,5.759263519016394,-1.5665642409836602,-1.6875103174529782,44.29803818297749,150.8300018310547,154.61000061035156,2026
2026-07-17,150.8300018310547,158.3800048828125,146.94000244140625,154.61000061035156,14221000,GLW,36.98316517137585,True,False,0.13221101142505678,-0.3693893565559576,1.5,0.4623740067690407,5.750079189275081,0.826048508000192,-2.200356992561299,43.55825197998889,157.86000061035156,153.10000610351562,2026
2026-07-20,157.86000061035156,160.5399932861328,152.58999633789062,153.10000610351562,7826900,GLW,36.56838009508277,True,True,0.1045586730055182,-0.4183764261249164,1.5,0.40462660670751105,5.535507093812501,-1.4968541930976504,-1.5272918060278209,49.58915520886717,161.3000030517578,162.41000366210938,2026
2026-07-24,154.77000427246094,157.39999389648438,145.92999267578125,146.64999389648438,8965900,GLW,36.43534869908337,True,False,0.09568991327222467,-0.6343935229157734,0.5,0.1582254607596878,5.094589537750248,-1.769836423670144,-1.212980220603696,45.12196713561345,145.75,143.36000061035156,2026
2026-07-27,145.75,148.69000244140625,136.30999755859375,143.36000061035156,14036500,GLW,35.43895544845735,True,False,0.029263696563823296,-0.346829771652974,0.5,0.04207768006014967,5.166944001230086,-0.48263296587357146,-0.8681680122846827,45.89910850378668,121.75,126.01000213623048,2026
2026-07-28,121.75,126.0999984741211,114.5,126.01000213623048,46223200,GLW,30.674868595441964,True,False,-0.28834209363720237,-0.17813027930786082,1.5,-0.5631182398357021,6.6431405912235215,0.9181040294389465,-2.4069264940140083,46.15904538010462,126.3000030517578,124.0500030517578,2026
2026-07-29,126.3000030517578,130.8699951171875,122.62000274658205,124.0500030517578,25603400,GLW,30.181266126384074,True,True,-0.32124892490772844,-0.24709345995322982,1.5,-0.6266293124240868,6.488192512869124,-0.6818188123472397,-1.9263545674505111,50.34903306668827,130.4199981689453,135.22000122070312,2026
2010-05-06,10.816272068117392,10.99102437375143,9.46423784031699,10.393186569213867,9797200,TER,42.46969875446347,True,False,0.4979799169642315,0.6574157563824493,1.5,0.13035078623673813,2.046421263711544,-0.6927712054674284,-1.6178741148848874,41.4284161321281,10.383989166306906,10.126459121704102,2010
2010-05-07,10.383989166306906,10.549544633551609,9.776953622600251,10.126459121704102,9364800,TER,39.83121530193584,True,True,0.32208102012905615,0.3264883988981797,1.5,-0.001299850630749888,2.2353224806075622,-0.8333323872280282,-1.135422571914195,44.65846882550955,10.770279505851889,10.917439460754396,2010
2010-05-20,9.675780204055892,10.04368022517698,9.409051592314553,9.694174766540527,12163300,TER,38.67169292550794,True,True,0.24477952836719605,-0.35241902647377793,0.5,-0.22719106827553182,2.493082363833828,0.07246191525297555,-0.8613048372354006,38.16587944284303,9.41825209430843,9.988497734069824,2010
2010-06-07,9.749360586418506,9.887322880404206,9.179114215849,9.234299659729004,9155500,TER,38.614188573069534,True,False,0.24094590487130224,-0.6018841139777218,0.5,-0.44192426314930366,2.433296937507096,-1.8181820996675762,-0.9862344193975233,38.65230338016945,9.271088934797948,9.14232349395752,2010
2010-06-08,9.271088934797948,9.317076654894016,8.848003488771173,9.14232349395752,7709700,TER,37.81537492165158,True,False,0.1876916614434388,-0.3168136205848715,1.5,-0.48294331516699873,2.423066941520413,-0.6862758847662737,-1.4260211686917295,41.10330063348328,9.353866859438652,9.087139129638672,2010
2010-06-09,9.353866859438652,9.54701458633814,9.02275684638645,9.087139129638672,5191000,TER,37.31657568990432,True,True,0.1544383793269546,-0.38107955599166116,1.5,-0.505645608669959,2.4287303555574025,-1.2719303382366793,-0.7492874264747734,44.30355983424591,9.289481647568392,9.455036163330078,2010
2010-06-29,9.64818816096552,9.64818816096552,9.06874490279776,9.151522636413574,7750000,TER,37.058523094658035,True,False,0.13723487297720235,-0.3024781035228599,0.5,-0.4774094874491841,2.38080590444383,-2.1428566022255455,-0.9409858387405919,42.24132330597455,9.142321598764028,8.967569351196289,2010
2010-06-30,9.142321598764028,9.39065470951792,8.921581640633425,8.967569351196289,5766700,TER,35.30050013180927,True,False,0.020033342120618157,-0.5215871975413872,0.5,-0.5632995336113045,2.417881115259601,-0.9313700740873802,-1.0455834028487,40.67184627897691,8.939977579108637,8.78361988067627,2010
2010-07-01,8.939977579108637,9.068742123363997,8.507694478904874,8.78361988067627,9641300,TER,33.58474927743268,True,False,-0.09435004817115479,-0.33236786105641875,1.5,-0.6486425122270922,2.509721028425767,-0.6967220162875124,-1.4262510822111094,45.64071239086039,8.829606266052428,8.71923542022705,2010
2010-07-02,8.829606266052428,8.866396255613374,8.544483189098193,8.71923542022705,4724100,TER,32.98052505342095,True,True,-0.13463166310527014,-0.40254427041794694,1.5,-0.6746804219527336,2.415852965643416,-0.8571479174500387,-0.5904580491153305,48.42190411121594,8.866399641426199,8.728436470031738,2010
2011-03-09,16.721065125298935,16.73946055715748,15.976067677877332,16.0588436126709,6267800,TER,47.54973566957616,True,False,0.8366490446384105,3.237329036388673,0.5,1.5037462919710998,0.9935891617463888,-2.1686785749576565,-1.0010593909004926,50.85519185698759,15.78292558196853,15.608172416687012,2011
2011-03-10,15.78292558196853,15.97607418660298,15.433421005691145,15.608172416687012,5563700,TER,43.2832477010688,True,True,0.5522165134045868,2.7743746781132184,0.5,1.3046499919969423,1.0657071393756852,-0.8050868005043117,-0.6890274909252481,52.834530966643065,15.552990685074322,15.62657070159912,2011
2011-03-16,15.562182014562294,15.847304242201735,14.92755353626847,15.148293495178224,5879300,TER,38.94240694201349,True,True,0.2628271294675661,2.0052729378782828,0.5,1.05844129895874,1.241972447937255,-1.1250019073486317,-0.3825833059872427,55.305725059075954,15.415028373376073,15.62657070159912,2011
2011-04-12,16.16001945832588,16.178414893286053,15.369033297890867,15.433417320251465,6503600,TER,38.01800000465092,True,True,0.20120000031006147,0.08950512554295716,1.5,0.8603584579758883,0.8202420988242023,-2.2443126400707425,-1.149894622818029,48.48358598464475,15.598979885204985,15.654166221618652,2011
2011-04-28,15.543795852222177,15.67256222078367,14.265342169671872,14.743613243103027,17319200,TER,36.31955019001477,True,False,0.08797001266765155,-0.17869308359648883,-0.5,0.4785649990615415,1.2878834097747816,-1.421566244182904,-1.217618999578124,39.735716316985524,14.7252123515107,14.807990074157717,2011
2011-05-02,14.85397858101793,14.909163150865108,14.486078524893674,14.550460815429688,4711200,TER,35.202752535571605,True,False,0.013516835704773673,-0.35604025821261454,0.5,0.3970793110164017,1.1370103304793104,-1.7934814157530734,-1.6880752819512956,42.31189577996695,14.522868866949027,14.440091133117676,2011
2011-05-03,14.522868866949027,14.743609782880284,14.246943379892167,14.440091133117676,4155300,TER,34.37996904242803,True,True,-0.041335397171464665,-0.4533695978420358,0.5,0.3523474069375998,1.1204318557614987,-0.4166666666666592,-0.25733355265485647,44.43793328306247,14.651631854335925,14.624038696289062,2011
2011-06-07,13.722678464454509,13.89743068540952,13.612308502197266,13.612308502197266,2829200,TER,34.33666802830203,True,False,-0.04422213144653142,-0.6666666666666666,1.5,-0.029280593571239244,0.3896764054196672,-0.9677426797679258,-0.5258952345319007,43.21085983009126,13.54792699647676,13.354780197143556,2011
2011-06-08,13.54792699647676,13.575520148218011,13.281199336309475,13.354780197143556,2932900,TER,31.607568609823474,True,False,-0.22616209267843507,-0.5480452537554409,1.5,-0.12212345394755131,0.39767942397675915,-1.6406145226422666,-0.3432739140785804,48.40600842678672,13.409969797903836,13.419167518615724,2011
2011-06-10,13.391575303570193,13.419167588707042,12.940896634906032,13.069662094116213,4296600,TER,29.435303904694223,True,False,-0.37097973968705183,-0.4616870020748607,0.5,-0.2231848454717389,0.4695324214144601,-1.6826926603821915,-0.4983049054404151,47.07786485782181,13.115645168364765,12.821324348449709,2011
2011-06-13,13.115645168364765,13.124842885862057,12.73854752240192,12.821324348449709,4186200,TER,27.16700470623563,True,True,-0.522199686250958,-0.5341611663136484,0.5,-0.3110199526839069,0.4988396685907356,-1.904765418867288,-0.4993117078856413,49.578057207304695,13.060459219514568,13.216816902160645,2011
2011-08-08,10.595528843798334,10.797873373107135,10.11725804257539,10.310405731201172,8673600,TER,23.890426714190696,True,True,-0.7406382190539537,-0.4532790290493556,1.5,-1.1456955539520612,2.2351062155639596,-1.047299038850637,-1.6460138709426628,53.687333406702486,10.577135735790394,10.862258911132812,2011
2011-11-23,11.165779011041716,11.257753597567024,10.853063487141018,10.871458053588867,4787700,TER,34.4819156209345,True,False,-0.0345389586043666,0.9224617591493987,1.5,-0.6434767532122226,1.7642457666522204,-1.8181872367910386,-1.2813211307079644,50.65660969863521,10.8438662135646,10.742693901062012,2011
2011-11-25,10.8438662135646,11.064606282921009,10.742693901062012,10.742693901062012,1182400,TER,33.564798491097136,True,True,-0.09568010059352426,0.813937619863515,1.5,-0.6891134812047078,1.7000606443873385,-0.7857131179479028,-1.1557826798563833,49.42521697539752,11.193368077822868,11.138182640075684,2011
2012-03-02,15.010335119040558,15.157495129675407,14.725212817721244,14.817188262939451,3430400,TER,46.74918380761811,True,False,0.783278920507874,3.3815123356716783,1.5,0.587534007052658,0.3028533099966759,-1.1170180386746158,-0.5062540295786524,48.3682328699294,14.817182438893637,14.081381797790527,2012
2012-03-05,14.817182438893637,14.85397154994916,13.989406388724198,14.081381797790527,6580000,TER,37.3713101635603,True,False,0.1580873442373535,2.07028074908724,1.5,0.306788261587968,0.5501074871895533,-2.127661031531124,-0.8450086379583429,55.669549610748426,13.860647540688172,13.925030708312988,2012
2012-03-06,13.860647540688172,14.026203004376384,13.851450697149987,13.925030708312988,4628200,TER,35.731102789995006,True,True,0.048740185999667084,1.6163735044688188,1.5,0.24527761191001862,0.4935075995934161,0.9210631986307077,-0.9037975022931202,49.58388242293787,14.044596823507234,14.476879119873049,2012
2012-05-10,14.559655235173182,14.605642951048171,14.228545259730156,14.366507530212402,2669100,TER,37.51998068189571,True,True,0.16799871212638068,-0.2511042095036025,1.5,0.13599073758895464,0.455875040986326,-1.2804885140353013,-0.3197195513343992,43.43369606343408,14.246940079943007,14.449285507202148,2012
2012-05-15,14.32052226109505,14.522867719231456,14.127374523133678,14.182559967041016,3195800,TER,35.68716138211171,True,False,0.04581075880744739,-0.5179302502041124,0.5,0.06659347614920819,0.46492368264381045,-0.8720901864764687,-0.16004895656142326,40.22379571328973,14.210149452384512,13.814657211303713,2012
2012-05-16,14.210149452384512,14.302124881738768,13.805459492939749,13.814657211303713,3232000,TER,31.3702103108414,True,False,-0.24198597927723994,-0.6532360983588148,1.5,-0.06419965707830932,0.536579819022819,-1.9907378790634755,-0.549013561589351,48.91897599231601,13.823857581366465,13.419167518615724,2012
2012-05-17,13.823857581366465,13.925030754911344,13.419167518615724,13.419167518615724,2099800,TER,27.516764155558604,True,False,-0.4988823896294264,-0.6666666666666666,1.5,-0.20354150024366968,0.6190108354738627,-1.999997399070947,-0.8092908747275251,52.421045811016405,13.446759053612746,13.170833587646484,2012
2012-05-18,13.446759053612746,13.547931344371795,13.115649020738958,13.170833587646484,3459700,TER,25.406385770962558,True,True,-0.6395742819358294,-0.586356077939156,1.5,-0.289564277061678,0.6520572858896951,-1.595748026702926,-0.8916993668153808,54.12584398185858,13.226019182781812,13.465154647827148,2012
2012-09-19,13.879041432786773,13.915831434261548,13.566325981679777,13.777868270874023,5416600,TER,41.56380109246821,True,False,0.4375867394978807,2.1532205036425704,1.5,-0.0015167022129414232,0.3218787550550273,-0.7236880080510207,-1.1031630562023012,45.32636764065082,13.667500954334589,13.520340919494627,2012
2012-09-20,13.667500954334589,13.676698675797834,13.44676090207465,13.520340919494627,3716700,TER,38.3647944257818,True,False,0.2243196283854535,1.7692756219763481,1.5,-0.09401828122055089,0.33162795666927003,-1.5999984741211366,-0.7737699518130539,49.5530534449493,13.584721526820433,13.428363800048828,2012
2012-09-21,13.584721526820433,13.70428837468782,13.40996836059672,13.428363800048828,3245800,TER,37.26172223038096,True,False,0.1507814820253974,1.6635368505382369,1.5,-0.12615742712122402,0.30597262953297366,-1.3281268626469218,-0.4537914040779023,50.66804668941457,13.336384495545328,13.253606796264648,2012
2012-09-24,13.336384495545328,13.419162194826008,13.005274575565185,13.253606796264648,4154700,TER,35.19135889150998,True,False,0.012757259433998532,1.3609395631350303,1.5,-0.1877701328381226,0.34123465154682503,-0.5000010596385766,-0.475637326746009,50.08626485628015,13.354784483052576,13.170833587646484,2012
2012-09-25,13.354784483052576,13.511141340719153,13.134043583993842,13.170833587646484,5523200,TER,34.2214695565565,True,False,-0.051902029562900034,1.2147767334833823,1.5,-0.21575023778584557,0.3458700126548346,-1.2195173010541602,-0.3231310271032045,52.186640395709134,13.078857371817511,12.922499656677246,2012
2012-09-26,13.078857371817511,13.08805421371659,12.692561943487767,12.922499656677246,5912700,TER,31.42333036706016,True,True,-0.23844464219598932,0.5494384425640321,1.5,-0.3030966939180807,0.4142718971905789,-0.9883740271952716,-0.47089145679250766,51.42382281833417,13.032870585523003,13.272006034851074,2012
2012-10-10,12.683363698001417,12.710955976838916,12.361450562040591,12.407438278198242,2648900,TER,28.921563119670353,True,True,-0.4052291253553098,-0.5803165813987403,1.5,-0.46355269788071307,0.24105244212877058,-1.9736848709653905,-0.5152828623989691,49.414174747159606,12.517808313586729,12.582191467285156,2012
2013-01-24,14.6240364674452,15.470207221442909,14.486074206808848,14.90915870666504,9240300,TER,40.13542495727932,True,True,0.34236166381862126,1.1410082556893595,1.5,0.24574524307639845,-0.02858141854049599,0.7242980242001664,-0.671341689775598,41.385177743390344,14.863175256609692,15.231075286865234,2013
2013-03-21,15.019530771112342,15.10230848498338,14.55965536262233,14.66082763671875,4997700,TER,33.654902438549954,True,False,-0.08967317076333643,-0.3273839860440772,0.5,0.016213975964811667,-0.10523489628762317,-1.652543400252154,-0.44616464056327076,42.13989858089577,14.743607110423504,14.541261672973633,2013
2013-03-22,14.743607110423504,14.80798939078096,14.476878515473391,14.541261672973633,2978700,TER,31.979131958617927,True,True,-0.20139120275880487,-0.5413473806040001,0.5,-0.0244510889165811,-0.0964132328796818,-1.5277770419192078,-0.4496951658036402,42.787266421210816,14.624038696289062,14.624038696289062,2013
2013-04-03,14.274535383166771,14.292929946333585,13.897436751104086,14.026202201843262,2147700,TER,30.93774890362255,True,True,-0.2708167397584968,-0.4299390666597831,1.5,-0.19865934475761682,0.05689903717803063,-1.569768989194655,-0.7475347176852373,47.04627361718739,14.007807474425336,14.118178367614746,2013
2013-07-25,15.267863095568536,15.773725316118924,14.302124613998611,15.304652214050291,11094900,TER,35.19100301622376,True,False,0.012733534414917359,0.7262233315522177,1.5,0.03098649245432794,0.42346446872831567,0.06249847263042939,-0.8668914619730586,46.315523727789426,15.249470226121788,15.258667945861816,2013
2013-07-26,15.249470226121788,15.369037074170842,15.249470226121788,15.258667945861816,3076200,TER,34.64889799009636,True,False,-0.023406800660242765,0.7376465729912715,1.5,0.01571200911826387,0.3173326487375792,0.1923133353873816,-0.7905102673133796,46.64913574879176,15.194285639204242,15.083914756774902,2013
2013-07-29,15.194285639204242,15.31385248707417,14.909161590547471,15.083914756774902,3266500,TER,32.59400135128172,True,True,-0.16039990991455208,0.49007898834981506,1.5,-0.04131970813760155,0.32472060032873035,-0.6818221226163559,-0.6434379575718713,49.73048429103516,15.203480518948291,15.277060508728027,2013
2013-08-19,14.706817545063428,14.734410705228386,14.38490523742468,14.412497520446776,1946300,TER,31.364595592589893,True,False,-0.24236029382734045,-0.45322562323596366,0.5,-0.25387606788380257,-0.07202620334258124,-2.105260516138426,-0.6143793384885576,43.34823757198538,14.430893784699933,14.467683792114258,2013
2013-08-21,14.430888463592025,14.522863886785183,14.265333929844031,14.338913917541504,1449800,TER,31.15026390225397,True,True,-0.2566490731830688,-0.5170441572193556,0.5,-0.2732965668050147,-0.14238930054546348,-0.8928528853784751,-0.30507189662417333,41.84013402696028,14.384906228745232,14.550460815429688,2013
2013-08-27,14.320517164462554,14.348110315167334,14.072184948117467,14.099777221679688,2049300,TER,31.144442921083453,True,False,-0.2570371385944365,-0.6071095814406933,0.5,-0.3433689545284979,-0.20630883721282334,-1.9999968210876151,-0.38717295578027666,42.53378558494566,14.090583423508855,14.06299114227295,2013
2013-08-28,14.090583423508855,14.210151145054848,13.998608860341571,14.06299114227295,2088700,TER,30.66933877863255,True,True,-0.2887107480911633,-0.5244998107977544,1.5,-0.3522297351081699,-0.23544208933358457,-0.3260847030335377,-0.4795593454618677,43.90386913258136,14.035400323807105,14.210152626037598,2013
2013-12-12,15.304649134712156,15.33224228373568,14.909156103466708,15.047120094299316,5143400,TER,36.58375464287366,True,True,0.10558364285824381,-0.09800408985271354,1.5,-0.07193328515661457,-0.28127438429626805,-1.5217292151277477,-0.5549155119181859,41.78182289015346,15.065517895460664,15.074715614318848,2013
2014-03-13,18.05471050903612,18.211068241854345,17.539650464458422,17.7052059173584,3558700,TER,43.747537283843755,True,True,0.5831691522562503,1.950276429122966,0.5,0.44340469833196505,-0.2021237290693756,-1.3013678049800306,-0.25444419538122875,42.25286048681538,17.70520256031866,17.73279571533203,2014
2014-04-10,18.174277310357645,18.321437308475076,17.48446416132513,17.493661880493164,2518900,TER,40.6530055918289,True,False,0.37686703945526007,-0.29872234834718614,-0.5,0.26607739258123986,0.17503025567766825,-2.0329667450565942,-0.2637675204188089,33.695978066952456,17.6132275212728,17.37409210205078,2014
2014-04-11,17.6132275212728,17.751189790824043,17.29131438946295,17.37409210205078,1821400,TER,39.26334377835347,True,False,0.2842229185568982,-0.539350369447889,0.5,0.2276899301979618,0.18129284374530721,-1.3000011444091775,-0.36613935175944523,36.0311967751281,17.47526655965689,17.10736656188965,2014
2014-04-14,17.47526655965689,17.54884655921034,16.987797966186815,17.10736656188965,2677700,TER,36.28375359290278,True,True,0.0855835728601851,-0.503078297078778,1.5,0.14592506360924462,0.23221991382425672,-1.639341058608699,-0.7218852847888493,42.601364129344184,17.16255498050673,17.245332717895508,2014
2014-04-24,17.696009492703713,17.769589504458338,16.665889328138917,16.77625846862793,7295700,TER,35.74194301178561,True,False,0.04946286745237387,-0.5248387173866872,0.5,0.030472235846022988,0.39495139488063824,-2.083335320156727,-0.5189182939410397,40.746379540518824,16.656685240846382,15.930081367492676,2014
2014-04-25,16.656685240846382,16.656685240846382,15.838105949382877,15.930081367492676,7192300,TER,28.67454664024352,True,False,-0.42169689065043203,-0.5549269049736151,1.5,-0.22113633547803213,0.6298178292880833,-2.21910046140625,-1.3286919786750881,50.27174882333705,15.939283871981,15.911690711975098,2014
2014-04-28,15.939283871981,16.068048443437114,15.589779283334808,15.911690711975098,3801400,TER,28.5424495783529,True,True,-0.43050336144313994,-0.2719595554160446,1.5,-0.22449935013321265,0.6113799025241636,-0.14423447248825727,-1.2252340042368415,48.38791552255297,16.123229325791076,16.16921615600586,2014
2014-07-24,17.756400622063854,17.756400622063854,16.630475631197484,16.72276496887207,9243900,TER,27.97911703273104,True,True,-0.4680588644845974,-0.05886330225835149,0.5,-0.08563503530874095,-0.2138798379431058,-2.295081070179524,-1.0025369167973752,49.03917899050732,16.667386072549057,16.87965202331543,2014
2014-10-01,17.891653307950836,17.910165530285045,17.35481121821755,17.373323440551758,3772800,TER,32.96723259644409,True,False,-0.13551782690372724,0.5183166533314165,0.5,-0.023166570279690157,-0.06297085000648897,-2.3333296246022557,-0.4987198985911351,47.90581931473217,17.327032603713494,17.345544815063477,2014
2014-10-02,17.327032603713494,17.493638975020048,17.132659680803613,17.345544815063477,2701300,TER,32.648747688636604,True,False,-0.15675015409089307,0.4852150442722527,1.5,-0.030816364871604218,-0.07603538765245921,0.12820826323408718,-0.5545745444717295,47.34336089937923,17.225223057928023,16.984569549560547,2014
2014-10-03,17.225223057928023,17.373317253012306,16.93828901020792,16.984569549560547,4223500,TER,28.7604980322307,True,False,-0.41596679785128665,-0.0983453442114659,1.5,-0.1329291182083564,-0.03629336362925053,-1.382976348938385,-0.6704517617576718,51.30903323320605,17.104895412089963,17.058616638183594,2014
2014-10-07,17.003090958843554,17.141929121126868,16.734668981729204,16.743925094604492,2335200,TER,27.374950489789924,True,True,-0.5083366340140051,-0.6514549143311498,0.5,-0.1989021764754112,-0.051528776764281595,-1.5909110613081796,-0.4335549321694679,47.34899615120798,16.790198240896938,17.27150535583496,2014
2014-10-10,16.41996198964725,16.45698642713227,15.290743127689291,15.299999237060549,6192600,TER,23.257286301304774,True,False,-0.7828475799130151,-0.6545510723027846,0.5,-0.6051617200238252,0.5526017157244688,-2.4007913981619766,-1.0779475611196658,51.64193232104447,15.32776654098443,14.957530975341797,2014
2014-10-13,15.32776654098443,15.522141316335832,14.948274865522928,14.957530975341797,4662300,TER,21.591454517948478,True,True,-0.8939030321367681,-0.6546597566087435,1.5,-0.6975100166967085,0.6239626367959494,-1.6128995043976664,-1.6747051956529493,54.02573379252303,15.124138800832364,15.198185920715332,2014
2015-01-05,18.140854461999645,18.23369262374258,17.93660625630656,17.945890426635742,1877000,TER,44.38601055504971,True,False,0.6257340370033139,2.3929545478041625,1.5,0.11258717456489653,-0.19927116800164935,-1.6406343132346017,-0.3884749254963696,45.718486419783375,17.964465990683788,17.398143768310547,2015
2015-01-06,17.964465990683788,18.02016926428234,17.342440494711994,17.398143768310547,2377700,TER,37.25528086363367,True,True,0.15035205757557815,0.3540656512057283,1.5,-0.04303112076081195,-0.07569126499459544,-2.089044496119984,-0.6632121391245499,44.47358592542248,17.509550450530945,17.53740119934082,2015
2015-01-13,17.323874182739992,17.77878814060906,16.69256443850525,16.878244400024414,2993400,TER,35.18095606232485,True,True,0.01206373748832353,-0.4185382526295916,1.5,-0.19096486705525884,0.3038438107678461,-1.0256399806330823,-0.8341850501627931,41.44695100449544,16.664707787635525,16.943225860595703,2015
2015-03-26,17.189759732271998,17.459805577737235,17.031459200092986,17.16182518005371,2107800,TER,36.67859263853327,True,True,0.11190617590221781,0.6995403266026653,1.5,-0.14689481768846102,-0.10841426362842045,-0.16303716849385522,-0.9870050113050199,41.8994460347771,17.161827904619276,17.459808349609375,2015
2015-04-17,17.24562358708219,17.26424779645779,16.882458608667417,16.98488998413086,2696100,TER,36.372698244356506,True,True,0.09151321629043375,-0.48423747637618425,1.5,-0.19347210445748275,-0.19742438569285473,-1.7073139528933459,-0.4173355005214624,40.599946351930434,17.143194202736545,17.264249801635742,2015
2015-06-26,18.629982550550487,18.74204159423989,18.34049282853569,18.405860900878903,3678400,TER,33.73438741722639,True,False,-0.08437417218490756,2.3936321556091644,1.5,0.06279802617951358,-0.39117569862441376,-1.3953576054364198,-0.4758451597365654,57.4415834845172,18.125714637903933,17.966962814331055,2015
2015-06-29,18.125714637903933,18.37785020142792,17.948285710111495,17.966962814331055,2642600,TER,28.503608190253516,True,True,-0.43309278731643225,1.5160575817365067,1.5,-0.05735745675499837,-0.33207575435727776,-0.9239114660430533,-0.5526527504512407,58.281300717027385,18.15374095456284,18.0136661529541,2015
2015-07-08,17.854899948678405,17.966958987836726,17.649455408310963,17.780193328857422,3181300,TER,28.243189920892135,True,True,-0.45045400527385765,-0.22474525088312447,1.5,-0.10645274080247735,-0.29333212490902144,-0.5882344691402218,-0.25090306444300187,50.59127295710762,18.14438799364143,17.86423683166504,2015
2015-07-27,17.023785521717073,17.23856681493942,16.883710842708854,17.079816818237305,1453800,TER,28.21733679934718,True,True,-0.452177546710188,-0.32605556267004054,0.5,-0.28605672369804935,-0.16847872043588125,0.3947467487163018,-0.20833967036595624,44.25696306202981,17.11716795682178,17.33194923400879,2015
2015-08-21,16.332756629925303,16.64092178214476,16.11797523498535,16.11797523498535,2207400,TER,26.59911686236562,True,False,-0.5600588758422921,-0.5846811579439102,1.5,-0.5215742676076202,0.5318252252775764,-1.0267846499160491,-0.8062297134532187,50.33425821007063,15.118763395191468,15.67906379699707,2015
2015-08-24,15.118763395191468,16.286055156809024,14.99736405454155,15.67906379699707,3258300,TER,23.12981762961485,True,False,-0.7913454913590101,0.10938778677421028,1.5,-0.6379407968224821,0.8233272673762259,1.0869563715069956,-1.0000043647786532,53.9427232143917,16.304737593343127,15.669732093811035,2015
2015-08-25,16.304737593343127,16.500843621151162,15.660393541901447,15.669732093811035,3187700,TER,23.060949161573333,True,True,-0.7959367225617778,0.0756895829759358,1.5,-0.6349728602099092,0.9022534682393534,-1.8888852390226814,-0.6830952630270781,60.144994434787705,16.00591531955397,16.3514347076416,2015
2015-12-14,19.039739774969373,19.039739774969373,18.53226313164589,18.739013671875,1357300,TER,45.43563502443489,True,True,0.6957090016289925,2.1890190598761112,0.5,0.1960881279343274,-0.18162416734491077,-1.4814775569024587,-0.2337563513378646,40.47210978488374,18.879982426520197,19.039743423461918,2015
2016-01-04,19.22768912663496,19.24648495270917,18.917565166284994,19.114917755126957,2379800,TER,44.41048109939427,True,False,0.6273654066262845,0.9368178275813891,1.5,0.24258059962060097,-0.24086816581768192,-0.8571342935460636,-0.5969109831383324,37.58687102021974,19.11492391780516,19.27468490600586,2016
2016-01-06,18.9175721245657,19.058539079504264,18.673233465602586,18.83299446105957,2162400,TER,40.74431045001629,True,False,0.3829540300010862,0.21302613093989006,0.5,0.16064926266891488,-0.18736616248940405,-0.5487699922775691,-0.3809840285819807,35.02837165151256,18.30672141239021,18.33491516113281,2016
2016-01-07,18.30672141239021,18.68262909994529,18.28792557989515,18.33491516113281,2072100,TER,34.735848351882126,True,False,-0.017610109874524937,-0.5932991070295327,0.5,0.02392312795979845,-0.11415069011485267,0.17857548330843845,-0.5100745161360539,36.42644176950523,18.40069270405136,17.959001541137695,2016
2016-01-08,18.40069270405136,18.466476303584383,17.91201197542221,17.959001541137695,2237800,TER,31.018055606971117,True,True,-0.26546295953525884,-0.5948311568711918,1.5,-0.07830586354206137,-0.047850446667012846,-1.9915219991595001,-0.8532457023838341,46.901726425555424,18.128165246652078,18.062379837036133,2016
2016-04-21,19.4877461918446,19.57259864101665,19.34632604264276,19.374608993530277,1314500,TER,46.338158456410454,True,False,0.7558772304273637,3.3455488353441427,1.5,0.2246120233122051,-0.4538242947192017,-1.250009934116915,-0.10853582570325981,46.13965003966336,19.37460575062005,19.50659942626953,2016
2016-04-25,19.42174527193382,19.56316538494521,19.23318392241576,19.270896911621094,1292700,TER,44.3805760750232,True,True,0.62537173833488,3.135597260881997,0.5,0.19195119939090066,-0.44287398896717173,-1.142854807330738,-0.12712218091629618,44.469749477053675,19.44060081256986,19.53487968444824,2016
2016-04-28,18.48836877555944,18.65807361585641,17.828405907349946,18.11124610900879,6058500,TER,31.962161918604465,True,False,-0.2025225387597023,-0.16604883141631865,-0.5,-0.12499946130214878,0.08946953869612695,-1.1363665919622608,-0.752203444350967,39.39139070841819,17.96040299509572,17.828411102294922,2016
2016-04-29,17.96040299509572,17.988687742805034,17.536142568984012,17.828411102294922,4002600,TER,29.65734406009814,True,True,-0.356177062660124,-0.264166435999527,0.5,-0.19920854463380155,0.14350919180964525,-0.7291641831374364,-1.0919369671827563,43.47093294467706,17.847263574712805,17.913259506225586,2016
2016-05-04,17.64927393487998,17.856691774229336,17.63984568779553,17.686986923217773,1925700,TER,29.27132437477222,True,True,-0.3819117083485187,-0.43705080812087554,0.5,-0.231455470998565,-0.015880549949188798,0.4347898197981374,-0.09915646595319988,43.42698087679482,17.724699020385742,17.724699020385742,2016
2016-05-13,17.40414810180664,17.545570035791965,17.347580407165264,17.40414810180664,1468300,TER,29.14901670559381,True,True,-0.39006555296041273,-0.5324557806055713,1.5,-0.2923895509924229,-0.23154031282982224,0.0,-0.3232200212789721,45.969005470722564,17.423005381574228,17.526714324951172,2016
2017-02-28,27.482381522439542,27.549086040797214,27.044034688492008,27.10121154785156,2604900,TER,52.86294788488063,True,True,1.1908631923253756,3.9960226936844543,1.5,0.9938750611626512,-0.5740572038624282,-1.8867882090019645,-0.2708963299778974,42.341917566215365,27.48237894970269,27.70155143737793,2017
2017-05-17,34.095683258330304,34.095683258330304,32.256536211410044,32.26606750488281,2609400,TER,47.47308914560492,True,True,0.8315392763736615,2.9580543706234477,-0.5,1.1709501577561277,-0.2580077671046411,-2.487043867035089,-0.4860884248035782,43.636617163880146,32.09453378998232,33.02840042114258,2017
2017-06-09,34.34428561844429,34.37292856004596,31.90953359827844,32.50151443481445,4979000,TER,42.79514757320445,True,False,0.5196765048802968,2.0888534991675036,-0.5,0.9663725308596127,-0.15949509751162472,-1.8701540072035578,-0.3045318293689647,44.03579576295908,32.14823372055038,31.880889892578125,2017
2017-06-12,32.14823372055038,32.14823372055038,30.93563641951251,31.880889892578125,3609000,TER,38.17871205839866,True,False,0.2119141372265773,1.3618715454106232,0.5,0.8425318599086973,-0.006017717176177764,-0.5511801563128854,-0.6797003538261167,46.4571502299679,32.19597573070314,31.785409927368164,2017
2017-06-13,32.19597573070314,32.75930995093348,31.65173801787052,31.785409927368164,2771300,TER,37.508351866581414,True,False,0.16722345777209427,1.2282974293537603,1.5,0.8154858746919169,0.045926565413308605,-0.9267249175400467,-0.8699025156790274,50.50509737056396,31.89045023456737,31.11705780029297,2017
2017-06-14,31.89045023456737,31.909543106466604,30.821067293827728,31.11705780029297,2952200,TER,33.123981424276565,True,False,-0.125067905048229,0.6512616888566991,1.5,0.6853605862661749,0.12432681384498222,-1.7763197521114582,-0.5324585094712175,55.27610888152008,30.51552384272144,30.52507209777832,2017
2017-06-15,30.51552384272144,30.95473264847748,30.276822929729647,30.52507209777832,2599100,TER,29.80118757778675,True,True,-0.34658749481421675,0.17885025505714638,1.5,0.5708006503471297,0.15972770333745195,0.03521211893273054,-0.5315950242324632,53.53661873216329,30.505976851899742,31.069311141967773,2017
2017-06-29,29.675301030785228,29.78987828422601,28.52953578095205,28.930553436279297,3308200,TER,28.226031463074264,True,False,-0.4515979024617157,-0.3427991812304745,0.5,0.224460839582451,0.23553642961516205,-1.4772722346729528,-0.6455391355639064,49.99780226095314,28.997385745723506,28.672752380371094,2017
2017-06-30,28.997385745723506,29.245633075799287,28.663204125961517,28.672752380371094,1881600,TER,27.03299879656842,True,False,-0.5311334135621053,-0.5485181558719653,0.5,0.1760729664827898,0.2122745935070743,-1.3934462110907933,-0.3950336782758371,50.79286048779268,28.806421155799583,28.348115921020508,2017
2017-07-03,28.806421155799583,28.987834327494973,28.33856766765305,28.348115921020508,973900,TER,25.567491711344246,True,True,-0.6288338859103836,-0.6586775313502221,1.5,0.11627280125972139,0.20710832986530736,-1.7647034074206824,-0.6011511477179848,55.53072752393243,29.0069368892348,29.484338760375977,2017
2017-11-29,41.06115109786472,41.20489055033504,37.96599347890006,39.11589813232422,4806100,TER,40.32878852567571,True,False,0.3552525683783808,2.5838519285540804,0.5,0.8366230486015613,-0.009119025493385668,-1.5014779125712308,-0.7886735850078915,50.86370460064371,39.480053795628926,38.7805290222168,2017
2017-11-30,39.480053795628926,39.73878273737552,38.56013110638403,38.7805290222168,4259900,TER,38.473461700250475,True,False,0.23156411335003166,1.9471437523622275,0.5,0.7775376356962849,0.03052305989588606,-1.4837394591811675,-0.7107887727361997,50.169924546659736,38.27263049034002,38.4355354309082,2017
2017-12-01,38.27263049034002,38.59843671603061,37.27604996656211,38.4355354309082,2995300,TER,36.607723830030174,True,False,0.10718158866867829,1.37922814645387,1.5,0.717877711831274,0.10983575449562943,0.30797522100410146,-0.8374073592209749,49.96386545058996,38.952997015295445,37.60186004638672,2017
2017-12-04,38.952997015295445,39.15422932534764,37.132314334152106,37.60186004638672,2983900,TER,32.505521014613365,True,True,-0.16629859902577568,0.5000910667233506,1.5,0.5872526336715445,0.2755720080327484,-1.6706154497002528,-0.4838307945837325,55.231194791197595,37.6114475108402,38.01391220092773,2017
2018-02-08,40.36163385944533,40.476626904139,37.95641933402767,38.01391220092773,3627500,TER,30.807869625206436,True,True,-0.27947535831957093,-0.3712724174461668,0.5,0.1747214180360268,0.8365422690720178,-2.3288971178015783,-0.959971808621024,48.72446458046754,38.608038674514304,39.54712677001953,2018
2018-04-19,40.55948553699685,40.81874037848216,39.22478353361651,39.8009147644043,6008900,TER,36.37701711269464,True,False,0.0918011408463092,-0.05718406214388853,0.5,0.061866918246333835,0.7295657245799989,-1.1897605243140896,-0.8015347887238039,40.92475519463651,39.647295314962,39.27281188964844,2018
2018-04-20,39.647295314962,40.002573992447786,39.0039490829909,39.27281188964844,5931200,TER,34.73168878473044,True,False,-0.017887414351304188,-0.5386120097912998,1.5,-0.005244375824250969,0.7094121125569134,-0.9374977075157046,-1.06775469005876,42.7416822768206,39.47444776194337,38.84070587158203,2018
2018-04-23,39.47444776194337,40.04097488082171,38.72548107231551,38.84070587158203,2839600,TER,33.40051392615568,True,False,-0.10663240492295453,-0.6115501862970664,1.5,-0.05960818842202953,0.7255188219345593,-1.2043802225891471,-0.8389071889589733,44.94141766555029,39.48405134107277,39.848934173583984,2018
2018-04-25,35.56636510880856,35.96005311926166,32.983384368801765,33.319461822509766,20189000,TER,24.339060928423237,True,False,-0.7107292714384509,-0.5407954666857356,0.5,-0.7560288796986714,1.8948297311868891,-1.8870955039519015,-1.8948700706314408,50.71549102461478,33.34827829730286,32.69533157348633,2018
2018-04-26,33.34827829730286,34.039634513798205,32.39766716255259,32.69533157348633,7442600,TER,23.42302939184583,True,False,-0.7717980405436113,-0.5545613317363841,0.5,-0.8285897234392103,1.942711345735985,-0.9941530252127114,-1.9777492968375707,49.74660699655483,32.791363554505324,31.87915802001953,2018
2018-04-27,32.791363554505324,32.791363554505324,31.72552367358532,31.87915802001953,6685700,TER,22.244033947758567,True,False,-0.8503977368160955,-0.6071129131889961,1.5,-0.9251570747088123,1.9299141029865972,-2.139640181455781,-2.4999966494861887,54.60017334115292,31.84073481381873,31.255002975463867,2018
2018-04-30,31.84073481381873,31.84073481381873,30.947734414840035,31.255002975463867,5860300,TER,21.3586385114411,True,True,-0.90942409923726,-0.5435270562216465,1.5,-0.9969318922628401,1.8816166391836935,-1.6397860488773344,-0.7744943698532388,59.67837814433888,31.206999133126796,32.176815032958984,2018
2018-08-17,38.35410758530119,38.41185662456312,37.50714370513239,37.7862548828125,3744200,TER,35.150993114486,True,False,0.010066207632399937,0.8267315561269806,1.5,-0.11069469074844407,0.1980975141794304,-1.5691516344378125,-0.7820023052140079,48.526813877740004,37.81513732746845,37.68039321899414,2018
2018-08-20,37.81513732746845,38.02687649585596,37.37240563633812,37.68039321899414,2128500,TER,34.64245830514719,True,True,-0.02383611299018753,0.7998465495901339,1.5,-0.12318528625141933,0.1524743827388484,-0.5147062948439646,-0.37775755949560064,48.200139985585345,37.90176447987386,38.38299560546875,2018
2018-09-11,37.82077373686748,37.888293315582416,37.145574270177065,37.19380569458008,2553700,TER,33.06378944013022,True,False,-0.12908070399131855,-0.6294587032260756,0.5,-0.19244956748067643,-0.1177036372164877,-2.1103809245433554,-0.32520615952753157,41.49295438983895,36.32569513266338,35.37076950073242,2018
2018-09-12,36.32569513266338,36.57648163827375,35.14891890896979,35.37076950073242,5786800,TER,25.195769655006643,True,True,-0.6536153563328905,-0.5107381079307175,1.5,-0.42419108187199295,0.12108791853433036,-1.6723006497874733,-0.9540323743117792,52.40311854519353,35.7951825873119,36.08455276489258,2018
2018-10-08,33.07510067245291,33.69242478087384,32.46742064342648,33.29695129394531,2022200,TER,23.768538063944206,True,False,-0.7487641290703863,-0.06441931435695625,1.5,-0.6364088877420421,0.17186260678944873,0.4527548412095323,-0.7103839219202518,52.357554639222855,33.21977751716922,32.79536819458008,2018
2018-10-09,33.21977751716922,33.345172602302384,32.63139311978696,32.79536819458008,2855400,TER,21.85808402110814,True,False,-0.8761277319261239,-0.42472522709190885,1.5,-0.6961279517578733,0.17029080843896163,-1.4864861381749408,-0.6747383702632975,56.1864244921994,32.05266410150879,31.30030059814453,2018
2018-10-10,32.05266410150879,32.81467536645322,31.261716910909715,31.30030059814453,4942500,TER,17.375125731759255,True,True,-1.1749916178827164,-0.6395913706973636,1.5,-0.8850245560209569,0.356816003190417,-1.2111777695639387,-0.8908047863492432,59.13550678305679,31.329223446941096,31.493202209472656,2018
2019-03-28,38.1518300905672,38.48131011099449,37.80296845756598,38.006473541259766,1060400,TER,48.028002773209465,True,True,0.8685335182139643,3.032466658994139,0.5,0.264065796324342,-0.060127449390503844,-0.535705527490342,-0.0917470314602098,40.572372518708,38.42316858797079,38.6072883605957,2019
2019-05-13,44.97399025153378,45.4294487817559,44.02431367312496,44.34410095214844,2008200,TER,46.75562182918202,True,True,0.7837081219454679,2.7231299685754364,0.5,0.7801013602172757,0.31605992422430385,-1.1206916963292162,-0.630320736836766,44.0082315576196,44.935235757132496,44.79956817626953,2019
2019-05-20,42.74517018316931,43.60763163968789,42.45445337823767,42.47383499145508,2847300,TER,37.43052905040721,True,False,0.16203527002714727,1.6882106898153202,0.5,0.49335028206569986,0.47343975582495684,-0.5882334084519663,-0.7907679317837437,48.27403841083403,43.05526849449768,42.5610466003418,2019
2019-05-22,42.14433707732904,42.55133969220032,41.81485718576808,42.15402603149414,2182700,TER,36.27192582308926,True,False,0.08479505487261747,1.6239490171737565,0.5,0.44168276771899606,0.4029677327208844,0.03288928820602938,-0.6536002364986471,48.258935523047555,41.47570252501456,41.0008659362793,2019
2019-05-23,41.47570252501456,41.66951496184446,40.40004701244012,41.0008659362793,2309800,TER,31.77550686094854,True,False,-0.21496620927009738,0.9960783006934651,0.5,0.2897383179129587,0.512897796792175,-0.9351094467530002,-0.43349307152041744,52.77990055171178,41.223738518346046,40.593849182128906,2019
2019-05-24,41.223738518346046,41.56290742451599,40.555085965234106,40.593849182128906,2065600,TER,30.345626728027113,True,False,-0.3102915514648591,0.8200034858255675,1.5,0.23475564261327464,0.49573076334540983,-1.5625022924843308,-0.5777575903752247,57.74587538988187,40.671549793307086,40.38020706176758,2019
2019-05-28,40.671549793307086,40.94346918212745,40.13742083471402,40.38020706176758,1804500,TER,29.592871923518402,True,True,-0.36047520509877323,0.7511081515184621,1.5,0.20505924741581527,0.44695196754796823,-0.9036143193966371,-0.5259933441473976,57.07464833716108,39.93347567529444,41.09885025024414,2019
2019-11-21,61.83103183029658,61.83103183029658,59.749241342789794,60.09944915771485,2243600,TER,45.49517119619874,True,True,0.6996780797465827,1.4391200320094046,1.5,0.97426891839273,0.09272549533555474,-2.0794391690389604,-0.6393015328565523,45.22069443197676,60.53720341418207,60.2745475769043,2019
2019-12-03,59.590391646186525,60.593796253183214,59.44426735939714,60.04825592041016,1602500,TER,44.6412644788319,True,True,0.64275096525546,1.478695165575777,1.5,0.8829910527495799,-0.04317894509608955,0.9957650405715799,-0.455288737498781,40.84920439379139,60.603534783047344,61.08088302612305,2019
2020-01-31,66.59472857758948,66.99413721235769,63.88651818407946,64.28592681884766,2952700,TER,41.26435316508337,True,True,0.4176235443388914,0.7629305275724422,1.5,0.7127959941582407,0.6747684362850059,-1.8573719443507646,-0.9065323316619606,46.471641051413584,64.66582766237174,66.04916381835938,2020
2020-02-21,65.91233293418631,65.91233293418631,64.03916000467584,64.390380859375,2329800,TER,40.56052012705056,True,False,0.3707013418033706,-0.5090818078280617,-0.5,0.5695242690468016,0.5402919478904654,-2.031248758235377,-0.23979220546189867,35.390819321060405,61.64890799897755,62.32208251953125,2020
2020-02-24,61.64890799897755,62.93671899257395,61.15134762095684,62.32208251953125,4037200,TER,36.262097130102944,True,False,0.08413980867352962,-0.31361653839056625,0.5,0.3864370795345595,0.6981512968766586,0.9426253429055063,-0.7365918679105729,38.05682831011218,63.12208518407826,60.12696075439453,2020
2020-02-25,63.12208518407826,63.20013592029013,59.69768914855712,60.12696075439453,2879500,TER,32.34436787730712,True,False,-0.17704214151285858,-0.5424007373180703,1.5,0.1946812628786787,0.8867889925388192,-2.1378800484965956,-1.1525997755446924,49.08417345619262,60.468409391605846,59.93182373046875,2020
2020-02-26,60.468409391605846,61.42450835838868,59.62938278031438,59.93182373046875,1956200,TER,32.01325423786943,True,False,-0.19911638414203783,-0.5777146800891352,1.5,0.1759907036877062,0.8547518070637681,-0.7472815101224176,-0.8655324501503359,47.56556580097212,58.07817313844723,56.98548889160156,2020
2020-02-27,58.07817313844723,58.7318350233292,56.17573297883413,56.98548889160156,4047300,TER,27.444833353093102,True,True,-0.5036777764604599,-0.43918317508824395,1.5,-0.07769981246072089,1.109576136455195,-1.068701706568127,-1.0703657139219558,53.307934505397064,54.40987275616196,57.32695007324219,2020
2020-07-24,82.25808614127423,83.03005054048484,80.8509604054769,81.6229248046875,2253100,TER,49.095502883814646,True,True,0.9397001922543098,4.121944828409291,1.5,1.2642129543412972,0.8541702296282053,-0.7287001652462846,-0.8624072275933411,48.89343441733393,83.0495840705812,86.30355834960938,2020
2020-08-11,84.86714445290492,85.99089053618098,84.08541355751984,84.30038452148438,1525300,TER,48.92532381904445,True,True,0.92835492126963,3.0288226830856186,1.5,1.237184855119915,0.5931277306495925,-0.7435932548221802,-0.6314649853608703,48.900019656081795,85.27752838892926,87.60319519042969,2020
2020-08-27,87.92567440244795,88.2285944222922,82.84439086914062,82.84439086914062,2163000,TER,41.20901153719902,True,True,0.4139341024799345,0.38263883179587044,0.5,0.9325192790038683,0.4316555179230075,-2.3593478047152674,-0.6047259290328483,43.228504566123945,83.48932516190465,83.772705078125,2020
2020-09-03,84.81016476056729,85.5341160696145,79.77183893721555,80.15338134765625,2570600,TER,38.86291026077246,True,False,0.25752735071816396,-0.576191623254774,-0.5,0.6860685625772922,0.6716840682659445,-2.0203746305118826,-0.4330767537925273,37.437611482305186,77.54125273211993,76.89556121826172,2020
2020-09-04,77.54125273211993,79.85007684066204,73.82365256712461,76.89556121826172,4216300,TER,34.040533798645356,True,False,-0.06396441342364294,0.0020023084675093727,0.5,0.4500248959247344,0.9886317386131401,-0.2678584698614317,-0.9750737839158335,44.72559632935269,74.49869364706954,73.89213562011719,2020
2020-09-08,74.49869364706954,76.46510901642579,73.56928985751586,73.89213562011719,4308000,TER,30.306823101378214,True,True,-0.3128784599081191,-0.5968214573272733,1.5,0.23468456435349783,1.1135441615901784,-0.5236497806554005,-1.8162305479787033,47.44920749481098,75.81943808275615,75.2031021118164,2020
2021-01-27,132.58627489316623,132.69398960380084,126.7109596404404,127.40621185302734,2360400,TER,51.02821784333882,True,False,1.068547856222588,3.3451552224581262,0.5,1.8448439097263813,0.3843306277303081,-2.164481488418552,-0.7104016201394849,47.337309243803674,121.13922444962589,117.44757080078124,2021
2021-01-28,121.13922444962589,121.42319895659097,117.12442662345713,117.44757080078124,4093700,TER,38.59231679076804,True,False,0.23948778605120252,1.3762336408274018,1.5,1.2934157404709945,0.8161917734270057,-2.1469232159553586,-1.7994754006396996,54.01077534260648,117.23213733363492,111.12181091308594,2021
2021-01-29,117.23213733363492,117.23213733363492,110.69095202474546,111.12181091308594,4974800,TER,33.07787272248849,True,True,-0.1281418185007671,0.23980886732658288,1.5,0.9431620951066055,1.0596306014848669,-2.3353284351404384,-2.2284601839130684,53.44322971023981,114.0790327693358,115.10721588134766,2021
2021-03-08,110.55488516118469,111.37802416481304,101.96096587062593,102.10794830322266,3907800,TER,32.141720082225575,True,True,-0.190551994518295,-0.6525885313779339,1.5,0.07883693617293464,2.8777508843442967,-2.2424563473224133,-1.7789543284096696,52.48059834814328,106.8115694985763,111.0644302368164,2021
2021-05-12,116.0620401344586,117.65931134980532,111.87776626558696,112.29913330078124,1920800,TER,36.17539855830344,True,True,0.07835990388689613,0.20198708973696577,1.5,0.19002888694449327,1.3469644743971425,-1.62711990430932,-1.323439330233346,47.7823333301281,114.06299983563524,114.8861312866211,2021
2021-07-16,121.24280134663957,122.39021527314608,117.32984713554374,117.57501983642578,1145600,TER,36.92003172744255,True,True,0.12800211516283658,0.18443042895926812,1.5,0.14745993720589823,0.4981344396657576,-1.8120131828746866,-0.680258245843622,46.25683766774402,115.92743831101204,117.74171447753906,2021
2021-08-12,117.78096165659952,117.8005796622417,115.80977108586812,116.35896301269533,1292600,TER,36.101076228004295,True,False,0.07340508186695302,-0.27768289769386195,1.5,0.029856692267872242,0.5096928864598648,-1.7857048899378292,-0.7235598204845552,44.34410193204928,115.84900026697862,116.45703125,2021
2021-08-16,116.03533659318929,117.28081063249388,115.03503525691984,116.18244171142578,946600,TER,35.913913609889505,True,False,0.060927573992633675,-0.28114407791760954,0.5,0.021666737241499145,0.3574126378640419,0.16375760442971116,-0.2996782080920135,38.364677563748,114.85852185095897,113.84840393066406,2021
2021-08-17,114.85852185095897,115.162533638207,112.4067945806932,113.84840393066406,1087300,TER,32.212445076840254,True,False,-0.1858369948773164,-0.39557279251833827,0.5,-0.07843978141583219,0.409290659109342,-0.9163766046178402,-0.26969979546798556,43.87205714879291,113.81896717107008,111.80855560302734,2021
2021-08-18,113.81896717107008,115.33904084136304,111.63203096700671,111.80855560302734,1499400,TER,29.36403962673002,True,False,-0.37573069155133204,-0.6335791956209997,1.5,-0.1650173216504336,0.4540575479778444,-1.3558175161266734,-0.49894750847994107,49.78212049952894,111.35744005934352,112.00469207763672,2021
2021-08-20,112.17143008742664,113.2011585953832,109.99430242610764,111.36726379394533,1478300,TER,29.081437170551666,True,True,-0.39457085529655556,-0.3749385509328536,0.5,-0.1808484009095962,0.4262115535424327,-0.6269117252481718,-0.272417097106363,46.85542602185834,111.94584854854222,114.39757537841795,2021
2021-10-04,106.4226704262458,106.67785922617476,103.29172347867404,105.28414154052734,2350000,TER,28.2061126798491,True,True,-0.45292582134339343,-0.2471089778634604,-0.5,-0.44523803247760063,0.3380052538467309,-0.8405812485211187,-0.2175519613711846,43.721779604943215,106.20674630066094,107.45323944091795,2021
2022-01-05,161.27803362161504,163.77267527468678,157.37891685544818,157.38873291015625,1904500,TER,52.48544609980368,True,False,1.1656964066535787,2.514528664694066,-0.5,1.1072690529535,0.33521180396503675,-1.520741188686461,-0.25071736001254785,36.06845730199384,156.93694810706083,160.56106567382812,2022
2022-01-07,159.6673025786993,161.01283628757753,154.05924864110426,155.44407653808594,1473500,TER,49.283035221075934,True,False,0.952202348071729,1.8590843735466576,0.5,1.004922219123977,0.46168344618383783,-1.5183622668347676,-0.6092979487711022,39.26180817915576,153.0182008739773,153.81373596191406,2022
2022-01-10,153.0182008739773,153.96105172399714,147.7931820457177,153.81373596191406,1635400,TER,47.218581671032496,True,True,0.8145721114021663,1.2634430140347968,0.5,0.9308235458772829,0.567469703665093,0.32245132007988936,-0.2839305014199253,36.84321393854078,152.88069600398708,157.67355346679688,2022
2022-01-18,158.06641549157465,158.70480373408813,152.46819210239843,152.782470703125,1878000,TER,46.21856179294074,True,False,0.7479041195293826,0.7499642694127561,0.5,0.8300771645887939,0.9260551859620793,-2.118115212433893,-0.5632285688099133,39.476852326203684,153.4601234015411,145.67172241210938,2022
2022-01-19,153.4601234015411,155.6404860337374,145.50474460986914,145.67172241210938,1696000,TER,40.09550186355523,True,False,0.3397001242370152,-0.3089383810337151,0.5,0.5525617934167715,1.1897107976972696,-1.9210239941330576,-0.7843626830312533,40.38805367374143,147.67530277603376,142.88243103027344,2022
2022-01-20,147.67530277603376,150.11101784959692,142.69582110776108,142.88243103027344,1377700,TER,37.97048912727653,True,False,0.19803260848510196,-0.6076652696949151,1.5,0.4414102965069844,1.2845913976916863,-1.6158950034054358,-1.449993009329359,42.48193273080958,142.41102702111382,140.82977294921875,2022
2022-01-21,142.41102702111382,146.00568136885198,139.93601738981204,140.82977294921875,1785600,TER,36.43992757237724,True,False,0.09599517149181622,-0.5721941512112619,1.5,0.35936456423912966,1.3189653539875965,-0.6512939090843978,-0.9779179590186593,43.936724631257576,136.25296049728027,144.8074493408203,2022
2022-01-25,140.132415948499,141.24224439250474,135.57526457585692,135.82080078125,2198200,TER,34.80159564958994,True,False,-0.013226956694003889,-0.5978141462067612,0.5,0.16181738732968354,1.6473264897905877,-1.9020780498382943,-0.6177832885142509,45.313988312993615,140.99671429211045,140.8101043701172,2022
2022-01-27,108.5466538930542,110.3930911490284,100.67967843315826,109.25379943847656,17003100,TER,25.433139260831766,True,True,-0.637790715944549,-0.053132646763536164,0.5,-0.843716402806497,4.0183519634644735,0.1820023420468388,-3.0690453136378637,47.58506110514187,105.97342044921388,110.11807250976562,2022
2022-06-13,92.1122065249768,93.08646816144508,89.02211809567447,89.78971862792969,2939400,TER,33.722898968212235,True,False,-0.08514006878585102,-0.5557418568526061,1.5,-1.1688386134045008,1.7586241145273014,-1.4285727480801786,-1.6494635894064247,40.15303588658886,90.59670344636156,89.4649887084961,2022
2022-06-14,90.59670344636156,91.21669439847513,88.25453626094723,89.4649887084961,1742200,TER,33.45216200796287,True,False,-0.10318919946914207,-0.4871567587459082,1.5,-1.1736885544691666,1.6831703643538596,-0.9551437544198367,-1.2698875000124497,40.84954802761871,90.91160595041283,90.9706573486328,2022
2022-06-16,88.53992572600934,88.62849156978322,84.2984356900021,85.56792449951172,2837100,TER,31.348102970677175,True,True,-0.243459801954855,-0.48305162331908696,0.5,-1.3225146486031403,1.9244300450960137,-1.715913898695374,-0.5877335112709603,43.01116897329576,85.94188889667376,87.6443862915039,2022
2022-08-30,87.01554837043851,87.30129844846107,83.7047986963627,84.46351623535156,2527800,TER,34.39973794037702,True,False,-0.040017470641531834,-0.16504521764821192,1.5,-1.070155793231129,1.2834608966526102,-1.7739693528395009,-1.362794416404821,41.66792725542767,85.37986147022909,83.39932250976562,2022
2022-08-31,85.37986147022909,85.37986147022909,82.59134260074264,83.39932250976562,2072300,TER,33.25937031148722,True,False,-0.11604197923418554,-0.3490989310208839,1.5,-1.11100420910675,1.2669107553756618,-1.7756191128340908,-0.7505571338542627,43.74906495378707,81.71439212237479,81.56658935546875,2022
2022-09-01,81.71439212237479,81.85233936680416,79.23133420508518,81.56658935546875,2502200,TER,31.33293658884037,True,True,-0.24447089407730876,-0.24651940916718398,1.5,-1.1873884987069727,1.361905902230202,-0.1409790879704938,-0.6769887672338382,43.88628230484011,83.19240117484874,81.8227767944336,2022
2022-09-26,78.03907534313265,79.26090470974448,76.01912896203073,76.0782470703125,1427100,TER,28.94996376946193,True,True,-0.4033357487025379,-0.6538047895237841,1.5,-1.3141797656929888,1.0185118029336833,-1.512156010639401,-0.5804610429388596,45.90216613043695,77.91096571670802,77.22122955322266,2022
2022-09-30,74.55096545729522,76.0486817108988,73.91049177295073,74.0484390258789,1744800,TER,28.72274801415331,True,True,-0.4184834657231126,-0.6344999727370763,0.5,-1.3754162636154925,0.907331325129448,-0.5875605605676069,-0.5135878024897594,40.56081228315725,75.05347199212716,77.53653717041016,2022
2022-12-27,84.47362579301131,84.8682255862792,82.8755075435057,83.6153793334961,1156000,TER,40.919389262372526,True,False,0.3946259508248351,0.9470671857266968,0.5,-0.5794006379120381,1.0041747571998403,-1.076728419541854,-0.6949872609329901,37.748724386684614,82.87552713771146,83.1024169921875,2022
2022-12-28,82.87552713771146,84.24675591058315,82.18497545463472,83.1024169921875,990300,TER,40.10491720054133,True,True,0.34032781336942197,0.7566068192768499,0.5,-0.6012107016761487,0.9468523627095285,0.27511398439810125,-0.2714532162321953,36.56428948933201,84.89781311857193,86.30850219726562,2022
2023-04-05,100.82347330206628,101.0604705456701,98.986727712622,99.96435546875,1818500,TER,42.16529708702435,True,False,0.47768647246828994,-0.27238512537134213,1.5,0.11211459419053771,0.4267596254256309,-1.0357092253978972,-0.7301639453588277,35.99956935812925,98.68059411737836,99.13484191894533,2023
2023-04-06,98.68059411737836,99.89521897135516,98.00909572940856,99.13484191894533,1216800,TER,40.535571951658504,True,True,0.3690381301105669,-0.42096168903435177,1.5,0.06899075109286557,0.387414943103051,0.6020918880917745,-0.7502349265415972,34.23232482361715,98.14734270672857,101.44558715820312,2023
2023-04-17,95.50087159428104,97.14012087648476,94.58249872107218,96.88336944580078,2173200,TER,37.06662792828516,True,True,0.13777519521901052,-0.16161449347445678,0.5,-0.05244206570677423,0.4232271528024139,1.3513507542484628,-0.41510727004295533,35.12222142990848,97.5647349531263,98.40410614013672,2023
2023-04-25,95.89586676219488,96.31061383454995,93.13087121181398,93.17037200927734,1750000,TER,32.24171142422645,True,False,-0.18388590505156988,-0.6570691276352024,1.5,-0.23856121506883043,0.29662864207628886,-2.14285798906298,-0.6362546009313782,46.187872000353345,93.62461585781028,92.16312408447266,2023
2023-04-26,93.62461585781028,93.88136726329095,91.50150270689406,92.16312408447266,2282000,TER,30.612325010861085,True,False,-0.29251166594259437,-0.5043743666890729,1.5,-0.28731616475692223,0.29928079870820157,-1.5352678048518011,-0.5944475364702009,47.75812823938317,88.8747584735707,89.2401351928711,2023
2023-04-27,88.8747584735707,90.11900720172254,87.4330132957469,89.2401351928711,3472000,TER,26.436972143595426,True,True,-0.570868523760305,-0.24565475966936576,1.5,-0.43281087214836145,0.47105092932132103,0.3400759012218272,-0.9259729819907649,49.67977302662866,89.38824719001093,90.23749542236328,2023
2023-08-02,107.94623334842662,108.29224503552538,105.6625411285966,106.5720672607422,1912600,TER,43.60334512131984,True,False,0.5735563414213227,1.0712131265276985,0.5,0.2733484799047603,0.3332252804461281,-1.3063886052567955,-0.501957876217253,38.38983196733703,105.70208386600424,106.33479309082033,2023
2023-08-03,105.70208386600424,107.02682399092404,104.6442724236565,106.33479309082033,1652600,TER,43.20353075263775,True,False,0.5469020501758498,1.0530269178910459,1.5,0.25886995843079186,0.30121551155483606,0.6638987729672865,-0.5954498399346725,38.638823594134664,106.03823054111852,106.1865234375,2023
2023-08-04,106.03823054111852,107.70897504904596,104.94087366738148,106.1865234375,1193500,TER,42.93857539017807,True,False,0.5292383593452049,0.9829585143765458,1.5,0.2489097128306217,0.2873387363478373,0.13393015277885842,-0.42928917989019655,39.907883453403024,107.69907480612886,107.6792984008789,2023
2023-08-08,105.6625308741072,105.87013786621831,103.30964408769287,105.05947875976562,1685100,TER,41.59480650032786,True,True,0.4396537666885242,0.6458491280701278,0.5,0.18790565107733026,0.30253454915636174,-0.5888045104808559,-0.14991733819962605,38.15349030573059,104.98040754532433,105.26710510253906,2023
2023-08-11,103.1119301758917,103.1910131700884,100.26473119512632,100.57120513916016,1773300,TER,34.138141028179504,True,True,-0.057457264788033056,-0.6019663838102589,0.5,-0.03722234748204434,0.4266320424430231,-2.170608521727018,-0.5340157872461684,42.18848135669253,100.5712052404517,103.54691314697266,2023
2023-09-12,97.54713823759252,98.74458115456366,96.77523351014206,96.8148193359375,1235000,TER,34.09555290507399,True,False,-0.06029647299506754,-0.6155961750314886,0.5,-0.2303258088916621,0.2903535234056525,-0.9296465554588536,-0.2332219728210766,39.57564631322137,96.0330145933133,96.6465835571289,2023
2023-09-13,96.0330145933133,97.8143314217641,95.99342876820673,96.6465835571289,1620900,TER,33.812437502591564,True,False,-0.0791708331605624,-0.5094177505008664,1.5,-0.23635206761903282,0.24344795989780002,0.8423967127195449,-0.2557661561711666,40.79392128620273,97.9033862749978,96.94345092773438,2023
2023-09-15,96.1022917362548,96.33979914615178,93.90532743159068,94.49909973144533,3275400,TER,30.622480295838884,True,True,-0.2918346469440744,-0.52022439234119,0.5,-0.33698767092985027,0.2403007787296539,-1.646344867369413,-0.29898826703080167,44.583033782037006,94.14283014164832,95.75592041015624,2023
2023-10-23,90.05569600772539,91.84691128147752,89.70932945620213,89.97652435302734,1325100,TER,30.22750037519134,True,False,-0.3181666416539107,-0.5976582092491924,1.5,-0.5069665232949866,0.24588910587483467,-0.09259488193843057,-0.4198559356068887,44.502627961241444,90.342676135171,90.65935516357422,2023
2023-10-25,89.91714163368671,90.1843365074721,85.62217411447362,86.99775695800781,2722900,TER,26.778182274731464,True,False,-0.5481211816845691,-0.32656559771685195,0.5,-0.64597503254547,0.3996086137002193,-1.599781213487305,-0.5218537929110367,48.39315175157487,84.51379516271489,84.23670196533203,2023
2023-10-26,84.51379516271489,88.85823898650993,83.90022626120759,84.23670196533203,2954300,TER,23.197279488118127,True,False,-0.7868480341254582,-0.5881781738116333,0.5,-0.7775699143218173,0.595183580399788,-0.1397198901733137,-0.7974055495262907,48.14101345473461,83.949718135792,82.96998596191406,2023
2023-10-27,83.949718135792,84.37525631377889,81.90119889530257,82.96998596191406,2015500,TER,21.759633682648925,True,False,-0.882691087823405,-0.4149392112895601,1.5,-0.8340923024933061,0.6076821299701154,-0.9900054931640542,-1.0602007354600138,54.93435281379596,82.95019798272104,82.59393310546875,2023
2023-10-30,82.95019798272104,83.32625199749882,81.09960028978415,82.59393310546875,1656300,TER,21.33686789691788,True,False,-0.9108754735388079,-0.3092655252196801,1.5,-0.8459224649986619,0.5832204703580419,-0.40000067816841045,-0.6327496257553952,56.06520995385458,82.52466415934664,82.4059066772461,2023
2023-10-31,82.52466415934664,83.19760812413399,81.7923452286213,82.4059066772461,1540200,TER,21.1159587263366,True,False,-0.92560275157756,-0.34276400164885357,1.5,-0.8483120901642527,0.5084856236351488,-0.21127271359644992,-0.2716742294883834,56.688122921453626,82.40590162077359,81.90119934082031,2023
2023-11-01,82.40590162077359,82.63351822661015,80.2386324445514,81.90119934082031,2091200,TER,20.502349180334974,True,True,-0.966510054644335,-0.2511852530704939,1.5,-0.8665525469327418,0.5048079083971744,-0.5268542280118822,-0.16102006778456607,58.62090676849628,82.91061019777557,85.00861358642578,2023
2024-01-30,103.92521143028814,105.46095740997036,103.36045464561366,103.62796783447266,2111100,TER,48.424828661362355,True,False,0.8949885774241569,2.719870320798061,0.5,0.2250254925704831,0.1339576786492378,-0.3537767253385652,-0.6093697157277311,37.41401996542223,94.61167275003272,95.70155334472656,2024
2024-01-31,94.61167275003272,97.88132209333298,91.4411096456108,95.70155334472656,6316100,TER,34.542178212573546,True,False,-0.030521452495096923,0.542267824031863,0.5,-0.1729547037442558,0.7502165962452146,0.42307633620041263,-1.0513466298093799,41.31037079502165,96.2365862512631,94.264892578125,2024
2024-02-01,96.2365862512631,96.2365862512631,92.5111765334258,94.264892578125,2896400,TER,32.711680110341376,True,True,-0.1525546593105749,0.2613225864761121,1.5,-0.24309451339439514,0.799979513279249,-1.3231388105431807,-1.2880648087597992,48.05265849354521,94.07665213806008,95.4835968017578,2024
2024-04-17,103.78031473366224,104.08782422852867,100.72503322902136,101.2507781982422,2237600,TER,41.61624342088254,True,False,0.44108289472550266,0.292616841981668,0.5,0.0024631472532277154,0.4736038626202028,-1.8805335625903026,-0.44866343562448285,37.400633639145774,100.6060072929254,99.3957977294922,2024
2024-04-18,100.6060072929254,101.73685711524396,99.21724209606496,99.3957977294922,2113800,TER,38.97589434108963,True,False,0.26505962273930855,-0.17248816588724983,0.5,-0.08831350766764556,0.47852827200079767,-1.2007881702375458,-0.5051683448252103,36.71983306281166,99.32634508744702,95.19973754882812,2024
2024-04-19,99.32634508744702,99.85209761807984,95.03110380014078,95.19973754882812,2920000,TER,33.7583438932799,True,True,-0.08277707378134001,-0.6327457556574987,1.5,-0.2928940507723016,0.6542455665356754,-2.1399153859437003,-1.0673788756138696,43.919529229867045,96.32066589604727,96.97537231445312,2024
2024-07-17,157.51214324602697,158.5347547903659,151.06869974908497,151.25733947753906,3141600,TER,53.15654934835502,True,False,1.210436623223668,3.4243112180035187,-0.5,1.3951475184077766,0.44022687439687486,-2.094413895257993,-0.31823757413168424,39.92481502032382,150.74107735535534,148.44764709472656,2024
2024-07-18,150.74107735535534,152.428881928815,146.0847116022712,148.44764709472656,2945700,TER,49.54351871564802,True,False,0.9695679143765347,2.6911452195913497,0.5,1.260452363764829,0.5302719406865604,-0.9037549997015146,-0.7813960509462314,42.72609160466966,147.95124742046204,145.36988830566406,2024
2024-07-19,147.95124742046204,149.20220537029857,144.95290232238523,145.36988830566406,2001000,TER,45.86591120171722,True,True,0.7243940801144811,1.7932590502934405,1.5,1.1168913030757055,0.5557338664682842,-1.5186955870713754,-1.2714703048430407,45.695460873642624,149.91699726880924,153.35218811035156,2024
2024-07-24,148.5469088913582,149.6191648653978,142.15309464765085,142.51051330566406,3150200,TER,43.55036879409886,True,False,0.5700245862732572,0.4635564157477298,0.5,0.9519397799010876,0.7895750752999087,-2.0212760560922494,-0.24587064017581317,42.36514556510766,127.51881981003152,123.4482192993164,2024
2024-07-25,127.51881981003152,129.03784530783724,119.48683803988712,123.4482192993164,6539000,TER,31.010499244630495,True,True,-0.2659667170246337,-0.2616242393069321,1.5,0.15420654205874018,1.8544367260765522,-1.0654898474359442,-2.437523811978183,49.044207574660106,124.26234492365316,125.55301666259766,2024
2024-10-24,117.46346093284023,117.56284387139056,108.8474878575478,110.0300750732422,7148000,TER,26.829663851783778,True,True,-0.5446890765477481,-0.4982189983516678,1.5,-0.541190134150315,1.1691245211131291,-2.1322668425109246,-1.5097676986193713,52.08845336420191,110.49714186817609,111.05364990234376,2024
2024-10-31,108.38041125637652,109.13567758614268,104.8724089824066,105.54817199707033,3392300,TER,26.449466845934452,True,False,-0.5700355436043698,-0.5598019351533874,0.5,-0.699530069515118,0.9960612124752803,-1.660837917193502,-0.5748684360966357,49.15170047681156,106.01524976169746,105.82643127441406,2024
2024-11-04,104.27614546943023,105.46866482494195,103.42150381796732,103.62025451660156,1830700,TER,25.284667531201947,True,True,-0.6476888312532035,-0.632872149410177,0.5,-0.7657838516562365,0.8558569682020682,-0.8009762673698652,-0.5948585044751722,47.92854785920053,103.57057644413808,104.79290771484376,2024
2025-01-30,101.47692744636848,116.85764514652492,100.25323174626712,114.48985290527344,8838600,TER,33.88979875820823,True,False,-0.07401341611945138,0.9253654664864603,-0.5,-0.30951287811706474,1.8047407243818065,1.9592570278187187,-0.539411943616061,41.484380348652905,113.2064765601892,115.19622039794922,2025
2025-02-03,112.00268169173783,112.53991343513238,109.10760078404576,110.52031707763672,3401600,TER,31.0668355917701,True,True,-0.26221096054865994,0.45812102813701544,0.5,-0.46537174671909487,2.004059390175012,-1.0797126928630911,-1.1224919814596057,49.80852909826583,110.91827381599828,111.09735107421876,2025
2025-03-11,91.5161087592882,93.98602124643642,82.64236655240104,86.7157211303711,12239400,TER,25.514428407747474,True,False,-0.6323714394835017,-0.211203214181137,0.5,-1.3638174053939955,2.917055905370158,-1.0579455559946664,-2.1728819437175666,48.40317767090944,88.66774521903461,86.3870620727539,2025
2025-03-12,88.66774521903461,88.67770665764058,85.86918124051371,86.3870620727539,7114300,TER,25.344261023575243,True,False,-0.6437159317616505,-0.23151136505926195,1.5,-1.367640731702029,2.7606543160116965,-2.0301428753080786,-2.51059503264527,52.46580684053941,85.86918142376574,84.98280334472656,2025
2025-03-13,85.86918142376574,87.31327849230786,83.58849827261787,84.98280334472656,4470500,TER,24.589640068629237,True,True,-0.6940239954247176,-0.3877056195210596,1.5,-1.4165121335624176,2.7210621770846255,-0.5949197179162347,-2.3387628811809695,50.29766339773954,85.59032174635736,86.3870620727539,2025
2025-04-03,78.36982797650344,79.40559732860092,74.08732080901889,74.78446960449219,5073900,TER,23.807717746801615,True,False,-0.7461521502132257,-0.5585484742358319,-0.5,-1.7194865080769344,2.1653974685523347,-1.6853948637354024,-1.1365006429402469,45.23557413083823,70.81070500088614,68.44039154052734,2025
2025-04-04,70.81070500088614,72.13529528683011,66.84690318069153,68.44039154052734,6747100,TER,19.976340302996363,True,True,-1.001577313133576,-0.43362916362431275,0.5,-1.9857938509482125,2.7737944715449636,-1.1205265290405664,-2.101741732969825,50.89640196069255,67.18551071880995,72.57350158691406,2025
2025-11-18,165.25348191566448,167.0606895182974,162.7473774771999,163.4662628173828,2803700,TER,50.43524795763576,True,False,1.0290165305090506,3.5695283741328985,0.5,1.7763034096507002,1.5957767924145791,-1.0358739880473133,-0.43265991855113567,50.20866184293694,164.32493175143497,167.96926879882812,2025
2025-11-20,172.01300602730308,173.5606069454219,154.47024324308592,155.65838623046875,5142700,TER,44.64160823408554,True,True,0.6427738822723692,2.2457895500130487,0.5,1.409320499022808,2.0881658399719334,-2.1417375870676962,-0.8615022570035019,54.05850554176114,155.08925830530418,158.66371154785156,2025
2026-03-03,308.3935217691932,310.8925778128162,295.2684745471162,304.1051330566406,3698500,TER,53.50031328903967,True,True,1.2333542192693112,3.7470166908451468,0.5,3.272464005748057,2.0041555328906835,-0.6861815746518736,-1.0700338270171639,51.502338908601544,311.35239948581994,305.08477783203125,2026
2026-03-06,293.0293414008504,294.9485994330188,269.02839646985245,272.9468994140625,5896900,TER,41.80237125369007,True,True,0.45349141691267125,2.263989599984774,-0.5,2.295159116918677,2.761629924851059,-1.9369487591711636,-1.2807344506732974,58.91171071482426,265.29980373528207,296.3280944824219,2026
2026-04-29,314.42124704953505,334.8735133850265,301.7460114777026,306.2143249511719,13070500,TER,38.30755287174447,True,True,0.22050352478296464,0.6173210800428705,1.5,1.5641192171859275,3.2272331727593597,-0.6193435684739009,-3.3411672723733146,52.466308017043,326.8765486802327,343.34033203125,2026
2026-07-07,354.0599975585937,361.0499877929688,328.2799987792969,343.1099853515625,6405400,TER,41.23070442547984,True,True,0.41538029503198953,-0.06482158149465356,0.5,0.9132310327445292,5.611667980639083,-0.8353689257007951,-2.4637879588893212,40.51018891137524,342.989990234375,351.57000732421875,2026
2026-07-16,332.239990234375,335.3900146484375,317.739990234375,322.29998779296875,3623900,TER,39.28545571764787,True,True,0.2856970478431914,-0.40073183156447695,0.5,0.4815086928321666,5.077880233378403,-1.4079304096438872,-0.6892937163363657,45.302516361052085,305.8900146484375,322.3599853515625,2026
2010-05-07,9.176065259101524,9.470567192095269,8.902229627043429,9.1708984375,27272200,STX,38.147842197186435,True,True,0.20985614647909567,0.591831189095236,1.5,-0.32997182590892016,1.7952307149867814,-0.02272778503147345,-0.7605827792165537,44.68294041107443,9.579073761660574,9.548072814941406,2010
2010-05-18,9.31039995351872,9.37239984372188,8.654228371800622,8.814395904541016,25750900,STX,36.0453681876968,True,False,0.06969121251312013,0.08781438522928757,1.5,-0.4982107369161731,1.9589058307695122,-1.7266212470497855,-0.991641920599616,46.79757047473829,8.783396186703026,8.587061882019043,2010
2010-05-19,8.783396186703026,9.000397778969804,8.499227880733192,8.587061882019043,23430600,STX,33.45868980958936,True,False,-0.10275401269404275,-0.22976982735321094,1.5,-0.6089492166851734,2.066984697987158,-0.9793799736117142,-0.9454965217611799,47.09490283413647,8.323559575308778,8.318392753601074,2010
2010-05-20,8.323559575308778,8.545727981387657,8.178891523904502,8.318392753601074,18181500,STX,30.65853301393095,True,True,-0.2894311324046034,-0.47117191193955205,1.5,-0.74000782273967,2.1459310777336045,-0.03521202433880856,-1.2191732540822453,46.526225957725906,8.251231109830643,8.447566032409668,2010
2010-05-25,8.003223975537894,8.05489121003545,7.708722020013517,8.01872444152832,31640500,STX,28.986866373679604,True,False,-0.4008755750880264,-0.25266714366346027,0.5,-0.8747873515592292,2.4836137193750045,0.1119428478704589,-0.45030981487232946,48.253337258214735,8.153060810744952,7.677723884582519,2010
2010-05-26,8.153060810744952,8.287395759294839,7.646723928770204,7.677723884582519,26563700,STX,25.919211192695116,True,True,-0.6053859204869922,-0.6260885112079038,1.5,-1.0419419751421837,2.755689997271333,-1.8548377793245108,-1.1391478694478345,55.356824769108385,7.94122469100666,8.10139274597168,2010
2010-08-10,6.003710468422036,6.0450440643047605,5.662708056021893,5.735042095184326,30586000,STX,27.759985521185385,True,True,-0.48266763192097434,-0.5099670898950882,1.5,-1.6862322315864446,1.910636651636131,-1.7567556247470844,-1.4000015726279458,46.76072614780383,5.554206399222451,5.8280415534973145,2010
2010-08-24,5.5438731766010285,5.554206821153324,5.34753885746034,5.357872009277344,14050600,STX,27.527589942381653,True,True,-0.4981606705078898,-0.6408919372884035,1.5,-1.8000654926235182,1.6588860997221515,-2.2499999999999942,-0.8220734905845101,47.670557427396446,5.337207604945075,5.450875282287598,2010
2010-11-16,7.217887051199726,7.326387876333558,7.13005302643732,7.155886650085449,12954900,STX,46.55512861568997,True,True,0.7703419077126649,3.004041549940526,1.5,-0.3113874354069657,0.9996877732043719,-0.7894726935519097,-0.4941016703603085,45.457202958331294,7.155887870538579,7.202387809753418,2010
2010-11-23,7.440055738906754,7.455556210209602,7.13005370388131,7.135220527648926,16942800,STX,46.1714569202027,True,True,0.7447637946801801,2.877349277172915,0.5,-0.31685373723645827,1.0666816792854703,-2.3412662370591697,-0.36040468362698447,44.89846685634276,7.26955509185791,7.26955509185791,2010
2010-11-30,6.8510503490869175,6.990551115664253,6.794216283706784,6.928550720214844,41715000,STX,42.192501898796515,True,True,0.4795001265864343,1.9972630628116603,1.5,-0.4411109982441158,1.0082145510062923,0.9868392983970701,-0.5863570179573299,42.15937583541672,7.026716122317787,7.192050457000732,2010
2011-01-10,7.445221160954967,7.465887959399037,7.341887168734615,7.398720741271973,9445800,STX,41.20664484003809,True,False,0.41377632266920583,1.4152874385898528,0.5,-0.14052245445099254,0.07750489987345585,-0.9375024835292453,-0.3231308938705879,39.896312622687475,7.414221737125542,7.295387268066406,2011
2011-01-11,7.414221737125542,7.471055313706205,7.274720468152041,7.295387268066406,7595200,STX,37.738167320344374,True,True,0.18254448802295825,1.0576404993128337,1.5,-0.206403895464371,0.10401470022637616,-1.5131607016029238,-0.5338960419682917,46.25786067617317,7.347053157355893,7.336719512939453,2011
2011-01-20,6.995720377320017,7.000887201925898,6.665050993576381,6.876886367797852,31653200,STX,31.576556300174744,True,False,-0.22822957998835042,-0.0626555914990811,0.5,-0.46996118520577224,0.599955940402279,-0.8846128452481441,-0.8327436283547415,43.03469249470836,6.918216060600943,6.861382007598877,2011
2011-01-21,6.918216060600943,6.938882854582994,6.783881653349996,6.861382007598877,12392200,STX,31.2726539253361,True,True,-0.2484897383109266,-0.09305328572001777,1.5,-0.4758512889355365,0.5503834904623103,-0.9166711701258557,-1.114540404525699,46.01413952444036,6.845883211368361,6.985384464263916,2011
2011-02-22,6.9802173166823405,7.03705088406646,6.763215706327998,6.845882892608643,9425700,STX,30.024949196112587,True,False,-0.3316700535924942,-0.08171670732194085,1.5,-0.44791367028083173,0.3403193386896285,-1.2264167918739755,-0.567364764502938,49.319247552717584,6.820047784599671,6.572046279907227,2011
2011-02-23,6.820047784599671,6.845881397855598,6.448045034825816,6.572046279907227,19631800,STX,23.989421943721723,True,True,-0.7340385370852185,-0.2905460658472894,1.5,-0.6245123173798495,0.5628760292601847,-1.5584391457064923,-1.0281452301332676,54.79610848400058,6.561713500025522,6.582380294799805,2011
2011-03-01,6.520377521408579,6.5358774886262845,6.334376436590889,6.349876403808594,14247300,STX,21.816583292610858,True,True,-0.8788944471592761,-0.6188720299476441,0.5,-0.7506773995618221,0.6032181741498365,-2.1153874369106904,-0.441527001970117,54.39916947244699,6.334381398626338,6.47388219833374,2011
2011-05-19,8.83056712899433,8.83056712899433,8.55395917268625,8.64790153503418,7262000,STX,46.23987993009427,True,True,0.7493253286729512,4.532944535974015,0.5,0.5494580922627113,0.34426664309319077,-1.6509430567201526,-0.09730689783683938,47.34234176564493,8.642682951793729,8.835786819458008,2011
2011-05-27,8.715748429994335,8.778376002113772,8.585273160056978,8.59049129486084,14038100,STX,44.368490455016335,True,False,0.6245660303344224,3.090800495749941,1.5,0.4737573935004169,0.1592565043619434,-1.6216376439536744,-0.3398353802356924,51.69709033670459,8.6270260648805,8.767938613891602,2011
2011-06-01,8.788815323933033,8.799253585695876,8.465236177416907,8.517426490783691,12708000,STX,43.26016486513037,True,False,0.550677657675358,2.7577793861648128,0.5,0.41633436116667144,0.21905964763857302,-2.0312476716982917,-0.2697800447997445,48.987661996692395,8.543518863417205,8.49654769897461,2011
2011-06-02,8.543518863417205,8.585270898983175,8.376509725706281,8.49654769897461,7158500,STX,42.71381646493139,True,False,0.514254430995426,2.5014611167432723,0.5,0.39872694457562474,0.2056683255836786,-0.5624988079116439,-0.1366970651935112,46.156868053645994,8.413044255793832,8.298225402832031,2011
2011-06-03,8.413044255793832,8.49654833315853,8.272130751948234,8.298225402832031,7519600,STX,37.826917907395384,True,False,0.1884611938263589,1.9585582590989843,1.5,0.26985246924141615,0.24226263298547404,-1.2790759567786072,-0.6696460133676321,52.51533745264755,8.29300521068539,8.125996589660645,2011
2011-06-06,8.29300521068539,8.319099856658612,8.12077795910008,8.125996589660645,5288200,STX,34.17065664172718,True,False,-0.05528955721818818,1.5009355141889724,1.5,0.1588297124711735,0.25969830552699896,-2.10527207384468,-0.5744544751084657,56.08463080791934,8.141658019280099,8.099905967712402,2011
2011-06-07,8.141658019280099,8.261695043106295,8.08946770595862,8.099905967712402,5248700,STX,33.64019008114501,True,False,-0.09065399459033283,1.1534419846921493,1.5,0.14081050285524754,0.22911442424785855,-0.6060601681935182,-0.5835336676066601,52.28861422451052,8.01640427354644,8.063375473022461,2011
2011-06-08,8.01640427354644,8.251260270926545,7.896367206195628,8.063375473022461,8451000,STX,32.8707581360181,True,False,-0.14194945759879354,0.9119633156221839,1.5,0.11642784256433725,0.31126224898442906,0.33088276542988115,-0.3537652907834671,51.27279525571257,8.05293441173695,8.026839256286621,2011
2011-06-09,8.05293441173695,8.136438510999051,7.974648945385963,8.026839256286621,6557300,STX,32.08043494690027,True,False,-0.19463767020664874,0.7271931390034734,1.5,0.0922996992765901,0.27432289217048517,-0.4032267988272946,-0.15253103462440076,53.03050049559536,8.016402718839403,7.964212894439697,2011
2011-06-10,8.016402718839403,8.063373909205795,7.875489645464021,7.964212894439697,7829900,STX,30.717127232759438,True,False,-0.2855248511493708,0.565800097747802,1.5,0.052040448240636694,0.26219189334468856,-0.6944411330721534,-0.2094053218234887,54.054066210220185,7.969431512428196,7.896365165710449,2011
2011-06-13,7.969431512428196,8.058154257960348,7.854613109792813,7.896365165710449,7616700,STX,29.26608170425787,True,True,-0.3822612197161419,-0.5448555771622644,1.5,0.008912006481421875,0.26255129085158335,-0.8974395027191947,-0.25890259586505704,50.58256076372193,8.052933328051726,8.13643741607666,2011
2011-06-16,7.791986441350307,7.812862473101309,7.515378398494709,7.604101657867432,9046000,STX,29.16702776607653,True,False,-0.38886481559489805,-0.43922321368417866,0.5,-0.17566347271940064,0.6133268677306473,-1.578948249005756,-0.4626551294641179,48.12372788740508,7.724139062139856,7.437093257904053,2011
2011-06-17,7.724139062139856,7.7554528602898865,7.400560327487734,7.437093257904053,11238500,STX,26.59984645617351,True,True,-0.5600102362550994,-0.5753913846461948,1.5,-0.2789742263330047,0.7252474430083932,-2.0220614531486034,-1.0744016736225117,53.164378056176666,7.421434644733186,7.499719619750977,2011
2011-08-04,6.740940557348472,6.740940557348472,6.375850585643474,6.386432647705078,17234300,STX,23.51609808048839,True,False,-0.765593461300774,-0.6449281175344946,1.5,-0.9612789632412438,1.720986144327894,-2.4275379845946934,-1.4479177394183764,55.66275144123101,6.486964802813924,6.381141662597656,2011
2011-08-05,6.486964802813924,6.613952571073447,6.222406699970986,6.381141662597656,17729800,STX,23.46806011786086,True,False,-0.7687959921426094,-0.34532043994548706,1.5,-0.9568635199202813,1.7738089563372783,-0.6756752402873378,-0.9216616615258618,55.838240750769934,6.164205191116213,5.756785869598389,2011
2011-08-08,6.164205191116213,6.232990376225386,5.730329951540296,5.756785869598389,19020900,STX,18.6314041810123,True,True,-1.0912397212658467,-0.6166001131460245,1.5,-1.342616054630003,2.412886021659706,-2.0263148912760856,-1.8416917909012036,59.98191799746589,5.926102739906954,5.9843058586120605,2011
2011-12-15,8.363302270764498,8.475669115488481,8.218830394565593,8.229532241821289,6549500,STX,44.20354488543691,True,False,0.6135696590291275,3.060181988571106,1.5,0.38589972703113595,1.7479254852732264,-1.3020819880909962,-0.7487778540497411,54.41113080804719,8.272339837741342,8.256287574768066,2011
2011-12-19,8.315147542814321,8.357953924452847,8.036906062163913,8.06365966796875,4976100,STX,41.71823794745012,True,True,0.44788252983000804,2.894670376957944,0.5,0.2702450913789234,1.6333325494914306,-1.9583363135684064,-0.32320349566181683,54.73888283963542,8.245583766987817,8.422160148620605,2011
2012-03-14,15.088764905966505,15.288651294712205,14.640369861787072,14.818647384643556,9831200,STX,58.98862274748185,True,False,1.5992415164987899,6.5542585006445435,0.5,2.5324060405274205,0.4145056011453275,-1.0416676600783619,-0.397104971882703,40.188404042147575,14.807840559233783,14.359445571899414,2012
2012-03-15,14.807840559233783,14.86726673612441,14.267605585075918,14.359445571899414,13668600,STX,51.90716600950121,True,False,1.1271444006334141,5.7112527347002775,0.5,2.265749467293261,0.5265112446278707,-1.869368169633643,-0.5828553538628891,48.738856706197026,14.49990718148377,14.429676055908203,2012
2012-03-19,14.35944508698292,14.52151516159062,14.10553502865315,14.283812522888184,8690300,STX,50.643370900918,True,True,1.0428913933945334,5.168795813671398,0.5,2.1632477079696066,0.5001822900633844,-0.45454432859961236,-0.4511502027418665,47.62218068065501,14.20278542355949,14.354050636291504,2012
2012-04-05,14.440486493326562,14.478302792052975,13.43564973282164,13.894848823547363,31554900,STX,40.58590370804726,True,True,0.37239358053648414,-0.06699223199506495,1.5,1.5842818501096,0.7826737052662583,-1.3082915379864064,-1.0014277677015515,47.028640286953944,13.803006162106431,14.321632385253906,2012
2012-05-18,15.609663404895285,15.664147604402707,14.558122199440826,14.66164207458496,19881200,STX,36.39902396409726,True,True,0.09326826427315069,0.4709503449747931,1.5,1.1162038641029448,1.6001634324005338,-2.1428561361639753,-1.7566220793149054,53.995390174206634,14.650738579442969,15.173785209655762,2012
2012-05-23,14.045968055725096,14.302042344544246,13.724512544654637,14.045968055725098,17980000,STX,34.631572115590956,True,True,-0.024561858960602954,-0.11447805423158308,0.5,0.8229362309600707,1.8306484726586636,7.689459659656477e-15,-0.5249019991484222,48.77966113249694,14.051417674783242,14.378320693969728,2012
2012-05-29,13.991486207231212,14.095006060036583,13.468439459708836,13.637340545654297,20395200,STX,33.51214958729459,True,False,-0.09919002751369418,-0.47840007202461754,0.5,0.625553032141849,1.8247416757736483,-1.41304077408398,-0.3636519644370881,50.35265073345287,13.430301595969212,13.25050449371338,2012
2012-05-30,13.430301595969212,13.724515602860306,13.217814394903092,13.25050449371338,13417500,STX,31.314728842050357,True,False,-0.24568474386330952,-0.6355056983223889,1.5,0.4609148820512987,1.8520990850585792,-0.8870962780051894,-0.9804832430199528,52.54779745590848,12.9944281713614,12.765595436096191,2012
2012-05-31,12.9944281713614,13.010772698680764,12.47138147395549,12.765595436096191,20462100,STX,28.768237374015612,True,False,-0.4154508417322925,-0.38848059928035106,1.5,0.25833795295967077,2.015507346719977,-1.06060649847316,-1.3130302982691147,55.61539776278853,12.43324310464329,11.844816207885742,2012
2012-06-01,12.43324310464329,12.613040183119224,11.77943601891233,11.844816207885742,25964400,STX,24.66639350090368,True,True,-0.6889070999397546,-0.6065597584261134,1.5,-0.11977005510538763,2.414750038025321,-1.7647071656527407,-1.6430296029563516,59.08349806962309,11.915645826852952,12.062751770019531,2012
2012-08-31,17.902210600681958,18.15528374925771,17.429072567182942,17.610624313354492,12064500,STX,48.49143261217882,True,True,0.8994288408119213,4.2446547193812405,1.5,1.3548253755117534,0.7250088965888561,-1.0037930237262762,-0.616277734789078,50.95625711714339,17.60512469232231,17.8251895904541,2012
2012-09-06,17.19250434568617,17.638134813856333,16.98344395455539,17.44007682800293,18354700,STX,46.213751699188265,True,False,0.7475834466125509,4.023184449523005,-0.5,1.2418486253110506,0.7460863784203169,0.945379329799674,-0.12105440039839599,43.8790526722607,17.231018715915283,16.834903717041016,2012
2012-09-07,17.231018715915283,17.291536678693014,16.81289680354097,16.834903717041016,13224700,STX,39.78863328390388,True,False,0.31924221892692517,3.3858197635238194,0.5,1.0129872469792467,0.8316877372930136,-2.068961548327111,-0.694442735368865,58.166018997516694,16.58183105727631,16.43328857421875,2012
2012-09-10,16.58183105727631,16.840407069095658,16.41678338750236,16.43328857421875,12793200,STX,36.19244085412511,True,True,0.07949605694167398,2.624126120495575,1.5,0.8594015419782797,0.8326844093002236,-0.8766181490307348,-1.0221286217915349,60.6605612628375,16.504803021757077,16.56532096862793,2012
2012-09-19,16.361764101058125,16.411278602639673,16.15270368831726,16.213220596313477,7905800,STX,35.821944657852924,True,True,0.05479631052352829,1.969421307965366,1.5,0.7130354314009191,0.740018206877568,-1.4361747458555814,-0.41420492888595284,59.807726479503835,16.202215113871155,16.515806198120117,2012
2012-10-09,16.163711390234774,16.229731097088433,15.613551014062285,15.784101486206056,9163900,STX,34.962381251998266,True,False,-0.0025079165334489064,-0.452446750276622,1.5,0.43488245309191154,0.5751014999149017,-1.5401743519702837,-0.5458324213471102,47.34165565486237,15.734582772121804,15.531023025512695,2012
2012-10-10,15.734582772121804,15.81710659666974,15.404486424582704,15.531023025512695,8189700,STX,32.541027087631434,True,False,-0.1639315274912377,-0.5051625411738144,1.5,0.34404267097276175,0.5754074338516245,-1.2333361307779862,-0.5745174873843142,49.01655301132633,15.723577424332545,15.542024612426758,2012
2012-10-12,14.986360342996656,15.63554940051493,14.931344125532092,15.4429931640625,16903500,STX,31.763922640231684,True,True,-0.21573849065122108,-0.022919174154925503,0.5,0.3068023567453637,0.6207359555077896,1.6210927313664754,-0.2701359992217933,44.410293362860536,15.448496937800298,15.641053199768066,2012
2012-11-30,14.288029342526965,14.288029342526965,13.848653864635722,13.959888458251951,11474600,STX,31.213739442805092,True,True,-0.2524173704796605,-0.5119395917394393,1.5,-0.2668978317675269,0.622139899829402,-1.8670869267096248,-0.4094377987577266,49.18048084222169,14.09893321195539,14.10449504852295,2012
2013-02-19,19.577647644888348,19.577647644888348,19.14371566676056,19.262060165405277,4976500,STX,50.22820742565059,True,False,1.0152138283767058,3.753813150012757,1.5,0.9274477600064901,0.34241294835040564,-1.818185196010917,-0.2963416916583736,47.78033918552405,19.29586989872041,18.315296173095703,2013
2013-02-20,19.29586989872041,19.29586989872041,18.25330559593231,18.315296173095703,5580400,STX,39.7298054867065,True,False,0.31532036578043354,2.4871653661587683,1.5,0.6289777265095453,0.5664061037697853,-2.3513507104607054,-0.8762517709514569,56.72327202381859,18.163130245987663,17.875720977783203,2013
2013-02-21,18.163130245987663,18.22512079644781,17.68411479898023,17.875720977783203,5673500,STX,35.97057443681011,True,False,0.06470496245400739,1.7900911983547492,1.5,0.4884854433293262,0.6260313379681485,-1.3281242238986526,-0.9905730539076854,55.43825784897858,18.02225762706382,17.943361282348633,2013
2013-02-25,18.208220106265998,18.25893946616279,17.351627666766294,17.379804611206055,4889800,STX,32.46247393334305,True,True,-0.16916840444379677,0.34474081397568046,0.5,0.3273117101253509,0.7413758576509074,-2.2826097258157803,-0.6384633048303098,51.45570609612777,17.43053166658085,17.65595054626465,2013
2013-06-24,23.87042125997218,23.89317718764749,23.142248935359973,23.455135345458984,3867400,STX,40.95369865430431,True,True,0.3969132436202874,3.5611789317882256,1.5,0.9657966426628672,0.1696861134663455,-1.3825752102418905,-0.8872248997394749,56.48348989835918,23.836290662133653,24.1207332611084,2013
2013-07-25,24.40518228070323,24.40518228070323,23.3299871508069,24.07522773742676,9627200,STX,34.57101147459069,True,False,-0.028599235027287288,0.12161558248413377,1.5,0.7647150941694003,0.5182612176437664,-0.7671968885040488,-1.2014064860670428,48.79705484877838,24.012648105772044,23.35274124145508,2013
2013-07-26,24.012648105772044,24.012648105772044,23.295853579236027,23.35274124145508,7078700,STX,30.118842912271205,True,False,-0.325410472515253,-0.48866406202626145,1.5,0.5851418679746212,0.5838875703993293,-2.3015900648196563,-1.1752360322852762,53.47541079456749,23.2958590121199,22.926082611083984,2013
2013-07-29,23.2958590121199,23.46652420870351,22.869194935598017,22.926082611083984,4082500,STX,27.83878793324098,True,True,-0.4774141377839347,-0.6177123902725604,1.5,0.47783400257810915,0.5860946580376919,-1.547623805181448,-1.1003589351428893,54.057615796346056,22.971585069193903,23.466514587402344,2013
2013-11-20,27.91229255798819,28.08609219308508,27.558898714301247,27.64579963684082,2740700,STX,50.1460167063007,True,True,1.0097344470867133,3.388654324662191,1.5,0.8622813096857895,0.06719024771452745,-1.2637339604528874,-0.3116069159326898,45.7083267227504,27.94705968100309,27.94126510620117,2013
2014-01-28,31.1218015049192,31.63161347854948,29.2563466173698,29.847267150878903,17575200,STX,31.356064084064272,True,True,-0.24292906106238188,0.8219477911731324,1.5,0.6153806279984408,0.8078266067019183,-1.3414643790880192,-1.8974332956728137,55.125594311488975,29.83568474631659,31.08125305175781,2014
2014-02-05,28.8334405022296,29.23897456218723,27.92967907232255,28.451080322265625,6074400,STX,29.739559344391935,True,True,-0.3506960437072043,-0.36358359277581687,1.5,0.3140433993840763,1.0207134826278137,-0.7300876366791207,-0.8867738635052136,52.54951577797752,28.45690866357492,28.749134063720703,2014
2014-05-01,30.3330043220974,30.783029578657125,28.977078335558115,29.66088485717773,5977500,STX,34.69847966394674,True,False,-0.020101355736883875,0.17536784103283143,0.5,0.1805516457610823,0.5694159031546733,-0.9304230491936089,-0.43964317555884314,44.81901551760507,29.584912690781024,29.83038330078125,2014
2014-05-05,29.61998392114868,29.6959631935267,29.14073416523343,29.520626068115234,2751300,STX,34.61916473538598,True,False,-0.025389017640934715,0.11185396268277555,0.5,0.15232068299722346,0.49209374796047406,-0.4473732818818198,-0.4921051282436417,43.25624779577771,29.52061491162775,29.37450218200684,2014
2014-05-06,29.52061491162775,29.842064700396413,29.33359079607325,29.37450218200684,2127800,STX,33.72398338811797,True,False,-0.08506777412546854,0.03335037047788821,0.5,0.12552371437826726,0.430297081898307,-0.7183885366516612,-0.12069037916007663,45.23791240323693,29.47385910126042,29.21670150756836,2014
2014-05-07,29.47385910126042,29.71348388137216,28.7549847609252,29.21670150756836,3199900,STX,32.739433066346436,True,False,-0.15070446224357095,-0.08206897362683763,1.5,0.09699532102532715,0.4472524213118547,-0.6707298635082335,-0.257154671390368,49.064286248085565,29.10566310243657,28.80174827575684,2014
2014-05-08,29.10566310243657,29.637513491750127,28.67901408503153,28.80174827575684,3078000,STX,30.239392298900285,True,True,-0.31737384673998104,-0.38137946619075286,1.5,0.024358700850535264,0.48301092336047136,-0.7926839196494018,-0.3043964035093938,50.56510669661922,28.860191441503147,28.95954704284668,2014
2014-07-31,34.802159154149685,35.59807640784275,34.28334151732114,34.54864501953125,3414500,STX,50.779478078085695,True,False,1.0519652052057131,2.6892634558244164,-0.5,0.6289880979447526,-0.28354882084421335,-0.48206322135000107,-0.11204355049124343,33.522359239201485,34.41895362870819,34.30693435668945,2014
2014-08-01,34.41895362870819,34.75500694672101,33.84707239499225,34.30693435668945,2999100,STX,48.061148392729145,True,False,0.870743226181943,2.088437416459979,0.5,0.583055482490209,-0.24727018420971128,-0.30844533839317995,-0.2525665614025688,36.65138340642792,34.24797607595449,34.60761260986328,2014
2014-08-05,34.542756091676864,34.78447864996151,33.681988176714114,33.82938003540039,2397100,STX,43.43525224937433,True,False,0.5623501499582886,1.4753502590881131,0.5,0.49297534883011584,-0.17323636692928718,-1.6176467588314385,-0.26023632175887074,41.29695842975533,33.72837858389143,33.823421478271484,2014
2014-08-06,33.72837858389143,33.936286473223724,33.294745236657334,33.823421478271484,3584800,STX,43.37902586002796,True,False,0.5586017240018639,1.493788083294513,0.5,0.48663576523456653,-0.189344865979228,0.3703693892256212,-0.17617170095660661,38.278926637694106,34.08480887111274,33.7640380859375,2014
2014-08-07,34.08480887111274,34.096689522341734,33.579891390891895,33.7640380859375,2744900,STX,42.78460511891618,True,True,0.5189736745944121,1.4565985649498414,1.5,0.47180877495166196,-0.21956863712103078,-1.5517218699850117,-0.304692544612771,45.19766201650156,33.781863366375205,33.84126663208008,2014
2014-08-12,33.85907292512535,33.93035454943453,33.425439456074685,33.74026870727539,1356900,STX,42.69557961183103,True,True,0.5130386407887353,1.2133058080862604,-0.5,0.4524938101206266,-0.29978349157342343,-0.5882385940347212,-0.008799813355266084,35.89140772833192,34.684762426223685,34.41151428222656,2014
2014-09-15,36.32425265295061,36.3836536300274,34.922367840319026,34.95206832885742,3891100,STX,40.61522523906012,True,True,0.3743483492706749,0.7685425175465381,0.5,0.4656453143039152,-0.1982930320386112,-2.347563244912947,-0.49379730030901653,41.80766180694297,34.85703843873425,35.19562911987305,2014
2014-09-19,35.58173538267366,35.61143587644836,34.62536452751229,34.637245178222656,4673100,STX,39.97801243044788,True,False,0.3318674953631922,0.4686969520420144,0.5,0.3957678587098401,-0.14942961476934377,-2.394578763164732,-0.1983143772443255,41.925176644964864,34.39369208572114,34.215484619140625,2014
2014-09-22,34.39369208572114,34.71446054036152,34.031340227143794,34.215484619140625,2418300,STX,36.67228931240226,True,False,0.11148595416015089,0.11950259768867344,0.5,0.3265675222713327,-0.1453646362998144,-0.6521818453220172,-0.29247137090298303,40.75223473204311,34.203604633770794,33.73432922363281,2014
2014-09-23,34.203604633770794,34.310525936306654,33.704628735928296,33.73432922363281,2655600,STX,33.29033652187475,True,True,-0.11397756520835003,-0.28522716540605164,1.5,0.24903381689630355,-0.14835265228098893,-1.9362831262668758,-0.6271959295446563,47.528543318621466,33.85907396229307,34.12044143676758,2014
2014-10-01,33.894712361494214,34.00757511379682,32.57005075561938,32.71855545043945,3999100,STX,31.679471267315108,True,True,-0.22136858217899277,-0.544270096507735,-0.5,0.07690275631117127,-0.018525919916768246,-2.045455620219796,-0.3721166456903721,41.339927054948966,32.80765725662732,32.979923248291016,2014
2014-10-14,31.774073605403384,31.964159481978417,31.12659288019393,31.221635818481445,3612600,STX,30.630433573358502,True,False,-0.29130442844276655,-0.595732709874149,1.5,-0.1624859772808357,0.24067060900979215,-1.6489368897498282,-0.8158437594577461,47.31687634104412,30.54444839114588,30.865219116210938,2014
2014-10-15,30.54444839114588,31.33449455480588,29.96231018602898,30.865219116210938,5456100,STX,29.033108463511695,True,True,-0.39779276909922034,-0.017649100373816468,1.5,-0.21563672751359397,0.33658546853645355,0.584416227811603,-0.6780150610595337,48.57106041643394,30.40189046569508,31.11471366882324,2014
2015-01-06,39.48027704183372,39.4862692588329,38.10835187525284,38.25812530517578,3425800,STX,39.150683106799164,True,True,0.27671220711994426,0.9292041525165651,1.5,0.48740512927948787,-0.19406239076369472,-2.217389357340481,-0.4962361195598189,47.96989528166078,38.40788962238464,38.50374221801758,2015
2015-01-15,38.7074393801134,38.91712123419473,37.20371310532166,37.31155014038086,3552200,STX,35.73669177084224,True,True,0.04911278472281613,-0.32459679655208307,1.5,0.31161881496099775,0.08574030807795471,-2.0367144526310756,-0.5304420119217348,45.78844721841041,37.35948506568969,37.98853302001953,2015
2015-01-26,35.29857893012291,36.08938425118352,33.86075626764851,35.38245391845703,15325600,STX,29.60653438232353,True,False,-0.3595643745117646,0.17037766971832724,-0.5,0.016275451536552632,0.6168776275864809,0.09408814408886089,-0.8354422343881298,43.724491289668165,35.34651628635777,34.19026565551758,2015
2015-01-27,35.34651628635777,35.34651628635777,33.84878254541041,34.19026565551758,8078000,STX,25.692937704829532,True,True,-0.6204708196780312,-0.48232139709976796,0.5,-0.15127074980219257,0.7413097934929993,-1.9300003051757855,-1.3430559751946334,50.745836459449656,34.79535410732823,34.465850830078125,2015
2015-06-08,33.10908750940136,33.15179298207535,32.13295676775971,32.35868835449219,3769500,STX,35.92442903672142,True,False,0.0616286024480947,0.15806604755411024,1.5,-0.341454278325552,-0.12643895000381752,-1.8413144928628766,-0.5905330177781193,43.2897539548571,32.43799915650543,32.10245513916016,2015
2015-06-09,32.43799915650543,32.462402950163884,31.86452396917485,32.10245513916016,4191500,STX,34.35786659637709,True,True,-0.042808893574860465,-0.45141314632007346,1.5,-0.37486074089076116,-0.13635351199859694,-1.4030599335930578,-0.4400429623105842,41.864556356125156,32.38309273025989,32.69423294067383,2015
2015-06-25,31.675398446682955,31.675398446682955,30.72977353995263,30.924999237060547,5463700,STX,32.2923675857173,True,False,-0.1805088276188466,-0.47939135631872837,1.5,-0.5107321697993972,-0.16848581809985747,-1.9838712059125407,-0.7378911319059641,43.589211656526444,30.50404562883789,30.540651321411133,2015
2015-06-26,30.50404562883789,31.108026756289437,30.205104957674724,30.540651321411133,6308500,STX,30.227143485564483,True,False,-0.31819043429570115,-0.35152083746065327,1.5,-0.5615225255516537,-0.11720741272270505,0.1013534412099819,-0.5330821541421767,43.62992037097676,29.87566821324352,29.90617179870605,2015
2015-06-29,29.87566821324352,30.50405091741445,29.66213846045698,29.90617179870605,6360400,STX,27.14128844610204,True,False,-0.5239141035931975,-0.4412957547368566,1.5,-0.6480698510065563,-0.05747432539732108,0.09057825790095904,-0.7095393063908606,46.247384922528504,30.253918878186195,28.978849411010746,2015
2015-06-30,30.253918878186195,30.253918878186195,28.93004181070045,28.978849411010746,7949600,STX,23.383847219533607,True,True,-0.7744101853644262,-0.624125698884188,1.5,-0.7764319962794536,0.09294338310686517,-2.407832076125106,-0.7866410161934345,53.97851057862198,29.204574955070107,29.02155113220215,2015
2015-09-22,28.010712485512013,28.158687636602195,26.82073486539145,26.99954032897949,4132000,STX,31.838586336256952,True,False,-0.21076091091620316,-0.5501990358498351,0.5,-0.8384646745186014,0.8605161236112454,-1.8894018127738,-1.0390469264853042,40.450948288676045,27.17217845950127,26.8515625,2015
2015-09-23,27.17217845950127,27.37564722980928,26.48778692595265,26.8515625,3589300,STX,31.257925109866875,True,False,-0.24947165934220833,-0.42745165871661417,0.5,-0.8541671657340194,0.8503902206621797,-0.9027770419192086,-0.5750265843615376,41.283711546097905,26.561770347563105,27.1906681060791,2015
2015-09-25,27.270829807545425,27.37564769610169,26.16100676084349,26.44462776184082,3802700,STX,31.05016830656635,True,False,-0.2633221128955768,-0.48468619436842736,0.5,-0.9030485333952809,0.9526838651456033,-1.700506754140015,-0.2569083400945263,43.6172524069207,26.358306040913646,25.93903923034668,2015
2015-09-28,26.358306040913646,26.358306040913646,25.704742518083396,25.93903923034668,4796000,STX,29.084683702301973,True,False,-0.39435441984653513,-0.5131778964000868,0.5,-0.9735134859535327,0.9488240552877855,-1.6037722268806254,-0.42479989276849317,44.86742121193362,25.9513680986125,25.760231018066406,2015
2015-09-29,25.9513680986125,26.635759505704165,25.64308385051876,25.760231018066406,5109300,STX,28.399986194526846,True,True,-0.4400009203648769,-0.5897882981661485,1.5,-0.9932859901399849,0.9623622481289359,-0.48136840957985483,-0.6575955960479357,46.37185411080055,27.443463245025228,27.62226867675781,2015
2015-10-21,23.485095613563438,24.35445715462222,22.689721638205608,22.893190383911133,6846000,STX,27.804201183439346,True,True,-0.4797199211040436,-0.55949930611327,1.5,-1.3563231703627299,2.01925698540904,-0.8888877900052202,-0.7678223436124106,48.90146454014186,23.176811876886973,24.194150924682617,2015
2015-11-13,21.28314130511092,21.345777057683847,20.28099315704064,20.71316909790039,7420900,STX,27.391221274420715,True,True,-0.507251915038619,-0.4054752116834998,1.5,-1.570705447670227,1.8836946473736156,-1.3382344691402288,-1.1870550677759995,48.146441409573704,20.713164614123865,21.483566284179688,2015
2016-01-20,18.282953027752047,18.47711902880573,17.3810187474359,18.301742553710938,6750500,STX,27.383230343361646,True,False,-0.5077846437758903,-0.06360969397357256,1.5,-1.6241074670810767,2.040960614894682,0.042855398995538814,-1.1250366544858073,47.74156453404875,18.445805622263613,17.26201629638672,2016
2016-01-21,18.445805622263613,18.458331576902875,17.168065065991335,17.26201629638672,10447100,STX,23.39171643044969,True,False,-0.773885571303354,-0.6062847345925797,1.5,-1.8043445141710868,2.339430016819578,-2.293691489056354,-1.3475220198848807,53.51656189583267,17.68792899642107,17.493762969970703,2016
2016-01-25,17.29333338376342,17.343440784007583,16.504140933926877,16.535457611083984,6461800,STX,22.58191666185165,True,True,-0.8278722225432233,-0.6463293944328516,0.5,-1.9162492748663489,2.4722266919794857,-2.2574642799190303,-1.2063639141487197,50.76532190269257,16.598092451953068,17.374757766723633,2016
2016-04-14,18.954562119111756,19.069554601657764,17.204124109861215,17.319116592407227,48458900,STX,29.139474022921988,True,False,-0.3907017318052008,-0.5993307062781719,0.5,-1.4351294379493067,2.7157547496822,-2.1917803074097306,-2.812320947353389,41.20766904622765,17.229683168054088,16.34807586669922,2016
2016-04-15,17.229683168054088,17.325511081714378,16.316134041147482,16.34807586669922,19415600,STX,26.487591658474443,True,True,-0.5674938894350371,-0.6478097883279245,1.5,-1.6240184988080586,2.938451427820377,-2.183543081333938,-3.3711467870092022,47.05229363402278,16.296963175249616,16.469451904296875,2016
2016-04-29,16.718602087071048,16.750543903908476,13.80546428171788,13.907679557800291,24443200,STX,25.16499065850155,True,False,-0.6556672894332299,-0.6006420806857874,0.5,-2.03704116878424,3.280686637387041,-2.3861176011091585,-2.4212926579603904,45.29701701865905,13.505204956467065,13.083566665649414,2016
2016-05-02,13.505204956467065,13.517982169765084,12.911077941632524,13.083566665649414,18806300,STX,23.13822817376932,True,False,-0.7907847884153786,-0.5549755459582562,1.5,-2.200286403237374,3.579394996884785,-1.7368403088697721,-3.136432548530163,48.0550297740717,13.01968092683471,12.419166564941406,2016
2016-05-03,13.01968092683471,13.077177164239693,12.329727296476966,12.419166564941406,13705500,STX,21.62602401155027,True,True,-0.891598399229982,-0.6076228824326887,1.5,-2.3300129684620408,3.7543292972823434,-2.0085439431903565,-3.4665415667669204,49.48866293755601,12.655537795711812,12.872745513916016,2016
2016-10-11,25.65444787952444,25.65444787952444,23.37897535530468,23.560205459594727,14457900,STX,41.94985597304962,True,True,0.4633237315366415,1.7292169420276684,-0.5,0.5151708631501972,0.6279340989990108,-2.3008873955177833,-0.8959264411754361,42.38831537355886,23.83540858841966,23.647464752197266,2016
2016-10-17,23.647463712706863,23.87568231546324,23.25815113185341,23.499792098999023,4548300,STX,41.50766404797594,True,False,0.4338442698650629,1.6594804291803456,1.5,0.478596892402694,0.6268678142283028,-0.5978305939329741,-0.07805945306701423,49.32825470693016,23.721303939819336,23.721303939819336,2016
2016-10-19,23.45952598743972,23.694455833504698,22.513090298152814,23.03664970397949,10115000,STX,37.94913509978106,True,True,0.19660900665207065,1.2525309560778466,0.5,0.3610679095274383,0.703501552562146,-0.8948887342778952,-0.298632402221273,47.566297111356874,23.15075451736268,23.479656219482425,2016
2016-11-01,23.07020769554769,23.244729181452023,22.19089676460141,22.627195358276367,4147100,STX,37.556361270291895,True,False,0.1704240846861263,-0.07853218855470818,0.5,0.2323589949264515,0.5003933548419169,-1.0509553753225507,-0.19348948180060305,41.13109907760347,22.600346653204102,21.91569328308105,2016
2016-11-02,22.600346653204102,22.72116843864772,21.895554611811736,21.91569328308105,5446200,STX,31.625879465236082,True,True,-0.2249413689842612,-0.648571471794752,0.5,0.067145810891307,0.5903242772249199,-2.0731646802321078,-0.5490487487407464,45.87570860401856,21.90897953478551,22.204322814941406,2016
2017-01-11,25.65158893874058,25.965413559990427,24.710122882415263,25.153566360473636,6268100,STX,39.17591084212211,True,False,0.27839405614147383,2.088866321378829,1.5,0.4057025187110641,0.4396756088340522,-0.9918471218733391,-0.5261142802063536,52.68100729880757,25.09899823841018,25.07170867919922,2017
2017-01-12,25.09899823841018,25.13310888618608,24.31444032718649,25.07170867919922,3849600,STX,38.5010707439506,True,True,0.23340471626337328,2.0095207768615477,1.5,0.3839523018309121,0.45498483800077616,-0.0833351876988766,-0.4270670008675398,51.788461606680634,25.071709107842626,25.174043655395508,2017
2017-01-19,25.31049043141867,25.453759342163185,24.64873541597473,24.792001724243164,2958700,STX,37.219554493390405,True,True,0.1479702995593603,-0.24423787027937904,-0.5,0.3071564859046394,0.35999655664097885,-1.6101655190249902,-0.18970032009064108,38.11351388949055,24.80564272478681,24.880687713623047,2017
2017-04-26,30.84862714552744,31.021506694526867,28.8777987041744,29.050678253173828,34476600,STX,32.26276947938662,True,True,-0.1824820347075587,-0.5708240356138387,-0.5,0.26792423361195916,1.0929330964824129,-2.0967744912612782,-1.6188387493231662,41.17670137791298,29.161324495778008,29.251222610473636,2017
2017-07-06,26.874156076526816,26.98648264415197,25.933420068387417,26.17913627624512,9051800,STX,31.578176618117524,True,True,-0.22812155879216506,-0.47139452551108435,0.5,-0.34951598386702976,0.46960108186353544,-1.649996439615878,-0.47096335379613885,43.744550552237456,26.31251293195748,26.817983627319336,2017
2017-07-25,22.69699835930464,23.96067226640197,22.381077873973872,23.30777359008789,35475700,STX,26.703603790796265,True,False,-0.5530930806135823,-0.10661115466877809,-0.5,-0.840640879368354,1.4885033824431797,0.9666646604201784,-1.9723490500257304,39.34820436763286,23.41307823283418,22.70401763916016,2017
2017-07-26,23.41307823283418,23.46222091367915,22.521488064318163,22.70401763916016,12637600,STX,25.06385463527579,True,True,-0.6624096909816141,-0.4694218257989415,0.5,-0.9407221831952278,1.5383525579957373,-1.8843303764603982,-2.286508844383535,46.933598943866045,22.8163474650131,22.858470916748047,2017
2017-11-30,27.89690905452093,28.018540838423142,27.33882594371762,27.58924865722656,6782500,STX,53.51982374947735,True,True,1.234654916631823,3.1868617451784242,0.5,0.25863667396109236,0.1728207651119899,-1.1315788416982526,-0.16632671151819156,35.51018653485652,27.41037474877185,27.982765197753903,2017
2018-02-05,37.22141585246506,38.06372638939664,35.95068858218244,36.05234909057617,7359000,STX,48.76096731197363,True,False,0.917397820798242,4.322960862803419,1.5,1.221686476973528,0.6558659171522393,-1.3831588316800683,-1.256796904949256,48.455871033242516,34.91234163066936,35.348018646240234,2018
2018-02-06,34.91234163066936,35.907139237201896,34.27334627386076,35.348018646240234,9556600,STX,44.977498832513454,True,False,0.6651665888342303,3.815784685918013,1.5,1.0868115516550025,0.77260120934083,0.6666649712456636,-1.322553810362717,49.04248268051388,35.72559196873005,35.979736328125,2018
2018-02-08,35.91438006564726,36.05960658296602,34.440337424280614,34.44759750366211,4587900,STX,41.29388425063088,True,True,0.4195922833753921,2.7872082491178447,0.5,0.906894792133146,0.8952865539474331,-2.2645749690804147,-0.5563963331773336,55.71270398692693,34.89053935171318,34.72352981567383,2018
2018-04-30,43.74817445324138,43.99032436826174,42.46405324115212,42.47872924804688,4985700,STX,46.815075483835386,True,False,0.7876716989223591,1.5835389658955477,-0.5,1.147742282280404,0.40979831356656404,-2.0793245424201245,-0.08790809432612928,40.37953122716072,38.09070999313224,39.778411865234375,2018
2018-05-01,38.09070999313224,39.91049314905791,36.0141036737511,39.778411865234375,15641500,STX,35.25772533087675,True,True,0.017181688725116828,0.8179715859324098,0.5,0.7482794367102685,1.166255015253652,1.0828626622145092,-1.080634687875319,46.48433773861824,38.310836356455766,40.13795852661133,2018
2018-07-24,42.10667200117328,42.18826015658377,41.26112717125599,41.327880859375,1854400,STX,40.40885799041518,True,True,0.3605905326943452,0.3368648843274807,1.5,0.43324074998735806,-0.014083387370218692,-2.0999984741211217,-0.3191648346824852,44.19016371423255,41.505881664028834,41.86190032958984,2018
2018-07-27,42.39593066147183,42.7296990518518,40.43040789653356,40.56391525268555,4346900,STX,38.983384158243,True,False,0.26555894388286655,-0.1932468203454878,-0.5,0.3176621935397561,0.13427910670496165,-1.9919349976065936,-0.23106846721979712,36.20780101687728,40.32656213304047,40.05213165283203,2018
2018-07-30,40.32656213304047,41.63938234340942,38.531634628184726,40.05213165283203,7894700,STX,36.73452816579712,True,False,0.11563521105314152,0.15112692876895384,0.5,0.24795385059896424,0.3964971681166709,-0.22076315820619566,-0.5403985075059348,40.54621814720986,40.31915369428452,39.02858352661133,2018
2018-07-31,40.31915369428452,40.400741837504384,38.516807213757,39.02858352661133,6606300,STX,32.674761106230804,True,True,-0.15501592625127975,-0.4012655776197116,1.5,0.11268203911724228,0.5292313816050036,-1.7125994599351946,-1.0688211533303071,47.347888993564005,39.03600451549313,39.36235427856445,2018
2018-08-09,39.00632877663243,39.30301238538537,37.44132825776063,37.84185028076172,8401900,STX,32.22473362141983,True,False,-0.18501775857201133,-0.4527464744646643,-0.5,-0.05696077511776365,0.5323055374053369,-1.5637433850773985,-0.7399056803830906,40.139156743783374,37.50066845113361,37.738014221191406,2018
2018-08-10,37.50066845113361,38.12370180488151,37.1149808674435,37.738014221191406,5029100,STX,31.86393669434156,True,True,-0.20907088704389593,-0.3292787943965579,0.5,-0.0698322836632792,0.508138057321488,0.5882344691402274,-0.9089644332335417,40.499377690050196,37.73801473408297,37.834434509277344,2018
2018-09-04,38.00503280670478,38.22754413521756,35.80216414684269,36.647708892822266,10362400,STX,30.852320018429936,True,False,-0.27651199877133764,-0.22973952576085957,0.5,-0.24634089946212245,0.6802530052213568,-1.399083772840059,-1.4670423508563832,43.54922880759093,36.48453082100881,36.61803817749024,2018
2018-09-05,36.48453082100881,36.83313367730863,35.57965108521628,36.61803817749024,6634000,STX,30.757819909078307,True,True,-0.2828120060614462,-0.12899892112519318,0.5,-0.24782349702107798,0.6773878369153187,0.2662728571654434,-0.8868088788318836,42.9666157220527,36.6402921825776,36.63287353515625,2018
2018-10-09,34.144424372202515,34.302256153180764,32.716415171858074,33.06966018676758,4961200,STX,28.185040810220983,True,False,-0.4543306126519345,-0.4548398084760959,0.5,-0.6428546385413053,0.5745444424261268,-1.6943126676839262,-0.7100762964272602,46.17416748204882,32.84418526137834,32.81412124633789,2018
2018-10-10,32.84418526137834,33.76111478361395,32.67132147548916,32.81412124633789,5120500,STX,27.234772448708938,True,False,-0.5176818367527375,-0.5809144521627482,1.5,-0.6706949648569804,0.5888127581568536,-0.06896724088942859,-0.841167037926635,47.167707279553376,32.941885341971414,32.5736083984375,2018
2018-10-11,32.941885341971414,33.97155328281999,32.43080865591627,32.5736083984375,3968700,STX,26.334811448443432,True,False,-0.5776792367704379,-0.5832260202281109,1.5,-0.6964110028574166,0.6684112426093338,-0.5975632449129548,-0.6817197388616372,49.7858158283051,33.422912786953674,32.310569763183594,2018
2018-10-12,33.422912786953674,33.452973942251155,31.80700742336637,32.310569763183594,4747800,STX,25.348272466583936,True,False,-0.6434485022277376,-0.38144371073188954,1.5,-0.7249429473239655,0.7618530394815822,-1.689498253773325,-0.28692856960763624,55.184544808441096,32.310561965824014,32.1376953125,2018
2018-10-15,32.310561965824014,32.64877210104003,32.10011672714958,32.1376953125,2728700,STX,24.693540781550027,True,True,-0.6870972812299982,-0.4719360520504991,1.5,-0.7414787146792956,0.6818130206809649,-0.7876832231599149,-0.2576733385452848,53.76732567017484,32.58864495869932,33.1523323059082,2018
2018-10-26,28.39480950633826,30.251220740017857,27.575583786522373,29.16142463684082,10747700,STX,23.032174321946215,True,False,-0.7978550452035856,0.045148884410131394,0.5,-1.0865174593388305,1.7288109658768707,0.7162921799807764,-1.3428789460883648,49.99930738138569,29.875436413749128,28.432397842407227,2018
2018-10-29,29.875436413749128,29.92804701580454,28.019024730453555,28.432397842407227,5157200,STX,21.196961722596598,True,True,-0.9202025518268935,-0.289761042428413,0.5,-1.1753389108835814,1.8868467441721803,-1.8897612961555732,-1.1546301102994065,55.809281968179526,28.424875376150727,29.199005126953125,2018
2019-04-24,37.37359348772181,37.37359348772181,36.33565315660669,36.39762115478516,3722600,STX,42.430056275276286,True,False,0.49533708501841905,1.0699891271728752,1.5,0.16132706875166103,0.060238221042788434,-2.350742869506048,-0.8688154455559052,42.756240733725484,36.38213430692182,35.68500900268555,2019
2019-04-25,36.38213430692182,36.65323695034859,35.60755194879138,35.68500900268555,2597600,STX,38.543411737671484,True,False,0.23622744917809893,0.5565746280193742,1.5,0.05966892166834992,0.10844912439672491,-1.666671376174781,-0.73304451457699,43.97503312602819,34.29077217574135,34.848472595214844,2019
2019-04-26,34.29077217574135,34.87945365367593,33.64012267128832,34.848472595214844,3954200,STX,34.543223866960275,True,False,-0.030451742202648308,0.11667727542887778,1.5,-0.05836139955594788,0.30064860827691464,1.1250029802350743,-0.8373086810707225,41.692783240071265,34.848473468821,34.80974197387695,2019
2019-04-29,34.848473468821,35.24350930598567,34.54638376416777,34.80974197387695,5327000,STX,34.365393527928575,True,True,-0.042307098138095016,0.10942512014231835,1.5,-0.06322621644337223,0.25752406010943385,-0.13889713050480434,-0.545323818744764,44.755125783481795,36.58353461850899,37.42782974243164,2019
2019-08-05,34.2269110943409,35.47624057429777,34.08547734209168,34.91836166381836,5457200,STX,35.4702001131962,True,True,0.03134667421307995,0.9387609842004823,1.5,-0.1047385327585626,0.4521257827292374,1.2429336523022878,-0.5047494888254469,45.37672635443757,35.24837880636102,35.1069450378418,2019
2019-12-09,46.29883351041324,46.497643337533056,44.54930642503944,45.42406845092773,7402600,STX,42.13187719721095,True,True,0.47545847981406314,2.780478094327887,0.5,0.6328827083899691,-0.3123477299796405,-1.1224509655852166,-0.3240107564167996,48.2959326411654,45.575159765165424,45.82168197631836,2019
2020-01-31,46.81882552162527,46.81882552162527,45.64513700810696,45.81395721435547,2900700,STX,38.1233125197894,True,True,0.20822083465262675,0.0630255495147319,1.5,0.3715017138867227,0.01465411821494067,-2.1404067086282397,-1.0045191093778925,43.533156943466935,46.489234478223246,46.58570098876953,2020
2020-02-05,45.84611133471893,46.43295406668493,43.69167340734564,43.99715423583984,6600900,STX,35.009686647676446,True,False,0.0006457765117630742,-0.5178973086169697,-0.5,0.14656834310840527,0.40759416064790543,-1.6862165249113266,-0.49570127996560326,38.09204620129251,44.28656208525028,44.34283447265625,2020
2020-02-07,44.10167303026682,44.157945425801095,43.25758403063717,43.4907112121582,2884900,STX,34.30376640017492,True,True,-0.046415573321671864,-0.5481822603745187,0.5,0.08457014840395627,0.3440583834388817,-1.696434957646582,-1.032303319363073,40.361567754542214,43.386194143176574,44.16596984863281,2020
2020-02-24,41.89094339085732,42.64660312598938,41.77035798775741,41.83467102050781,3115800,STX,32.97459715638074,True,False,-0.13502685624128408,-0.631231678204831,0.5,-0.12075592745076469,0.26151441630894146,-0.16054973629597957,-0.4425415085789558,39.42439681878687,42.32506348217489,40.53237533569336,2020
2020-02-25,42.32506348217489,42.46976479504439,40.29924816861728,40.53237533569336,3426900,STX,29.301548669063223,True,False,-0.37989675539578516,-0.5451116665212482,1.5,-0.2700783951401964,0.4363149888447604,-2.0648173396308858,-0.9885857434965117,49.447512740909964,41.030793604505526,41.062950134277344,2020
2020-02-27,39.92945055733956,40.35551685796975,38.85223454177158,38.87635040283203,4479900,STX,27.010074257978474,True,False,-0.5326617161347684,-0.6547992262826158,0.5,-0.4572763440916361,0.656485774474178,-1.7513346348190246,-0.8839320787970284,47.48602842113495,37.90364526090136,38.54676055908203,2020
2020-02-28,37.90364526090136,38.603032956009365,37.13994450266748,38.54676055908203,6011000,STX,26.279075176952986,True,True,-0.5813949882031343,0.011972306850609607,0.5,-0.49134065866488164,0.7234996127688927,1.09890023516985,-0.6123545561314447,47.41614954815414,39.3988787496095,40.4921760559082,2020
2020-06-24,40.18245871628825,40.62929583732166,39.1232814111945,39.40462493896485,3598600,STX,40.30196788304858,True,False,0.3534645255365722,0.09300217441564262,1.5,-0.25328510462432396,0.9360252943637519,-1.2912123612979955,-0.9159806281497026,39.345132269943534,39.41290824903982,39.49565505981445,2020
2020-06-26,39.31360504383224,39.48737838265983,38.58542433066116,38.86676788330078,3791600,STX,38.61084311215595,True,True,0.24072287414372984,-0.11721459869112616,0.5,-0.3128711619851321,0.8622192188838275,-1.238525287239688,-0.4859840312609276,37.4801913834335,39.09018255747239,39.520469665527344,2020
2020-07-29,37.269736734221695,37.840697361257405,36.020238933567335,36.66567611694336,14154300,STX,34.598796115022964,True,True,-0.026746925665135753,-0.3434192033780937,0.5,-0.5403108316374811,0.7536747918598934,-0.8295446466811268,-0.9705438472346728,37.71621783169907,36.43397270319185,36.740142822265625,2020
2020-10-26,42.3167007553336,42.62705028642543,40.76494670045324,41.06690979003906,4051700,STX,43.22722800199654,True,False,0.5484818667997691,1.7762706259063406,0.5,0.05093393365602994,0.1181658355744066,-1.6779288954567322,-0.6601867157780716,40.47380873403912,41.15918232025245,40.73140335083008,2020
2020-10-27,41.15918232025245,41.22628666039535,40.64752292565144,40.73140335083008,3541300,STX,40.981650938536966,True,False,0.3987767292357977,1.4487078246252585,1.5,0.009572665893833321,0.07199263917219678,-1.8478134674922582,-0.7795892186244254,44.95763778001344,40.26168470737142,40.043601989746094,2020
2020-10-28,40.26168470737142,40.52170923966924,39.50677683922372,40.043601989746094,3618700,STX,36.76513630510219,True,False,0.11767575367347925,0.9988702041277637,1.5,-0.07428493627638699,0.12116344284110042,-0.5371853276375779,-0.7390603393291784,45.620849795114204,40.01004218620557,39.97649002075195,2020
2020-10-29,40.01004218620557,40.161023731036245,39.355787758702455,39.97649002075195,3619700,STX,36.37190163316106,True,True,0.09146010887740393,0.934447796363551,1.5,-0.08173242724620389,0.09216609253749966,-0.10416873626612376,-0.3319034031480733,46.14043138470553,39.69969583916682,40.11069869995117,2020
2021-01-08,51.45258244266832,51.51190817357293,49.81687990084716,50.00333404541016,3144300,STX,40.940561710863925,True,False,0.39603744739092833,3.3894835440423745,0.5,0.6452976029645707,0.05447398406055159,-2.137498855590816,-0.2410220420940315,54.00946175778003,49.51177253960515,49.76602935791016,2021
2021-01-11,49.51177253960515,50.16435878943582,49.18971950696904,49.76602935791016,4921400,STX,39.79254243222592,True,True,0.3195028288150615,3.1827038012419813,0.5,0.6115991945201538,0.03241543110846165,0.6521818453220463,-0.24010507493817806,50.330825742359444,49.95248260022688,50.02875900268555,2021
2021-03-24,62.46201143976223,62.98359752477642,60.9229038899536,60.991310119628906,1936800,STX,46.54446300421574,True,True,0.7696308669477162,2.8952775194124825,0.5,1.034399565124744,0.6939485221711446,-1.7842309202112123,-0.4463799453409606,49.24275492361392,60.70058242629968,62.40215301513672,2021
2021-06-16,80.76300414994934,81.21096672106327,79.5827850832011,79.84984588623047,1840000,STX,45.34908647266374,True,False,0.6899390981775828,2.2063588138444388,1.5,1.3824939506763545,0.7080183655337802,-1.4021136255379074,-0.5270221184282164,52.172258851279736,79.25542675261546,76.51594543457031,2021
2021-06-17,79.25542675261546,79.74646554676931,75.48218162767063,76.51594543457031,3802900,STX,38.99449701039594,True,False,0.26629980069306264,1.1451755793557954,1.5,1.1024582297626073,0.9062934451370557,-1.606061750353724,-0.7711812981421845,53.81786693169417,75.18928501776837,73.48357391357422,2021
2021-06-18,75.18928501776837,75.69755698245979,73.22512965050934,73.48357391357422,4831700,STX,34.28821167003072,True,False,-0.047452555331285375,0.21597184096640362,1.5,0.8505941439413767,1.034354753796655,-1.724733303737338,-1.149670498143529,53.423193355982086,74.42256355360288,73.49217224121094,2021
2021-06-22,73.50943430528436,73.53527742316368,72.09662023277612,72.7944107055664,2459800,STX,33.24213944284989,True,True,-0.11719070381000733,0.05702757178427209,0.5,0.7768874906249279,0.8825686808105938,-1.242519073507241,-0.6079671870790379,50.1700781920506,73.04421469149915,73.01837158203125,2021
2021-10-12,71.17251092843236,71.30278531082972,67.91568449864997,68.6191635131836,2558100,STX,39.34845028359978,True,True,0.28989668557331877,-0.4703872405431737,0.5,-0.038664722614720204,0.6547250440098528,-1.8846113216258025,-0.4233905813829958,37.04626035861599,68.81024730249875,69.10552978515625,2021
2022-01-14,96.28760218597404,97.41546106249812,94.55647492094278,95.47449493408205,1288000,STX,49.282905956102745,True,False,0.9521937304068496,1.6563089485895421,0.5,1.0347878837506086,0.3977904993768748,-0.7110101375392158,-0.2819535731862721,37.90764654100332,94.54771383329005,92.2045669555664,2022
2022-01-18,94.54771383329005,94.7138345708441,91.81986910878604,92.2045669555664,1579200,STX,42.40348539527342,True,False,0.49356569301822806,0.8926792884934501,1.5,0.8185123539878025,0.5070564567166934,-2.024166242171819,-0.8577678749437712,46.15581782325877,92.72040945368764,89.49420928955078,2022
2022-01-19,92.72040945368764,92.97395302233734,89.2581422836441,89.49420928955078,2063200,STX,37.70529130808192,True,False,0.18035275387212787,0.2757769037988105,1.5,0.6402094310798467,0.6106349511944327,-2.170589671415447,-0.9563347722700066,48.42637800698069,90.788181399603,87.80679321289062,2022
2022-01-20,90.788181399603,90.91932899419068,87.6406724817166,87.80679321289062,2158100,STX,35.09798618559678,True,False,0.0065324123731187456,-0.0951618208961158,1.5,0.5279900934077375,0.6664151849307108,-2.2733306884765936,-1.0038939884528044,49.53835202219535,86.74890789528415,83.51396179199219,2022
2022-01-21,86.74890789528415,87.04616964329402,83.27790138448115,83.51396179199219,2735400,STX,29.507730188894087,True,True,-0.36615132074039425,-0.6171299065218417,1.5,0.2550340693253228,0.8693607765004496,-2.146175564681718,-1.178169022766823,52.47525650783281,81.91397081178005,84.94782257080078,2022
2022-03-10,78.11946123217386,78.51290404982736,76.34461608781079,77.56864929199219,2047700,STX,28.25522394008945,True,False,-0.44965173732736996,-0.4421182442940606,1.5,-0.31278330825610934,1.6128102836559726,-0.6350770167877113,-1.41997201407143,50.75363855384517,78.19815450891495,76.35336303710938,2022
2022-03-11,78.19815450891495,78.46044305709897,75.41785320731961,76.35336303710938,1871100,STX,27.070506324303537,True,False,-0.5286329117130976,-0.500820030877554,1.5,-0.38267017648955626,1.6167878159589784,-1.5158068971565102,-0.4471708780522679,56.03096027057072,76.27466256393181,75.49652862548828,2022
2022-03-14,76.27466256393181,76.79050798596323,73.88780437940756,75.49652862548828,2426300,STX,26.235278845014548,True,True,-0.5843147436656968,-0.37674906348837317,1.5,-0.4305346891488332,1.599945089520713,-0.6701803248927459,-0.5586909437749157,55.55459308144681,75.66265489984293,77.47247314453125,2022
2022-06-16,65.173791816443,65.24426110732868,61.75611185234535,62.38151168823242,3201200,STX,30.872593597236545,True,True,-0.27516042685089703,-0.5219851186101447,0.5,-1.020629031829966,1.413017662074673,-2.001261932973048,-1.0092122550421647,42.71242335022904,62.48721374281585,64.02869415283203,2022
2022-08-31,58.1849759155195,60.33766705284245,57.90921313632808,59.56376266479492,6244300,STX,31.15020965768106,True,False,-0.25665268948792935,-0.24262081339092348,1.5,-0.9910878902773196,1.2447362245443396,1.4194079820695464,-1.2831662845129403,40.35471019176194,57.90030813616821,58.63862991333008,2022
2022-09-01,57.90030813616821,58.85212496311368,56.48593906136686,58.63862991333008,3028500,STX,29.957898507584687,True,False,-0.3361400994943542,-0.1220791289352204,1.5,-1.045063090426801,1.3293735164756963,0.780075834929963,-1.1438819108782583,43.83405650290668,59.501490870239536,58.23834228515625,2022
2022-09-02,59.501490870239536,59.99074190718656,57.882523966164776,58.23834228515625,1727200,STX,29.432951765517885,True,False,-0.3711365489654744,-0.21691905750523768,1.5,-1.0636628656677172,1.3068724598735422,-1.497886627972484,-0.7112464109039331,49.127483051880894,58.318402531755176,58.13159942626953,2022
2022-09-06,58.318402531755176,58.79875628300561,56.717226754255634,58.13159942626953,2432400,STX,29.285581759384442,True,True,-0.3809612160410372,-0.23823428888396805,1.5,-1.0624863950932966,1.2700573497832297,-0.22435798160142567,-0.30055254538424864,48.11039760822579,57.695714894089136,58.371768951416016,2022
2022-09-20,54.60260280995573,54.73755871576867,53.28005072051675,53.9188346862793,2143300,STX,27.290164025523197,True,False,-0.5139890649651202,-0.47284299708164573,0.5,-1.2687921111525313,1.0499238423157897,-1.172837689233814,-0.3926708342595814,45.392465989816245,54.017803493946815,53.55895614624024,2022
2022-09-21,54.017803493946815,55.71823011081759,53.52297087808532,53.55895614624024,1875200,STX,26.71112523468689,True,False,-0.552591651020874,-0.5820343566077114,1.5,-1.284129289557349,1.0680110103035638,-0.5225434664673748,-0.4984132440762734,47.8543144700982,53.15409634563287,52.93816757202149,2022
2022-09-22,53.15409634563287,53.4869832492153,52.6862535295344,52.93816757202149,1290000,STX,25.69820162601549,True,False,-0.6201198915989674,-0.5867854284641034,1.5,-1.3174727633507977,0.9809564641326693,-0.6741624804978846,-0.5055460277397824,48.90447618424546,52.26340057024904,51.984493255615234,2022
2022-09-23,52.26340057024904,52.48832482757803,51.17476798847392,51.984493255615234,2087500,STX,24.181142913790936,True,False,-0.7212571390806043,-0.4069133145014794,1.5,-1.3738270595574325,0.99847437735115,-0.5308246021999861,-0.4484382502697837,51.33187733697803,51.34570439968158,49.83421325683594,2022
2022-09-26,51.34570439968158,51.86753027541063,49.62728337124143,49.83421325683594,2443500,STX,21.149491897094762,True,True,-0.9233672068603492,-0.6009157794266585,1.5,-1.5132461176250755,1.140133383526903,-1.6867461573461962,-0.8693090655169946,54.640131747654614,50.85086400858244,50.859859466552734,2022
2023-03-06,59.52236495808954,59.63183388189074,57.58845920890325,57.76177978515625,1829500,STX,41.10638316131301,True,False,0.4070922107542008,3.244848876216959,0.5,-0.1610389288396591,0.5548644193233939,-2.154016583702744,-0.15595803775217132,51.36247745742403,57.41512765627755,56.68535232543945,2023
2023-03-07,57.41512765627755,57.66142748290602,56.38432152390017,56.68535232543945,2331500,STX,37.87949298533277,True,True,0.19196619902218448,2.945386334974305,1.5,-0.2488407838344403,0.5510707966440053,-1.4285724017100745,-0.5242061545823462,56.011185223312665,57.13234323500817,58.04456329345703,2023
2023-03-13,55.654547468161965,56.10153685390146,54.75145150654327,55.04336166381836,2514300,STX,35.010068018401256,True,True,0.0006712012267504027,1.6915627635911932,1.5,-0.3776908962402914,0.5759289535659116,-1.1317540138102344,-0.646314111811265,52.18248726365564,56.08328998696737,55.66366958618164,2023
2023-04-20,54.11206369337373,57.13827849715657,52.18377352400187,52.66353988647461,7959700,STX,30.365174563772257,True,False,-0.30898836241518285,-0.5073858050273233,0.5,-0.555002601167871,0.8753221355343395,-0.730912480029662,-1.3949401955896723,40.916872824445015,51.75936327536048,52.05460357666016,2023
2023-04-21,51.75936327536048,52.340619158343856,50.117088659438245,52.05460357666016,5906600,STX,29.19506736685676,True,True,-0.38699550887621587,-0.03550570079303772,1.5,-0.6010906292828977,0.9543106432552013,0.33194991191373174,-1.5267610671617637,46.01698162745999,52.07305246680161,52.59894943237305,2023
2023-07-19,57.32875275582797,57.60858650696003,55.771009287616,55.8363037109375,2138500,STX,43.1947931171996,True,False,0.5463195411466402,0.8274615881734828,0.5,-0.17282667758529768,0.033414814148984937,-2.0304575899989126,-0.34716705519017843,36.3701620934517,55.37923637557028,55.313941955566406,2023
2023-07-20,55.37923637557028,55.92025135077842,55.12738494486432,55.313941955566406,1691100,STX,40.79926046268582,True,True,0.38661736417905485,0.6237398467586791,0.5,-0.21591066707450535,-0.004854664190538649,-0.20588090098417827,-0.3383912563876837,35.010640208461055,55.4352064926933,55.60310745239258,2023
2023-07-25,55.00612537031432,55.3978918864764,54.30653925578576,54.3251953125,2299300,STX,36.766767365935884,True,False,0.11778449106239226,0.15889883771898772,0.5,-0.2948360782982079,-0.0017102432135915335,-1.5598305228425746,-0.22343974414729545,39.82186307334004,54.21326410019619,54.07334899902344,2023
2023-07-26,54.21326410019619,54.800917488303874,53.46703955243685,54.07334899902344,3603400,STX,35.6965717922766,True,True,0.04643811948510669,0.035993383841948834,1.5,-0.31369570030203964,0.004031292307642154,-0.2622337048438562,-0.3439012951476944,41.5495186981379,54.59569864314883,57.97237014770508,2023
2024-01-02,80.52667343403328,80.62175205421474,78.26394299123292,78.61571502685547,2011400,STX,54.984645883420335,True,False,1.3323097255613556,5.612982699315328,0.5,1.041623831608256,-0.2580703956926625,-2.026201397284809,-0.43621795844417943,37.12234454564892,77.30370204824433,76.4670639038086,2024
2024-01-03,77.30370204824433,78.29246017538475,76.12480119620307,76.4670639038086,2874600,STX,47.580832811116636,True,False,0.8387221874077757,4.5128133721745405,1.5,0.8662674224863431,-0.16681236953564144,-0.9649097857075981,-0.916005207838276,45.896254445599006,75.90612866073309,76.7903060913086,2024
2024-01-05,77.13258045392364,77.78858526875098,75.8776194517415,76.324462890625,1395200,STX,47.138046202222384,True,False,0.8092030801481589,3.9554046111202843,0.5,0.835151027768446,-0.1658589927914053,-1.0572109088838648,-0.36431204235816,44.37056039982302,76.12481635143683,76.98998260498047,2024
2024-01-09,76.01071417883261,76.30544484346775,75.48781803818629,76.16283416748047,1471700,STX,46.685448215509716,True,True,0.7790298810339811,3.274981400798103,0.5,0.8031615099842293,-0.20473417661937046,0.46512659463105444,-0.10214048422368949,42.80057485816752,76.03924448861335,78.58719635009766,2024
2024-02-21,81.6865669862141,81.82917767002311,79.8136312307749,80.71682739257812,1928200,STX,45.12916794892424,True,True,0.6752778632616161,1.0050127417174617,1.5,0.7764099127433488,0.05880978702000675,-1.202824671702536,-0.4622286922997515,41.54032795421352,82.05734591204693,83.68309020996094,2024
2024-03-13,86.03139627092362,86.08844489760061,84.0633891073671,84.30107116699219,3737300,STX,45.008327497340424,True,False,0.6672218331560283,1.5290346600915086,1.5,0.8235154841130266,0.45177149355623974,-2.136144979654994,-0.5421310529737391,46.92203349299441,83.74013569470922,81.5344467163086,2024
2024-03-14,83.74013569470922,83.78766774927078,81.05908264981295,81.5344467163086,3321400,STX,38.91682687942107,True,False,0.2611217919614049,0.8182125037639668,1.5,0.6253176771366364,0.5565465617981963,-2.0209090957424234,-0.8148029395191103,49.410242735321724,80.74535223088029,81.77214050292969,2024
2024-03-18,82.39009932309176,82.855954053741,80.91646789003357,81.18267059326172,2265400,STX,38.40379364194924,True,True,0.2269195761299495,0.19875510550220854,0.5,0.587300229874036,0.4443364763968232,-1.5563770863953719,-0.46239041369255246,43.111259372558465,80.46962184973626,82.30452728271484,2024
2024-04-15,83.0809057637755,83.48346492589194,79.84125149168996,80.39716339111328,2925200,STX,36.26813589168074,True,False,0.08454239277871617,-0.5325101360328978,0.5,0.3660557946789267,0.7378607517201662,-1.8421094899743575,-0.5838742912620376,42.182502217789484,80.07127322583574,80.20545959472656,2024
2024-04-16,80.07127322583574,81.19269101411273,79.57286044486243,80.20545959472656,2454000,STX,35.88286032891173,True,True,0.05885735526078217,-0.5164948179194007,1.5,0.3494999188830439,0.6676169758051308,0.207099389649327,-0.71806896065712,42.203300469392026,81.42273143012108,80.70387268066406,2024
2024-04-19,80.29173725313312,80.79015014662815,78.89235958119912,79.0361328125,2883500,STX,34.03847849844219,True,True,-0.06410143343718744,-0.6306181212396245,0.5,0.2612741244115002,0.5760896456887455,-1.6540345171719018,-0.18223927462904382,44.304099283070485,79.18950097074178,81.64320373535156,2024
2024-07-30,99.86204360764894,100.05501079573357,95.17286879717427,95.61669921875,3058400,STX,41.167153010900876,True,True,0.4111435340600584,1.2513512688524526,1.5,0.6070183340286983,0.5397310310712171,-2.173914846266113,-0.5843589755486517,49.467310819938405,98.75246216809238,98.57878875732422,2024
2024-08-02,92.14324500892624,92.78005002614648,90.16529806162607,91.24593353271484,4204800,STX,36.43011554861044,True,False,0.09534103657402919,0.22867707881998603,0.5,0.33254727898756276,0.9085367890108252,-0.8579317353873583,-0.5713915197014654,44.20837420262398,87.4058140967125,89.28727722167969,2024
2024-08-05,87.4058140967125,90.59947465324184,86.83655576453351,89.28727722167969,3365600,STX,34.04533153780554,True,True,-0.06364456414629747,-0.1510357950291504,1.5,0.21581689004509297,1.0122124250114157,1.250002445317803,-1.1781834171392918,43.338378717769466,90.10740707185116,90.38721466064452,2024
2024-10-23,102.70972567012488,104.71069570995697,99.52372433074564,100.5533447265625,8774000,STX,39.43845594982951,True,False,0.29589706332196736,1.2744145963859967,-0.5,0.4443845248282974,0.4241415319193786,-1.0393256420330665,-0.9587952975362953,40.06232439860623,101.53441696363834,101.00018310546876,2024
2024-10-25,101.2332991023501,102.62231893457742,99.97055110550568,100.05797576904295,2485700,STX,38.853918580489726,True,False,0.2569279053659817,1.210847765038311,0.5,0.4080763717919478,0.38843591319688753,-1.1080564071464842,-1.0686708898934958,43.634649611673666,100.79620609958312,98.41641998291016,2024
2024-10-28,100.79620609958312,100.9127698652986,98.13472977383068,98.41641998291016,2766700,STX,35.780641477873246,True,False,0.05204276519154973,0.8669259240492387,0.5,0.3159727876509544,0.40788910292252856,-2.1416052669487238,-0.2656456567237203,49.600501484420725,98.45527892157054,98.42613983154295,2024
2024-10-30,98.07644404152562,98.39698881448535,96.10462014061382,96.93025970458984,2862200,STX,33.051488051199755,True,False,-0.12990079658668302,0.6092973524303652,0.5,0.22998325790265284,0.33093619845175476,-1.2500000000000078,-0.3907379747108572,49.17038527998253,96.57085738000254,97.49363708496094,2024
2024-11-01,96.73598507025974,98.08615781035591,95.83264376181552,96.26974487304688,2001600,STX,32.75765590804437,True,True,-0.14948960613037532,0.49403452832585143,0.5,0.1896749085758298,0.28165588123322005,-0.5172368434033655,-0.27385953596610196,47.700564039941796,95.9977689773322,97.0273895263672,2024
2024-12-18,92.57161550956086,93.266391020344,89.5576540944226,89.63594055175781,3132100,STX,30.109457079242034,True,False,-0.32603619471719775,-0.6467434300092161,1.5,-0.21671451427844435,0.28166122951507383,-1.9788913425516856,-0.5417768058738309,48.96125875547838,89.63594667262443,85.66300201416016,2024
2024-12-19,89.63594667262443,90.13501353995623,85.53579211165942,85.66300201416016,4522300,STX,24.02210998040738,True,False,-0.731859334639508,-0.6359508145839605,1.5,-0.42482086614776593,0.4820667809321134,-2.1595745716985046,-1.0514739776346718,54.901528144846694,86.20120156542798,85.43792724609375,2024
2024-12-20,86.20120156542798,87.1014809224603,85.00736664835593,85.43792724609375,6072500,STX,23.729417299059563,True,True,-0.7513721800626958,-0.5608792265538325,1.5,-0.4328715203310285,0.4505580411639861,-0.9112137871041842,-0.9498357102037238,53.616938781128674,85.58471016437264,86.63176727294922,2024
2025-04-03,79.1033457261076,80.07018962809322,70.32285314709924,70.56949615478516,12915600,STX,19.126991619461776,True,False,-1.0582005587025483,-0.6197092493499513,0.5,-1.1759204644359889,1.6413300548589056,-2.188764486575981,-1.9746894643174127,54.16961266016701,67.73803029694889,65.83394622802734,2025
2025-04-04,67.73803029694889,67.75775842310128,63.09127378565034,65.83394622802734,9249900,STX,16.20756893796691,True,True,-1.2528287374688725,-0.18367792282360007,0.5,-1.4223351886651474,2.1669132994463176,-1.02008482661675,-2.6333688345068107,56.1305889621194,64.1271799776963,67.738037109375,2025
2025-07-09,144.72502974860706,144.72502974860706,140.54951476626633,140.8470458984375,6198800,STX,64.53205952730859,True,True,1.9688039684872394,8.183155490247467,1.5,1.927636410457676,0.12189694152202543,-2.321859618855695,-0.6214882630335635,34.88222615493035,143.31666564941406,143.31666564941406,2025
2025-07-22,147.77980928751165,148.05751510096957,143.57452604484195,145.38954162597656,3045000,STX,61.957908220821956,True,True,1.7971938813881303,6.932633520910211,-0.5,1.8896744390406028,0.0651760603322347,-1.3329653673077386,-0.011076944855138715,30.868711952752,145.94495854589536,151.50901794433594,2025
2025-07-30,139.84531487787845,147.32356122735598,137.16742889634483,146.21273803710938,12025100,STX,55.543302974325584,True,True,1.3695535316217056,4.259330727028263,0.5,1.763011842901534,0.4642666291820812,1.5673838602388956,-0.2874628087368075,36.576393847198396,147.08554881008385,155.72421264648438,2025
2025-08-06,151.74705172373956,151.74705172373956,145.64742138445527,146.06398010253906,3776600,STX,50.5901721882605,True,True,1.0393448125507,2.80432330636039,0.5,1.625406684384051,0.8675724375439509,-2.3292688675734285,-0.6088110024661753,47.84504617287805,143.79271671668693,146.88717651367188,2025
2025-10-10,219.2841270078249,223.1245847552429,211.55347680407007,213.29461669921875,5191000,STX,48.88874236961239,True,False,0.9259161579741592,3.587966038212194,1.5,2.501883145472601,1.5633011702717146,-1.2940658608234386,-0.590528801365578,59.46629030857612,224.4180083144601,218.3986358642578,2025
2025-10-14,214.2895621808968,216.299324236504,209.50391705342523,210.5585479736328,3646700,STX,47.17850515157702,True,True,0.8119003434384681,3.2048302047058415,0.5,2.3318173671195908,1.5911790887154855,-1.3726234891981859,-0.5677706894893858,57.31339124262148,214.5681352007856,218.2693023681641,2025
2025-11-20,271.7968998559307,274.30416068957106,236.1980529205928,239.2823638916016,4071000,STX,45.033208769910004,True,False,0.6688805846606669,0.5202012857489073,0.5,2.0819761934555223,3.2380105778659773,-2.133157771022655,-0.9985457727339289,51.22196556925197,236.19805703975095,236.28761291503903,2025
2025-11-21,236.19805703975095,239.2823680645484,227.45256677456453,236.28761291503903,4177300,STX,43.93086124603548,True,True,0.5953907497356984,0.43254321976118354,0.5,1.9657094352144233,3.1838050496045067,0.01892590439450371,-0.806054714331851,48.38525551831141,241.69011919345456,252.09716796875,2025
2026-03-02,392.6246713678656,406.70008079179,373.6114206568623,378.5891723632813,4224400,STX,45.859611894408985,True,False,0.7239741262939323,1.9821088472010235,1.5,2.3920200768062103,2.9866205533515715,-1.0604463090489942,-1.2542969980009089,59.70177601095659,360.3739764824454,356.7428894042969,2026
2026-03-03,360.3739764824454,365.08240133691606,349.24134406104287,356.7428894042969,5712500,STX,40.9988197221387,True,True,0.39992131480924653,1.41452142831821,1.5,1.9383291358674215,3.310590598455572,-0.5730499888537877,-1.5881691353755236,58.91373577923087,366.5986501581013,374.0902404785156,2026
2026-03-06,355.4360933178114,369.4316813999193,350.28874534629074,351.9346923828125,2415600,STX,40.981830079252056,True,True,0.39878867195013706,1.3111574717383832,0.5,1.7616395545734032,3.3352550734589257,-0.45727062520475026,-0.1684755731751683,57.85355579446892,341.5801857828855,373.4118957519531,2026
2026-06-09,909.3416212141584,910.6406827641788,801.3186669976956,845.4072265625,3137600,STX,56.08008611195219,True,False,1.4053390741301461,4.444402993962684,0.5,4.4391635341183955,2.4551190974867043,-1.4620658566208926,-1.0796547764239022,50.95978266156697,821.2743818799614,815.4085693359375,2026
2026-06-10,821.2743818799614,854.9004294957036,805.8353783373573,815.4085693359375,3455000,STX,51.36673451306854,True,True,1.0911156342045696,3.536333472155039,0.5,4.030464448260156,2.58804881889678,-0.29887936553318467,-0.46432338466406015,57.01423311087793,837.7726409185683,867.4714965820312,2026
2026-06-26,994.5900268554688,996.47998046875,880.489990234375,899.9000244140625,9311400,STX,48.34150453264138,True,True,0.8894336355094253,2.394928117847257,0.5,3.840706066473627,3.9324923007429944,-2.040908923478462,-1.6614871418914947,58.57555474547938,915.989990234375,968.530029296875,2026
2026-07-02,900.75,923.0599975585938,795.6599731445312,820.1599731445312,6294100,STX,41.55279329560967,True,True,0.43685288637397784,0.8991318107364791,1.5,2.8119877949907965,4.860856784028879,-1.5814366446576045,-1.914887144233103,61.05505281331079,863.6199951171875,868.260009765625,2026
2026-07-16,785.1099853515625,798.9600219726562,739.469970703125,745.489990234375,6220300,STX,37.783655002802064,True,True,0.18557700018680426,-0.22688981422206322,0.5,1.7397981456348333,5.226104767201593,-1.6649840717770354,-1.6726986630005574,52.09604190279588,720.9400024414062,787.6599731445312,2026
