Date,open,high,low,close,volume
2010-01-04,17.917319513162756,18.138626275310738,17.823690915577487,17.900297164916992,9389900
2010-01-05,17.866252909183444,18.32589050009363,17.747088329389975,18.240772247314453,13747600
2010-01-06,18.3258805774745,18.52165131641884,18.1301082150354,18.40248680114746,11170800
2010-01-07,18.385477310398517,18.419523645783727,17.925839606477936,17.976911544799805,10261800
2010-01-08,17.993930004416463,18.25779675812143,17.925835724894853,18.181190490722656,12276000
2010-01-11,18.283333083446596,18.359939359163217,17.91732568246627,18.04500389099121,7378200
2010-01-12,18.113090421700345,18.121602406856816,17.24488741768242,17.330005645751953,13538600
2010-01-13,17.47470474492108,17.772616084028705,16.95548505648487,17.61089324951172,15758200
2010-01-14,17.53429019962281,17.568336520210913,17.253401154915785,17.36405372619629,9129100
2010-01-15,17.52578126756538,17.5342932550695,16.632043685075818,16.66609001159668,15970300
2010-01-19,16.810789121195928,17.364055273903283,16.734182863675397,17.321496963500977,11612300
2010-01-20,17.151257455722053,17.278933987949227,16.69162161500519,16.998044967651367,10963900
2010-01-21,17.364054152604616,17.61940886901513,16.955488554542242,17.06614112854004,12628700
2010-01-22,17.015068867731372,17.066139155711653,15.968119034912116,16.010677337646484,18306900
2010-01-25,16.22348234579951,16.504371542356246,16.078781752209906,16.121341705322266,13255400
2010-01-26,16.06174924912195,16.359660615252906,15.900024776440013,16.010677337646484,14048100
2010-01-27,16.002177130509622,16.342650296964344,15.925570830406947,16.22348403930664,9173900
2010-01-28,16.20645618732276,16.223478541079423,15.54253568593806,15.746818542480469,13266100
2010-01-29,15.959609116644817,16.036215370284346,14.682840387313233,14.836052894592285,20411400
2010-02-01,14.912656264242003,15.806393552534232,14.912656264242003,15.789369583129883,16483500
2010-02-02,15.687233291314035,15.976634356121979,15.610627031600432,15.86598014831543,10445100
2010-02-03,15.746809919018158,16.180911360253727,15.712761983158927,16.138351440429688,10463300
2010-02-04,16.04472472077069,16.04472472077069,15.253127978871067,15.304198265075684,11331200
2010-02-05,15.431875368255668,15.534017567971995,14.96372754300253,15.465923309326172,13340200
2010-02-08,15.585092622347208,15.883005703841762,15.2190852613821,15.380809783935547,9815200
2010-02-09,15.644672491690278,15.755326693382196,15.304201147052513,15.525507926940918,13912800
2010-02-10,15.559550212029002,15.712761043750817,15.168007090531455,15.542526245117188,9385400
2010-02-11,15.619135519698984,16.40222029196304,15.380804806924653,16.27454376220703,14689800
2010-02-12,16.214962958506796,16.75971874537396,16.044728094200874,16.504364013671875,15844800
2010-02-16,16.742694270070317,17.185307826291215,16.640552055751872,17.07465362548828,12889200
2010-02-17,17.193822270984295,17.244892573697353,16.904421183117552,17.015073776245117,7134200
2010-02-18,16.895904391267706,17.100187167530223,16.75971587375936,16.998044967651367,6988700
2010-02-19,16.929954263757523,17.432150136328612,16.929954263757523,17.057632446289062,11913800
2010-02-22,17.31298140766565,17.34702772426978,16.92995019902454,16.989532470703125,8365000
2010-02-23,16.836324618828737,16.904418887698306,16.359663113246334,16.52989959716797,8424500
2010-02-24,16.74269157119414,16.87036810088952,16.257519784254587,16.41073226928711,14756000
2010-02-25,16.15537708398803,16.35965984984672,15.755323537118311,16.334125518798828,11444800
2010-02-26,16.266033513688654,16.444780349731445,15.925560566662767,16.444780349731445,9181600
2010-03-01,16.59799473826342,17.21935517728769,16.52990046581549,17.091678619384766,12376200
2010-03-02,17.52577910822018,17.730061912662592,17.253402035630298,17.347030639648438,13891400
2010-03-03,17.491728222701408,17.534288147825496,16.861855942321135,16.989532470703125,14581100
2010-03-04,17.100194771357337,17.193825027588947,16.88739991519161,17.134241104125977,25577800
2010-03-05,16.72566938608984,17.37256571221715,16.623528800830197,17.36405372619629,38196500
2010-03-08,17.4236395014033,17.542805706114137,17.15977437578584,17.25340461730957,11320000
2010-03-09,17.176789879120467,17.576843364092436,17.11720761790069,17.27042007446289,11833400
2010-03-10,17.23637340749322,17.661962874344905,17.23637340749322,17.56833267211914,12199400
2010-03-11,17.483223341007978,17.491733705205093,17.202332617633708,17.457687377929688,9462500
2010-03-12,17.457687967313806,17.500246283718777,17.040610297261413,17.261917114257812,10318300
2010-03-15,17.202336697010836,17.210848686722137,16.80228292155571,16.91293716430664,9587300
2010-03-16,16.972514472796973,17.406616079316105,16.853348275412245,17.372568130493164,10916000
2010-03-17,17.372556840150352,17.62790979638748,17.168274150461745,17.406604766845703,13969400
2010-03-18,17.508759530663337,17.661972078331083,17.14275213867835,17.287452697753906,8172700
2010-03-19,17.261914081156196,17.330008349536683,16.895906779800278,17.07465362548828,9935100
2010-03-22,17.01506483176244,17.593866703231246,16.938458606215406,17.50023651123047,10903600
2010-03-23,17.593875244396614,18.266306010811267,17.551316931096597,17.993928909301758,22673400
2010-03-24,17.8151856178606,17.93435021779409,17.644949083530545,17.678997039794922,10625000
2010-03-25,17.959879900457715,18.03648615175053,17.364053862290334,17.398101806640625,17256000
2010-03-26,17.415125641365947,17.610898091094853,17.023583988899098,17.04911994934082,13709400
2010-03-29,17.159777431868644,17.44917857221431,17.159777431868644,17.415130615234375,7839400
2010-03-30,17.49173224847899,17.78964529893269,17.364055690711833,17.670480728149414,10353000
2010-03-31,17.398100783918558,17.568335625176985,17.10869976793446,17.38107681274414,11859800
2010-04-01,17.466196826528073,17.832204126631506,17.202330116898136,17.347030639648438,11053300
2010-04-05,17.45768760548076,17.857741291281254,17.338523023220116,17.840717315673828,9977900
2010-04-06,17.687501389707005,17.87476019779708,17.55131287046055,17.74708366394043,7554900
2010-04-07,17.704521831733384,17.7811280685025,17.45768077597349,17.61089324951172,6381400
2010-04-08,17.44065564745073,17.602380094710192,17.168278656378956,17.5598201751709,9318900
2010-04-09,17.636431212727103,17.857737984152156,17.474708344893518,17.849225997924805,7896100
2010-04-12,17.840716383828763,18.13862944741563,17.75559975722873,17.993928909301758,9372000
2010-04-13,18.010945373054255,18.036481324482555,17.670474138151462,17.823686599731445,10497300
2010-04-14,18.249282102230268,19.21962584942454,18.223746142332093,19.194089889526367,25509400
2010-04-15,19.21111348655644,19.466468210050884,19.160043191255717,19.21962547302246,16252100
2010-04-16,19.211113576587636,19.211113576587636,18.411004703481396,18.811059951782227,19562900
2010-04-19,18.606769523110437,18.649327814708855,18.044991631838563,18.40248680114746,17607800
2010-04-20,18.64082440271336,19.049390034497176,18.572730130749388,18.589754104614258,15945200
2010-04-21,18.85361922429184,19.13450829935956,18.189700477856597,18.52165985107422,13840800
2010-04-22,18.215233295780166,18.64082286635211,17.84071401909815,18.56421661376953,13804100
2010-04-23,18.57272918533472,19.074925024316343,18.504634916836977,18.879154205322266,17553000
2010-04-26,18.981295762533207,19.134508280326017,18.538683806515156,18.589754104614258,11023700
2010-04-27,18.811065840699765,19.15153729004584,18.206727597551545,18.232263565063477,18908500
2010-04-28,18.53868578549078,18.79403892674034,18.096072158728916,18.385473251342773,10139900
2010-04-29,18.3939803764481,18.61528713132314,18.22374391162261,18.57272720336914,8875100
2010-04-30,18.53017288652081,18.55570722529283,17.525781099599335,17.585363388061523,15122000
2010-05-03,17.781129099632036,17.91731761212026,17.534288029557803,17.696012496948242,9403800
2010-05-04,17.457691348714967,17.4662033383438,16.410740976808846,16.70865249633789,19914200
2010-05-05,16.470317314844028,17.02358345234619,16.342640763650515,16.52989959716797,17851100
2010-05-06,16.51287965837539,16.844840720775185,14.691356303472428,16.05324363708496,21144100
2010-05-07,15.91705506607329,16.393715064614135,15.431881455411409,16.05324363708496,24431700
2010-05-10,16.95548475973716,17.849222008408294,15.58508612984608,16.929948806762695,11487300
2010-05-11,16.700130824646255,17.100184325399347,16.478824114603615,16.60650062561035,9371900
2010-05-12,16.734176803771557,17.083160017879607,16.657570573992242,16.97250747680664,11963200
2010-05-13,16.78524987326088,17.100186828438307,16.274543754479346,16.41073226928711,14003600
2010-05-14,15.976629103952732,15.976629103952732,14.98926166278256,15.738298416137695,31964900
2010-05-17,15.746811863667482,16.027700875214716,15.261640082221813,15.814906120300293,14860400
2010-05-18,15.968116640461547,16.01918692078374,15.202055941648917,15.338244438171387,15574700
2010-05-19,15.32973205622779,15.959604242165883,15.099913365501825,15.755321502685547,22764400
2010-05-20,15.346761157573852,15.576578301684105,14.7934933933019,15.185036659240723,27444500
2010-05-21,15.36378247696352,16.768229324706972,15.27866586370238,16.444780349731445,30403800
2010-05-24,16.478831730930818,16.478831730930818,15.678722736128504,15.721281051635742,17770400
2010-05-25,15.040332787784452,15.865975821954368,14.853073994821866,15.789369583129883,21718600
2010-05-26,16.019190473122556,16.376685761644218,15.610624892953606,15.636160850524902,27477800
2010-05-27,16.0787754521294,16.393712487775534,16.01068117732693,16.38520050048828,14978500
2010-05-28,16.555437452344204,16.58097179140924,15.823422760561673,16.15538215637207,15715300
2010-06-01,16.053238238264026,16.563944396055675,15.874489784240723,15.874489784240723,14599600
2010-06-02,16.01067523733849,16.63203709081718,15.772346175698143,16.615013122558594,14229200
2010-06-03,16.68310737209797,16.819295871176735,16.249005922473806,16.615013122558594,12357000
2010-06-04,16.2234720983087,16.623527287390583,15.942583079174383,16.010677337646484,10017500
2010-06-07,16.087280025247768,16.180910218760513,15.29568343080868,15.372289657592773,14082300
2010-06-08,15.27015228663088,15.27015228663088,14.172130556219011,14.64879035949707,32493500
2010-06-09,14.691355858458133,15.185039819295266,14.42749071305271,14.504096984863281,15679700
2010-06-10,14.64028402564783,14.929685105988227,14.572189749302773,14.853078842163086,11311600
2010-06-11,14.716886771668152,15.227592910433241,14.597720598927108,15.219080924987793,11744200
2010-06-14,15.653184016627696,15.678719975533255,14.844564799896276,14.887123107910156,21338700
2010-06-15,15.108437550195038,16.1979479974283,15.108437550195038,16.121341705322266,20487200
2010-06-16,16.02770515190144,16.436270800716237,15.712768116255303,16.38520050048828,18193400
2010-06-17,16.51287904434313,16.555438985886575,15.976636768861853,16.249013900756836,13540100
2010-06-18,16.180915457654876,16.36817428181432,16.13835552705363,16.206451416015625,11333100
2010-06-21,16.538413225323986,16.555437200105043,15.653186018656124,15.77235221862793,21611100
2010-06-22,15.848955626466477,16.09579672234115,15.56806658716341,15.636160850524902,22696400
2010-06-23,15.619141897551732,15.985149289535945,15.414859041827109,15.7297945022583,11936800
2010-06-24,15.687232999144754,15.83193352885373,14.904148066042447,15.040336608886719,18029600
2010-06-25,15.048852619013331,15.048852619013331,14.512608667642377,14.784987449645996,19035600
2010-06-28,14.793496669543226,14.89563890782072,14.453025247777912,14.58070182800293,13490100
2010-06-29,14.29980576878301,14.350877674907208,13.729515805022894,13.857193946838379,18386500
2010-06-30,13.806127768968409,13.916781987986997,13.380538927404697,13.414586067199707,16704400
2010-07-01,13.406070154860336,14.018918491767103,13.372023025032181,13.874217987060547,23504900
2010-07-02,13.874220909461478,13.959339157834574,13.448632102839325,13.669938087463379,10102700
2010-07-06,14.018916618911161,14.163617104286468,13.30392698803891,13.482674598693848,15366700
2010-07-07,13.440118729625123,14.121062211143505,13.40607159613659,14.10403823852539,15757300
2010-07-08,14.197672272908573,14.24874258096697,13.75505860708027,14.01892375946045,20612100
2010-07-09,13.746546338720503,14.22320632572156,13.721011996958886,14.146601676940918,12000100
2010-07-12,14.291297433078652,14.72539733218357,14.12957295442481,14.640280723571777,17660100
2010-07-13,14.810515036492871,14.887121280309685,14.555161972766948,14.767956733703613,14883000
2010-07-14,15.193545128451172,15.236103428083265,14.657301461514448,14.870096206665039,16816400
2010-07-15,14.878609295052797,14.887121280309685,14.5040916847208,14.767956733703613,11762500
2010-07-16,14.72539755122539,14.72539755122539,14.121061178916834,14.155107498168945,13870800
2010-07-19,14.265760777248767,14.606232065495542,14.197666519599412,14.512601852416992,9719400
2010-07-20,14.17212889708463,14.34236533293047,13.85719360131329,14.291295051574707,14050100
2010-07-21,14.12957514030549,14.316833981114184,13.806126132959434,13.882732391357422,19154500
2010-07-22,13.976363055864327,14.299810449720642,13.916780769377285,14.16362190246582,14306700
2010-07-23,14.061483702422299,14.129577987665435,13.703988299021873,14.01892375946045,20976100
2010-07-26,14.087015205920222,14.087015205920222,13.780591795823767,13.882732391357422,13505000
2010-07-27,13.891244915255806,13.94231521499696,13.448632133258778,13.56779670715332,19316900
2010-07-28,13.542259204634398,13.627377438412736,13.048575396914364,13.082622528076172,22945700
2010-07-29,13.099649443975347,13.133696582790023,12.50382329709676,12.657035827636719,32718900
2010-07-30,12.478288634520219,12.835784011946263,12.256981817685457,12.69959545135498,31269800
2010-08-02,12.954946438621457,13.09964695401636,12.665545407831651,13.006016731262207,11731500
2010-08-03,12.912385950356317,12.93792109396762,12.66554406412017,12.74215030670166,9971800
2010-08-04,12.7591748912831,13.023040777250728,12.580427242530236,12.988993644714355,14797100
2010-08-05,13.159227377398462,13.295415887569861,12.861314402587864,12.886850357055664,14108100
2010-08-06,12.725128635446714,13.040064836042646,12.699593487222105,12.937923431396484,10610400
2010-08-09,13.01452964754758,13.210301281324416,12.835781987032956,13.108159065246582,7625300
2010-08-10,12.87834212814147,12.895365291003847,12.478287654028302,12.614476203918457,15465900
2010-08-11,12.342099686690135,12.444241103928865,12.137816852212673,12.384658813476562,17170600
2010-08-12,12.00162777058753,12.512334834427724,11.805856120637946,12.478287696838379,18988400
2010-08-13,12.478281510713632,12.725123338801176,12.34209302787187,12.350605010986328,12868900
2010-08-16,12.291025284456362,12.691079670441253,12.23144300994179,12.495308876037598,10801000
2010-08-17,12.682571015312208,12.85280752162337,12.503823333083746,12.55489444732666,9831100
2010-08-18,12.554894375637241,12.835783472999807,12.495312085817247,12.759177207946777,10815000
2010-08-19,12.69959207909743,12.818757443845485,12.469773335314962,12.691080093383789,17480900
2010-08-20,14.197669975429786,14.240228288008993,13.678450119786568,13.755056381225586,41251000
2010-08-23,13.950826340972917,13.993386274376144,13.320953938064266,13.380537033081055,19450700
2010-08-24,13.2613705720735,13.87421895158499,13.142205203516879,13.806124687194824,27848800
2010-08-25,13.874220565648594,14.121063317464083,13.525238028860704,14.069993019104004,21624100
2010-08-26,14.189155050486875,14.189155050486875,13.601841042217302,13.618865013122559,22707300
2010-08-27,13.789102862567217,14.223202799861415,13.363512476338999,14.10403823852539,19154000
2010-08-30,14.155112329946723,14.24874258096697,13.967853451402052,14.01892375946045,13566500
2010-08-31,13.942313786714726,14.087014307404173,13.397559649293465,13.54226016998291,16233300
2010-09-01,13.738030490635188,14.095525786322495,13.68696019796424,13.823148727416992,14933500
2010-09-02,13.865709076789232,14.308320999145508,13.772078851148779,14.308320999145508,11961300
2010-09-03,14.521114425478277,14.674326917266251,14.172131137959108,14.470044136047363,11345100
2010-09-07,14.427490905830387,14.716892020204854,14.367906986462632,14.58070182800293,16561900
2010-09-08,14.53813692371745,14.844561876252067,14.410460401326382,14.802001953125,16721900
2010-09-09,14.870099593549892,14.972241808824402,14.606234504042606,14.810517311096191,14321300
2010-09-10,14.861587755203841,14.929683648396274,14.33385757092609,14.487070083618164,18177600
2010-09-13,14.64027911575865,15.014796698307242,14.597719192631493,14.870096206665039,14491200
2010-09-14,14.784984058394745,14.938194957291191,14.393440765226792,14.844566345214844,16551300
2010-09-15,14.750933135679354,14.802003425015124,14.470044109089773,14.74242115020752,11485000
2010-09-16,14.66581490445625,14.89563364171006,14.563674325784708,14.74242115020752,9940800
2010-09-17,15.04885042564859,15.312715556557675,15.014802474049644,15.244621276855469,18898800
2010-09-20,15.3042041661624,15.321228142626522,14.904150460230069,15.048851013183594,13378400
2010-09-21,15.108431499980643,15.108431499980643,14.89563669012176,14.92968463897705,10860000
2010-09-22,14.878612511503807,14.921172446988837,14.44451091052972,14.657305717468262,19249100
2010-09-23,14.563673958023836,15.133963982273906,14.342367211830283,14.767956733703613,12223200
2010-09-24,15.065871023095317,15.457412637710256,15.040335065122258,15.082893371582031,17589100
2010-09-27,15.091405991060444,15.125453936453743,14.802004949198988,14.836052894592285,13120800
2010-09-28,14.8445662591965,15.125455340789008,14.606235489801579,14.895636558532715,17066000
2010-09-29,14.878608907575424,15.17652188982737,14.784980319178349,15.065869331359863,12845900
2010-09-30,15.2020621215411,15.3978329619394,14.767960503595566,14.904149055480957,17327000
2010-10-01,15.082895405095874,15.312714187352167,14.861588609978208,14.895636558532715,15859200
2010-10-04,14.750939342478034,14.844569598570063,14.359397586994834,14.665821075439453,12848800
2010-10-05,14.563676220810583,14.597722543632797,14.044456403934465,14.384927749633789,34345200
2010-10-06,14.282784329573275,14.444507172073468,13.857194825845175,13.976359367370605,18062000
2010-10-07,13.96785304166265,14.248742162987838,13.84017646351407,14.112553596496582,10670900
2010-10-08,14.197671417850875,14.393442273197577,13.976364598264974,14.274277687072754,16749600
2010-10-11,14.333856903170629,14.453021463715098,14.206180356373645,14.2232027053833,7833900
2010-10-12,14.138087550446155,14.521117230407674,13.993387016195214,14.453022956848145,15385700
2010-10-13,14.563678533495928,14.844567641239474,14.257253461959081,14.73391342163086,15116100
2010-10-14,14.87010009241129,14.87010009241129,14.4700464514473,14.597723007202148,12240800
2010-10-15,14.716889351996985,14.802005974384612,14.427488290091635,14.563676834106445,15113100
2010-10-18,14.504093938250131,14.55516423423117,14.24873921135406,14.384927749633789,10392900
2010-10-19,14.21469234262616,14.48706940872516,14.052967850819112,14.2232027053833,11144400
2010-10-20,14.257248792105703,14.716886248860222,14.231712836676508,14.512601852416992,15274300
2010-10-21,14.538143100163655,14.674331665039062,14.35939621757559,14.674331665039062,11848600
2010-10-22,14.61474386546434,15.099915648005581,14.61474386546434,15.065869331359863,9180700
2010-10-25,15.14248360662666,15.304206537608145,14.802010518569631,14.955223083496094,14383200
2010-10-26,14.878613093191596,15.116943870738831,14.708378215082657,14.904149055480957,7459600
2010-10-27,15.057360148693054,16.019191907749587,14.997777865852665,15.917051315307617,28890000
2010-10-28,15.976630773303988,16.42775461990068,15.874488575426437,16.34263801574707,19631800
2010-10-29,16.43626660112909,16.529896813870113,16.146865601288805,16.41073226928711,15393300
2010-11-01,16.546918362040202,16.80227138405368,16.291563716531805,16.60650062561035,13795400
2010-11-02,16.887401031551338,17.100195901784094,16.666094171689746,16.70865249633789,16306800
2010-11-03,16.691616075733197,16.844828512958873,16.563937962382035,16.75971031188965,9955000
2010-11-04,16.998042854197585,17.61940471450439,16.88739030629075,17.4661922454834,15141400
2010-11-05,17.636434529464378,17.83220700252004,17.338523072958168,17.70452880859375,12416900
2010-11-08,17.576854794497706,17.874767917827345,17.576854794497706,17.678997039794922,6746300
2010-11-09,17.67898168643051,17.696005649778186,17.30446261025415,17.406604766845703,10416900
2010-11-10,17.466200856120352,17.491735197881994,16.989539245622996,17.24489402770996,10722400
2010-11-11,16.7341824302471,17.108701721369858,16.112822022892487,17.040607452392578,15637900
2010-11-12,16.98953210305702,17.338516987542118,16.572454586837154,16.87887954711914,13654000
2010-11-15,17.015066103950524,17.100184319088577,16.35965795793091,16.538406372070312,13881100
2010-11-16,16.470325203362567,16.546931495468606,16.027711431971284,16.121341705322266,13646400
2010-11-17,16.155380294863136,16.461805316300573,15.908539179201647,15.95109748840332,13169400
2010-11-18,16.214970355177037,16.43627724087268,16.0532474038387,16.121341705322266,18388500
2010-11-19,16.504368678804354,17.389596067997612,16.385204077757543,17.100194931030273,33653300
2010-11-22,17.06614458947806,17.236381101608277,16.870373736975306,17.02358627319336,11145000
2010-11-23,16.836323522484317,17.117212566217336,16.751205286066213,16.85334587097168,10386500
2010-11-24,16.938464620668046,17.066141167416465,16.768229766168616,16.861858367919922,10137100
2010-11-26,16.802278564671365,16.861860853704588,16.66609001159668,16.66609001159668,3599600
2010-11-29,16.63204270516123,16.819301548732234,16.22347544651323,16.512876510620117,11138300
2010-11-30,16.40222028417473,16.7001332691274,16.274543754479346,16.41073226928711,9085400
2010-12-01,16.71715756511829,17.193819046020508,16.69162323029894,17.193819046020508,15870800
2010-12-02,17.13424146413369,17.440666582969328,16.972518538966835,17.415130615234375,18772200
2010-12-03,17.015070550176546,17.491730406613247,16.93846429888373,17.398101806640625,13003100
2010-12-06,17.347027856029868,17.44917005360837,17.108698767505288,17.227863311767578,6898300
2010-12-07,17.474709513523237,17.576850108091428,17.159772496031113,17.1853084564209,7705200
2010-12-08,17.168278246323712,17.30446673860681,16.921435589376294,17.10869598388672,9492700
2010-12-09,17.261918583339785,17.261918583339785,16.79376894556453,16.810792922973633,8165600
2010-12-10,16.68311296563301,16.870371808776945,16.504364485976765,16.649065017700195,11118800
2010-12-13,16.725674764679788,16.87037532657608,16.26603873621241,16.300085067749023,12848900
2010-12-14,16.334130089882315,16.615019174481326,16.121335279625626,16.283058166503906,8130300
2010-12-15,16.231989649219592,16.427760506516385,15.831935946461483,15.848959922790527,11469500
2010-12-16,15.934072070221822,16.027702290168452,15.763837225358733,15.806395530700684,7891600
2010-12-17,15.976637362953918,16.27455047085288,15.883007111572459,16.05324363708496,20617600
2010-12-20,15.959608912414748,16.351150538454878,15.721278168197687,16.214962005615234,15355700
2010-12-21,16.249009063712727,16.31710332641601,16.172402815234623,16.231985092163086,7910000
2010-12-22,16.23197778209081,16.257513727915157,15.865970676081263,16.070253372192383,8287200
2010-12-23,16.070261647356585,16.21496216788369,15.976633044776966,16.112821578979492,5530500
2010-12-27,16.01067874495841,16.06175066092301,15.755325659116714,15.934072494506836,6343600
2010-12-28,15.917047730167413,15.959606030183203,15.63615872897599,15.789369583129883,6148500
2010-12-29,15.797880307380277,15.831928243472419,15.670203794024642,15.69573974609375,4007100
2010-12-30,15.670207170457997,15.695743128029296,15.48294835208772,15.636160850524902,5560100
2010-12-31,15.627646744273816,15.789369583129883,15.491458236029194,15.789369583129883,5687500
2011-01-03,15.951098634434777,16.08728718185933,15.653185578132733,15.780863761901855,13439100
2011-01-04,15.797887125329595,15.94258766918022,15.278668863803183,15.423369407653809,29101600
2011-01-05,15.287176191542171,15.797883987426758,15.133965313922591,15.797883987426758,15256400
2011-01-06,15.934074346066245,16.734183264036716,15.789373814342813,16.649065017700195,17352100
2011-01-07,16.895907938979168,17.312985564361078,16.56394693729091,17.057632446289062,23809100
2011-01-10,16.989538369380604,17.4066176629287,16.819303480265013,17.261917114257812,15554000
2011-01-11,17.40661428997843,17.585361132437654,17.23637781035455,17.474708557128906,11327200
2011-01-12,17.636428455402076,17.866247177124023,17.347027462899273,17.866247177124023,12935100
2011-01-13,17.88327688443841,18.300354537211188,17.67899405186576,18.240772247314453,15789000
2011-01-14,18.28333057179118,18.623801959595404,18.121607677268944,18.615291595458984,12481200
2011-01-18,18.34290607419344,18.734449242905157,18.334395713206153,18.632307052612305,10643600
2011-01-19,18.35142281924377,18.376958779315057,17.92583322569501,18.070533752441406,13418100
2011-01-20,17.678988395095544,17.76410662063933,17.074650454880285,17.38958740234375,18861100
2011-01-21,17.65345677295404,17.704527071416106,17.00656037295098,17.091678619384766,11909000
2011-01-24,17.13423348515971,17.39810015839042,16.946974679459537,16.998044967651367,12730300
2011-01-25,16.981021885637478,17.00655621688066,16.657572952932792,16.844833374023438,12220900
2011-01-26,16.98953692650679,17.11721511186976,16.717159828257508,17.03209686279297,7319300
2011-01-27,17.20233269093536,17.44066347686137,17.057633770028733,17.25340461730957,10328500
2011-01-28,17.236387294509562,17.28745761709952,16.2490190657902,16.30860137939453,17027600
2011-01-31,16.334126413834035,16.44477897592675,16.019189451193675,16.1809139251709,14053200
2011-02-01,16.4192464857453,16.827812085691917,16.283056328934386,16.657575607299805,12508400
2011-02-02,16.427761142515614,16.71716225733055,16.35115486956485,16.597997665405273,9701800
2011-02-03,16.52138087672662,16.776733875035145,16.461798618687617,16.580963134765625,12334400
2011-02-04,16.683116339397053,17.057635724918086,16.649068384578847,16.810792922973633,18173500
2011-02-07,16.87037609458634,17.227871521222706,16.768235471830764,17.100194931030273,14145000
2011-02-08,17.091674797326345,17.381075796387755,16.895904010753966,17.227863311767578,11278500
2011-02-09,17.185314341084258,17.28745497062785,16.844842870112235,16.91293716430664,10596500
2011-02-10,16.802280966985624,16.819304944427877,16.572462142002784,16.742698669433594,10685300
2011-02-11,16.700140316806156,16.912935163932403,16.606510064551937,16.810792922973633,7588300
2011-02-14,16.836320364521715,17.17679162283714,16.674595908011256,16.827808380126953,10210100
2011-02-15,16.776737839015873,16.82780974954058,15.857464555008086,15.985142707824707,32296000
2011-02-16,16.15538079393625,16.15538079393625,15.908539670649327,16.0277042388916,14223500
2011-02-17,15.959609562134137,16.46180540623559,15.874491319770334,16.189428329467773,12785600
2011-02-18,16.22347786687356,16.274549796508616,15.959612724408814,16.078777313232422,9349100
2011-02-22,15.67020408355094,15.89151080175393,15.44889736534795,15.51699161529541,13068200
2011-02-23,15.491457202552464,15.49996756319181,15.227590564873564,15.295684814453125,14076900
2011-02-24,15.355269802803056,15.457410372737995,14.98075059155308,15.329733848571777,13616300
2011-02-25,15.602113269271921,16.11282106808594,15.576577311107853,16.10430908203125,15570300
2011-02-28,16.095795217254175,16.095795217254175,15.448898964062378,15.559553146362305,17745000
2011-03-01,15.644667743599475,15.772345879647363,15.338244438171387,15.338244438171387,12317000
2011-03-02,15.321220838849607,15.542527556896832,15.236102620601446,15.312708854675293,10262500
2011-03-03,15.448904454633068,15.678723262476984,15.133969012917236,15.5084867477417,21865400
2011-03-04,14.248740667673454,14.470047470870952,13.610356220429146,13.729520797729492,60904000
2011-03-07,13.806126321057947,13.848686256023063,13.320954426924239,13.457143783569336,23720500
2011-03-08,13.491187166750642,13.814634465029824,13.4571400399977,13.780588150024414,19888900
2011-03-09,13.703986081431427,13.93380486574848,13.542261571338438,13.755056381225586,17607700
2011-03-10,13.516721723973477,13.780587553701242,13.372021238598172,13.482674598693848,18812000
2011-03-11,13.38053748613362,13.491190881485448,13.099648410143505,13.33797836303711,20049100
2011-03-14,13.201793613222064,13.380541332208072,13.057093040150153,13.303935050964355,15802600
2011-03-15,12.90387585942747,13.423095663476165,12.708105043423844,13.269883155822754,23059000
2011-03-16,13.125183046546756,13.499701529319848,13.065600763587966,13.074111938476562,17920800
2011-03-17,13.261378390258669,13.32096070378963,13.048583485650221,13.125189781188965,13971100
2011-03-18,13.235834557474867,13.406070207281298,13.133693167591007,13.295416831970215,15112900
2011-03-21,13.491191894316675,13.491191894316675,13.125184544656076,13.201790809631348,17792000
2011-03-22,13.193281623806541,13.457147613451788,12.912392467078242,13.303935050964355,15489900
2011-03-23,13.286908620460759,13.703987095634991,13.193279189410294,13.584821701049805,13243300
2011-03-24,13.70398553742578,14.04445689503045,13.652915239658952,13.882732391357422,12823900
2011-03-25,13.763564997521499,13.925289468005557,13.584817368524561,13.678446769714355,14107300
2011-03-28,13.68695970039607,13.806124253461352,13.448629782517868,13.746541976928711,15104600
2011-03-29,13.925291097323248,13.942313446080233,13.610354104636407,13.72100830078125,9171000
2011-03-30,13.857196260091756,13.916778537021353,13.55077126617351,13.593330383300781,14098500
2011-03-31,13.601842513892748,13.618866486639943,13.21881205630554,13.235836029052734,15941600
2011-04-01,13.303931236857148,13.610355462235189,13.269884100704031,13.559285163879395,22363200
2011-04-04,13.567795310889709,13.644402376113351,13.193276841587815,13.218811988830566,12525300
2011-04-05,13.389048689990172,13.601843494180082,13.363513540776756,13.491190910339355,12125100
2011-04-06,13.559285163879395,13.661425760590985,13.261372113728815,13.559285163879395,16038800
2011-04-07,13.584820695665423,14.027433478121845,13.57630870845047,13.755056381225586,27208800
2011-04-08,14.069990913886164,14.197667452430556,13.772077908285732,13.950824737548828,20364000
2011-04-11,13.916777411605919,13.967847698630605,13.43160481438595,13.661422729492188,24258500
2011-04-12,13.482678923352298,13.576308344966664,13.431607813177706,13.491190910339355,14991400
2011-04-13,13.576312136198124,13.644407239362621,13.261375835459754,13.320958137512207,13939800
2011-04-14,13.261373494043651,13.363514913134425,13.091137795559028,13.3294677734375,16878700
2011-04-15,13.329464506509806,13.661423834257718,13.23583509822792,13.593330383300781,16485200
2011-04-18,13.303929753790346,13.303929753790346,12.801733942703773,12.971969604492188,16867200
2011-04-19,12.92941147877248,13.116671126990555,12.699593520650607,13.09113597869873,13297700
2011-04-20,13.329466822489954,13.58482075787341,13.24434938519399,13.550773620605469,12935000
2011-04-21,13.61886593786915,13.66142424452686,13.303929760465646,13.36351203918457,8257000
2011-04-25,13.37202356912805,13.51672407972234,13.346488423654833,13.474164962768555,7652900
2011-04-26,13.508214082031959,13.53374923126327,13.363513550141597,13.457143783569336,8500000
2011-04-27,13.397562026977539,13.423097990511835,13.176255213500673,13.397562026977539,9275100
2011-04-28,13.380535554868334,13.559283196676127,13.303929306701047,13.474164962768555,12500000
2011-04-29,13.235836050145524,13.32095347877405,13.108158689581188,13.133694648742676,19738800
2011-05-02,13.159229749286018,13.184764896608854,12.98048209453077,13.01452922821045,8548500
2011-05-03,12.997507538381614,13.031554675914958,12.640012188407612,12.767688751220703,15800000
2011-05-04,12.759176763900419,12.91238928867436,12.665547338620671,12.767688751220703,10229400
2011-05-05,12.716614225918947,12.716614225918947,12.2910247151061,12.401678085327148,22500000
2011-05-06,12.486796890607627,12.657032540468983,12.299537269886333,12.495308876037598,11345300
2011-05-09,12.537868119294567,12.65703348900171,12.333585324151752,12.597451210021973,10506200
2011-05-10,12.733639265654933,12.912386907681581,12.648521031643144,12.810245513916016,12313100
2011-05-11,12.84429162767047,12.886850741304912,12.48679637193728,12.622984886169434,10895200
2011-05-12,12.503821834909568,12.784711711968388,12.503821834909568,12.7166166305542,8900000
2011-05-13,12.691081624828804,12.776199868741234,12.367633434408397,12.427216529846191,10614900
2011-05-16,12.350609692192743,12.37614483946722,11.98460239701856,12.078231811523438,15920800
2011-05-17,12.044183349103797,12.214419810145738,11.925018800471566,12.171860694885254,10433900
2011-05-18,12.180377354990522,12.418707355471195,12.17186536632209,12.376148223876953,5984400
2011-05-19,12.384655004292044,12.427214117988441,12.214419361254034,12.282513618469238,3862300
2011-05-20,12.239956864174511,12.342098269686325,12.044185228132735,12.205909729003906,8413300
2011-05-23,12.0271620664213,12.367633418127346,12.01013809296213,12.205909729003906,10691500
2011-05-24,12.274004474928502,12.359122722026974,12.069721655989486,12.095256805419922,7447900
2011-05-25,12.095258281819829,12.205911691855574,12.001628847980903,12.069723129272461,6240200
2011-05-26,12.120787778561825,12.461259837896305,11.97608729540048,12.393165588378906,16436500
2011-05-27,13.755057843728157,13.925294359136448,13.584822140067732,13.763569831848145,64353600
2011-05-31,13.823148727416992,13.925290936254221,13.550771668511487,13.823148727416992,18464400
2011-06-01,13.823149787754149,13.848685747796086,13.363513059719764,13.380537033081055,16249700
2011-06-02,13.406071595297712,13.516724982065448,13.320953355707855,13.389047622680664,11144600
2011-06-03,13.19327781081191,13.38053746509345,12.878341599189357,12.895364761352539,16282700
2011-06-06,12.878342162026652,13.006018724947664,12.716617649795728,12.733641624450684,7042100
2011-06-07,12.776200738540986,12.946436426207704,12.750664776580136,12.767688751220703,11331100
2011-06-08,12.708103118882597,12.784709361107897,12.469772407126651,12.520843505859375,11889800
2011-06-09,12.529358766111004,12.725129603641154,12.39317021622085,12.614476203918457,8119500
2011-06-10,12.537865106383794,12.597448182793094,12.197393862962688,12.256976127624512,13859400
2011-06-13,12.256976560086933,12.291023685630327,11.950552430196387,12.01013469696045,11427900
2011-06-14,12.154835772587555,12.495307856271287,12.086741518200318,12.103765487670898,13835500
2011-06-15,11.984601536432068,12.265490571524412,11.925019259820855,11.959066390991211,11125900
2011-06-16,11.959065376176229,12.02715963273864,11.627105266623799,11.73775863647461,9553200
2011-06-17,11.831389991673166,11.831389991673166,11.210029594912658,11.2440767288208,29748600
2011-06-20,11.363243459418147,11.6185965883282,11.303660359157709,11.405801773071289,14135400
2011-06-21,11.465385350257058,11.950557289465204,11.397291071482156,11.890974998474121,15344000
2011-06-22,11.882463994532767,12.010140574870098,11.74627542570684,11.822881698608398,8285400
2011-06-23,11.661155634199657,12.316564050359979,11.627108496460666,12.308052062988281,17398300
2011-06-24,12.282514088884271,12.376143493204248,11.942041978020736,11.967577934265137,19840400
2011-06-27,11.933532689285535,12.146327487781372,11.831390471669524,12.035674095153809,7392800
2011-06-28,12.06972159948639,12.188886170769079,11.976091365766838,12.044185638427734,7683400
2011-06-29,12.120788135135141,12.325070889696995,12.112276150758188,12.197394371032715,13076800
2011-06-30,12.256981436296275,12.631500778016585,12.231446284916926,12.571918487548828,9460300
2011-07-01,12.588940545792513,12.937923893741647,12.512334286633385,12.86131763458252,9706200
2011-07-05,13.023040199908852,13.057087330935833,12.810245428053307,12.929409980773926,10963200
2011-07-06,12.895365292407222,12.980483541971726,12.750664755196238,12.835783004760742,6590100
2011-07-07,12.946435013912298,13.286906352104536,12.87834074627385,13.099647521972656,10344600
2011-07-08,12.94643776428209,13.150720610595732,12.878343482177543,13.116673469543457,8560500
2011-07-11,12.895364307806739,12.971970564216113,12.597452080573062,12.64852237701416,8785400
2011-07-12,12.605962753295898,12.665545030182763,12.350608862463043,12.605962753295898,9036900
2011-07-13,12.640010340222839,12.793222030846831,12.427215558816714,12.529356956481934,9301200
2011-07-14,12.55489115055217,12.818757016647977,12.376143515260845,12.495308876037598,12455200
2011-07-15,12.56340639883331,12.708106941732645,12.376146729478673,12.657035827636719,9404000
2011-07-18,12.58893680254516,12.827266684370407,12.25697671547793,12.45274829864502,10637300
2011-07-19,12.580430039392613,12.963460568518476,12.520847747144636,12.920902252197266,8934000
2011-07-20,12.946436404495481,13.048577816924213,12.716617617719994,12.835783004760742,6013500
2011-07-21,12.818759313996585,12.997506981322656,12.495311115418563,12.895364761352539,9925700
2011-07-22,12.920901695371976,13.227325943117767,12.920901695371976,13.048578262329102,8288600
2011-07-25,12.929410988137398,13.108158642892647,12.844293559812044,13.01452922821045,6083900
2011-07-26,13.10815728964048,13.55928277900785,13.065598985745261,13.210299491882324,11230800
2011-07-27,13.09113402695436,13.09113402695436,12.77619787248296,12.801733016967773,8270000
2011-07-28,12.801733907921498,12.91238729072024,12.605963100333648,12.750662803649902,8530700
2011-07-29,12.597453041056081,12.784712703028937,12.495311628638465,12.614476203918457,8538300
2011-08-01,12.77619974161236,12.878341146242281,12.461263541066497,12.64852237701416,7809300
2011-08-02,12.546381625087802,12.750664444975104,12.137815985313196,12.14632797241211,8812600
2011-08-03,12.146327906295099,12.205910192167625,11.729249469944127,12.129303932189941,14065800
2011-08-04,11.907995740799182,11.984601991780002,11.448359046661936,11.456871032714844,14069300
2011-08-05,11.584546645099373,11.686688034278891,10.49503768210358,11.082351684570312,27488100
2011-08-08,10.495036560220504,10.920626042181587,10.0183767950027,10.180100440979004,26487500
2011-08-09,10.384386039144808,10.469504283528282,9.558741990916955,10.197126388549805,26655800
2011-08-10,10.00135557141108,10.460992305627297,9.711954514358695,10.163079261779785,22142000
2011-08-11,10.23968781701,10.886584347130212,10.188617508275621,10.750395774841309,16174400
2011-08-12,10.88658481657132,10.93765593925586,10.546113371167571,10.707837104797363,7321100
2011-08-15,10.784438622931424,11.082351614978297,10.750391493418718,11.065327644348145,7294700
2011-08-16,10.946164114300522,11.25258914286656,10.844022708694421,11.01425838470459,11135300
2011-08-17,11.073840158774257,11.210028683332203,10.750392007075313,10.937651634216309,12322000
2011-08-18,10.605693434549591,10.665275721992995,10.129032699759007,10.188615798950195,15725100
2011-08-19,10.95467622869393,11.482407236349024,10.690811130740256,10.792952537536621,30481100
2011-08-22,11.0653296497411,11.150447894822822,10.59718092528712,10.690811157226562,13719500
2011-08-23,10.775929906819632,11.1164021169868,10.716347615033213,11.107890129089355,13322100
2011-08-24,11.056814197242764,11.141932415645087,10.801460353783284,11.124908447265625,9998600
2011-08-25,11.141938326045867,11.27812689833477,10.690813477401894,10.750395774841309,13971900
2011-08-26,10.673787610382396,11.056818105072995,10.554622224851814,10.971700668334961,9099400
2011-08-29,11.133424736100231,11.21854298741281,11.014259346612183,11.201519012451172,12462500
2011-08-30,11.133423845810118,11.329195483474942,11.082353548504678,11.252589225769043,9209400
2011-08-31,11.303657023166743,11.550498903545655,11.099374255628518,11.19300365447998,11133200
2011-09-01,11.252587333202841,11.346216737013831,11.082351684570312,11.082351684570312,6722300
2011-09-02,10.852535282804379,11.014258980830089,10.69081158477867,10.971700668334961,8173100
2011-09-06,10.486523318593385,10.937648699847538,10.469500163464458,10.920624732971191,7914000
2011-09-07,11.107890482173794,11.533480149600008,11.090866505837766,11.490921020507812,8481600
2011-09-08,11.456877285285785,11.805860786435396,11.320688681105263,11.431342124938965,9097500
2011-09-09,11.295146828111019,12.027160547719555,11.295146828111019,11.652641296386719,18818400
2011-09-12,11.490918654763874,12.256979573715718,11.320682985190988,12.248468399047852,16467900
2011-09-13,12.29102900017088,12.444241537237756,12.163352427113722,12.410194396972656,12883700
2011-09-14,12.469773854246961,12.776198858708854,12.316562163763685,12.597451210021973,14199600
2011-09-15,12.725128635446714,13.13369506577909,12.674058338997495,12.937923431396484,19788800
2011-09-16,12.835782542077588,13.08262448281955,12.750664295581286,12.912388801574707,11739900
2011-09-19,12.691080559604387,13.074111001565237,12.546380044147318,12.971969604492188,10912700
2011-09-20,12.912390318109239,13.099649995345723,12.767689769119391,12.784713745117188,11864100
2011-09-21,12.810246876489,13.006017699092753,12.640011202105795,12.64852237701416,10940600
2011-09-22,12.180372156632624,12.512331455548198,12.112277088094801,12.401678085327148,17787800
2011-09-23,12.214422554211371,13.091136953848654,12.103769154374,13.023042678833008,15147600
2011-09-26,13.116667817879176,13.19327405517593,12.64851922131375,13.065597534179688,10702500
2011-09-27,13.15071866890532,13.32946633597481,12.878341580703335,12.963459014892578,13284600
2011-09-28,13.03155229139528,13.07411059671378,12.64852104954767,12.674057006835938,12525900
2011-09-29,12.903877312261297,13.023042699602621,12.393170248829458,12.733641624450684,10857400
2011-09-30,12.546380146249161,12.65703353024904,12.342097350440621,12.359121322631836,14144100
2011-10-03,12.248469268158184,12.410192962790871,11.993115339805943,12.044185638427734,12397900
2011-10-04,11.899486066907809,12.469776255301593,11.67818006876447,12.384658813476562,17981700
2011-10-05,12.376146263713355,12.793223901433763,12.06121003859298,12.767688751220703,11467800
2011-10-06,12.776199337958852,13.235836050145524,12.73364021777074,13.133694648742676,13283600
2011-10-07,13.176250086111084,13.269880292472683,12.903873075053756,13.065597534179688,8948500
2011-10-10,13.278396077750648,13.542261179803056,13.16774268239882,13.33797836303711,7743700
2011-10-11,13.278396163564652,13.337978449236175,12.861317728620705,13.031554222106934,12966900
2011-10-12,13.150718697295778,13.150718697295778,12.71661710322589,12.86131763458252,19165700
2011-10-13,12.784712252988049,12.946435947352745,12.716617168692233,12.878341674804688,16933100
2011-10-14,13.057087805784159,13.057087805784159,12.512332877793662,12.750662803649902,16351200
2011-10-17,12.674056469114246,12.674056469114246,11.984601074787681,12.171860694885254,19387600
2011-10-18,12.180370855700163,12.444235869643213,12.010134420159181,12.393165588378906,17788000
2011-10-19,12.37614438473101,12.452750635487396,11.541989235934064,11.661153793334961,25561200
2011-10-20,11.056817497729684,11.601572472270758,11.056817497729684,11.337706565856934,30417300
2011-10-21,11.52496632728637,11.720737965255163,11.073841578898424,11.184494972229004,24073100
2011-10-24,11.235567936249833,11.763299067713689,11.235567936249833,11.746275901794434,22294800
2011-10-25,11.686690864270588,11.873950528986054,11.388778609959592,11.405801773071289,11992400
2011-10-26,11.610086363082626,11.73776293798964,11.269614143750816,11.62710952758789,11398000
2011-10-27,11.976095199584961,12.10377261050738,11.516458306109897,11.976095199584961,17821600
2011-10-28,11.942048112829932,12.163354976817743,11.805859523221441,11.993119239807129,11434300
2011-10-31,11.822880642979595,12.04418664168804,11.788833503813077,11.907998085021973,9183400
2011-11-01,11.550501463908239,11.6356197084575,11.32919548922609,11.507943153381348,15092900
2011-11-02,11.652640932832607,11.805853422847521,11.490917269176112,11.576035499572754,8687300
2011-11-03,11.678177737782166,11.839901413192905,11.28663531064559,11.831389427185059,11790300
2011-11-04,11.71222765793459,12.171864459046228,11.661156541478695,12.120793342590332,11724900
2011-11-07,12.120791038057408,12.265491560131288,11.925020220985514,12.248468399047852,11138300
2011-11-08,12.38465638395579,12.503820941483665,12.103767338714842,12.444238662719727,14345400
2011-11-09,12.112276073590632,12.308047654275777,11.95906441451911,12.01013469696045,11897600
2011-11-10,12.188885656288406,12.41870442562933,11.933532550462125,12.325074195861816,13609800
2011-11-11,12.418706342198494,12.793224883824525,12.367635226102838,12.69959545135498,11439000
2011-11-14,12.648523407091425,12.801735932387576,12.350611155596209,12.631500244140625,9279700
2011-11-15,12.588941055121028,12.912389267019238,12.486799642692295,12.835783004760742,12147200
2011-11-16,12.733638785843494,12.852804146620247,12.452749760635356,12.495308876037598,12261900
2011-11-17,12.027158201361026,12.17185868227193,11.55900963439913,11.7122220993042,26839400
2011-11-18,12.342098642084913,12.682570004064015,12.21442208427969,12.469775199890137,31036600
2011-11-21,12.256981927475024,12.444241605839307,12.027163932355645,12.239958763122559,15624300
2011-11-22,12.197399240055562,12.197399240055562,11.822880707189858,11.92502212524414,14338400
2011-11-23,11.814364893709083,11.831388051998472,11.269610028739928,11.397287368774414,12476200
2011-11-25,11.303659540625212,11.516454340473,11.175982985415635,11.184494972229004,4485000
2011-11-28,11.584544677898027,11.64412775361216,11.261096594547972,11.388773918151855,9526400
2011-11-29,11.507946009683744,11.507946009683744,11.175985747645502,11.235568046569824,8373500
2011-11-30,11.533475431284653,12.052694320904282,11.388774938616514,12.018647193908691,13690400
2011-12-01,12.078234273966427,12.086746262042528,11.669668587287921,11.797345161437988,8822900
2011-12-02,12.282513500721462,12.316560629002668,11.712223493200597,11.73775863647461,13589600
2011-12-05,11.942045739813539,12.01865200918281,11.695203767261368,11.72925090789795,10821100
2011-12-06,11.780319246882748,12.09525542644493,11.695201009488569,12.001626014709473,12373200
2011-12-07,12.205911555382059,12.512335817767955,12.052699018315185,12.410194396972656,14271200
2011-12-08,12.214422131827735,12.384657813479976,12.018650489116839,12.044185638427734,8549000
2011-12-09,12.05269577261095,12.239955399515255,11.848412986032237,12.163349151611328,6789200
2011-12-12,12.0271586656059,12.052693806826568,11.831387084920754,12.01013469696045,7189400
2011-12-13,12.137818014912616,12.25698260723218,11.644134045094104,11.72074031829834,10199200
2011-12-14,11.720735417340633,11.83989995983223,11.422822437616507,11.482404708862305,8174200
2011-12-15,11.746272999699674,11.780320134874257,11.278124282238347,11.337706565856934,8412700
2011-12-16,11.363242624696246,11.618595734848553,11.346218651087298,11.507943153381348,8139000
2011-12-19,11.576037418445207,11.618595728950494,11.227053265368584,11.252589225769043,6930200
2011-12-20,11.431335825788302,11.856925385208594,11.397288693504585,11.831389427185059,12353800
2011-12-21,11.822876863051407,11.899482292873442,11.54198785179457,11.73775863647461,8376400
2011-12-22,11.746270739405098,12.239954510312556,11.746270739405098,12.18037223815918,9550400
2011-12-23,12.163350649552218,12.222932933371776,11.976090999586512,12.035674095153809,4533600
2011-12-27,12.044188607166374,12.044188607166374,11.831393749712918,11.839905738830566,6447000
2011-12-28,11.88246391300904,11.88246391300904,11.644133919198813,11.686692237854004,5293800
2011-12-29,11.686690396549372,11.814367767642333,11.661155247029885,11.703714370727539,3107400
2011-12-30,11.661155292894614,11.814367814109664,11.661155292894614,11.788832664489746,3182200
2012-01-03,12.027163477978696,12.17186402237335,11.788833503813077,11.907998085021973,7046500
2012-01-04,11.87394900983223,12.10376777054561,11.74627246171215,12.078231811523438,7096000
2012-01-05,12.316563430412865,13.023042111747577,12.308051443469614,12.963459014892578,26999700
2012-01-06,13.00601773660994,13.43160732966947,12.971970601635086,13.380537033081055,23177700
2012-01-09,13.516726059552772,13.644403429115373,13.133695574360488,13.491190910339355,17819500
2012-01-10,13.627376957903463,13.669935261544364,13.21881058662042,13.295416831970215,15531400
2012-01-11,13.108159679737636,13.15923079017069,12.622987783488547,12.997507095336914,23508600
2012-01-12,12.95494783969708,13.065601234716077,12.78471215957084,12.963459014892578,9840400
2012-01-13,12.852807963230498,12.852807963230498,12.503823762700195,12.580430030822754,13651800
2012-01-17,12.759176840966862,12.810247953449245,12.248469774881997,12.308052062988281,16915100
2012-01-18,12.384657302238619,12.980482569299545,12.231444789202369,12.869829177856445,18900600
2012-01-19,12.963457658098502,13.303929794463908,12.94643449774145,13.159229278564453,12596900
2012-01-20,13.133694560772165,13.278395081393912,12.97197006749012,13.218811988830566,11168500
2012-01-23,13.210299952650614,13.618865528878088,13.057087455691489,13.593330383300781,20122700
2012-01-24,13.397561582688972,13.71249862851867,13.312444142307491,13.406073570251465,18571900
2012-01-25,13.431601702633174,13.72100344629903,13.193271857655123,13.635885238647461,12864000
2012-01-26,13.77208144092124,13.789105416692667,13.329467811838258,13.414586067199707,11323200
2012-01-27,12.99750697461212,13.865710161675578,12.963459026807824,13.440119743347168,23460400
2012-01-30,13.320955759870328,13.482680281929515,13.065602618510079,13.397562026977539,9780000
2012-01-31,13.491189417266906,13.567794856429218,13.167741253284582,13.227323532104492,8794000
2012-02-01,13.423096983388202,13.661426131177285,13.363513884693154,13.56779670715332,14221400
2012-02-02,13.618871082989305,14.095531116315065,13.414588211563979,14.052972793579102,13306100
2012-02-03,14.24874015037397,14.35088237256286,14.129575577399887,14.16362190246582,11676700
2012-02-06,14.087011926145914,14.095523911041186,13.797610933687155,13.908265113830566,8077000
2012-02-07,13.942310543388684,13.976358480804816,13.678445522393709,13.857193946838379,9217300
2012-02-08,13.882734398890854,14.24022978194578,13.83166409373893,13.98487663269043,8984300
2012-02-09,14.010410973518528,14.16362351247003,13.823152105630987,13.98487663269043,5808900
2012-02-10,13.78910088229663,13.857195139494594,13.63588839772742,13.661422729492188,6191200
2012-02-13,13.661426131177285,13.763568354155147,13.329466747616458,13.56779670715332,8576600
2012-02-14,13.508211637481224,13.644400969480444,13.406070247292519,13.618865013122559,6805100
2012-02-15,13.661422286505589,13.797610796485456,13.499698633841385,13.738028526306152,8024100
2012-02-16,13.814642722962471,14.282792416217877,13.797618743535867,14.240232467651367,9003200
2012-02-17,14.231714965442354,14.28278688394003,13.899755612684492,13.93380355834961,9627200
2012-02-21,13.95082432829895,14.069990501140524,13.61035302766993,13.618865013122559,12798200
2012-02-22,13.618865013122559,13.916778009983659,13.542258767544126,13.618865013122559,15893100
2012-02-23,13.593332638024924,13.686962061837107,13.329466717466545,13.669938087463379,16040700
2012-02-24,13.882731046314063,13.882731046314063,13.065599867231493,13.159229278564453,26893100
2012-02-27,13.06560223752222,13.235837930714327,12.954948834010398,13.048578262329102,13641600
2012-02-28,13.074111070181448,13.12518217485984,12.835781142426852,12.988993644714355,14522400
2012-02-29,12.997507538381614,13.006018713954107,12.674059325940956,12.767688751220703,14473100
2012-03-01,12.78471371830456,12.98048457138151,12.699595461989803,12.852807998657227,10879000
2012-03-02,12.80173631043265,12.980483991307452,12.733642033122994,12.827271461486816,12991700
2012-03-05,12.767690223368065,12.801737364827131,12.393171667318336,12.588942527770996,15286000
2012-03-06,12.393168369992827,12.58893917835872,12.316562119154812,12.444238662719727,10650800
2012-03-07,12.503820547564644,12.750662452628621,12.444238270677777,12.605962753295898,8150200
2012-03-08,12.665547349326438,12.801735899574929,12.597453074202194,12.733641624450684,13081700
2012-03-09,12.71661811762545,12.861318660524784,12.580429562366739,12.657035827636719,11425900
2012-03-12,12.657032511974482,12.946433521961067,12.580426266772431,12.801733016967773,11592000
2012-03-13,12.954948286537444,13.176254272460938,12.852806874938652,13.176254272460938,10555300
2012-03-14,13.29541730077438,13.389046708532444,12.886851726832685,13.082622528076172,12974600
2012-03-15,13.082628196648729,13.363517353377029,13.040069061319109,13.303935050964355,9896700
2012-03-16,13.278395626916806,13.389048206763952,13.074112005339028,13.09113597869873,8215200
2012-03-19,13.031556449804704,13.252862468022299,12.997509307636774,13.14220905303955,5464500
2012-03-20,13.057090693478173,13.474168358904015,13.031555541568876,13.414586067199707,11192000
2012-03-21,13.397562026977539,13.49119226977428,13.244350304510958,13.397562026977539,5764700
2012-03-22,13.295416819334578,13.593329815023411,13.235834544895855,13.431605339050293,10655200
2012-03-23,13.406068363877802,13.508209739716696,13.252855894245714,13.482674598693848,8087600
2012-03-26,13.533750101434652,13.618868353342165,13.406073535321195,13.508214950561523,8052900
2012-03-27,13.491191822380758,13.550774111822575,13.295420167182508,13.406073570251465,6886900
2012-03-28,13.41458219270852,13.542258727126443,13.252857716581705,13.295416831970215,7943500
2012-03-29,13.21881434097666,13.448633142298291,13.048578642820548,13.397562026977539,8021100
2012-03-30,13.43160674247559,13.44863071509264,13.18476482176224,13.389047622680664,7010300
2012-04-02,13.32095296585865,13.52523657254623,13.14220531734931,13.516724586486816,8221100
2012-04-03,13.431611564001036,13.516729834145671,13.235840679115556,13.320958137512207,11192800
2012-04-04,13.1932768829657,13.261371150325061,12.88685267984857,13.01452922821045,9248000
2012-04-05,12.929408657673564,13.048574009947313,12.852803229512816,12.886850357055664,5133100
2012-04-09,12.7166166305542,12.76768773867791,12.58042809122127,12.7166166305542,11006400
2012-04-10,12.716618154224877,12.759177280802668,12.376146765098198,12.55489444732666,15641900
2012-04-11,12.622988629557847,12.886854562943629,12.622988629557847,12.827271461486816,10005000
2012-04-12,12.801735442949182,13.142206806426117,12.793223455925318,13.031554222106934,4815900
2012-04-13,12.937923447706394,13.023041690892695,12.76768777308152,12.869829177856445,5189400
2012-04-16,12.9123897313877,13.11667256359179,12.793224340061405,12.980484008789062,6708900
2012-04-17,13.023044034586674,13.167744586995804,13.0060200581866,13.116673469543457,6641100
2012-04-18,13.023041734112375,13.337977936150507,12.869829220567656,13.278395652770996,8418700
2012-04-19,13.261374456501256,13.533751593844698,13.057091603493676,13.14220905303955,8235900
2012-04-20,13.125183079121644,13.201789335543198,12.92090026982932,12.937923431396484,8484400
2012-04-23,12.86131763458252,12.912388744604524,12.580428558830885,12.86131763458252,11558500
2012-04-24,12.89536342851205,12.93792254714281,12.503820998254875,12.529356956481934,7563600
2012-04-25,12.776200749340285,12.810247886902408,12.546381961985116,12.733641624450684,13347900
2012-04-26,12.75917258499267,13.08262069149701,12.708102301293183,13.065597534179688,13143600
2012-04-27,12.82726869182734,12.895362954434107,12.469773407267997,12.674057006835938,13392000
2012-04-30,12.65703396661645,12.818758461017957,12.537868592412584,12.776199340820312,8718400
2012-05-01,12.776201183179813,12.98899600310587,12.699594918126783,12.759177207946777,9856500
2012-05-02,12.665547316001158,12.75066475380861,12.537869941668298,12.614476203918457,7768200
2012-05-03,12.605964115540782,12.716616695503141,12.061209143679058,12.154838562011719,13178000
2012-05-04,12.103770326213043,12.20591174862544,11.746274941895722,11.933534622192383,10295800
2012-05-07,11.84841587130285,12.044186719843738,11.814368731915398,11.890974998474121,11615800
2012-05-08,11.84841339920075,11.865436559468776,11.55050038290748,11.831389427185059,14489500
2012-05-09,11.414314694910958,11.73776293798964,11.295150108130512,11.62710952758789,15593200
2012-05-10,11.67817785700224,11.729248150075348,11.405799984204192,11.54198932647705,9122100
2012-05-11,11.516455702910763,11.916510201241849,11.507944526838232,11.754786491394043,9608000
2012-05-14,11.635616226315314,11.754781570672618,11.482403756676993,11.516450881958008,8736900
2012-05-15,11.533474397854446,11.686686049732655,11.35472679420698,11.388773918151855,8849700
2012-05-16,11.431335942488419,11.712224989633535,11.422823956393676,11.54198932647705,14835400
2012-05-17,11.61859375358586,11.737759113284586,11.32068157196045,11.32068157196045,14600900
2012-05-18,11.754785113776526,11.780320262497167,10.784440533166993,10.86104679107666,25079800
2012-05-21,10.878068503766732,11.312170032924083,10.869557329825563,11.278122901916504,20246200
2012-05-22,11.278125775915752,11.28663776377366,10.878071275820288,11.056818962097168,24103200
2012-05-23,10.954678081197578,11.19300807069217,10.801465539219972,11.150449752807617,18618300
2012-05-24,11.15895795722817,11.15895795722817,10.852533766634702,10.946163177490234,13832200
2012-05-25,10.920625697197039,11.201514681478217,10.920625697197039,11.124908447265625,8254100
2012-05-29,11.184496396670665,11.295149804093906,11.022771873610603,11.107890129089355,10718100
2012-05-30,10.971702032296864,10.971702032296864,10.81848949067469,10.878071784973145,12065000
2012-05-31,10.844022275665928,10.886581395905914,10.554621232131272,10.665274620056152,13368000
2012-06-01,10.503552022468991,10.554622322635398,10.180103811673199,10.188615798950195,18853900
2012-06-04,10.248194765260704,10.452477523219981,10.120518244473036,10.231171607971191,8512800
2012-06-05,10.426945233896376,10.50355149202505,10.214150433204612,10.469504356384277,9071400
2012-06-06,10.520575073708503,10.809976144075108,10.51206389826955,10.784440994262695,8919900
2012-06-07,10.878068394220007,10.997233757420302,10.409919738769531,10.409919738769531,14187400
2012-06-08,10.307778847200902,10.512062452854414,10.23968458256562,10.452479362487793,8871100
2012-06-11,10.45248282036867,10.529089096363098,10.120523373390064,10.13754653930664,9429700
2012-06-12,10.197126953422085,10.341827489841071,10.154568640620559,10.256710052490234,7668700
2012-06-13,10.214151975329248,10.22266396346151,9.933262860947524,10.018381118774414,12123200
2012-06-14,10.069449989740246,10.069449989740246,9.839632025140402,9.873679161071777,11950700
2012-06-15,9.848147049968526,9.958800487937035,9.78856474173474,9.805588722229004,9844200
2012-06-18,9.728981268289015,10.265224413413005,9.728981268289015,10.214153289794922,9657900
2012-06-19,10.248370067514443,10.3937977603306,10.179933602168843,10.351025581359863,6025400
2012-06-20,10.333915244962267,10.419461227834674,10.205597086480608,10.274033546447754,7223600
2012-06-21,10.23126094906728,10.265479180368764,9.717986663718047,9.752204895019531,9567400
2012-06-22,9.83774900661014,9.846303766762153,9.692321347333234,9.777867317199707,8632900
2012-06-25,9.717984141129511,9.794975345529263,9.427129658480231,9.45279312133789,12969500
2012-06-26,9.487010990055703,9.538337913857415,9.358692048897932,9.435683250427246,12292400
2012-06-27,9.512678693309704,9.777870637280357,9.401469221052793,9.6923246383667,14825400
2012-06-28,9.546892673099949,9.64099339311433,9.298810365853686,9.435683250427246,13371500
2012-06-29,9.606777443793943,9.683768670068488,9.529787033346404,9.649550437927246,9106600
2012-07-02,9.692321432431118,9.752203122367307,9.529785067249959,9.555448532104492,6784100
2012-07-03,9.512675285339355,9.598221253605681,9.461348357041013,9.512675285339355,3437000
2012-07-05,9.51267607032374,9.54689429728859,9.350139696197429,9.444239616394043,7307900
2012-07-06,9.375803616700042,9.418576606435074,9.102057787718906,9.238930702209473,10355800
2012-07-09,9.213264948062616,9.298810090474342,9.067837308553285,9.273146629333496,11104000
2012-07-10,9.273147175296952,9.375801841730928,9.033619620284341,9.110610008239746,8449600
2012-07-11,9.119163491689433,9.18759992640245,8.9395176466111,8.99940013885498,9237000
2012-07-12,8.913859573504539,8.990850813033182,8.785541384841563,8.930968284606934,10807400
2012-07-13,8.95663241761233,9.084950604020454,8.939522890983442,9.007959365844727,12058300
2012-07-16,8.96518094479492,9.067836410848985,8.862526294567493,8.87963581085205,9677100
2012-07-17,8.913855430169512,9.0421735591877,8.853973745404591,8.990846633911133,10818600
2012-07-18,8.965184508483519,9.418577080329566,8.930966278139191,9.298812866210938,7250200
2012-07-19,9.461351545924574,9.752206141241627,9.410023784499746,9.52978801727295,10887400
2012-07-20,9.555448351484367,9.598221335984638,9.238929571505274,9.29025650024414,8840600
2012-07-23,9.110611221346327,9.196157196012074,8.95662960910561,9.1533842086792,9371000
2012-07-24,9.144828230384405,9.196155971514777,8.973737119661111,9.110610008239746,7812000
2012-07-25,9.170493171198006,9.38435727900506,9.12772018647123,9.31592082977295,6568300
2012-07-26,9.777869180365883,9.854860404750967,9.564005030774867,9.752204895019531,14672600
2012-07-27,9.709430187482457,10.000284669834803,9.581111241671612,9.94040298461914,11288300
2012-07-30,9.880525346480482,10.051616528480688,9.598224692223363,9.6923246383667,7248000
2012-07-31,9.72653952709843,9.948958395060403,9.632439613342285,9.632439613342285,11167900
2012-08-01,9.68376966989325,9.769315666992267,9.375805548825557,9.52978801727295,11468400
2012-08-02,9.47846021505572,9.632442682840418,9.333032510109524,9.50412368774414,9691500
2012-08-03,9.589668385888823,9.786423009568308,9.538340631635448,9.709432601928711,11909900
2012-08-06,9.752202854327523,9.76075761431952,9.487011821190185,9.512675285339355,9163800
2012-08-07,9.581110292566866,10.06016617431722,9.555446832277628,9.991729736328125,12590500
2012-08-08,9.991733314373331,10.17137923238268,9.940405559587667,10.094388008117676,8093700
2012-08-09,10.094387038817189,10.248368656734327,10.06872357180215,10.214150428771973,7259700
2012-08-10,10.171380158883942,10.376689565074066,10.154270633787903,10.359580039978027,8047200
2012-08-13,10.359577398785868,10.436568610434888,10.102941114391605,10.256922721862793,6161000
2012-08-14,10.376686298158685,10.410904521750705,10.025949302383768,10.077276229858398,12870000
2012-08-15,10.077277516922559,10.239814711613917,10.06872357180215,10.214150428771973,8725700
2012-08-16,10.265476375475256,10.547776910534683,10.197039931571561,10.505003929138184,16812800
2012-08-17,9.179051213674795,9.281706749182652,8.811205338775878,9.016514778137207,54101900
2012-08-20,8.990850813033182,9.050732525632284,8.905304810039768,8.930968284606934,14118500
2012-08-21,8.939518982924351,9.18760129979999,8.939518982924351,9.084946632385254,11720200
2012-08-22,9.050728797912598,9.127720005730907,8.973737590094288,9.050728797912598,8894000
2012-08-23,9.00795642459998,9.033620706163505,8.853974814353165,8.913856506347656,8269200
2012-08-24,8.913858318596562,8.973740022765417,8.836867089906873,8.939521789550781,6801100
2012-08-27,8.956626121452954,8.97373482022796,8.828307209420894,8.853971481323242,5798300
2012-08-28,8.828310101445654,8.888192606341201,8.794091876859694,8.80264663696289,8241400
2012-08-29,8.794094001146972,9.06784067978728,8.794094001146972,8.965185165405273,15275300
2012-08-30,8.896746463965103,8.956628968277407,8.682882358429145,8.70854663848877,8637100
2012-08-31,8.759875135687837,8.819757650724005,8.580229222233262,8.691438674926758,9506600
2012-09-04,8.734210231522841,8.759873696134099,8.53745482729831,8.631555557250977,9958400
2012-09-05,8.648663018096709,8.811200174192203,8.571672635333632,8.759872436523438,7155500
2012-09-06,8.83686593883309,8.999403137301092,8.74276601370688,8.922411918640137,8085600
2012-09-07,8.905303461871624,9.016512922596275,8.836866996168302,8.965185165405273,5868900
2012-09-10,8.96518869511821,8.99940775726939,8.699997490065325,8.73421573638916,7996200
2012-09-11,8.81165406764521,8.923520870654187,8.708392592709826,8.90631103515625,6489200
2012-09-12,8.92352635467978,9.02678789307538,8.79444963684772,8.82026481628418,8200400
2012-09-13,8.699788706924695,8.846076025830941,8.587921885369951,8.77723503112793,11813000
2012-09-14,8.648158180029856,8.940732811374154,8.6309475214099,8.897706985473633,13140600
2012-09-17,8.803052940652782,8.854684113085046,8.665370908366272,8.691186904907227,7567200
2012-09-18,8.699792611164433,8.863290662444786,8.648162252291513,8.82026481628418,11494200
2012-09-19,8.871892190034565,8.889102028726453,8.665368381186047,8.682579040527344,9328300
2012-09-20,8.630945987561065,8.682577133595935,8.50186935344773,8.613736152648926,14157200
2012-09-21,8.648160568076072,8.708396248580263,8.424426868132507,8.450242042541504,14222700
2012-09-24,8.398606276795503,8.424421434554255,8.114637079502028,8.166267395019531,16389100
2012-09-25,8.174875464993649,8.26092711393753,7.951141834259032,7.951141834259033,11043100
2012-09-26,7.761829672748563,7.951141991120947,7.701593189039749,7.925326824188232,14762900
2012-09-27,7.942537587982555,8.097430248937181,7.839276087562623,8.028589248657227,13151800
2012-09-28,7.99417057087069,8.002775903029722,7.865093871083776,7.882303714752197,10194700
2012-10-01,7.8995113555839795,8.037193334833049,7.839274874175515,7.908115863800049,8900400
2012-10-02,7.90811882299284,7.994170502548437,7.787647456394569,7.9769606590271,14936500
2012-10-03,7.985562182289983,8.045798663698449,7.882300697853181,7.908115863800049,14852600
2012-10-04,7.899513035787955,8.071615546455005,7.830672031521134,8.063010215759277,8263300
2012-10-05,8.080221881403526,8.1748780688724,7.933934523992788,7.959749698638916,8269000
2012-10-08,7.925327150379503,7.98556281591814,7.847880825744458,7.916721820831299,3998700
2012-10-09,7.89951007400911,7.951140397526615,7.718802300399451,7.744617462158203,10464500
2012-10-10,7.701593266762255,7.770434259710458,7.563911280865848,7.589726448059082,11751600
2012-10-11,7.632754474299049,7.744621325252877,7.48646711694786,7.641359806060791,21518500
2012-10-12,7.641359220618012,7.736015400796273,7.469256701816838,7.529492378234863,15317300
2012-10-15,7.520884668276634,7.6327514752763115,7.460649010911147,7.49506950378418,10050200
2012-10-16,7.572519375031972,7.744621920240721,7.5294935335673685,7.718806743621826,8285100
2012-10-17,7.675776483702066,7.7876432788555885,7.581120343487177,7.744617462158203,11597500
2012-10-18,7.710199716893008,7.72740955730721,7.5897275513956455,7.59833288192749,11000100
2012-10-19,6.841081510388612,6.849686841526288,6.471060888288806,6.514086723327637,54487000
2012-10-22,6.5571113000138554,6.600137129488178,6.3161678038668665,6.419429302215576,17758900
2012-10-23,6.333378018106493,6.6517678413934735,6.298957518849777,6.5571112632751465,16594300
2012-10-24,6.608742987526429,6.625953239694801,6.367799457169224,6.52269172668457,14488200
2012-10-25,6.591531263926595,6.67758291588387,6.462454606640055,6.660372257232666,10330900
2012-10-26,6.643163257846181,6.737819846600172,6.565717330979065,6.677584171295166,10852700
2012-10-31,6.686188665817586,6.866896500866013,6.668978415352247,6.789450168609619,9025300
2012-11-01,6.789449716418362,6.995973118572285,6.789449716418362,6.961552619934082,9030000
2012-11-02,6.909922530964247,6.995974201200979,6.832476602205871,6.866897106170654,7221900
2012-11-05,6.849686399349248,7.0217889077450595,6.815265897670085,7.004579067230225,5873300
2012-11-06,7.030396314416059,7.099237338103264,6.918529445761918,7.021790981292725,8362600
2012-11-07,6.970159293243849,6.970159293243849,6.755030519802269,6.8152666091918945,8227100
2012-11-08,6.8324748073187,6.875500220809541,6.712003075089813,6.737818241119385,5074400
2012-11-09,6.737819929977337,6.91852777877805,6.66897892287702,6.6861891746521,6744200
2012-11-12,6.746424930807078,6.746424930807078,6.574322011155515,6.694794178009033,4581000
2012-11-13,6.755031086118593,6.755031086118593,6.496877274930676,6.505482196807861,6237900
2012-11-14,6.574320336129664,6.617346157661489,6.316166637912648,6.333376884460449,12405300
2012-11-15,6.393614059225019,6.548506725231177,6.350588637809218,6.37640380859375,11991300
2012-11-16,6.49687394243601,6.5398993504022105,6.06661740082633,6.367796897888184,20595000
2012-11-19,6.38500874966187,6.65176782333976,6.367798500080223,6.625952243804932,10262500
2012-11-20,6.582927183920114,6.720609188079834,6.514086181840253,6.720609188079834,15159800
2012-11-21,6.712004417370912,6.798055671885976,6.668978584951007,6.729214668273926,9120000
2012-11-23,6.746423079615915,6.952946034139029,6.729212833405655,6.944340705871582,4589800
2012-11-26,6.9013194966594416,7.219709431600005,6.875503497676625,7.1938934326171875,15418300
2012-11-27,7.1852868602760775,7.271337703599155,7.107840526830667,7.142261028289795,11535400
2012-11-28,7.05621067338485,7.3746005761118285,7.004580321942443,7.348785400390625,12998100
2012-11-29,7.4262280678127786,7.503674377244134,7.1852846323090755,7.297150611877441,13506900
2012-11-30,7.288548946380615,7.322969450586977,7.159471440119596,7.288548946380615,19913200
2012-12-03,7.357390898943257,7.374600742930144,7.245524040754686,7.322970390319824,10521100
2012-12-04,7.331575504905862,7.503678042911945,7.271339001116507,7.452046871185303,13837700
2012-12-05,7.4176238289388285,7.529490645579648,7.357388166381984,7.512279987335205,16800200
2012-12-06,7.503677634549117,7.641359657461095,7.391810785770737,7.632754325866699,16157000
2012-12-07,7.70159406501355,7.710199395186339,7.520886234632251,7.572517395019531,10797500
2012-12-10,7.460651411388072,7.572518254381092,7.331574726745882,7.4262309074401855,11268200
2012-12-11,7.486889362335205,7.538881184726391,7.408900802353309,7.486889362335205,13108800
2012-12-12,7.530213352225484,7.625533042078191,7.278917415477668,7.348240375518799,11347500
2012-12-13,7.356906197732336,7.426229160087808,7.148937310665921,7.226925849914551,9228300
2012-12-14,7.200929567061042,7.261586949334462,7.06228282324417,7.1142754554748535,7885200
2012-12-17,7.148938759320103,7.235592893021403,7.062284625618803,7.209596157073975,8772500
2012-12-18,7.322245762658842,7.512884349569721,7.278918698397958,7.469557285308838,12543900
2012-12-19,7.58220595927099,7.677524822399673,7.5128829994692445,7.547544479370117,10109400
2012-12-20,7.530214509936321,7.5648759952858144,7.304915268362107,7.3222455978393555,8287400
2012-12-21,7.105610252595027,7.2615873310922865,7.062283194524133,7.226925849914551,18962800
2012-12-24,7.183600143553122,7.209596052729246,7.09694601110597,7.1489386558532715,2521800
2012-12-26,7.1489362504168295,7.2529206785282465,6.2304063090378685,6.412379264831543,30435700
2012-12-27,6.221742345154035,6.299730893038997,6.048434920073558,6.1870808601379395,35280900
2012-12-28,6.135088051000144,6.247738073221845,6.109092146301262,6.213076591491699,19906700
2012-12-31,6.187081294197842,6.317062078725859,6.1350890630261405,6.2910661697387695,11254400
2013-01-02,6.455704955907073,6.568354943095128,6.221739820391984,6.403712749481201,18853200
2013-01-03,6.473039052279262,6.637681331377876,6.351723840963587,6.49036979675293,14383500
2013-01-04,6.507699967004659,6.802322578353643,6.429711422107659,6.767661094665527,17510700
2013-01-07,6.750329309176876,6.914971537839412,6.698337091683036,6.7849907875061035,11854900
2013-01-08,6.845648687284927,7.0276212447351405,6.81965237153637,6.854313850402832,14706300
2013-01-09,6.984296693063746,7.09694590663369,6.906307727090849,7.088281154632568,17503200
2013-01-10,7.148937071999266,7.365571528726517,7.114275591978701,7.348240375518799,17807200
2013-01-11,7.304915432791498,7.486888441571198,7.304915432791498,7.469557285308838,8996700
2013-01-14,7.478225116445959,7.590875186904956,7.270256137011779,7.573544025421143,12004600
2013-01-15,7.547545641484607,7.556211219392802,7.4262300299548505,7.504218578338623,8006500
2013-01-16,7.469555317069427,7.590870899754055,7.46088974122164,7.564874172210693,5613400
2013-01-17,7.547542597496024,7.668858160098175,7.391565563635353,7.530211448669434,17066200
2013-01-18,7.434895575772721,7.53888003103727,7.365572605596355,7.521549701690674,8266800
2013-01-22,7.486888674113352,7.738184662957694,7.434896030106402,7.694857597351074,10979300
2013-01-23,7.694857971482205,8.128126995824255,7.5648767683425415,8.067469596862793,27889300
2013-01-24,7.972149779965841,8.015476847121187,7.833503826184795,7.894161224365234,11419700
2013-01-25,7.954821147540582,8.110797465652483,7.902828490573118,7.937489986419678,8462800
2013-01-28,7.963483282086689,8.223444828618147,7.9288217976421596,8.162787437438965,8544000
2013-01-29,8.024140860556145,8.206113845994931,8.015475283536462,8.188782691955566,10042900
2013-01-30,8.171456203049214,8.318767776007334,8.015479049000545,8.03281021118164,10116200
2013-01-31,8.058806167096918,8.11079800110147,7.946156091559985,8.01547908782959,7197900
2013-02-01,8.128123207989121,8.266769098944167,8.0588002625116,8.24077320098877,8208900
2013-02-04,8.162783212589469,8.258102038878574,8.024137346570933,8.041467666625977,6427700
2013-02-05,8.284101888998663,8.284101888998663,8.145455144192923,8.197447776794434,7121000
2013-02-06,8.232109069824219,8.284101701247366,8.171451688492915,8.232109069824219,6958300
2013-02-07,8.206110252318897,8.232106145598737,7.937483267112075,8.041467666625977,9249200
2013-02-08,8.050136281884159,8.214778103398363,8.015474802281439,8.197447776794434,7550700
2013-02-11,8.197447864824852,8.28410197795964,8.145455231665006,8.275436401367188,5033800
2013-02-12,8.249440904698435,8.327428618690849,8.162786787291427,8.188782691955566,7250100
2013-02-13,8.180114587145173,8.214776058118026,8.041468703253763,8.136788368225098,9026800
2013-02-14,8.093464997140053,8.292768339114001,8.058803510431757,8.249442100524902,7161500
2013-02-15,8.240776842107179,8.327430149043774,8.076134154056046,8.102130889892578,6682900
2013-02-19,8.128121746084835,8.128121746084835,7.9894758800662995,8.041467666625977,10355900
2013-02-20,8.110792707482382,8.232108284973581,7.998142705468004,8.006808280944824,8920100
2013-02-21,8.058802312103532,8.284102355403299,7.937486713466374,8.206113815307617,15324600
2013-02-22,8.648048452282184,8.656714030225151,8.102130264195191,8.570060729980469,25406800
2013-02-25,8.622052739148117,8.77802984005652,8.535399436950684,8.535399436950684,13560600
2013-02-26,8.578721447592624,8.734698471641634,8.544059978514467,8.700037002563477,11061400
2013-02-27,8.665379144459491,8.994663651116346,8.656713566980242,8.90800952911377,8450500
2013-02-28,8.925345513397575,8.960007015674258,8.743372419846139,8.75203800201416,8770000
2013-03-01,8.734702719954466,8.942671635573618,8.622052684062005,8.899345397949219,8034300
2013-03-04,8.864683840482051,9.011995374855221,8.752034621392058,8.93400764465332,7815000
2013-03-05,8.942672990451392,9.063988622806905,8.908011499263408,8.986000061035156,8857100
2013-03-06,9.029325294125005,9.09864826239355,8.925340841722189,9.063986778259277,7707700
2013-03-07,9.107315693390671,9.141977184578655,8.916677078659188,8.986000061035156,5279200
2013-03-08,9.011993502764202,9.358609146036617,8.977332021076453,9.263289451599121,10595500
2013-03-11,9.237293546932035,9.297950933286872,9.202632065244284,9.263289451599121,5098500
2013-03-12,9.228432468153756,9.341718328369453,9.141289243046486,9.219717979431152,5354800
2013-03-13,9.272002155192,9.333001901463648,9.15000183158949,9.324287414550781,6217700
2013-03-14,9.367861462329865,9.577004216453199,9.333004336642643,9.455004692077637,7846700
2013-03-15,9.411430621561033,9.446287738153291,9.211001577861138,9.324287414550781,7282900
2013-03-18,9.15000666302844,9.263292559535952,9.080292393032996,9.167435646057129,5587800
2013-03-19,9.176145071048683,9.211002189957291,8.853716513379238,8.993144989013672,8219400
2013-03-20,9.04543125589343,9.211002366110929,9.04543125589343,9.106431007385254,5813100
2013-03-21,9.071575757354559,9.08900473626372,8.82757587004249,8.83629035949707,9140100
2013-03-22,8.940861846531075,9.028004248939029,8.871147592180924,8.897290229797363,5087400
2013-03-25,8.914715635743356,9.028001471981186,8.871144863471214,8.958287239074707,5756600
2013-03-26,8.94086237923926,9.158719644828563,8.932147889161405,9.141290664672852,4379800
2013-03-27,9.062862283852306,9.193577147145865,9.028005153185934,9.158720016479492,3462400
2013-03-28,9.071574995384426,9.219717979431152,9.045432360276,9.219717979431152,4664800
2013-04-01,9.184860772075437,9.219717895589486,9.001860665861834,9.054146766662598,4463600
2013-04-02,9.054145268422031,9.062858924564111,8.801430956998395,8.818859100341797,4673000
2013-04-03,8.862432845785088,8.958289734973704,8.679432725654504,8.723004341125488,8062400
2013-04-04,8.705572684553367,9.089001785478375,8.67071556911102,9.045430183410645,7570000
2013-04-05,8.845001402836877,8.984430699709044,8.74914454035527,8.958287239074707,7052500
2013-04-08,8.92343315551814,9.132575925321028,8.906005006897646,9.123862266540527,5208800
2013-04-09,9.097719713236824,9.158720317200556,8.818862658749742,9.071577072143555,8521600
2013-04-10,9.097720545002032,9.254578068021608,9.010578123037552,9.167435646057129,8597200
2013-04-11,9.054145570398187,9.115145320723435,8.871145488363176,8.993144989013672,7945300
2013-04-12,8.967007043404987,9.24586414039369,8.89729276915781,9.097721099853516,8641600
2013-04-15,9.001862539389531,9.028005179701204,8.84500503540039,8.84500503540039,9139100
2013-04-16,8.906003625397574,8.967003382696255,8.845003037039529,8.940860748291016,6112100
2013-04-17,8.871147778952675,8.8798614376353,8.531290158545788,8.592289924621582,9357400
2013-04-18,8.635861519747042,8.653290499185799,8.243718624029327,8.322147369384766,9976100
2013-04-19,8.339576517084357,8.487719535827637,8.269862253094528,8.487719535827637,6942400
2013-04-22,8.496432528723876,8.836290129054227,8.444146424419424,8.775289535522461,8852400
2013-04-23,8.862433102622289,9.001861611322589,8.77528986915487,8.897290229797363,6160500
2013-04-24,8.888575376336382,9.062861005076423,8.801432977496077,9.036718368530273,7566700
2013-04-25,9.106431870091328,9.306860949931167,9.019289478427394,9.202289581298828,6429100
2013-04-26,9.123862369392212,9.27200537410412,9.071576260822331,9.18486213684082,5721600
2013-04-29,9.176148300818475,9.376577428383358,9.176148300818475,9.272006034851074,6503900
2013-04-30,9.26329055169253,9.40271906146191,9.202290786433293,9.37657642364502,6631800
2013-05-01,9.367860260109866,9.577002987392966,9.34171762696431,9.498574256896973,10697000
2013-05-02,9.481147994152474,9.533433270824005,9.010576348811243,9.38529109954834,18073300
2013-05-03,9.489862442932635,9.577004847361694,9.289433333732779,9.33300495147705,6392000
2013-05-06,9.359148063432391,9.507291072625788,9.333005423886359,9.411434173583984,3176900
2013-05-07,9.394003979304795,9.411432957456363,9.115146977355085,9.237147331237793,8832100
2013-05-08,9.228435392044023,9.472435336168932,9.219720900560365,9.437578201293945,4465900
2013-05-09,9.385291534037952,9.437576813130017,9.27200565459244,9.411434173583984,6641800
2013-05-10,9.455004038054772,9.524718284606934,9.394003449027103,9.524718284606934,3723300
2013-05-13,9.533434991581718,9.803578406676374,9.4898641968442,9.646720886230469,8702400
2013-05-14,9.672861025556978,9.84714663759976,9.646717560456047,9.725146293640137,6567200
2013-05-15,9.742576333145633,9.916861964200411,9.716432865192836,9.786147117614746,4830800
2013-05-16,9.838435357729054,9.977863892833511,9.768721090176825,9.847149848937988,3808400
2013-05-17,9.916860443764076,10.047574439249448,9.890717810878865,9.960432052612305,5862500
2013-05-20,9.934288383138123,10.126002959468375,9.882003118449425,10.056288719177246,5024300
2013-05-21,10.03886423133314,10.187006422618738,9.951720983697282,10.09986400604248,6719300
2013-05-22,10.091149692876161,10.195721093246013,9.838435267550786,9.899435043334961,8026000
2013-05-23,9.699007004379544,9.943006945384791,9.411435437572734,9.855864524841309,11753300
2013-05-24,10.32643072614147,10.370001497554528,9.76871604282688,9.882001876831055,14338000
2013-05-28,9.9604355544906,10.0301498207341,9.829720681989329,9.838435173034668,7009300
2013-05-29,9.742574839430475,10.18700292271633,9.742574839430475,9.960432052612305,8858700
2013-05-30,9.977861847042025,10.021433463093452,9.568289985853733,9.629290580749512,10961100
2013-05-31,9.655432957014307,9.725147208388751,9.428861224517647,9.455004692077637,10433400
2013-06-03,9.463722776925088,9.594437682689525,9.211008289718963,9.489866256713867,9117800
2013-06-04,9.53343196982043,9.56828909319775,9.341718206774859,9.420146942138672,6938200
2013-06-05,9.35043309993907,9.437576335427613,9.26329069551001,9.33300495147705,6322400
2013-06-06,9.324290316951766,9.48986229559751,9.306862168760329,9.37657642364502,6177200
2013-06-07,9.411434314235402,9.890720478726283,9.359148203302407,9.794862747192383,11184800
2013-06-10,9.646716427433438,9.803573875378454,9.620573796462352,9.7164306640625,8983300
2013-06-11,9.593776910506035,9.777767189252444,9.479878086943396,9.523685455322266,9211900
2013-06-12,9.655104238883661,9.804047903242127,9.497398101196648,9.602535247802734,9278600
2013-06-13,9.637581962602997,9.71643503962232,9.532444805095848,9.66386604309082,6069200
2013-06-14,9.681387991886618,9.751479420606145,9.637580640047979,9.646342277526855,4029200
2013-06-17,9.812805441772115,9.970511513578328,9.777759740876892,9.935465812683105,7829400
2013-06-18,9.917948846471525,10.136984825134277,9.917948846471525,10.136984825134277,6058300
2013-06-19,10.093174465129522,10.163265884841064,9.830331223433427,9.847853660583496,5914100
2013-06-20,9.698908181937552,9.83033020697434,9.63757840492038,9.78652286529541,7151200
2013-06-21,9.839093298929793,9.891662288301816,9.690149639413166,9.804047584533691,7434900
2013-06-24,9.663864716928867,9.769001860008157,9.479874507651177,9.646342277526855,7763800
2013-06-25,9.830334085707223,10.10193820728283,9.769003448935413,10.040608406066895,9836000
2013-06-26,10.084415332296562,10.28592800510513,9.95299326104434,10.277166366577148,9381200
2013-06-27,10.329731858333888,10.461153049452074,10.27716288055328,10.364777565002441,6850300
2013-06-28,10.23335471945275,10.364775889324012,10.172024116031464,10.259638786315918,5603500
2013-07-01,10.41735057068589,10.522487731343178,10.277166854253625,10.294690132141113,5006000
2013-07-02,10.294689995232442,10.461156955170344,10.136983838565898,10.26840591430664,3469200
2013-07-03,10.242118430434923,10.50496168047367,10.207072719466801,10.452393531799316,3144600
2013-07-05,10.469916167982598,10.540007591247559,10.408586381514677,10.540007591247559,2936100
2013-07-08,10.540008930904177,10.583816284901701,10.084414621774972,10.110698699951172,5671600
2013-07-09,10.128222689380637,10.382304357801264,10.128222689380637,10.277166366577148,3292900
2013-07-10,10.277161219039556,10.338491822460842,10.180785750170994,10.259638786315918,3384800
2013-07-11,10.347259270035389,10.513726234436035,10.329735991911168,10.513726234436035,3625900
2013-07-12,10.452397147870364,10.592580040239987,10.417351424777959,10.522488594055176,2758700
2013-07-15,10.496200911052044,10.59257725084386,10.452394395389286,10.48744010925293,2861700
2013-07-16,10.522487674310382,10.531249313206636,10.285928437446744,10.39106559753418,4181100
2013-07-17,10.391066505791693,10.531250233717264,10.391066505791693,10.522488594055176,2617500
2013-07-18,10.513724835792466,10.513724835792466,10.277165625920361,10.399826049804688,3932200
2013-07-19,10.408586381514677,10.583814939677078,10.347256595046755,10.540007591247559,5359700
2013-07-22,10.583813189196844,10.583813189196844,10.452392001200003,10.469914436340332,3842300
2013-07-23,10.478677892413005,10.680190527096102,10.478677892413005,10.504961967468262,4506300
2013-07-24,10.522485472712665,10.70647567325876,10.461154848826833,10.496200561523438,4586100
2013-07-25,10.478678703308105,10.531247693042362,10.215835425748315,10.478678703308105,5205700
2013-07-26,10.373541509718198,10.469917015621107,10.347257432754812,10.417348861694336,1875100
2013-07-29,10.452391079947647,10.636381228260031,10.426106176220548,10.601335525512695,4689700
2013-07-30,10.671432852904335,11.127027241442654,10.618863851833488,11.074459075927734,9167000
2013-07-31,11.05693168101186,11.442435317208469,11.004363535065897,11.372343063354492,10268800
2013-08-01,11.424915450746626,11.547575887112966,11.346062372765111,11.451199531555176,6050600
2013-08-02,11.407389843354034,11.538811046485321,11.36358249712506,11.495003700256348,4076400
2013-08-05,11.416151627204673,11.486243052984378,11.363583475647745,11.398629188537598,4575800
2013-08-06,11.372342796008356,11.45995748459943,11.118261201760951,11.22339916229248,6027000
2013-08-07,11.24092402134535,11.363584444697773,11.16207095172992,11.267208099365234,6234700
2013-08-08,11.30225294829206,11.363583573041726,11.144547656713929,11.232161521911621,3007400
2013-08-09,11.223399066967838,11.363581899078456,11.109500306989064,11.127022743225098,3553700
2013-08-12,11.04817324781601,11.293494118536966,11.004366725346278,11.135787963867188,3713600
2013-08-13,11.407386108225694,11.801650424080952,11.389862841249506,11.722797393798828,7079400
2013-08-14,11.740322143721722,11.836698460012617,11.538809547032619,11.547571182250977,7485600
2013-08-15,11.45119843834568,11.547574784702729,11.319777211293431,11.424914360046387,4426900
2013-08-16,11.38986873626709,11.49500588587363,11.354823019731578,11.38986873626709,3486200
2013-08-19,11.407393763232324,11.58262237280571,11.35482476258235,11.521291732788086,3672600
2013-08-20,11.591381749625915,11.600143387914937,11.424914799913587,11.538813591003418,6711200
2013-08-21,11.45995984375716,11.573858628150626,11.381106774903547,11.433675765991211,6548500
2013-08-22,11.486243376968398,11.573858079442166,11.284730731056754,11.354822158813477,4231500
2013-08-23,11.091978801608386,11.153308591534728,10.233358400416732,10.680191040039062,21558200
2013-08-26,10.566292590004766,10.645144815170534,10.40858646856187,10.504961967468262,13557700
2013-08-27,10.312214431303417,10.426112406628507,10.189553980610906,10.198315620422363,12902000
2013-08-28,10.145744263062412,10.592577763099465,10.136982625283856,10.373541831970215,7756600
2013-08-29,10.382299830155349,10.531244277954102,10.338492492175337,10.531244277954102,5659200
2013-08-30,10.531246615605644,10.610098838806152,10.443631920197532,10.610098838806152,6783300
2013-09-03,10.653905240351344,10.88170275973752,10.653905240351344,10.741519927978516,6931700
2013-09-04,10.837895415923935,10.864179487989851,10.69771258416493,10.741519927978516,7195100
2013-09-05,10.750280132298682,10.872939675976145,10.50495937383281,10.531244277954102,8155700
2013-09-06,10.557532078626313,10.69771494127286,10.356018586905073,10.566293716430664,7305600
2013-09-09,10.583816147895384,11.0306496488855,10.583816147895384,11.013126373291016,7203300
2013-09-10,11.312446269756725,11.444497831992837,11.162787384788674,11.268428802490234,9016200
2013-09-11,11.171585191889163,11.321244009678352,11.171585191889163,11.277227401733398,5710000
2013-09-12,11.347655886336657,11.347655886336657,11.021928092117989,11.039534568786621,4533400
2013-09-13,11.08355649817831,11.145180450762616,10.951504091773304,11.12757396697998,3253500
2013-09-16,11.233214671853656,11.321248764278339,11.092359452323494,11.224411010742188,4040300
2013-09-17,11.250823753075275,11.347662368541224,11.118772164157106,11.153985977172852,3064500
2013-09-18,11.083551686622787,11.20679953828744,10.951499337543918,11.180389404296875,4851800
2013-09-19,11.18039204582277,11.28603344630733,11.004323045015173,11.057144165039062,3865600
2013-09-20,11.057147341717767,11.242020055569817,10.960308733779788,10.969112396240234,7225300
2013-09-23,11.004321738170177,11.06594567124373,10.308848637900347,10.590559005737305,19153200
2013-09-24,10.564148902893066,10.687397609002875,10.47611399287704,10.564148902893066,5437100
2013-09-25,10.564152100208524,10.64338337529023,10.476117163548103,10.528938293457031,4635600
2013-09-26,10.564147285496054,10.643378524467353,10.528933494793586,10.555343627929688,3298400
2013-09-27,10.53774045811992,10.53774045811992,10.282440185546875,10.282440185546875,7102000
2013-09-30,10.11517209511183,10.22961713916305,9.89508566568174,10.12397575378418,9124900
2013-10-01,10.062353502673796,10.185601386417355,9.868677177352607,9.92149829864502,11330700
2013-10-02,9.84226474301441,10.009530048931115,9.833461084923254,9.930298805236816,5689400
2013-10-03,9.930305545276076,10.018340506813878,9.736629973194693,9.956716537475586,5847500
2013-10-04,9.965514842929927,10.00953230373829,9.78944583925971,9.815855979919434,4478400
2013-10-07,9.727822890487761,9.824660642496845,9.639787959887999,9.71021556854248,3705200
2013-10-08,9.710213066016369,9.807051632631437,9.569357885008746,9.648589134216309,6620200
2013-10-09,9.6662003168787,9.833466555410872,9.613380018073233,9.75423526763916,10148200
2013-10-10,9.84226602846222,10.097566269507832,9.798248571820599,10.053548812866211,8365100
2013-10-11,10.088761292625414,10.097564950716567,9.877478535815982,9.930298805236816,3973800
2013-10-14,9.815855050739355,10.088762610266876,9.789444912579645,10.053548812866211,4713200
2013-10-15,10.150392109556968,10.185605926259367,9.956716537475586,9.956716537475586,5004500
2013-10-16,9.965513621042732,10.176797239104413,9.947907142616085,10.141583442687988,4394800
2013-10-17,10.071158960919536,10.344066619873047,10.035945150689741,10.344066619873047,4747000
2013-10-18,10.370476767654528,10.414494240332637,10.256031674516828,10.344066619873047,5402300
2013-10-21,10.37047390289437,10.590560365924336,10.32645644237573,10.581757545471191,5598000
2013-10-22,10.581758414207224,10.75782743117338,10.502527146681627,10.713809967041016,8738100
2013-10-23,10.59936273352296,10.67859398488292,10.493721344897391,10.537738800048828,13714300
2013-10-24,10.484917967380749,10.590559358841844,10.167993792997462,10.44970417022705,9590700
2013-10-25,10.511330970299596,10.599365906960019,10.458510679954045,10.528938293457031,5205100
2013-10-28,10.493724486705538,10.58175942336596,10.458510679954045,10.528938293457031,5460600
2013-10-29,10.520131447885053,10.590559040072623,10.47611399287704,10.564148902893066,4390500
2013-10-30,10.608169261954524,10.72261434048017,10.555348133572165,10.616972923278809,3136100
2013-10-31,10.616970016815305,10.713807746182434,10.45850751461171,10.564148902893066,5774100
2013-11-01,10.546542905405698,10.678595286961615,10.511329104903432,10.581757545471191,4717900
2013-11-04,10.65218544106854,10.65218544106854,10.528936716120475,10.572954177856445,3309200
2013-11-05,10.493722393331767,11.735009883153923,10.370473674506517,11.47970962524414,30211400
2013-11-06,11.462102227843516,11.585350097241955,11.277229584182713,11.453298568725586,12577000
2013-11-07,11.444494909607657,11.523726162542735,11.277229584182713,11.453298568725586,10350500
2013-11-08,11.47090658344343,11.752617835998535,11.444496442116257,11.752617835998535,6246200
2013-11-11,11.735009130698604,11.875864320573914,11.638171397550117,11.867060661315918,3295500
2013-11-12,11.79663279620164,12.043130212401094,11.752616180046079,12.034326553344727,6218000
2013-11-13,12.025523174296733,12.34244819120029,11.990309376814466,12.289627075195312,7441100
2013-11-14,12.228002147592122,12.263215942217947,11.937488132038284,12.051932334899902,6410700
2013-11-15,12.263223633557537,12.272026458062697,12.06954722186254,12.210402488708496,3632200
2013-11-18,12.228002829652567,12.316036901346003,12.131164259357712,12.139967918395996,4119100
2013-11-19,12.095950493042961,12.148771607841738,11.735008867201255,11.770222663879395,7295300
2013-11-20,11.690991771912675,11.796633165204165,11.56774389952085,11.708599090576172,6666500
2013-11-21,11.805437039494999,12.219199800426365,11.717402963264039,12.175182342529297,9017300
2013-11-22,12.76501873531796,12.88826749431561,12.509718394194142,12.83544635772705,12404400
2013-11-25,12.79142441806278,12.861852015884045,12.615355423509616,12.747406959533691,8914900
2013-11-26,12.712189443185617,12.844241780156693,12.500906711507428,12.562531471252441,5699000
2013-11-27,12.61535810084195,12.747409664891066,12.509716681689985,12.59775161743164,3321700
2013-11-29,12.571341192669921,12.721000086355799,12.50091357676638,12.527323722839355,1579200
2013-12-02,12.606550868576347,12.826637306028102,12.500909479347081,12.536123275756836,4946600
2013-12-03,12.430481910705566,12.448089228726257,12.21039547282573,12.430481910705566,8935400
2013-12-04,12.368858929820565,12.536124266089805,12.368858929820565,12.509714126586914,6115800
2013-12-05,12.492109838432505,12.492109838432505,12.14877542289489,12.192792892456055,6300200
2013-12-06,12.36886137001631,12.500912933145807,11.963902179638923,11.972705841064453,8264000
2013-12-09,11.787829365716062,11.972701998501678,11.726204595078796,11.814239501953125,8630000
2013-12-10,11.8053991683952,11.991102105089071,11.761184022833087,11.902671813964844,11448400
2013-12-11,11.973412444907959,12.238702402613985,11.893825373262798,11.929197311401367,7646600
2013-12-12,11.911513799904238,11.911513799904238,11.637380599975586,11.637380599975586,6031600
2013-12-13,11.716972263088799,11.7700306217622,11.602013188741433,11.628541946411133,4822000
2013-12-16,12.026474336579394,12.35366507212353,12.008787940603819,12.044159889221191,8884700
2013-12-17,12.106064268779267,12.159122629502253,11.982262832649026,11.991106033325195,6809300
2013-12-18,11.946886959526958,11.973415709530723,11.61969623170133,11.902671813964844,4457800
2013-12-19,11.849614197429041,12.02647479052538,11.814242247476535,11.893829345703125,3332600
2013-12-20,11.858455255842884,11.938042339707653,11.770025818585983,11.796554565429688,3215600
2013-12-23,11.849614197429041,11.920358097334052,11.716969595940595,11.893829345703125,3304300
2013-12-24,11.867298126220703,11.938042011414245,11.840769380106533,11.867298126220703,952100
2013-12-26,11.849612766151408,12.362506400178832,11.814240820471367,12.167961120605469,7580700
2013-12-27,12.247545577564528,12.28291751564413,12.026470753733642,12.052999496459961,2583000
2013-12-30,12.026473337885312,12.238705011965548,12.008786943378437,12.167961120605469,2905600
2013-12-31,12.689695926218361,12.946142702295237,12.610108850309405,12.716224670410156,10160300
2014-01-02,12.716220411945717,12.769277882561186,12.415558600680434,12.530517578125,5268500
2014-01-03,12.521679878234863,12.601266962404488,12.433250440639238,12.521679878234863,2691400
2014-01-06,12.521679934309622,13.016887991730677,12.521679934309622,12.946144104003906,8749300
2014-01-07,12.95498758376481,13.37060859279356,12.95498758376481,12.999202728271484,12632500
2014-01-08,12.9992042809469,13.291023088879683,12.946146775868487,13.23796558380127,6496500
2014-01-09,13.361762840707648,13.529780189044502,13.299862156232793,13.397134780883789,6377800
2014-01-10,13.565150500405053,13.697795049305089,13.423662756689422,13.450191497802734,6934500
2014-01-13,13.405977658668709,13.520936672346854,13.352920171330215,13.467878341674805,4993300
2014-01-14,13.476725450720497,13.98961914170589,13.476725450720497,13.9807767868042,8445700
2014-01-15,13.777387451198152,13.927718447944255,13.512097407332453,13.724329948425293,11521300
2014-01-16,13.573999205459108,13.671271857917164,13.02573271099715,13.052262306213379,11259600
2014-01-17,13.025730181171635,13.229119488325196,12.884242407499759,12.981515884399414,6519400
2014-01-21,13.069945682399984,13.2025911063826,12.893085960423507,13.167219161987305,5427000
2014-01-22,13.176061616037888,13.573997047685848,13.167219262371908,13.556310653686523,6772900
2014-01-23,13.423665046691895,13.556309618220357,13.299862828154012,13.423665046691895,5288100
2014-01-24,13.308709156633538,13.35292430532677,13.052262306213379,13.052262306213379,5254100
2014-01-27,13.131849796079953,13.29102315544623,12.901931690698412,13.114163398742676,5180700
2014-01-28,13.052259969736767,13.21143329587154,12.857713856312413,13.202590942382812,5853600
2014-01-29,13.052259685190487,13.299863287483983,12.9638294055617,13.149532318115234,5181400
2014-01-30,13.291020393371582,13.397136225341242,13.18490456140192,13.291020393371582,3749200
2014-01-31,13.193747745560417,13.335235521384067,13.105317464003802,13.202590942382812,4202900
2014-02-03,13.24680320554032,13.25564640100468,12.733909675276866,12.778124809265137,5534100
2014-02-04,12.786970528385634,12.919615113195848,12.672011494661053,12.760441780090332,3380300
2014-02-05,12.7427544486926,12.946143752891185,12.689696956003328,12.848870277404785,3601700
2014-02-06,12.866556571360212,12.963829202763284,12.831184628728764,12.928457260131836,1996600
2014-02-07,12.954984889674991,13.229118053941253,12.946142537279481,13.17605972290039,4523300
2014-02-10,13.114161101827891,13.20259138635823,12.990358872152155,13.140689849853516,3746600
2014-02-11,13.140688102551406,13.176060042993438,12.848869383071257,13.105316162109375,3832500
2014-02-12,13.158373594332067,13.494407427211538,13.14068720365411,13.485564231872559,5154500
2014-02-13,13.397134463001109,13.529779868014456,13.317548231993367,13.467878341674805,3508700
2014-02-14,13.547470092773438,13.61821399586882,13.317552829380368,13.547470092773438,3233700
2014-02-18,13.582841522264832,13.998462569476201,13.565155968837654,13.910032272338867,6531200
2014-02-19,13.93655704271808,14.095730341792988,13.821598033571272,13.94540023803711,6135800
2014-02-20,13.892345065196325,14.281436470949588,13.892345065196325,14.263750076293945,7722300
2014-02-21,14.166477434148751,14.697057435502764,13.512095207589825,13.795071601867676,11432700
2014-02-24,13.759703712798608,14.042679347131894,13.618215052298053,13.63590145111084,7359500
2014-02-25,13.618211724620888,13.65358367026924,13.291021016540212,13.361764907836914,6854300
2014-02-26,13.35292212274414,13.635897678793349,13.344078925784181,13.51209545135498,3184500
2014-02-27,13.494412587118823,13.662429146136896,13.379453533755365,13.547470092773438,4979500
2014-02-28,13.573998170016614,13.697799564913346,13.441352734055288,13.520939826965332,3157800
2014-03-03,13.344081902337264,13.688958227367506,13.123006989027061,13.644743919372559,3938300
2014-03-04,13.70664360442393,13.883503353233605,13.70664360442393,13.856974601745605,3966900
2014-03-05,13.795074066727672,14.007305767856698,13.768544471586184,13.910032272338867,3322300
2014-03-06,13.96309245506878,14.078051519127895,13.901191744934614,14.033836364746094,4043900
2014-03-07,14.007307609450582,14.104580274423405,13.96309245506878,14.033836364746094,2941400
2014-03-10,13.971933026080515,14.0515201203283,13.724329388791448,13.786230087280273,2546400
2014-03-11,13.830617293476923,14.159072161311135,13.795108681997334,14.070301055908203,7231700
2014-03-12,13.963771091594142,14.132437591407912,13.919385972624928,14.105806350708008,6247800
2014-03-13,14.16794790128294,14.185701781690973,13.812861827202456,13.963772773742676,3688100
2014-03-14,13.892755714917838,14.105808208350313,13.875001834310458,14.034790992736816,4098200
2014-03-17,13.93714130665297,14.079175734010702,13.901632699813536,13.910510063171387,3440400
2014-03-18,13.866121371817133,14.15906753240123,13.84836749517751,14.052541732788086,4621300
2014-03-19,14.088052130306162,14.221210031757499,13.937140349949791,14.141315460205078,4595100
2014-03-20,14.141316012547383,14.389875406477724,14.114683923261754,14.363245010375977,4730400
2014-03-21,14.380998219397434,14.523032627568652,14.327734046445448,14.37212085723877,7935200
2014-03-24,14.425383095180658,14.425383095180658,14.088050958133104,14.1146821975708,4326200
2014-03-25,14.114683825129436,14.15019243067146,13.928263434385828,13.99040412902832,4371800
2014-03-26,14.070299065581317,14.105807672038003,13.573177728595748,13.58205509185791,4568900
2014-03-27,13.590932846069336,13.795107127420458,13.493283540560554,13.590932846069336,2980900
2014-03-28,13.750720753572663,13.786229360010482,13.635317571001764,13.697458267211914,2012500
2014-03-31,13.795105989288992,13.981526374816895,13.72408878019188,13.981526374816895,4956400
2014-04-01,14.478649091939568,14.78047270087379,14.327737287472457,14.381001472473145,13112900
2014-04-02,14.345492018091191,14.452018694925451,14.230089670272822,14.407631874084473,5157900
2014-04-03,14.380999233129566,14.505278925744067,14.096929550170898,14.096929550170898,4907700
2014-04-04,14.194579185450449,14.37212306958623,14.01703614790665,14.150193214416504,7439100
2014-04-07,14.070299600543564,14.265596520184681,13.981527657730702,14.034790992736816,4824700
2014-04-08,14.123559285359029,14.292225773903914,13.946016281568484,14.221208572387695,6393600
2014-04-09,14.238966003076376,14.37212306958623,14.10580808997454,14.150193214416504,3647500
2014-04-10,14.114681092931447,14.150189691600023,13.555420875549316,13.555420875549316,4228200
2014-04-11,13.528788977018698,13.688578096513115,13.244720183776872,13.262474060058594,3241400
2014-04-14,13.324614270809358,13.466648662391345,13.164825156983746,13.457771301269531,5282500
2014-04-15,13.519914343173859,13.57317767594827,13.289108825396621,13.511037826538086,3486300
2014-04-16,13.626439318052913,13.626439318052913,13.306861054241308,13.564298629760742,2595600
2014-04-17,13.573174748616408,13.919384220503066,13.457771591320856,13.857243537902832,3079200
2014-04-21,13.857247663402639,14.034791556155767,13.795107808894258,14.025914192199707,3566600
2014-04-22,13.981523073452552,14.105803583322924,13.901628520435292,14.0170316696167,1382000
2014-04-23,14.043667509744513,14.06142223694388,13.857247107111089,14.034790992736816,2438400
2014-04-24,14.034788479257713,14.185699400465882,13.990402515800328,14.1146821975708,2947300
2014-04-25,13.999281099317804,14.194578001023993,13.972649010964487,14.096929550170898,6475300
2014-04-28,14.114683315403932,14.132438040829733,13.883877811011857,13.95489501953125,6771200
2014-04-29,14.008161019366947,14.159072837004972,13.972652406192829,14.088055610656738,5159500
2014-04-30,13.963768980028302,14.132435454336754,13.928260382267325,14.079172134399414,4190700
2014-05-01,14.061423691390287,14.23009023086239,13.732968823556073,14.070301055908203,6402800
2014-05-02,14.079172971043421,14.150190170785518,13.93713857155923,14.052541732788086,2936100
2014-05-05,14.052542746915046,14.212331881162132,13.981525542047866,14.123559951782227,3854700
2014-05-06,14.123560332762242,14.150191573657843,13.644193763682036,13.670825004577637,3477700
2014-05-07,13.715212834964918,13.795107415104782,13.493283821950625,13.599809646606445,2663800
2014-05-08,13.590931281890839,13.93713995330928,13.573176556899183,13.670825004577637,2011600
2014-05-09,13.55542367697921,13.795106555878187,13.457774375516117,13.741843223571777,2359800
2014-05-12,13.777350995511016,13.954894003887839,13.777350995511016,13.88387680053711,3862300
2014-05-13,13.93713890433926,13.94601626616694,13.457772371338276,13.484403610229492,8483900
2014-05-14,13.466651909225689,13.697458274490131,13.448897182701367,13.58205509185791,2503000
2014-05-15,13.635315374932748,13.679701337479322,13.297983244807343,13.484403610229492,2158600
2014-05-16,13.386757443313305,13.608686447143555,13.315740229814983,13.608686447143555,2634600
2014-05-19,13.590928921596,13.883875060348188,13.546542963417119,13.866120338439941,2967200
2014-05-20,13.83061230358284,13.910506862235078,13.54654351423423,13.555420875549316,2678700
2014-05-21,13.653069730380073,13.777350252840407,13.573175169269271,13.706332206726074,2411700
2014-05-22,13.626442096602956,13.8750023606797,13.626442096602956,13.839493751525879,4240800
2014-05-23,13.475528010197776,14.159068832107815,13.2180904258537,14.105806350708008,11121300
2014-05-27,14.176824519771928,14.203455762280463,13.946018160452807,13.99040412902832,3830800
2014-05-28,14.07029819502324,14.088052073857137,13.910509052558654,13.95489501953125,2689100
2014-05-29,13.981527891702342,14.096931080653466,13.90163331115218,13.972650527954102,3148200
2014-05-30,14.00815864228094,14.017036005716072,13.78622963595447,13.821738243103027,3970300
2014-06-02,13.848371682161453,14.167949177623496,13.830616953561977,14.132440567016602,6214800
2014-06-03,14.132435154629874,14.274469542661656,14.043663238814146,14.256714820861816,4735100
2014-06-04,14.23896329606266,14.283348412066431,14.079173322763438,14.221208572387695,4026800
2014-06-05,13.661949615041637,13.67082613167741,13.360126038034533,13.511037826538086,16129800
2014-06-06,13.599806604085487,13.635315204360182,13.475526926419958,13.502158164978027,3617600
2014-06-09,13.377879367295858,13.502159907593084,13.013915955858451,13.173705101013184,9699800
2014-06-10,13.155880096860985,13.47675491018853,13.120227339824591,13.21827220916748,6636100
2014-06-11,13.414361847757483,13.699583883846671,13.387622494381302,13.503493309020996,7533200
2014-06-12,13.49457930059881,13.583710752236776,13.262835996288569,13.316314697265625,5622500
2014-06-13,13.289575446910417,13.334141598079508,13.004353439474054,13.271749496459961,9544100
2014-06-16,13.209356629912852,13.325228283687535,12.941961421232888,13.004353523254395,6266900
2014-06-17,13.031095022219217,13.316317078510368,12.995442265182824,13.21827220916748,10340200
2014-06-18,13.218270299703688,13.405447459613011,13.146964795931437,13.173704147338867,5412700
2014-06-19,13.236097331804743,13.271750084313478,13.048920168626722,13.102398872375488,8112200
2014-06-20,13.173706050364792,13.262838367970167,13.022181620452924,13.21827220916748,12761900
2014-06-23,13.173704015204374,13.218270167122188,13.048919809868869,13.111311912536621,5762600
2014-06-24,13.12913171649609,13.12913171649609,12.790431160562113,12.808257102966309,7651600
2014-06-25,12.790440788150299,12.924138431917196,12.63000293560691,12.9152250289917,10618700
2014-06-26,12.870658634195275,12.906311395230707,12.745874395585698,12.790440559387207,4056200
2014-06-27,12.78152416536861,12.81717691806025,12.629999753921973,12.63891315460205,5199500
2014-06-30,12.603258420860348,12.843914251194128,12.585431622302305,12.772608757019043,7938000
2014-07-01,12.81718024951946,13.120229151181624,12.81718024951946,13.022183418273926,5630800
2014-07-02,13.022179470781364,13.031092871076252,12.915221217328606,12.959787368774414,3482000
2014-07-03,13.040005683898926,13.138050532639724,12.986526134567564,13.040005683898926,2418500
2014-07-07,13.013266920515111,13.07565902252206,12.879568466177686,12.959787368774414,3467400
2014-07-08,12.959789269121552,13.093486893034973,12.843917598383166,13.048921585083008,11127300
2014-07-09,12.736956009931498,12.950872492456758,12.665650515756413,12.772608757019043,6506200
2014-07-10,12.585432428081115,12.852828473371915,12.523040329190412,12.710217475891113,6375600
2014-07-11,12.781524897033474,12.790438298223792,12.54086816506726,12.576520919799805,3069200
2014-07-14,12.558692782120563,12.647824228427874,12.30021014278078,12.4071683883667,7725200
2014-07-15,12.487388743155414,12.647825705253455,12.3893430357319,12.63891315460205,8657000
2014-07-16,12.692390459952584,12.879567603464364,12.612171562729166,12.826088905334473,5846500
2014-07-17,12.781525369617603,12.915222992300798,12.558695431793108,12.567608833312988,3707000
2014-07-18,12.51412987588031,12.736959824418085,12.442824360350524,12.683480262756348,5651200
2014-07-21,12.61217593204729,12.69239485706147,12.523044454276212,12.656742095947266,4031400
2014-07-22,12.665652273155727,12.71913182622177,12.567607417568086,12.621086120605469,4671700
2014-07-23,12.621087551786351,12.656740307863705,12.424996968346518,12.433910369873047,4508100
2014-07-24,12.407167802167072,12.478473295855391,12.326948909260578,12.44282054901123,2459400
2014-07-25,12.407174724225529,12.41608812841656,11.925861948286997,11.934775352478027,8179800
2014-07-28,11.96150993183287,11.979335883057649,11.676287912007037,11.801072120666504,12388400
2014-07-29,11.85455086067644,12.0149878108014,11.801071310615713,11.952595710754395,9351800
2014-07-30,12.014989257363464,12.228906633332656,12.006076706304146,12.139774322509766,7568400
2014-07-31,12.032817369797721,12.095209484150418,11.7654212582409,11.890206336975098,6597400
2014-08-01,11.8634698190078,12.006080885948254,11.818903648081656,11.934775352478027,3112200
2014-08-04,11.979336119462447,11.997162921067698,11.827812555961252,11.863465309143066,2653400
2014-08-05,11.765419102853057,11.899117559152733,11.596068744907846,11.631721496582031,7224700
2014-08-06,11.596066261798475,11.80106932751979,11.5515001192417,11.66737174987793,4249000
2014-08-07,11.747593246499202,11.774332597962704,11.408891677856445,11.408891677856445,4373700
2014-08-08,11.45345986000628,11.524765376564254,11.346500735140511,11.515851974487305,6599700
2014-08-11,11.578238297730119,11.747589452370342,11.524759612075172,11.694109916687012,6367000
2014-08-12,11.72976611900239,11.81889842143791,11.587155115128468,11.65846061706543,3084200
2014-08-13,11.685198806943166,11.854549994741086,11.685198806943166,11.818897247314453,4106400
2014-08-14,11.845639586709765,12.041730172088505,11.809986830279882,11.881292343139648,4471000
2014-08-15,11.899119146368973,11.970424659228739,11.738681317420117,11.881292343139648,2851700
2014-08-18,11.890207632239633,11.979339112448944,11.85455487015013,11.970426559448242,4153600
2014-08-19,12.032811522421952,12.077377661029193,11.943679245207468,12.023898124694824,3011600
2014-08-20,12.050641190522521,12.237817487241138,11.997161641439634,12.068467140197754,4317700
2014-08-21,12.077379603096679,12.175424443775707,12.00607410987038,12.157598495483398,7926600
2014-08-22,12.121949199277438,12.424997206734918,11.925858612075373,12.362605094909668,12827900
2014-08-25,12.398256131229621,12.416082932150973,12.032815212628453,12.050642013549805,5675100
2014-08-26,12.068464263302065,12.095203606455053,11.979331986087583,12.023898124694824,4505300
2014-08-27,11.988246525436615,12.300208675366578,11.988246525436615,12.264555931091309,7166700
2014-08-28,12.166511698276949,12.416081788006004,12.166511698276949,12.4071683883667,5423400
2014-08-29,12.389342901296523,12.58543346398712,12.309124846132276,12.398256301879883,6451700
2014-09-02,12.424992279596875,12.442819075922731,12.300208105429613,12.34477424621582,4512800
2014-09-03,12.585436476580083,12.621089237419108,12.496304999496953,12.505217552185059,5132000
2014-09-04,12.505213746461475,12.612171996427845,12.433908246483895,12.594346046447754,5395400
2014-09-05,12.585432646443405,12.701304296414124,12.567606696463315,12.594346046447754,5174700
2014-09-08,12.594342659902047,12.647821345490819,12.469557643480943,12.496297836303711,3710700
2014-09-09,12.523153094791637,12.53210480310608,12.397832593116986,12.433638572692871,4026400
2014-09-10,12.397832593116986,12.460492843954311,12.33517148859777,12.433638572692871,2909100
2014-09-11,12.33517148859777,12.487347115215751,12.33517148859777,12.433638572692871,2254800
2014-09-12,12.344126650273138,12.478398897825889,12.308320660680263,12.406786918640137,3893800
2014-09-15,12.397837459450951,12.41574002942497,12.174049785841238,12.29041862487793,4005100
2014-09-16,12.290416863165271,12.514204504697185,12.245660017804573,12.460495948791504,5870200
2014-09-17,12.43363885086034,12.61266875274505,12.362026890106456,12.397832870483398,9179000
2014-09-18,12.478395406901308,12.487347115215751,12.362026613541103,12.433638572692871,3557200
2014-09-19,12.460497137027833,12.514205698055177,12.326224880777287,12.487351417541504,5409600
2014-09-22,12.406782689806628,12.415734397574202,12.138238286234088,12.147189140319824,4570500
2014-09-23,12.120340030863527,12.200903727707553,11.986067771911621,11.986067771911621,4832500
2014-09-24,12.290417196675854,12.460496286917323,12.138242381692299,12.362030029296875,17087300
2014-09-25,12.29936523191621,12.379928897567318,12.147189608726757,12.281462669372559,10142200
2014-09-26,12.335171332434719,12.379929019758416,12.182995707743277,12.200899124145508,2755500
2014-09-29,12.111390245518367,12.22775995350285,12.075584247191014,12.156147956848145,2268000
2014-09-30,12.165092674129765,12.165092674129765,12.012917055328822,12.066625595092773,3659000
2014-10-01,12.021873860187108,12.021873860187108,11.798086191032068,11.968164443969727,6746800
2014-10-02,11.950259237914885,11.986065222932973,11.645907938420121,11.762277603149414,5150200
2014-10-03,11.824938535903259,11.932356497065554,11.681714587686868,11.798084259033203,4516500
2014-10-06,11.789133165261712,11.914454553344706,11.699617766104984,11.77122974395752,5678000
2014-10-07,11.726475152367119,11.851795710859712,11.663814019438545,11.672765731811523,6606400
2014-10-08,11.735421508884674,11.986064237077924,11.636955271604293,11.950258255004883,6072900
2014-10-09,11.950257829904293,11.950257829904293,11.67276083844801,11.753324508666992,4338100
2014-10-10,11.52058692597538,11.601150608217775,10.813418059388427,10.911884307861328,17568800
2014-10-13,10.902936308681488,10.974548299733398,10.428505800859755,10.446409225463867,13606700
2014-10-14,10.652291297912598,10.911884925565463,10.482213067525725,10.652291297912598,8071400
2014-10-15,10.491168955310167,10.732859258272036,10.42850781080103,10.661247253417969,7276000
2014-10-16,10.544872087129121,10.96559303866392,10.491163538062889,10.876077651977539,6702900
2014-10-17,10.947689619853845,11.144622958354686,10.867126796254498,10.876077651977539,5223500
2014-10-20,10.885029121021715,11.198332113823763,10.840271428666853,11.16252613067627,4385100
2014-10-21,11.26099607631805,11.466881187423674,11.243093505694489,11.413171768188477,3891200
2014-10-22,11.189381325613285,11.502684344203276,11.189381325613285,11.350508689880371,5263600
2014-10-23,11.46687832343732,11.59219884754876,11.404217207699558,11.538490295410156,3241400
2014-10-24,11.574299977963802,11.726475680428035,11.52059055498959,11.663814544677734,3012000
2014-10-27,11.672766257453823,11.68171797022991,11.556396552411627,11.663814544677734,2620800
2014-10-28,11.690668435074587,11.789134704053732,11.663813299612999,11.69961929321289,3721200
2014-10-29,11.65486068251533,11.762278647103415,11.529539296988185,11.619053840637207,3501500
2014-10-30,11.556391731948006,11.556391731948006,11.23413788956992,11.368410110473633,3860900
2014-10-31,11.55639229572111,12.030821800231934,11.538489730445496,12.030821800231934,4572800
2014-11-03,11.995013795533394,12.236704788658272,11.959207817331396,12.111383438110352,3847700
2014-11-04,12.075581027116574,12.14719300467523,11.968163060778588,12.084532737731934,2905200
2014-11-05,12.120342023078596,12.263566017150879,11.995020601424176,12.263566017150879,4226500
2014-11-06,12.165097831857182,12.191952113124767,11.94131016270214,11.968164443969727,2276900
2014-11-07,11.950258496403807,12.048724735673236,11.860743112571987,11.977112770080566,1861100
2014-11-10,11.977110961145094,12.147189140319824,11.959207545609942,12.147189140319824,3446000
2014-11-11,12.120338922003999,12.191950900717709,11.860745285746273,11.941308975219727,2998200
2014-11-12,11.860744858278844,11.97711453291513,11.807035449338215,11.932356834411621,2170000
2014-11-13,11.636958799050465,11.79808619406178,11.493734827343614,11.547443389892578,8117600
2014-11-14,11.5205865640158,11.77122845914242,11.422120318636562,11.762277603149414,4448500
2014-11-17,11.71752343999414,11.762281148176758,11.466881469326676,11.672765731811523,4051900
2014-11-18,11.708565817726935,12.14718925842055,11.708565817726935,12.066625595092773,5006100
2014-11-19,12.048728141454694,12.06663071107235,11.860746465217172,11.968164443969727,4150000
2014-11-20,11.869695381177547,12.120337272566063,11.762277427725326,11.905501365661621,5507700
2014-11-21,12.317271008447364,12.925972764166202,12.263561603160564,12.523155212402344,14134900
2014-11-24,12.50525374145147,12.5947682865251,12.335174654551988,12.44259262084961,7057900
2014-11-25,12.433641057050488,12.666379543956115,12.41573763684433,12.594767570495605,6489200
2014-11-26,12.585813742019372,12.890164130515213,12.576862034030178,12.863309860229492,3912000
2014-11-28,12.827508496793168,12.836460208002839,12.666381109747757,12.818556785583496,2202700
2014-12-01,12.746945286009083,12.845412405680174,12.58581874654383,12.764848709106445,4137100
2014-12-02,12.755897160234124,12.9975882530376,12.73799373690844,12.979684829711914,5999200
2014-12-03,13.015486303093699,13.561527719682722,12.970728614003669,13.507819175720215,15419700
2014-12-04,13.382500271155976,13.507821652853758,13.257179743140265,13.436209678649902,7678400
2014-12-05,13.400403553573348,13.56153006703198,13.35564585673626,13.516773223876953,5749000
2014-12-08,13.23927753092361,13.677901126370168,13.230325819910705,13.633143424987793,11987600
2014-12-09,13.300628161099883,13.588209032564118,13.156837725367765,13.255693435668945,15734300
2014-12-10,13.237716400195078,13.417455263867382,12.824319413512352,12.842292785644531,6374200
2014-12-11,12.950135872726344,13.15683522764495,12.887227783300805,12.94114875793457,6611500
2014-12-12,12.959127481406155,13.013048474738317,12.743441793960034,12.75242805480957,5668500
2014-12-15,12.860267628078532,12.941149092117806,12.536738343687587,12.653568267822266,5523600
2014-12-16,12.644577484189014,12.77938159926027,12.383957223521106,12.3929443359375,4197500
2014-12-17,12.410923662803965,12.77039973665536,12.357001823196974,12.761412620544434,5541100
2014-12-18,12.94115324558961,12.94115324558961,12.698507061477407,12.75242805480957,3855900
2014-12-19,12.85128250016329,12.85128250016329,12.626609732178123,12.743439674377441,4559500
2014-12-22,12.662557529209753,12.968112635346039,12.662557529209753,12.959125518798828,2891200
2014-12-23,12.995069543364336,13.156834168358476,12.842292032438397,12.878239631652832,1485100
2014-12-24,12.923174344935466,12.959121944149901,12.842292032438397,12.878239631652832,556800
2014-12-26,12.896214059978416,12.995069745088063,12.860266460205963,12.91418743133545,2185800
2014-12-29,12.8602662605748,12.9501348300817,12.851279146506599,12.878239631652832,2214300
2014-12-30,12.851283186287926,13.048995472647055,12.743440354744394,13.004060745239258,3697100
2014-12-31,12.968109218329433,13.156834330799906,12.93216161867117,13.031017303466797,2881800
2015-01-02,13.075951688108459,13.201767855215683,12.869252352483455,13.048991203308105,3179700
2015-01-05,12.995070955129039,13.057979046323945,12.78837159439676,12.833306312561035,3481400
2015-01-06,12.85128298877274,13.516314201599448,12.43788504568018,13.32758903503418,16125900
2015-01-07,13.37252028932331,13.552258292461042,13.174808057342602,13.516310691833496,9601500
2015-01-08,13.588208382496749,14.549808375304364,13.588208382496749,14.3970308303833,27679700
2015-01-09,14.379055956466287,14.522846378901585,14.190330812755326,14.406017303466797,9152800
2015-01-12,14.298174215141866,14.459938875535666,14.226279000979858,14.307161331176758,9750200
2015-01-13,14.370065220856116,14.388039447661928,13.938694062216333,14.11843204498291,17136800
2015-01-14,13.929710699118893,14.280200502670056,13.89376309288738,13.938697814941406,18925900
2015-01-15,13.974642705086318,14.190328300555132,13.758957109617503,13.794904708862305,7399400
2015-01-16,13.723012999214072,14.082489083052744,13.660104041748362,13.965659141540527,5560700
2015-01-20,13.956670587441568,14.208304677265287,13.920722982760823,14.10046100616455,4269900
2015-01-21,13.974644991271946,14.199317737571949,13.974644991271946,14.163370132446289,4014800
2015-01-22,14.10046100616455,14.154382841714918,13.893762493514888,14.10046100616455,4293900
2015-01-23,14.091478560348792,14.289190011056032,13.803896788036813,13.947688102722168,7688900
2015-01-26,13.67807616331218,14.046539306640625,13.669089048338693,14.046539306640625,5822700
2015-01-27,13.90275022956483,14.037553538870586,13.785920294872525,13.911736488342285,3493300
2015-01-28,14.010596583738941,14.064517578243805,13.732001921934632,13.74997615814209,4505400
2015-01-29,13.82186767190066,13.956670978970491,13.417456893632641,13.72301197052002,6586200
2015-01-30,13.633143992366296,14.172358992690135,13.570235889916674,13.920724868774414,11557400
2015-02-02,13.902750799021536,13.938698406779388,13.390496317148939,13.839841842651367,8577600
2015-02-03,14.208306146518453,14.361082839416085,14.163371421756283,14.325135231018066,9321900
2015-02-04,14.136405122524812,14.549803759930269,14.118431753148824,14.495881080627441,8467500
2015-02-05,14.513860679482397,14.549809145657559,14.388044476103756,14.54082202911377,6680200
2015-02-06,14.558794761795507,14.738531931796258,14.540820530560321,14.58575439453125,7267800
2015-02-09,14.540818787955759,14.540818787955759,14.352093667896144,14.441962242126465,4412400
2015-02-10,14.558795434990326,14.756506845368385,14.47791310480905,14.693598747253418,7779600
2015-02-11,14.729545808563346,14.792453908007815,14.47791341078547,14.70258617401123,7328100
2015-02-12,14.81042859648445,14.882323814365746,14.55879619095852,14.837389945983887,6185300
2015-02-13,14.846375543057224,15.053074059047098,14.792452849576975,14.909283638000488,7984500
2015-02-17,14.846376941615164,14.882323693204558,14.55879607243126,14.684612274169922,10002700
2015-02-18,14.693598067825329,14.738531931796258,14.53183341494273,14.58575439453125,9004100
2015-02-19,14.594744476495684,14.783470514589178,14.549810603392054,14.738534927368164,8223600
2015-02-20,14.657650519643015,15.080036409431514,14.370069658409996,14.639678001403809,18541500
2015-02-23,14.567776164191725,14.612711729944106,14.370064817230944,14.45993423461914,5147400
2015-02-24,14.432978344705496,14.594743014259299,14.388044476103756,14.54082202911377,7422000
2015-02-25,14.325135330631445,14.77448172431919,14.325135330631445,14.684612274169922,11431800
2015-02-26,14.729544975332278,14.747519206761677,14.406017380188379,14.468925476074219,6482000
2015-02-27,14.468925144897538,14.612715564807424,14.441963798370555,14.486899375915527,9878800
2015-03-02,14.648662932438967,14.80144047432111,14.531833854113605,14.747519493103027,8150900
2015-03-03,14.55879486222534,14.693598169185066,14.343108371207848,14.379055976867676,8055300
2015-03-04,14.298173876497176,14.585754726334013,14.208305289452433,14.567780494689941,5227100
2015-03-05,14.630691408839814,14.837389945983887,14.47791385657741,14.837389945983887,7847500
2015-03-06,15.017122730112424,15.044084071705907,14.819411367443662,14.882319450378418,10584200
2015-03-09,14.828402519226074,14.972192951980105,14.756507302849059,14.828402519226074,6201600
2015-03-10,14.792320941328848,14.918598024594326,14.702123516245733,14.720163345336914,5585800
2015-03-11,14.747222365692021,14.78330030173214,14.5578076102701,14.602907180786133,5481000
2015-03-12,14.251138255060466,14.620945270791102,14.251138255060466,14.494669914245605,5129900
2015-03-13,14.449574980306767,14.566830446424037,14.350357625641578,14.485652923583984,4090000
2015-03-16,14.485653562942275,14.629968783166937,14.395456980395142,14.422515869140625,5374100
2015-03-17,14.44055215896108,14.467611901254372,14.124862047030152,14.187999725341797,7293400
2015-03-18,14.215063407399926,14.359378632216316,14.007609626586422,14.27820110321045,4312000
2015-03-19,14.233100763336646,14.43153460500772,14.206041876804473,14.251140594482422,3703000
2015-03-20,14.359372878723406,14.422510549236017,14.160939094015736,14.17897891998291,7464300
2015-03-23,14.160942163475623,14.242119677551067,13.998587995511166,14.052705764770508,7095100
2015-03-24,14.061729546756819,14.097808356247048,13.881335499305674,13.953493118286133,4594600
2015-03-25,14.034666172069565,14.034666172069565,13.394266863018975,13.41230583190918,11158500
2015-03-26,13.25897467142398,13.628782675686574,13.105639519385345,13.493487358093262,7742000
2015-03-27,13.484464998762395,13.791135247300053,13.340149790082672,13.746036529541016,7631700
2015-03-30,13.755056060091281,13.764075975427897,13.53858325313132,13.69191837310791,4602300
2015-03-31,13.682897751172206,13.682897751172206,13.213872500126769,13.258971214294434,8957900
2015-04-01,13.222892062836973,13.520542364155352,13.222892062836973,13.502503395080566,7544900
2015-04-02,13.43034946163961,13.529565969079,13.313093120018529,13.322113037109375,4849600
2015-04-06,12.961322727983013,13.565643346339177,12.961322727983013,13.466426849365234,6616700
2015-04-07,13.592703024067049,13.800156806390302,13.466427631527033,13.583683967590332,5803600
2015-04-08,13.54760564512835,13.664861125194147,13.412309470904802,13.529565811157227,5439700
2015-04-09,13.619761870930748,13.890352471394552,13.51152459852138,13.872313499450684,6092500
2015-04-10,13.755055301242413,13.872311613590128,13.72799641691184,13.77309513092041,2623400
2015-04-13,13.746034497050681,13.881330630322891,13.664856989124631,13.764074325561523,4363200
2015-04-14,13.727999282267902,13.773098005689636,13.592703112002697,13.664860725402832,5355000
2015-04-15,13.755055405312525,13.872311718547397,13.646819006984897,13.85427188873291,4338500
2015-04-16,13.881331917718795,13.953489518081536,13.773095517174683,13.827213287353516,4672000
2015-04-17,13.70995881806163,13.782116428141963,13.430348294046983,13.53858470916748,4273000
2015-04-20,13.529562823515906,13.646819137875417,13.457405223938737,13.547602653503418,3837700
2015-04-21,13.646821677072309,13.673880566901852,13.439367894548214,13.475446701049805,3384400
2015-04-22,13.52956506636759,13.619762510884675,13.222894787233406,13.313092231750488,7905200
2015-04-23,13.006420046914513,13.150735248847505,12.988380216579662,13.114656448364258,10513100
2015-04-24,13.195834080724593,13.204853995971465,12.672691039016524,12.907203674316406,9715600
2015-04-27,12.465237373335942,12.916222816483394,12.36602088551063,12.690730094909668,14790400
2015-04-28,12.636612861284291,12.744849269024133,12.456218848384554,12.73582935333252,5986300
2015-04-29,12.45621566238083,12.789944715932014,12.45621566238083,12.681708335876465,7376200
2015-04-30,12.636610984802246,12.762886344987466,12.555433476005247,12.636610984802246,6961700
2015-05-01,12.717789817737739,12.961321509298154,12.645632215780099,12.898183822631836,4173400
2015-05-04,12.970342548351788,12.979362464424602,12.771908695682555,12.780928611755371,3635500
2015-05-05,12.726808437324177,12.744848267289488,12.465236924132238,12.537394523620605,5780800
2015-05-06,12.582491009019163,12.699747302459247,12.474254628963612,12.681708335876465,3892300
2015-05-07,12.672693850496529,12.762890442416275,12.60053623288607,12.708772659301758,4707600
2015-05-08,12.807988231712779,13.114658514221157,12.72681070279155,12.798968315124512,5690400
2015-05-11,12.780927463583932,12.80798634918501,12.690730031331725,12.699749946594238,2822300
2015-05-12,12.636615041691298,12.762890442416275,12.5915163156381,12.708772659301758,2879700
2015-05-13,12.744849333121904,12.907204375641452,12.672691727599105,12.72680950164795,2563100
2015-05-14,12.807983059903448,12.889160556045548,12.735825476707413,12.844061851501465,3989800
2015-05-15,12.87112214344325,12.952298782887466,12.853082316775906,12.889161109924316,3184900
2015-05-18,12.943277026459612,12.997394774786274,12.853079632333706,12.979355812072754,4041900
2015-05-19,12.970342613740415,12.997401501908735,12.735829955784192,12.7719087600708,3009600
2015-05-20,12.690730507680613,12.880144434370763,12.690730507680613,12.75386905670166,3158700
2015-05-21,12.73582722982706,13.08759614146931,12.663669636698344,12.961319923400879,6843100
2015-05-22,12.681710487770637,12.817005770751063,11.77071972582223,11.851897239685059,20867100
2015-05-26,12.095427233717995,12.176604736256179,11.896993434200912,12.122486114501953,12119300
2015-05-27,12.131507811451934,12.573473323364789,11.9871926124752,12.537394523620605,13306200
2015-05-28,12.807988166809082,12.934264417845162,12.600535247449724,12.807988166809082,14602200
2015-05-29,12.699749750845882,12.8621047823228,12.501315919061476,12.618572235107422,10582700
2015-06-01,12.789950194160186,12.970344238186332,12.618575207195358,12.708772659301758,10126600
2015-06-02,12.699748664894857,12.726807547765064,12.57347244452326,12.636610984802246,6947500
2015-06-03,12.717788696289062,12.925241568577562,12.663670069499755,12.717788696289062,10375300
2015-06-04,12.663671748172625,12.798967042800802,12.564455256124395,12.73582935333252,6319900
2015-06-05,12.717791581943242,12.862106805877854,12.67269285941703,12.807988166809082,6796100
2015-06-08,12.726807627814162,12.762886425263494,12.492295874486706,12.528374671936035,6222600
2015-06-09,12.600848485448237,12.845437622515314,12.600848485448237,12.800143241882324,8601500
2015-06-10,12.782023720370592,12.854494375744048,12.68237678521168,12.836377143859863,9788900
2015-06-11,12.82731560870207,13.108139991760254,12.82731560870207,13.108139991760254,9550500
2015-06-12,12.99037703845972,13.035671412429691,12.872612011705122,12.945082664489746,6110300
2015-06-15,12.827320003130723,12.836379052378899,12.745790287734119,12.763908386230469,6726900
2015-06-16,12.809202290792612,12.85449580750715,12.59178943653795,12.800143241882324,7132600
2015-06-17,12.79108075289436,12.827316074871808,12.709551062465545,12.772963523864746,6825600
2015-06-18,12.963199745739352,13.153435410399453,12.954140698870239,13.099081993103027,9426500
2015-06-19,13.17155105397103,13.32555137652669,13.126256688998513,13.22590446472168,7633700
2015-06-22,13.262141791568046,13.343670624158802,13.117199628930704,13.21684741973877,6622200
2015-06-23,13.253084845894474,13.298379224905856,13.10814352419279,13.126260757446289,6118200
2015-06-24,13.225908359794191,13.234966544321834,12.981319235261214,12.99943733215332,5077200
2015-06-25,13.008495805829924,13.198731507833493,12.972260475158691,12.972260475158691,4537900
2015-06-26,12.899790671672047,12.972261337833919,12.582731723193477,12.618967056274414,8462500
2015-06-29,12.446844646577619,12.455903692967421,12.002961740495877,12.03013801574707,8575700
2015-06-30,12.147905039790949,12.156964087681702,11.848963370742903,11.948610305786133,7352100
2015-07-01,12.002962503175628,12.102609428040472,11.984844409244783,12.048256874084473,4932600
2015-07-02,12.057317365262541,12.220375910579785,12.030140221111024,12.156964302062988,3596100
2015-07-06,12.039196384806228,12.13884329773323,11.867078832674467,12.012020111083984,6022700
2015-07-07,12.129788190940411,12.129788190940411,11.577198347012693,11.92143440246582,5781100
2015-07-08,11.794613285386463,11.858024906086861,11.559083174329926,11.613435745239258,4608300
2015-07-09,11.78555346843755,11.848965085010294,11.232963562011719,11.232963562011719,7442200
2015-07-10,11.3416653607695,11.414135994186971,11.205782275173169,11.332606315612793,4568900
2015-07-13,11.559080749585611,12.120728760037041,11.377904111362305,11.948610305786133,16087200
2015-07-14,11.939552476171588,11.939552476171588,11.640610798251156,11.704022407531738,7471700
2015-07-15,11.722141174707145,11.76743555751724,11.43225850699213,11.513788223266602,4543500
2015-07-16,11.5953142140861,11.667784857730783,11.504725477571139,11.57719612121582,3365900
2015-07-17,11.658727927125236,11.839904569116937,11.350727203780156,11.640610694885254,11257700
2015-07-20,11.64966719779045,11.722137844128317,11.377902705982569,11.39601993560791,6114000
2015-07-21,11.405078982379706,11.495666858342917,11.35072556566718,11.39601993560791,3582800
2015-07-22,11.25108166041449,11.305434227785847,11.106140328866234,11.232963562011719,6469800
2015-07-23,11.323550211566733,11.450374284946877,11.1151973023547,11.251079559326172,4888800
2015-07-24,11.35072528053298,11.36884337362144,11.024607380204769,11.042724609375,4148800
2015-07-27,10.952136570456016,11.169548500728133,10.82531251250484,11.133313179016113,4032500
2015-07-28,11.205784907160217,11.459432183697412,11.09707893150142,11.269196510314941,4778700
2015-07-29,11.232960549388581,11.405078982379706,11.069902027087503,11.39601993560791,2934300
2015-07-30,11.53190037589649,11.559077511956598,11.341665606984416,11.459429740905762,3359800
2015-07-31,11.450374000331236,11.522844650770434,11.269196510314941,11.269196510314941,3987800
2015-08-03,11.242017868795445,11.323547549377864,11.178606278972726,11.305429458618164,3276800
2015-08-04,11.12425546042954,11.939551592143236,10.924961599184291,11.106138229370117,12873900
2015-08-05,11.278257290663555,12.093553529263813,11.214845677764739,11.649669647216797,13779100
2015-08-06,11.731197554803556,11.75837383273868,11.042725511712872,11.269196510314941,6833800
2015-08-07,11.232958546725197,11.368841632321528,11.078958234733546,11.332606315612793,5939800
2015-08-10,11.359785853493221,11.522845257526757,11.350726805731727,11.450374603271484,4759500
2015-08-11,11.441315640757152,11.568139718607993,11.287315283337684,11.368844985961914,5832100
2015-08-12,11.242022611213105,11.332611375390007,11.015551564689332,11.232963562011719,5286100
2015-08-13,11.205785159992741,11.242020486029906,11.006490434829173,11.106138229370117,4254300
2015-08-14,11.196725095240872,11.323549156807685,11.078960080339883,11.260137557983398,3160800
2015-08-17,10.997432276484208,11.396020863807296,10.997432276484208,11.251079559326172,3132100
2015-08-18,11.260130963560343,11.305424442527148,11.00648298897402,11.015542030334473,4399700
2015-08-19,11.17861208806258,11.17861208806258,10.770964337229922,10.789081573486328,5422600
2015-08-20,10.37237013711375,10.943077078795753,10.06436948313443,10.345193862915039,11948800
2015-08-21,10.327077738074937,10.381431160744494,10.082489495857791,10.118724822998047,6382100
2015-08-24,9.149430832999258,9.919431890323116,9.149430832999258,9.611431121826172,12090400
2015-08-25,10.037195827073475,10.100607438050368,9.394018077147358,9.403077125549316,6400600
2015-08-26,9.674841276734496,9.937547598926958,9.058839887903222,9.493663787841797,7518200
2015-08-27,9.584253639131651,10.091549111563616,9.529901077321536,10.073431015014648,8816300
2015-08-28,10.055312395899747,10.299900618156817,9.93754737632476,10.254606246948242,6471000
2015-08-31,10.209311485290527,10.345193718302804,10.109663708091233,10.209311485290527,3399600
2015-09-01,9.928488621947933,10.164018668040304,9.819782646194136,9.865077018737793,3789000
2015-09-02,10.091551317699563,10.118727604545688,9.810726807227672,9.982845306396484,4142200
2015-09-03,10.091549111563616,10.200255099102238,9.991901308381083,10.073431015014648,3389800
2015-09-04,9.937545251367887,10.046251200672783,9.801662166798197,9.828839302062988,3430900
2015-09-08,9.856018643588685,9.96472462675582,9.611429533523868,9.883194923400879,4200300
2015-09-09,10.010017557886476,10.019076604489388,9.520840272266234,9.548016548156738,3381400
2015-09-10,9.538956455594812,9.68389772967548,9.439309545643889,9.557074546813965,3391600
2015-09-11,7.446366703976921,8.23448567841006,7.437307656658328,8.008014678955078,45292700
2015-09-14,7.835896390421432,7.881190763991158,7.645660712563238,7.808720111846924,15022900
2015-09-15,7.835891425978893,7.890244812610547,7.700009255276418,7.826833248138428,9783500
2015-09-16,7.835894900904274,8.225425230072855,7.826836719046845,8.189189910888672,8961800
2015-09-17,8.207305725007892,8.243541034137197,7.998952049575948,8.062363624572754,6356700
2015-09-18,7.953662487252043,7.989897818203958,7.718133268023814,7.835897445678711,7862300
2015-09-21,7.890250874065801,7.926486205017715,7.718133268023814,7.835897445678711,5839600
2015-09-22,7.772484632181505,8.044250004311143,7.700013981469375,8.008014678955078,10640200
2015-09-23,7.96272268803461,8.07142869661819,7.790605057090249,7.899311065673828,8491100
2015-09-24,7.881190274715624,8.297896930634385,7.709072702537952,8.180131912231445,12867300
2015-09-25,8.542490221987219,8.787078562282264,8.125783360819094,8.45190143585205,31103500
2015-09-28,8.2978967391273,8.406602708086204,8.180131723442258,8.198249816894531,6097400
2015-09-29,8.370367385099902,8.41566175481234,8.089543847935627,8.198249816894531,10514600
2015-09-30,8.370367385099902,8.424720801538479,8.071425754483352,8.198249816894531,12216200
2015-10-01,8.134837789359825,8.171073978204863,7.872131467661347,8.017073631286621,13252500
2015-10-02,7.980838534752629,8.243544863969142,7.835896366979453,8.216367721557617,14169500
2015-10-05,8.397545512873224,8.48813339903346,8.25260333996382,8.270721435546875,8773900
2015-10-06,8.462216152056177,8.699304320126387,8.343672068021071,8.644591331481934,10220700
2015-10-07,8.790493371745884,8.872561559851311,8.544286198528933,8.653711318969727,8196400
2015-10-08,8.699303234851053,8.699303234851053,8.544284134270093,8.598997116088867,5145400
2015-10-09,8.57164102600521,8.763135176589515,8.544284967245574,8.58076000213623,2928300
2015-10-12,8.352789291219212,8.462214375907244,8.252483180996833,8.434858322143555,5016700
2015-10-13,8.44397554827492,8.608112706505556,8.407500527597769,8.471331596374512,4334400
2015-10-14,8.443974633027352,8.744893738405318,8.434855661438203,8.690180778503418,7702000
2015-10-15,8.744896210914321,8.881677344892719,8.526046048695587,8.589877128601074,7703900
2015-10-16,8.589875916479308,8.790488971687823,8.425737883160238,8.526044845581055,8355000
2015-10-19,8.571637377404402,8.763131446477395,8.480450263809155,8.617231369018555,5992200
2015-10-20,8.626353319805377,8.735778415682185,8.334553064133885,8.407503128051758,8164600
2015-10-21,8.589876773856924,8.589876773856924,8.279838622034367,8.288957595825195,8746300
2015-10-22,8.343671825047567,8.407503788212841,8.234246720578648,8.334553718566895,11425900
2015-10-23,8.462213739262946,8.772251890703663,8.361907636586974,8.71753978729248,8304000
2015-10-26,8.653706388383265,8.699300379997418,8.535162358039692,8.617231369018555,6784300
2015-10-27,6.9393827426280925,7.46827079541675,6.884670185443059,7.340608596801758,51478200
2015-10-28,7.112637902412583,7.614170223860691,7.112637902412583,7.550338268280029,10012800
2015-10-29,7.586812629269545,7.659762683809964,7.468268573233052,7.4956254959106445,6419900
2015-10-30,7.522982926558133,7.559457960507625,7.4135578247096605,7.486507892608643,8252200
2015-11-02,7.486508091403621,7.668883265993824,7.4682701391278865,7.659764289855957,3991000
2015-11-03,7.687119471953807,7.814781630348676,7.659762549754993,7.796544551849365,5578800
2015-11-04,7.796546218861118,8.097465470323002,7.760071184430387,7.860377311706543,8109200
2015-11-05,7.860376658393172,8.024514734505871,7.842139577510285,7.933326721191406,4906300
2015-11-06,7.915086652247641,8.18864884965062,7.851254719171665,8.11569881439209,5651400
2015-11-09,8.097461740393966,8.225124736912901,8.04274877913356,8.11569881439209,5126100
2015-11-10,8.106585322596068,8.161297445339398,7.860378161350548,7.960684299468994,4952200
2015-11-11,8.006278208822424,8.060991200474739,7.851259080379949,8.033635139465332,4246900
2015-11-12,7.90597032890575,8.042751473428465,7.84213924407959,7.84213924407959,3442500
2015-11-13,7.805665825647295,7.869496923650864,7.6597648065007995,7.769190788269043,3243500
2015-11-16,7.787427242845081,7.860377311706543,7.668883163536852,7.860377311706543,4625300
2015-11-17,7.851257405523136,7.887732435632536,7.668882254976137,7.750951290130615,5850100
2015-11-18,7.842138697213909,7.842138697213909,7.678000639526048,7.732712745666504,5897600
2015-11-19,7.714477307107296,8.03363451610874,7.687121248220537,7.997159481048584,4760700
2015-11-20,7.988041680296119,8.079228846547764,7.92420970732305,7.942447662353516,2326000
2015-11-23,7.942445545401952,7.969801601022703,7.869495483991066,7.896851539611816,3806800
2015-11-24,7.878613579179343,8.006275737574212,7.787425577783095,7.796544551849365,3744100
2015-11-25,7.778307345304336,7.814782375413737,7.705357285085537,7.750951290130615,5020600
2015-11-27,7.787429537892167,7.969804763793945,7.732716535304797,7.969804763793945,1146800
2015-11-30,8.00627926941395,8.079229354858398,7.9242102058805415,8.079229354858398,4819100
2015-12-01,8.124818828972934,8.589876015657754,8.08834380666235,8.553400993347168,6729100
2015-12-02,8.580758670038033,8.754015711096873,8.553402615525219,8.70842170715332,5825500
2015-12-03,8.744897923074806,8.77225398129987,8.216009492678701,8.298078536987305,5229400
2015-12-04,8.36191009968573,8.47133520837375,8.19777200183697,8.425741195678711,4647400
2015-12-07,7.978919444002638,8.708420824238091,7.942444418472525,8.288957595825195,5709900
2015-12-08,8.042751713163712,8.115701775034736,7.63240739773087,7.678001403808594,8312800
2015-12-09,7.687121768772959,7.8877340403720595,7.495627604331279,7.541221618652344,5499300
2015-12-10,7.559457335859847,7.7327135153951945,7.477388298846611,7.678001403808594,3102600
2015-12-11,7.532100020062892,7.650644068181056,7.4409120231617845,7.5047430992126465,3946700
2015-12-14,7.495559388508188,7.559859251197374,7.330216321294612,7.385330677032471,4182900
2015-12-15,7.458816357241154,7.614973914835284,7.394516495650599,7.569045066833496,4775500
2015-12-16,7.642530196306906,7.8721735399557415,7.541487440468559,7.862988471984863,5724200
2015-12-17,7.899731475060149,7.954845387684282,7.725202041037416,7.7803168296813965,5785800
2015-12-18,7.670091055744287,7.881362594802782,7.62416219368195,7.872176647186279,7085800
2015-12-21,7.881358201927527,7.982400941329785,7.780315462525269,7.853801250457764,3430600
2015-12-22,7.835430481484572,7.982402078283092,7.633344973896516,7.973217010498047,2702500
2015-12-23,7.8905473433637985,8.212047576904297,7.8905473433637985,8.212047576904297,3433500
2015-12-24,8.221233160342589,8.313090866455024,8.138561400045399,8.285533905029297,829200
2015-12-28,8.212045636361768,8.239603468511525,8.074259979692346,8.166117668151855,1579200
2015-12-29,8.166119289856525,8.257976120537982,8.147747398108223,8.230419158935547,2799600
2015-12-30,8.166116052233972,8.28553067319353,8.046701431274414,8.046701431274414,1887500
2015-12-31,8.05588726518973,8.230415785156481,7.991586546448585,8.101815223693848,3018600
2016-01-04,7.964031849543545,8.12018940549694,7.927288946732152,8.083446502685547,6680500
2016-01-05,8.028329345329645,8.12937295530867,7.807871993407559,7.826243877410889,4968600
2016-01-06,7.743574485130829,7.752759553880969,7.376144578507994,7.394516468048096,7374500
2016-01-07,7.275100464536756,7.504743785068801,7.210800177104229,7.468000888824463,6480400
2016-01-08,7.660901702297888,7.660901702297888,7.495558222788792,7.550673007965088,5879800
2016-01-11,7.5690465280513495,7.6792752589235445,7.50474665404759,7.6425323486328125,4981200
2016-01-12,7.725201812192696,7.945659208198285,7.6241590580284235,7.789501667022705,5152300
2016-01-13,7.853803334063234,7.945660155338522,7.486373420902308,7.614974021911621,5745700
2016-01-14,7.5874181130670015,7.798689619653541,7.468003440466765,7.6609039306640625,5135500
2016-01-15,7.4588157276593465,7.569044427947533,7.311844127275098,7.449629783630371,6940200
2016-01-19,7.74357504750313,7.74357504750313,7.100573321230505,7.1373162269592285,6357400
2016-01-20,7.00871646911301,7.348588586097622,6.797444529742303,7.26591682434082,6162400
2016-01-21,7.293472677227067,7.523115583822496,7.146501076842817,7.449629783630371,7685500
2016-01-22,7.578232098904183,7.660903861964527,7.468003373497073,7.513932228088379,3901300
2016-01-25,7.468003373497073,7.642531969719989,7.4128885727834986,7.513932228088379,4315900
2016-01-26,7.523117671182915,7.734390062369682,7.486374760892184,7.6425323486328125,4474000
2016-01-27,7.58741636753792,7.6976450685747615,7.376144033535757,7.523115634918213,4910400
2016-01-28,7.58741460460406,7.70682922198631,7.513928820987236,7.697643280029297,4550600
2016-01-29,7.688461546072459,8.138562436076791,7.688461546072459,8.129377365112305,6687600
2016-02-01,8.000774436714305,8.34983243766171,7.8538028312669494,8.202860832214355,6969500
2016-02-02,8.129377140747307,8.221233979997841,7.927290692763981,7.964033603668213,10769000
2016-02-03,8.27634837954,8.551920635852618,7.927290305013357,8.515177726745605,15421100
2016-02-04,8.377390627645038,8.726448679966081,8.267161907336288,8.542734146118164,4798500
2016-02-05,8.570291272098977,8.570291272098977,8.212047267187247,8.230419158935547,4278300
2016-02-08,8.193677241964318,8.230420153882628,8.009962682372764,8.129377365112305,5644700
2016-02-09,7.973216628146048,8.18448806940754,7.918101843979699,7.9915876388549805,5845900
2016-02-10,8.009962104981671,8.156933742060591,7.844618575257857,7.881361484527588,4566100
2016-02-11,7.807874792879171,7.872174657905906,7.642531281644755,7.725203037261963,3706400
2016-02-12,7.752761733498137,8.019148074582288,7.734390714813104,7.908919334411621,2367200
2016-02-16,7.954845172710501,8.377388954162598,7.954845172710501,8.377388954162598,3157600
2016-02-17,8.460062386881601,8.625405905354727,8.359019612270245,8.542734146118164,4775900
2016-02-18,8.754003020638034,8.974461271284142,8.46005985446954,8.524359703063965,5346000
2016-02-19,8.551917683143754,8.607031589765144,8.3130884183984,8.414131164550781,4008200
2016-02-22,8.39576251903983,8.625405905354727,8.39576251903983,8.542734146118164,4719300
2016-02-23,8.542732929919977,8.634589745756612,8.469247126842719,8.505990028381348,4349600
2016-02-24,8.423319951146656,8.763192076776058,8.34983413349814,8.717263221740723,4038800
2016-02-25,8.735634109561348,8.809119918758967,8.533547696257925,8.772377014160156,3211900
2016-02-26,8.818307938366774,8.855050851609128,8.689707304008454,8.763193130493164,6593400
2016-02-29,8.799933973604277,8.937719646844824,8.735634109561348,8.772377014160156,3301600
2016-03-01,9.002021690879094,9.139807384078336,8.91934992455152,8.956092834472656,6725500
2016-03-02,8.956092362497955,9.204107648410588,8.900977562510693,9.130620956420898,7995600
2016-03-03,9.18573536803313,9.204107259258791,8.900977186175307,9.002020835876465,5242600
2016-03-04,8.827492211738642,9.047950547285533,8.772378284866974,8.956092834472656,4062100
2016-03-07,9.194920627670934,9.360263256266766,8.983648274437474,9.34189224243164,5828100
2016-03-08,9.011205136801411,9.231662535152436,8.91016150554232,9.038762092590332,4218600
2016-03-09,9.093877379267374,9.093877379267374,8.928534743512305,9.066320419311523,3312600
2016-03-10,9.09387610680642,9.20410568324587,9.020390306526679,9.185733795166016,4278900
2016-03-11,9.204107483978804,9.46130783527773,9.204107483978804,9.442935943603516,2898400
2016-03-14,9.32352071547641,9.48886422652784,9.32352071547641,9.424564361572266,4123600
2016-03-15,9.360263362414676,9.406192211553224,9.341892348371218,9.387821197509766,3026200
2016-03-16,9.332701790846206,9.543974042058645,9.305144845390497,9.433745384216309,3438500
2016-03-17,9.387816557777125,9.516416220583436,9.259216018951316,9.433745384216309,3323500
2016-03-18,9.387819554440913,9.534791145145151,9.387819554440913,9.525605201721191,4500900
2016-03-21,9.52560614330105,9.663392680220928,9.424563383709033,9.626648902893066,2258100
2016-03-22,9.525607367103785,9.654207976213664,9.452121555046704,9.562350273132324,4377100
2016-03-23,9.488864641345726,9.553164509112252,9.387821866852615,9.45212173461914,2809500
2016-03-24,9.368965355180354,9.479840575334464,9.285808719775293,9.461360931396484,1766100
2016-03-28,9.461361270503964,9.479840915104278,9.3597258686761,9.415163040161133,2036400
2016-03-29,9.3412415267176,9.590711316425159,9.276564565456015,9.526034355163574,3000000
2016-03-30,9.42440215088168,9.60919417714252,9.42440215088168,9.535277366638184,2678700
2016-03-31,9.535273291659864,9.692346667144436,9.516794537509773,9.526034355163574,5217800
2016-04-01,9.082535343782464,9.276567163057033,8.99937872392797,9.184170722961426,8303900
2016-04-04,9.193409091520078,9.239607304272967,8.842303908218792,8.88850212097168,4192400
2016-04-05,9.92334418932751,10.098897330462584,9.7477919293506,10.052699089050293,20773200
2016-04-06,10.154331584496285,10.163571406343587,9.803226284720012,10.080414772033691,9489600
2016-04-07,9.932581914069926,10.145092546019779,9.858665095899719,9.877143859863281,4231300
2016-04-08,9.978777732613464,10.09889275338292,9.683109650274128,9.72006893157959,3030500
2016-04-11,9.803227041693074,10.052696963886008,9.738550046083637,9.877143859863281,2787600
2016-04-12,9.877141989784564,9.90486145221864,9.766266783521697,9.8494234085083,2196200
2016-04-13,9.895622502822937,10.034216302566737,9.849424275855707,9.960299491882324,3027100
2016-04-14,9.867903504997646,9.92334067010558,9.452120360898872,9.664631843566895,7814700
2016-04-15,9.581474113578427,9.636912153472894,9.368963536491428,9.405921936035156,5593800
2016-04-18,9.322765082798579,9.359723481414761,9.128733269774193,9.147212028503418,11158000
2016-04-19,9.202649836799338,9.239608234490994,9.017857848341059,9.054816246032715,4254000
2016-04-20,9.027100141091003,9.211892180174361,8.980901911030678,9.128735542297363,3549800
2016-04-21,9.156453880297514,9.193412287114903,9.036338837851524,9.064058303833008,2014300
2016-04-22,9.193410477790406,9.646151092490513,9.193410477790406,9.405921936035156,7376700
2016-04-25,9.405922340802901,9.452119681352272,9.165692292851906,9.193410873413086,3628700
2016-04-26,9.221130740104606,9.332006840129504,9.202651977539062,9.202651977539062,3403700
2016-04-27,9.165692396235059,9.599954275328088,9.165692396235059,9.590714454650879,6272600
2016-04-28,9.572236632859468,10.052696825510242,9.479841051997527,9.646153450012207,9517300
2016-04-29,9.618434878434133,9.683111873251226,9.156454329950973,9.221131324768066,10192900
2016-05-02,9.165694681870846,9.248851326386777,8.94394421726704,9.008621215820312,5410200
2016-05-03,9.101014488782976,9.156451644895998,8.870024282277395,8.916221618652344,5548900
2016-05-04,8.897739381429242,8.980895964243302,8.703707648582222,8.75914478302002,4054200
2016-05-05,8.78686838902426,8.851545370190284,8.629794965200103,8.823826789855957,4732200
2016-05-06,8.759144785872241,8.842301368713379,8.712947467544822,8.842301368713379,2563800
2016-05-09,9.1102547383431,9.239609589817364,8.84230609548471,8.92546272277832,4059000
2016-05-10,9.13797382484865,9.13797382484865,8.842305730975584,8.99937915802002,2617300
2016-05-11,8.95317939981161,9.064055466716669,8.916221004562473,8.9808988571167,1899100
2016-05-12,9.017859291911234,9.054817695519157,8.675993838248502,8.786869049072266,2306300
2016-05-13,8.823824912939283,8.943939910382069,8.731428489934803,8.796106338500977,2844600
2016-05-16,8.823828560273691,9.017860423860201,8.805348915571185,8.962422370910645,2890500
2016-05-17,8.971661199744458,9.147213399187898,8.87002580860961,8.990139961242676,2935500
2016-05-18,8.943941052957747,9.28580645189499,8.833065859882781,9.054816246032715,3023400
2016-05-19,9.008619603898754,9.165693041843976,8.916223152934084,8.990139961242676,3976400
2016-05-20,9.101014984264689,9.248848583491453,9.064056584457997,9.184170722961426,6322300
2016-05-23,9.18417141964259,9.313526269357322,9.156452837974369,9.174932479858398,5205900
2016-05-24,9.20264974448521,9.276566539127044,9.15645152754464,9.248847961425781,3366100
2016-05-25,9.267328296434066,9.387443328455218,9.147213264412914,9.295047760009766,3946200
2016-05-26,9.341244988873182,9.424401616262799,9.285807824718663,9.378203392028809,8219200
2016-05-27,9.378203766046278,9.479840039646039,9.27656837360439,9.30428695678711,3778600
2016-05-31,8.82382966913788,9.507560748209748,8.796111079758768,9.452122688293457,4917100
2016-06-01,9.415162081177497,9.47983994953286,9.35972491533903,9.470600128173828,2125200
2016-06-02,9.415163933255315,9.526040049058665,9.387445344883496,9.498320579528809,2437900
2016-06-03,9.479839364037444,9.51679776603308,9.332005756054903,9.396682739257812,2375800
2016-06-06,9.4059213703291,9.42440012841071,9.230368322186473,9.248847961425781,3522100
2016-06-07,9.30428699002815,9.368964859229399,9.2765684067464,9.332006454467773,3627600
2016-06-08,9.32276531677233,9.442880335578884,9.285806917228603,9.405921936035156,4548200
2016-06-09,9.193410124938056,9.516796769402083,9.193410124938056,9.479838371276855,3246400
2016-06-10,9.098783493677526,9.405483991167944,8.86643457822474,9.126665115356445,19122400
2016-06-13,9.015139918077626,9.117374032808852,8.912906689687388,9.024434089660645,5710900
2016-06-14,8.996553152216087,9.266077944437054,8.987258979919247,9.21031379699707,8743300
2016-06-15,9.256782249009623,9.424073777462015,9.22890062304786,9.331133842468262,4194300
2016-06-16,9.312545624840613,9.61924614433265,9.210311527449377,9.582070350646973,5900400
2016-06-17,9.591366737058149,9.609955083084616,9.293960291363671,9.312548637390137,6536500
2016-06-20,9.442664495613773,9.609956081874566,9.359018702483375,9.424077033996582,4919100
2016-06-21,9.479838675403947,9.554190281772522,9.340429635048134,9.377605438232422,9349500
2016-06-22,9.386899977144566,9.544897368432387,9.331135827020178,9.498427391052246,6834900
2016-06-23,9.582075405774813,9.68430867075948,9.498429604268582,9.67501449584961,3811000
2016-06-24,9.321841802095609,9.4240759312213,9.080199511301045,9.089492797851562,7979700
2016-06-27,8.977964177589797,9.024434149471888,8.411033002383045,8.476090431213379,8938700
2016-06-28,8.578324317932129,8.671264268821487,8.48538525338383,8.578324317932129,5383100
2016-06-29,8.680557572559259,8.801379142088999,8.624793430337467,8.773496627807617,4258700
2016-06-30,8.801376349216438,8.885022092835985,8.68984898650394,8.857139587402344,5310800
2016-07-01,8.829257968309392,8.94078533102189,8.81996379983151,8.857139587402344,2512500
2016-07-05,8.866437207228588,8.866437207228588,8.652676567073028,8.708439826965332,2037600
2016-07-06,8.671263401132132,8.792084970661872,8.485384404294443,8.773496627807617,2573700
2016-07-07,8.95008066401729,9.089489663961597,8.885023248888722,9.080196380615234,4868100
2016-07-08,9.126668997376692,9.293960571289062,9.108081537131511,9.293960571289062,3384500
2016-07-11,9.368312184952083,9.479839605446614,9.284666397995897,9.293960571289062,2556600
2016-07-12,9.52630928805699,9.59136672639505,9.33113608670169,9.34043025970459,4392900
2016-07-13,9.359017390880386,9.451957344965079,9.293959954825754,9.303254127502441,3237100
2016-07-14,9.38689961061376,9.433368699838322,9.312548004245183,9.377605438232422,1845500
2016-07-15,9.386900531538414,9.461252145201433,9.284666397995897,9.293960571289062,1946300
2016-07-18,9.386898316871159,9.517013166912648,9.210312611327797,9.36830997467041,5289000
2016-07-19,9.303254733186371,9.368312173476536,8.996554105616811,9.15455150604248,6764400
2016-07-20,9.665718328164392,10.595114355347164,9.637836695524422,10.4464111328125,26370400
2016-07-21,10.390643465106924,10.492876665698903,10.2419403055765,10.483582496643066,12722400
2016-07-22,10.567230710105644,10.883225440979004,10.446409143222246,10.883225440979004,13958800
2016-07-25,10.846049879151801,10.892519849942893,10.678758338840256,10.725228309631348,9962300
2016-07-26,10.780993789832623,10.89252120176786,10.678759664136177,10.818169593811035,12087100
2016-07-27,10.920404744443887,11.05981381217689,10.660174071049706,10.846053123474121,9173100
2016-07-28,11.152753195109648,11.19922317735751,10.697349319031224,11.050519943237305,17393700
2016-07-29,11.041223143755989,11.152750542823306,10.818168345621357,10.920401573181152,9856500
2016-08-01,10.966872880502645,11.10628192473614,10.89252127206597,11.01334285736084,8221900
2016-08-02,11.004047142848737,11.041222941858052,10.557936668395996,10.557936668395996,5784300
2016-08-03,10.511469504150732,10.604408575477452,10.47429369835182,10.502175331115723,5348600
2016-08-04,10.502175022799726,10.678759873575215,10.474293390854353,10.604408264160156,3882800
2016-08-05,10.650878241629844,10.69734821909953,10.595114091397999,10.604408264160156,2374700
2016-08-08,10.650878241629844,10.73452402380706,10.567232459452628,10.604408264160156,3892700
2016-08-09,10.613701572989568,10.79958058139706,10.613701572989568,10.771698951721191,4307200
2016-08-10,10.771698913437175,10.771698913437175,10.604407363294495,10.660171508789062,2495900
2016-08-11,10.688055346179599,10.725231155408315,10.539352109264737,10.613703727722168,2969300
2016-08-12,10.632289557797096,10.697347878721008,10.57652629568068,10.595113754272461,2273300
2016-08-15,10.585821508079958,10.91110959929098,10.502175720347045,10.873933792114258,6660700
2016-08-16,10.864637335663655,10.901813135028334,10.706640853119493,10.725228309631348,2254100
2016-08-17,10.66016837907309,10.818165710856778,10.613698419194225,10.790283203125,3775800
2016-08-18,10.818167004986588,10.87393025443933,10.57652389378239,10.827460289001465,2948000
2016-08-19,10.892519472758943,11.366510676660099,10.85534367468158,11.292159080505371,8795300
2016-08-22,11.320042082643983,11.580272680422873,11.189926340584048,11.552391052246094,8211600
2016-08-23,11.673217427607804,11.691804891929442,11.310752566751761,11.357222557067871,3464900
2016-08-24,11.357219941747589,11.515217340634198,11.199222542860982,11.254985809326172,2806300
2016-08-25,11.273572636814295,11.403688384937745,11.23639683539917,11.320042610168457,2614200
2016-08-26,11.282867797686137,11.580274235074537,11.282867797686137,11.40368938446045,4581500
2016-08-29,11.524510075210136,11.710389984762797,11.412982661283197,11.431571006774902,2659700
2016-08-30,11.403689374878441,11.59886168449476,11.31074942010211,11.431571006774902,3011600
2016-08-31,11.54309777438255,11.701095156851089,11.422276194474781,11.52450942993164,4895700
2016-09-01,11.570982047264922,11.970622680817758,11.524512061866018,11.961328506469727,8178900
2016-09-02,12.044974981161655,12.137914957192836,11.803331752553627,12.091444969177246,7731500
2016-09-06,11.62674373763048,12.026383399963379,11.273573164485757,12.026383399963379,21742600
2016-09-07,11.682503766088857,11.914852693091998,11.66391631282583,11.73826789855957,7478100
2016-09-08,11.701096208428616,11.924151043839181,11.636038769685817,11.663920402526855,6410300
2016-09-09,11.654623263591581,11.794032278661025,11.236395332042349,11.440862655639648,6891500
2016-09-12,11.217809521161929,11.65462589263916,11.180633716334574,11.65462589263916,6237200
2016-09-13,11.543098440078222,11.747565809124712,11.394395221259355,11.570980072021484,4178500
2016-09-14,11.59886204163211,11.663920366515173,11.38510137994224,11.58027458190918,2831900
2016-09-15,11.608154957755977,11.803328138589949,11.570979155994316,11.682506561279297,4361900
2016-09-16,12.035678808166004,12.072854615138409,11.710390718742744,11.840505599975586,9954100
2016-09-19,11.868387519642361,12.11932398242812,11.868387519642361,11.989208221435547,9254000
2016-09-20,11.989207839760429,12.026383643668947,11.66391977714617,11.701095581054688,4774700
2016-09-21,11.803328921121299,12.026383746479238,11.756858944253121,12.007796287536621,5813900
2016-09-22,12.035679199782283,12.119324989777146,11.933445948866996,12.044973373413086,3400700
2016-09-23,11.998504993146065,12.193678233738504,11.83121339082646,12.091444969177246,5332000
2016-09-26,12.044755424276676,12.15680044768877,11.979396569325967,12.016744613647461,6302100
2016-09-27,11.979396650718225,12.23149661943687,11.923375029079162,12.222159385681152,5479200
2016-09-28,12.278184314994387,12.558295169992862,12.175477387355686,12.296858787536621,7100700
2016-09-29,12.306188670486307,12.567624896726464,12.184807342834402,12.362210273742676,6707500
2016-09-30,12.371549039412118,12.66099699364052,12.371549039412118,12.390223503112793,7375600
2016-10-03,12.324867955565486,12.44624933949309,12.138127707387534,12.1568021774292,4013100
2016-10-04,12.203486571637882,12.352878770180244,12.09144242273111,12.1568021774292,3315100
2016-10-05,12.231499914534526,12.362217660538715,12.222162678263409,12.296858787536621,2248900
2016-10-06,12.259509971087564,12.324868840028223,12.119454107067542,12.306195259094238,1914400
2016-10-07,12.287517604709539,12.306192071253829,12.166136243514375,12.240832328796387,2538500
2016-10-10,12.287521551265504,12.380892133080948,12.212825441992292,12.296858787536621,1666600
2016-10-11,12.2688467908884,12.32486842223914,11.886028154568725,11.979398727416992,5039800
2016-10-12,12.287517452783248,12.324865494962472,11.94204784001353,12.08210277557373,4371900
2016-10-13,11.951386145637606,12.184811652816279,11.745971449995034,12.138126373291016,4670200
2016-10-14,12.231496932341543,12.324866600944427,12.119451905301853,12.138126373291016,3459100
2016-10-17,12.063429891661231,12.15680044768877,11.932711291312197,12.016744613647461,3287300
2016-10-18,12.138123705557568,12.175471742879846,12.082101204350424,12.1474609375,2187700
2016-10-19,11.988737347648893,12.156804042010586,11.914041236921003,12.054096221923828,3772700
2016-10-20,12.054092988172185,12.259507682791222,11.998071365379127,12.18481159210205,3425900
2016-10-21,12.128790221899937,12.203486319628599,11.988735261270627,12.044756889343262,2681100
2016-10-24,12.091442294844198,12.212823677487995,12.054094245603626,12.203486442565918,1943300
2016-10-25,12.231495929130041,12.436909717477198,12.110114568498958,12.287517547607422,3577600
2016-10-26,12.18481384293338,12.61431688895958,12.18481384293338,12.511609077453613,5967700
2016-10-27,12.53028149892989,12.707684495453478,12.231497129859571,12.250170707702637,3973300
2016-10-28,12.642324321965983,12.642324321965983,12.184810581816967,12.23149585723877,7224900
2016-10-31,12.268845492667179,12.32486711809002,12.100778835503291,12.1661376953125,2958600
2016-11-01,12.306196967644253,12.352881371684623,11.942052739173032,12.091444969177246,4219200
2016-11-02,12.091440008730427,12.231495834738192,11.998070348506147,12.08210277557373,3856200
2016-11-03,11.998070626798276,12.035418669843779,11.58724126285016,11.792655944824219,4594300
2016-11-04,11.736635336527867,11.839343139378759,11.615253954352639,11.689950942993164,3844000
2016-11-07,11.84868236210551,12.016749069090023,11.764649899061197,11.998075485229492,4462100
2016-11-08,11.960722848912576,12.016744469498994,11.839341483711866,11.858015060424805,3028200
2016-11-09,11.56856794301724,11.932711148171764,11.48453462169001,11.858015060424805,4299400
2016-11-10,11.979392616120752,12.100773942721613,11.493868200164629,11.661933898925781,4804000
2016-11-11,11.652602357079067,12.128790665345177,11.652602357079067,12.119453430175781,6270500
2016-11-14,12.119455169861714,12.362217976426829,12.026085476108282,12.315532684326172,6260900
2016-11-15,12.427575301031059,12.623652776990001,12.278182217557053,12.539619445800781,4803400
2016-11-16,12.52094497644864,12.623652776990001,12.474259693515995,12.539619445800781,3933000
2016-11-17,12.558292705579682,12.679674081940988,12.352878000164573,12.474259376525879,7846000
2016-11-18,13.660062902440412,13.818792343139648,13.211885396216752,13.818792343139648,25437300
2016-11-21,13.753431700974096,14.005531698970472,13.697410072828939,13.772106170654297,9770000
2016-11-22,13.83746802212897,13.893490552821083,13.753434671314759,13.828131675720215,5527500
2016-11-23,13.772108917400441,13.837467793421046,13.641390274911329,13.716086387634277,3734200
2016-11-25,13.669398626221463,13.809453580551205,13.641386922997368,13.688072204589844,1412700
2016-11-28,13.566691463587045,13.725420894161825,13.501332600567215,13.52000617980957,4930400
2016-11-29,13.482661197802901,13.538683729168964,13.351943442028633,13.426639556884766,3883500
2016-11-30,13.398625183101156,13.576028186225091,13.35193990108506,13.389287948608398,5543100
2016-12-01,13.37995005937255,13.501331430495568,12.931773511023847,13.053153991699219,7527900
2016-12-02,12.996891763757713,13.18443781952841,12.9406286624552,13.146928787231445,4081600
2016-12-05,12.743702264708606,13.325092541162267,12.743702264708606,13.156301498413086,7528400
2016-12-06,13.25007545911394,13.306338547918209,13.156302452059263,13.18443489074707,3405100
2016-12-07,13.203190358637261,13.531395023919966,13.15630385012748,13.475131034851074,6401000
2016-12-08,13.437622198204688,13.522017735866637,13.334472593443296,13.362604141235352,4509400
2016-12-09,13.503262643856894,13.550149152580616,13.371981492573402,13.456377029418945,6258800
2016-12-12,13.418869223357682,13.418869223357682,13.137551039681393,13.28758716583252,3747200
2016-12-13,13.296965389356581,13.475133075532643,13.268832943418857,13.418869972229004,4530200
2016-12-14,13.418869086980067,13.512641217728577,13.353227611741682,13.37198257446289,2833900
2016-12-15,13.437624648195998,13.634547307215529,13.409493095274907,13.587660789489746,3305900
2016-12-16,13.634542755969008,13.756447303649603,13.428242683410645,13.428242683410645,5331700
2016-12-19,13.325098040919803,13.5032657418026,13.306343075413205,13.315720558166504,3685000
2016-12-20,13.353226532410968,13.503262644909958,13.296963437366731,13.446999549865723,3476000
2016-12-21,13.456379822069081,13.597038483145862,13.456379822069081,13.484511375427246,2912500
2016-12-22,13.559528629683765,13.559528629683765,13.278210430205995,13.400115013122559,2924800
2016-12-23,13.343847158532876,13.46575170621347,13.343847158532876,13.428242683410645,1395700
2016-12-27,13.437622069263092,13.550149153637335,13.390735560535715,13.446999549865723,1659900
2016-12-28,13.446999872293487,13.456377353120967,13.212568217321245,13.259454727172852,2445700
2016-12-29,13.221943795971828,13.343847452048209,13.13754826923767,13.23132038116455,3334200
2016-12-30,13.221947064852934,13.30634171816644,12.978137903851554,13.006269454956055,3147300
2017-01-03,13.062531284828621,13.240698937986462,12.987513231468927,13.175058364868164,5121500
2017-01-04,13.165685280362894,13.371985443124064,13.165685280362894,13.353230476379395,4478800
2017-01-05,13.371981947825704,13.512640584499852,13.156304358068102,13.165681838989258,3006400
2017-01-06,13.20319161941178,13.343850264086871,13.071909561905404,13.296964645385742,2695800
2017-01-09,13.296963375656825,13.493885995969295,13.268830933979496,13.475131034851074,4363700
2017-01-10,13.475132663993094,13.681432789806335,13.475132663993094,13.653301239013672,4929300
2017-01-11,13.606415680812377,13.690811233405814,13.484511093098073,13.634547233581543,4407600
2017-01-12,13.540770590688986,13.625166120795177,13.193811884696855,13.522016525268555,3201700
2017-01-13,13.57828050921898,13.690808486288317,13.550148962094525,13.568903923034668,2149300
2017-01-17,13.49388818178312,13.606415283862892,13.306342117364256,13.334474563598633,1978400
2017-01-18,13.409493593907195,13.418871076658242,13.23132499878121,13.325098037719727,1959600
2017-01-19,13.296962861963177,13.371980914966393,13.221944808959961,13.221944808959961,2185500
2017-01-20,13.268829404792438,13.371979890483372,13.203188837015054,13.23132038116455,3401900
2017-01-23,13.165681011096364,13.268830611885367,12.968758395564091,13.08128547668457,4831700
2017-01-24,13.137550518483295,13.61579132233144,13.100041488433586,13.606413841247559,8416800
2017-01-25,13.747072259292333,14.328462662856236,13.737694778359254,14.309708595275879,13833500
2017-01-26,14.403481891179453,14.487877437857708,14.140918663736123,14.178427696228027,7608600
2017-01-27,14.169049325494647,14.30033137812194,14.112786227429964,14.15029525756836,2596500
2017-01-30,14.03776747621449,14.140917080446602,13.878353882401191,13.9815034866333,3847300
2017-01-31,13.812713420024414,14.037768500484612,13.775204388995354,13.943995475769043,3233200
2017-02-01,14.525384197617521,14.61915721131791,14.187802958010446,14.375348091125488,8472100
2017-02-02,14.30032903002525,14.459742605509367,14.22531098206633,14.431611061096191,6223500
2017-02-03,14.487879306316414,14.77857501633324,14.422238714561576,14.741065979003906,7291600
2017-02-06,14.806705542339753,14.89110109404045,14.675423473662457,14.778573989868164,5165300
2017-02-07,14.872347162513579,14.900479611225071,14.591029829686573,14.741065979003906,4592300
2017-02-08,14.769193774818037,14.844211830385362,14.656666691467047,14.703553199768066,2793300
2017-02-09,14.67542171320835,14.731685705688063,14.525385592310206,14.684799194335938,4081600
2017-02-10,14.703553459923276,14.750439074768096,14.497253356320106,14.516007423400879,2230000
2017-02-13,14.628535144200741,14.750438813783322,14.562893674865009,14.703553199768066,2620500
2017-02-14,14.769194868717976,14.778572349929888,14.516008241711328,14.609781265258789,2469100
2017-02-15,14.619157475637616,14.834834159047993,14.572270967939696,14.825457572937012,5892500
2017-02-16,14.82545661974388,14.891097189729198,14.694174585487549,14.80670166015625,2906900
2017-02-17,14.722307077144437,14.834834159047993,14.591025928733163,14.825457572937012,2536900
2017-02-21,14.872345313417188,15.247436534360975,14.834836280751396,15.200549125671387,6043800
2017-02-22,15.219303123156052,15.284943702583414,15.106776926586761,15.266190528869629,3537000
2017-02-23,15.28494313811368,15.28494313811368,14.872343820215464,15.0130033493042,4809800
2017-02-24,14.816080724008602,15.041135791693419,14.581649069813167,15.0130033493042,3785700
2017-02-27,15.022381782531738,15.041136745313631,14.81608166336014,15.022381782531738,5708000
2017-02-28,15.06926809220197,15.0786455740231,14.600404732576163,14.62853717803955,6865200
2017-03-01,14.956738532824062,15.003625039930995,14.787948359239142,14.937984466552734,11465400
2017-03-02,14.947363096011468,15.013004572649368,14.75981793623003,14.862968444824219,9179100
2017-03-03,15.238058355858382,15.350586342996259,14.937986108252947,15.088022232055664,13944700
2017-03-06,15.01300048936765,15.088018532876589,14.694173357311852,15.031755447387695,7754400
2017-03-07,15.00362497959083,15.125528645578557,14.85358887288064,14.94736099243164,4147500
2017-03-08,14.994247686144018,15.106775661864237,14.84421157756472,14.853589057922363,4115900
2017-03-09,14.816080031580436,14.937984593379158,14.778571004433578,14.84421157836914,3347300
2017-03-10,14.966112500685048,15.52874777106537,14.937980960737415,15.36933422088623,11111800
2017-03-13,15.660032858999939,15.678786029199001,15.144282224242525,15.256810188293457,10474600
2017-03-14,15.181795389034447,15.191172870425394,14.966117788471903,15.022381782531738,5895600
2017-03-15,15.05051244181982,15.125530504394078,14.975495273531408,15.003626823425293,3809200
2017-03-16,15.013001323312066,15.219300507278374,15.003623843781142,15.06926441192627,3892200
2017-03-17,15.05989168312932,15.153664719448493,14.994251094277471,15.116156578063965,5021300
2017-03-20,15.097399450168506,15.313076150803514,15.078644487877206,15.238058090209961,5733400
2017-03-21,15.284943609732258,15.322453534075258,14.684799128817328,14.722308158874512,9768800
2017-03-22,14.666045803482243,15.013004572649368,14.55351870761338,14.862968444824219,8221300
2017-03-23,14.787950251242,15.116154948696018,14.741063738136305,14.919231414794922,4919600
2017-03-24,15.059889098499584,15.106776502898144,14.862967365740419,14.909852981567383,6088300
2017-03-27,14.722307143154962,14.825457639410033,14.487875497899992,14.750438690185547,5613200
2017-03-28,14.741063121046013,14.83483524904606,14.609781068702963,14.722308158874512,6630300
2017-03-29,14.675423479030155,14.82546051226734,14.647291926548277,14.759819030761719,4339000
2017-03-30,14.712932728161547,14.7691967282311,14.619160587093551,14.637914657592773,6500200
2017-03-31,14.58143431067771,14.666155507082,14.364925384521484,14.364925384521484,7280800
2017-04-03,14.251961100467815,14.355508708953858,13.997797564543362,14.120172500610352,10896700
2017-04-04,14.035453057886993,14.176655338998964,13.997799295804436,14.082520484924316,5285300
2017-04-05,14.13900168385964,14.29902950061854,14.06369326138841,14.110760688781738,8699400
2017-04-06,14.270786059133052,14.317853475496838,14.026036212230402,14.214305877685547,8914200
2017-04-07,14.21430890019276,14.317856520022248,14.157827808998912,14.251962661743164,4793900
2017-04-10,14.280202486663958,14.35551000833137,14.129587443329138,14.195481300354004,3401700
2017-04-11,14.120173814043403,14.186067671233268,13.790702732621135,13.978972434997559,9600700
2017-04-12,13.93190675346696,13.988386953061172,13.724810593569478,13.941320419311523,9673200
2017-04-13,13.913076972345001,14.016625482932055,13.800115695307111,13.81894302368164,7408600
2017-04-17,13.866011093433585,14.007213378759282,13.800117232256845,13.960145950317383,3886400
2017-04-18,13.884834910269111,14.04486358783349,13.866007584562102,14.016623497009277,3497800
2017-04-19,14.091932921061668,14.336681904387918,13.960144316396436,14.02603816986084,5760600
2017-04-20,14.08251846643214,14.12958588672314,13.875422355793564,14.063691139221191,4632600
2017-04-21,14.007211739329477,14.15782677452607,13.856596704132885,14.02603816986084,3125900
2017-04-24,14.204894911759151,14.251962337059,14.026038875167018,14.176654815673828,3394300
2017-04-25,14.233136697685477,14.647329012215717,14.233136697685477,14.58143424987793,9710200
2017-04-26,13.950728976187852,14.280199999399263,13.828354050358937,13.856595039367676,8307000
2017-04-27,14.101346503538668,14.270788876809092,14.026038981582142,14.20489501953125,5845600
2017-04-28,14.299027735974704,14.299027735974704,14.073105189651658,14.138999938964844,8507100
2017-05-01,14.148414451149097,14.233135640909786,14.06369326138841,14.110760688781738,3186000
2017-05-02,14.091931285313482,14.148411468087946,13.818941341273387,13.875421524047852,5444400
2017-05-03,13.828355636430748,14.270787973213851,13.781289111490425,14.22372055053711,6747400
2017-05-04,14.242548725830254,14.38375010452253,14.091933682495432,14.195481300354004,5547900
2017-05-05,14.19547877711883,14.289613611338936,14.138998594775815,14.27078628540039,4013600
2017-05-08,14.289616423293568,14.32727018484397,14.139001377091954,14.251962661743164,4449600
2017-05-09,14.27079159935906,14.637916512238764,14.214311395984733,14.62850284576416,4809200
2017-05-10,14.73204467225624,14.835593167155618,14.675564491162298,14.826179504394531,5772400
2017-05-11,14.779113824841321,14.892075098038218,14.656738887777252,14.788527488708496,3963300
2017-05-12,14.807357000761016,14.854424432157266,14.600261738996048,14.619088172912598,1950500
2017-05-15,14.70380426768899,15.174477520592273,14.590843010177261,15.165063858032227,7786900
2017-05-16,15.24037573044054,15.30626959177137,14.995625820159553,15.296855926513672,7247400
2017-05-17,15.099175154867606,15.183894555798737,14.355511718757324,14.364925384521484,10225800
2017-05-18,14.374339095599831,14.769703183838576,14.374339095599831,14.600261688232422,6230300
2017-05-19,14.68498018539837,15.15565261572862,14.68498018539837,15.070931434631348,8602600
2017-05-22,15.174483557485008,15.682808969647688,15.03328125611837,15.240377426147461,5693400
2017-05-23,15.296855457255338,15.428643175874177,15.136826743729747,15.40040397644043,9650600
2017-05-24,15.485119369932207,15.861656850393809,15.37215722805756,15.79576301574707,10953000
2017-05-25,15.852242936725707,16.13464559371056,15.795762764423197,15.946377754211426,17021000
2017-05-26,16.369983030022524,16.71828134353197,16.0875803507778,16.633560180664062,20182000
2017-05-30,16.69945662175091,16.755936807306735,16.191131360803034,16.351160049438477,10606200
2017-05-31,16.52060289570547,16.52060289570547,16.16289261031301,16.22878646850586,12083700
2017-06-01,16.275853285184095,16.746525709225654,16.266439621246526,16.737112045288086,11255200
2017-06-02,16.72770236426459,16.73711603044358,16.398231229892914,16.558259963989258,8213000
2017-06-05,16.55825401553906,16.64297518524117,16.482946508634136,16.501773834228516,5833800
2017-06-06,16.341749978491546,16.878316347912037,16.341749978491546,16.76535415649414,6680700
2017-06-07,16.765350908506537,16.812419227259145,16.5300147011618,16.68062973022461,6955600
2017-06-08,16.642979309220674,16.821835355740994,16.56767178365523,16.793594360351562,7665600
2017-06-09,16.812413336282468,16.812413336282468,15.908721683081403,16.24760627746582,8521800
2017-06-12,15.880491657361016,16.454710912377916,15.59808706732039,16.426471710205078,11370100
2017-06-13,16.642971278480776,16.79358625693536,16.426462471386337,16.699451446533203,6717000
2017-06-14,16.71828950868521,16.72770317532063,16.360577358432607,16.511194229125977,4715600
2017-06-15,16.16288671746419,16.558251517947674,16.059338237786605,16.388809204101562,6505900
2017-06-16,16.454712304000928,16.624154713260907,16.26644435685799,16.31351089477539,5705300
2017-06-19,16.46412457825992,16.59591230966164,16.332336846858205,16.426471710205078,4927700
2017-06-20,16.89714156782586,17.113650462562305,16.435880989685923,16.49236297607422,8652200
2017-06-21,16.605327304533514,16.690048508778958,16.426473024880533,16.511194229125977,4393700
2017-06-22,16.50177204460753,16.72769454082095,16.379396236988345,16.539424896240234,4926200
2017-06-23,16.520598031682702,16.737108667607604,16.38881035409816,16.633560180664062,4689500
2017-06-26,16.642981370591414,16.840662976382816,16.520605504219656,16.6147403717041,5830400
2017-06-27,16.51119216059171,16.51119216059171,15.805183410644531,15.805183410644531,7754800
2017-06-28,15.93696673319237,16.172302918158653,15.62632304085578,16.125234603881836,8498900
2017-06-29,16.03110899442632,16.18172407895573,15.635743948668246,15.842839241027832,7926200
2017-06-30,15.89006822615141,15.908962913677284,15.464948568198709,15.60665512084961,13271300
2017-07-03,15.748365273976257,15.786152855770627,15.181537131884788,15.200431823730469,3186300
2017-07-05,15.294899154004368,15.464947728713314,15.039826291940948,15.42715835571289,12620800
2017-07-06,15.200426591469718,15.361027813082183,15.134296994669826,15.18153190612793,9577100
2017-07-07,15.190982432463395,15.285454077074954,15.039828521843601,15.2382173538208,11131700
2017-07-10,15.200430128782916,15.313794663422128,15.03038152492731,15.228772163391113,8775100
2017-07-11,15.209878959891393,15.304350615919928,15.058724130056039,15.172089576721191,7173000
2017-07-12,15.34213782477279,15.625552785978686,15.332690479209568,15.464951515197754,7505500
2017-07-13,15.531083456819685,15.663342710706523,15.228775561137084,15.549976348876953,7629200
2017-07-14,15.578308671292396,15.69167496239849,15.521626426687382,15.66333293914795,3852700
2017-07-17,15.720023583141959,15.7294709292733,15.29490381861389,15.36103343963623,6464300
2017-07-18,15.285454856221348,15.417714084281139,15.115406247631993,15.31379508972168,9509900
2017-07-19,15.370477903866389,15.606656107176333,15.238216884723068,15.568866729736328,4766900
2017-07-20,15.587761418456331,15.606656107176333,15.304348295243075,15.568866729736328,3879600
2017-07-21,15.502738352481929,15.502738352481929,15.1248535575503,15.351584434509277,7426200
2017-07-24,15.361030364323883,15.464949349066769,15.238216691101076,15.332688331604004,3100200
2017-07-25,14.945358373109684,15.32324318748158,14.794204447360926,15.11540699005127,8446300
2017-07-26,15.181534306248862,15.304347978490318,15.077616223284675,15.162639617919922,4013600
2017-07-27,15.22876901878565,15.285451274400874,14.784752911093216,14.992589950561523,4017900
2017-07-28,14.935909227233351,14.992591488663654,14.643047873349117,14.728072166442871,6167000
2017-07-31,14.737521259544671,14.803650872711794,14.558025308164755,14.699732780456543,4665700
2017-08-01,14.728076063640128,14.926465833038721,14.558027432456036,14.898124694824219,9152700
2017-08-02,14.945356215584944,15.00203938003213,14.671389539478273,14.81309700012207,6916000
2017-08-03,14.860331796297677,14.898121172915008,14.567471335099981,14.643048286437988,4499400
2017-08-04,14.643049857786002,14.831992256406458,14.586366687725652,14.690285682678223,4100100
2017-08-07,14.737520048158046,14.831990787638908,14.66194309619402,14.81309700012207,3261600
2017-08-08,14.822542654946796,14.935908977810842,14.718624576761089,14.737519264221191,3337700
2017-08-09,14.65249563059232,14.746966369290666,14.558023990945648,14.643048286437988,2765800
2017-08-10,14.567474494752824,14.624156770076427,14.199036101355325,14.217930793762207,3962300
2017-08-11,14.217925851843733,14.56746943133872,14.047877283081984,14.539128303527832,3849600
2017-08-14,14.728074162402313,14.86978073613055,14.65249720295413,14.690285682678223,6831100
2017-08-15,14.709178166469217,14.99259218971809,14.633601213729298,14.945356369018555,4906700
2017-08-16,14.964253400112506,15.105959983444862,14.954806054304086,15.068171501159668,2892200
2017-08-17,15.011488210807212,15.087065170255395,14.61470872323004,14.690285682678223,4037900
2017-08-18,14.68083667090568,14.879226392172582,14.64304819547143,14.784754753112793,4615600
2017-08-21,14.784754590805312,14.784754590805312,14.643048034719607,14.756413459777832,5083100
2017-08-22,14.82254576123965,15.077618689715784,14.80365197076835,15.039830207824707,4792900
2017-08-23,14.907568020521081,15.08706396052931,14.822543722722273,15.011487007141113,7899000
2017-08-24,15.124855109506012,15.209879422327047,14.841441033752067,14.983147621154785,6878700
2017-08-25,15.710570024618365,16.513576109281143,15.682229799327883,16.107349395751953,14618800
2017-08-28,16.126243682516165,16.29629223764719,16.03177206278823,16.192373275756836,7281600
2017-08-29,15.993983386940382,16.371868037751632,15.908959115270832,16.30573844909668,5064800
2017-08-30,16.315188162919718,16.815884722337525,16.315188162919718,16.77809715270996,7770600
2017-08-31,16.806442898231456,16.97648970200732,16.75920617337971,16.91980743408203,6620000
2017-09-01,16.91035976947422,17.004831415495214,16.825335468245,16.86312484741211,3165000
2017-09-05,16.64584533451408,16.96704612535951,16.60805594623979,16.853681564331055,6323700
2017-09-06,16.93870039397122,16.95759508198209,16.626945249378355,16.63639259338379,3588200
2017-09-07,16.69307459045394,16.721416622020207,16.504131317138672,16.504131317138672,3584400
2017-09-08,16.48523843942372,16.513578669107318,16.2490602486119,16.296295166015625,3442900
2017-09-11,16.475789939840546,16.48523728303791,16.26795199329148,16.40966033935547,6602200
2017-09-12,16.541921200194057,16.63639283975081,16.371872609371234,16.62694549560547,4092000
2017-09-13,16.645840169673104,16.882018367414855,16.589156104849497,16.834781646728516,6073500
2017-09-14,16.711973066049154,17.363823722750432,16.589159369988675,17.26935386657715,10066600
2017-09-15,17.373265644540332,17.53386687254849,17.193771532334374,17.326030731201172,7434800
2017-09-18,17.401609174692666,17.637787365553372,17.335479569555126,17.411056518554688,6963000
2017-09-19,17.43940019818151,17.571661236517638,17.12764499664848,17.14653968811035,6409800
2017-09-20,17.184326512820792,17.222114088222177,16.8064417493235,17.033172607421875,7037100
2017-09-21,17.033172607421875,17.19377385714531,16.89146424445079,17.033172607421875,5270400
2017-09-22,16.91035927461797,17.089855216615504,16.86312435393812,16.88201904296875,4497300
2017-09-25,16.79699383768294,16.882018131835235,16.52302626721519,16.63639259338379,6198900
2017-09-26,16.768654545438828,16.84423150793394,16.655288200747695,16.674182891845703,3192700
2017-09-27,16.8253374362412,17.14653998914437,16.778102508654197,16.929256439208984,4260900
2017-09-28,16.863116009713586,17.07095208051868,16.78753909288484,16.97648048400879,3711300
2017-09-29,17.03317209961571,17.222113574783144,16.900911084912213,16.910358428955078,4659300
2017-10-02,17.203223063317534,17.685026915096877,17.15598813353208,17.382719039916992,10239400
2017-10-03,17.382714486968627,17.56221041655381,17.288242850245027,17.411056518554688,2935800
2017-10-04,17.33548129508528,17.514977242537036,17.288244571073356,17.486635208129883,5757200
2017-10-05,17.486635061564694,17.486635061564694,17.29769177089419,17.3543758392334,3755600
2017-10-06,17.202724836044183,17.36385236199771,17.1932465335997,17.2501163482666,3496100
2017-10-09,17.35436996644741,17.5723672556522,17.35436996644741,17.487064361572266,4695600
2017-10-10,17.52497726635499,17.58184526471355,17.449152665943224,17.543933868408203,6872200
2017-10-11,17.487065870049644,17.58184526471355,17.458630966969828,17.543933868408203,4284500
2017-10-12,17.515502945544632,17.524981248725084,17.297507395798704,17.335420608520508,3503400
2017-10-13,17.439679020241726,17.439679020241726,17.278551475380407,17.325942993164062,3585700
2017-10-16,17.344898481806258,17.363855089673105,17.1648161304761,17.316465377807617,4711800
2017-10-17,17.28803178995185,17.458637658215476,17.240642074457185,17.401769638061523,2638000
2017-10-18,17.468107761154297,17.553410655234234,17.231155679332456,17.487064361572266,4107200
2017-10-19,17.382805695972166,17.487065195441676,17.1837649976941,17.44915199279785,1864700
2017-10-20,17.506019988962585,17.53445489094545,17.420717090814986,17.44915199279785,1609400
2017-10-23,17.724024611346554,17.89462867032681,17.487072420327493,17.506027221679688,5799800
2017-10-24,17.534458285782215,17.61976120044526,17.52497998328617,17.61028289794922,18445300
2017-10-25,17.524977968346555,17.600802571795604,17.411241967073558,17.43019676208496,8466000
2017-10-26,17.449156495245337,17.487069707672,17.306985564248304,17.439678192138672,3913800
2017-10-27,17.619763407911357,17.619763407911357,17.28803001019448,17.47759246826172,4527000
2017-10-30,17.39229085400785,17.468115481390374,17.041600822487595,17.278553009033203,6057400
2017-10-31,17.3638562686286,17.534462135410607,17.32594485812246,17.506027221679688,3739100
2017-11-01,17.60080586636721,17.60080586636721,17.19324786861522,17.335420608520508,3327800
2017-11-02,17.316464689607333,17.420722413128264,16.918384979232396,17.325942993164062,3118100
2017-11-03,17.373328065531453,17.58184526471355,17.278546863066474,17.543933868408203,7349100
2017-11-06,19.060435664532168,19.97980955541692,18.91826289741028,19.14573860168457,19713400
2017-11-07,19.316341762500937,19.534339151559053,18.956175228590485,19.079389572143555,10689000
2017-11-08,19.098346710205078,19.17417134090746,19.03200038431572,19.098346710205078,6884100
2017-11-09,19.079389572143555,19.136259399446583,18.814004275936405,19.079389572143555,8638200
2017-11-10,19.136259399446583,19.136259399446583,19.013043248091765,19.079389572143555,6943700
2017-11-13,18.965653533140987,19.08886787669406,18.965653533140987,19.079389572143555,4383100
2017-11-14,19.022518534205897,19.10782145382308,18.99408543286781,19.069910049438477,3513800
2017-11-15,18.90878024330874,19.06042945824505,18.719217820737736,19.02251625061035,2887400
2017-11-16,19.060429565299827,19.268946785058095,19.041472961376005,19.202600479125977,6779400
2017-11-17,19.249990028516237,19.382684447129698,19.183643723110123,19.231035232543945,5145200
2017-11-20,19.714420334290804,20.671707342957074,19.069911933659572,20.46319007873535,67009800
2017-11-21,20.993962339451723,22.188201518161065,20.794923380234316,22.064987182617188,35752100
2017-11-22,22.538889208421534,22.955923691722482,22.20715583613103,22.586278915405273,27234900
2017-11-24,22.595759284631058,22.652627299772128,22.282982489652756,22.557846069335938,7191700
2017-11-27,22.377756826674545,22.4630597270096,21.979677227711303,22.159759521484375,14996600
2017-11-28,22.624189296882758,22.633665790852817,22.008112336358476,22.055503845214844,12527700
2017-11-29,22.30193381013018,22.614710530957794,20.870742812464083,21.050825119018555,19878600
2017-11-30,21.136132348682263,21.71429620851507,21.031874625615192,21.17404556274414,12993300
2017-12-01,20.975000764500013,21.126651783736275,20.548488035264345,21.02239227294922,13143300
2017-12-04,21.259345499861414,21.43942962575226,20.738049726556593,21.13612937927246,11231300
2017-12-05,21.05082471646021,21.467860938855697,20.643268603261344,20.82335090637207,7287900
2017-12-06,20.66223006711606,20.813879322787237,20.472669401427954,20.68118667602539,6346600
2017-12-07,20.946570697295268,21.117176536789305,20.671705331932323,20.851789474487305,6482300
2017-12-08,20.889698028564453,21.03186892717316,20.709613926166192,20.889698028564453,7064400
2017-12-11,20.870748261614153,21.1645684560019,20.832835045408434,20.899181365966797,5280500
2017-12-12,20.85178766869484,21.088739801293645,20.79491966305549,21.031871795654297,4662200
2017-12-13,21.145610093955884,21.344650846922995,20.633794372243244,20.690662384033203,6337400
2017-12-14,20.728569039090253,20.88969652801966,20.444225454496696,20.520050048828125,8099900
2017-12-15,20.576924036448972,20.69066186497711,20.302060479858277,20.491622924804688,8084300
2017-12-18,20.58639891015711,21.192997548256457,20.472662908376776,21.003435134887695,7887500
2017-12-19,21.155088798935974,21.249870025586713,20.870746926785294,21.20248031616211,5598800
2017-12-20,21.373082744116175,21.392039349578077,20.937091665300805,21.14560890197754,4402200
2017-12-21,21.22143647250883,21.22143647250883,20.823356741357003,20.899181365966797,5575000
2017-12-22,20.851786880613236,21.050825796729043,20.766483971477538,20.861265182495117,5235200
2017-12-26,20.72820886411608,20.889776822604077,20.585649327272055,20.75672149658203,3675100
2017-12-27,20.718706602841337,21.022835939533575,20.642674721854036,20.95630645751953,4091800
2017-12-28,20.956301088740165,21.051341368811748,20.7282055042139,20.804237365722656,3606500
2017-12-29,20.899279303933344,20.899279303933344,20.405071258544922,20.405071258544922,4256400
2018-01-02,20.585656452851474,21.241432724617756,20.34805653828694,21.098873138427734,5619900
2018-01-03,21.18440427577982,21.81166775784596,21.127379004506125,21.754642486572266,9014000
2018-01-04,21.830675495581758,22.305875237596762,21.697620147895368,22.248851776123047,9221200
2018-01-05,22.334389769512672,22.46744512848723,21.859189987182617,21.859189987182617,5855400
2018-01-08,21.83066569451415,22.08727387505413,21.754633842436636,22.0207462310791,5529500
2018-01-09,22.125300076255137,22.153810899892935,21.84968336280238,22.001747131347656,9580000
2018-01-10,21.697623253161233,22.068278524901633,21.479031775608863,21.992246627807617,9401900
2018-01-11,22.096787439874234,22.096787439874234,21.716628018511038,22.001747131347656,5198600
2018-01-12,21.992241885855176,23.00916896999729,21.98273767417479,22.657522201538086,18423600
2018-01-16,22.87610914663732,22.87610914663732,22.305869246822244,22.41041374206543,11257200
2018-01-17,22.47694724333671,22.676532075909694,22.315379259917872,22.419923782348633,7143400
2018-01-18,22.457939781198004,22.71454808575605,22.429428955853698,22.514965057373047,8558500
2018-01-19,22.657514914889084,22.714538353889665,22.46743436789723,22.505451202392578,7587400
2018-01-22,22.581486329536354,22.629005566796188,22.353390727752274,22.44843101501465,3620000
2018-01-23,22.505453577142934,22.629004676804904,22.125294255787672,22.36289405822754,10855700
2018-01-24,22.201329529484923,22.381904101895103,21.621585342423526,22.134801864624023,9443600
2018-01-25,22.4199240276352,22.438932452420236,21.83067554850122,21.86869239807129,9009500
2018-01-26,22.077775580068735,22.296366986744385,22.01124791827552,22.229839324951172,6143000
2018-01-29,22.210827657206448,22.324874533519218,22.08727475966813,22.2868595123291,6760200
2018-01-30,21.906706599772978,22.21083594651008,21.792659680896772,21.973236083984375,4374000
2018-01-31,22.182323349620237,22.37240396507395,22.106291465987372,22.172819137573242,11191500
2018-02-01,21.96373070577963,22.286866646676984,21.412499126497607,21.479026794433594,7988300
2018-02-02,21.269936145091048,21.46952094642898,20.785234083433632,21.31745719909668,9945300
2018-02-05,21.041845590426245,21.441013476468576,20.253014031431082,20.291030883789062,9355000
2018-02-06,19.834837204232574,20.747219800831783,19.49269282413633,20.623668670654297,13422400
2018-02-07,20.509620204153297,20.86126880075773,20.157971607548866,20.27202033996582,8684400
2018-02-08,20.37656301466655,20.462099103046008,19.359635978091827,19.71128273010254,11758100
2018-02-09,20.005907524803774,20.386068751718444,19.521205404699415,20.243507385253906,9943700
2018-02-12,20.414577907328702,20.94680285643921,20.329041819533902,20.832754135131836,6651400
2018-02-13,20.766228331902518,21.250932268624844,20.566643504902455,21.212915420532227,10983200
2018-02-14,21.05134310578069,21.326959759455452,20.908783580281856,21.155887603759766,6607300
2018-02-15,21.43150513924504,21.792657916174882,21.317458229604103,21.61208152770996,6664200
2018-02-16,21.526546797402585,21.77365086754046,21.31745957470579,21.5550594329834,5159300
2018-02-20,21.593071857406013,22.239343683835518,21.412497292118765,22.049264907836914,6183700
2018-02-21,22.11579629003373,22.40091540836117,21.821171146653153,22.039764404296875,7041700
2018-02-22,22.077773055697477,22.657517149738137,21.849677464454256,21.98273277282715,6857200
2018-02-23,22.144301921991076,22.201327182480224,21.868687080597738,22.096782684326172,4075100
2018-02-26,22.16331421371386,22.362899034804563,22.05876969729763,22.296369552612305,3700700
2018-02-27,22.372404404406108,22.762068042269355,22.220338821411133,22.220338821411133,7094100
2018-02-28,22.30587598929332,22.638516182462258,22.09678874834812,22.32488441467285,6577600
2018-03-01,22.400912645099087,22.571984820090215,21.8686895105934,22.15380859375,4287400
2018-03-02,21.859180744085855,22.353388743792962,21.640589371703207,22.25834846496582,5972100
2018-03-05,22.068276110278823,22.42942894151706,21.86869308202339,22.32488441467285,6061300
2018-03-06,22.381902910016475,22.5054558348155,22.115792264743774,22.400911331176758,7222900
2018-03-07,22.33438864163851,22.667028835020066,22.17282065129565,22.514965057373047,14781100
2018-03-08,22.714548253039347,23.208756440403405,22.448437546568883,23.11371612548828,17008200
2018-03-09,23.009171807623602,23.931060514140626,22.66702920864975,23.13272476196289,17310000
2018-03-12,23.341806558450138,23.40833422014668,22.495951752177838,23.161231994628906,17785100
2018-03-13,22.904627304204958,23.322803573363434,21.669106920951073,21.80216407775879,22302700
2018-03-14,21.85918990337649,22.296372831327233,21.355477483450223,22.239349365234375,19368200
2018-03-15,22.35339615955431,22.59099602907489,21.878196420513156,22.039764404296875,10865800
2018-03-16,22.19182806906643,22.286868378966307,21.906707139366784,22.03026008605957,6957900
2018-03-19,21.792656764509637,22.125296890078914,21.43150400666545,21.688112258911133,11467700
2018-03-20,21.764147044806172,22.11579563895118,21.669106737247272,21.973236083984375,7531100
2018-03-21,21.89720683988581,22.220341024146403,21.78315809451954,21.859189987182617,5938400
2018-03-22,21.517038453908157,21.81166352677441,20.956302751024268,20.96580696105957,6817200
2018-03-23,21.06085129613876,21.250931907889036,20.405075179617672,20.414579391479492,6876500
2018-03-26,20.880268528333097,21.26042963589479,20.67118136936817,21.10836410522461,6215800
2018-03-27,21.21291416015605,21.260435217448332,20.186482888301498,20.329042434692383,7224900
2018-03-28,20.18608439823515,20.38622883551739,19.4426868786676,19.557056427001953,10366000
2018-03-29,19.6714233684858,20.109837832033616,19.53799374898275,20.014530181884766,8751900
2018-04-02,19.86203739386745,19.90015936077466,19.1091090056474,19.252071380615234,7141200
2018-04-03,19.57611574912688,19.690483464591388,19.18535423740397,19.461746215820312,8575200
2018-04-04,18.966142940674892,19.87156256927037,18.861306198743513,19.82390785217285,7086500
2018-04-05,20.538716443199025,20.576840224664018,20.05265095441404,20.138425827026367,11740800
2018-04-06,19.852502631843425,20.13842369113817,19.499864962060926,19.54751968383789,8925100
2018-04-09,19.72860651179177,20.186080992255313,19.604706037181646,19.633298873901367,5721200
2018-04-10,20.30044864527623,20.62449352246981,20.06218046015401,20.472002029418945,8781800
2018-04-11,20.39575629987989,21.348829041162517,20.39575629987989,21.03431510925293,10306700
2018-04-12,21.263050828543136,21.377420349169203,21.081968329494504,21.367889404296875,7179700
2018-04-13,21.568038883399534,21.596631724764762,20.710273638707935,20.977134704589844,8148100
2018-04-16,21.148686504455156,21.177277525797955,20.614964413389014,20.73886489868164,5774000
2018-04-17,20.919950445140763,21.20587158203125,20.872295710430844,21.20587158203125,4744000
2018-04-18,21.348832628399716,21.44414028211089,20.958072884241968,20.986665725708008,4904000
2018-04-19,20.53871397467692,20.81510590355306,19.995462878987105,20.052648544311523,10528000
2018-04-20,20.15748778096963,20.3671649440007,19.528459927560338,19.576114654541016,8796100
2018-04-23,19.642830186719667,19.80485262880995,19.395031050708532,19.40456199645996,5940300
2018-04-24,19.680946350097656,20.33856687034894,19.557047727537427,19.680946350097656,10595000
2018-04-25,19.614235485226533,19.70954311584029,19.233006780613366,19.423620223999023,5170800
2018-04-26,19.67142453371746,19.928754659009567,19.53799490631074,19.909692764282227,5420900
2018-04-27,20.071705838801105,20.071705838801105,19.37596336749087,19.3950252532959,5506800
2018-04-30,19.452216761383617,19.566586303459435,19.032864197561892,19.118640899658203,5808800
2018-05-01,18.947085394662288,19.39503074879651,18.87083964767974,19.366437911987305,4686700
2018-05-02,19.35690660729806,19.661889589570578,19.27112991630367,19.59517478942871,4952400
2018-05-03,19.252065789735266,19.909684525106805,18.518199507007694,19.82390785217285,19888800
2018-05-04,19.72860502365271,20.309978117031108,19.576113541667375,20.25279426574707,7676200
2018-05-07,20.30044411609856,20.481528405385973,19.76672400949741,19.82390785217285,7353400
2018-05-08,19.80485154328104,20.15748742754545,19.766727762364926,20.09077262878418,6513700
2018-05-09,20.09077591802353,20.414820837495057,20.01453016155036,20.290922164916992,4133000
2018-05-10,20.424352719766226,20.472005638053734,20.214675516479648,20.433883666992188,3870600
2018-05-11,20.30998047831391,20.386226228171076,19.842975033208514,20.03359031677246,6122500
2018-05-14,20.82463698452243,21.644278196628967,20.681676455956083,20.900882720947266,13913800
2018-05-15,20.77698842207136,20.843705051831567,20.40529057404735,20.681682586669922,6289400
2018-05-16,20.767456567264222,20.862762390157634,20.462471753342346,20.84370231628418,5405000
2018-05-17,20.776987899932692,21.091501875243452,20.548250628601437,20.614965438842773,7937100
2018-05-18,20.48153835059411,20.672153675857995,20.290924843172693,20.414823532104492,8304100
2018-05-21,20.872296332332652,20.986665881201905,20.35763790702679,20.433883666992188,7312000
2018-05-22,20.605436287481403,21.0533798827893,20.49106674301862,20.891357421875,6113300
2018-05-23,20.805581496502306,21.053380670575407,20.70074289497537,21.015256881713867,5253300
2018-05-24,20.96760149049515,21.110562046180107,20.738864237830796,20.91994857788086,7478300
2018-05-25,21.482263193302963,21.682407621863593,21.110563540795447,21.434608459472656,24162000
2018-05-29,21.215406364724068,21.491796604643994,20.76746268451604,20.910423278808594,8735800
2018-05-30,21.129624150687555,21.139155096874603,20.557780104359352,20.958070755004883,9435200
2018-05-31,20.881831820352946,21.03432337344332,20.319518536641166,20.52919578552246,12753400
2018-06-01,20.872293328544913,21.615690744604965,20.52918836699893,21.129623413085938,10533700
2018-06-04,21.243992428250884,21.40601305030366,20.78651612759138,21.053377151489258,7150300
2018-06-05,21.158215369218887,21.158215369218887,20.786515767752473,20.996192932128906,5686900
2018-06-06,21.024784465272713,21.101030212955294,20.710270528851826,21.072439193725586,4966600
2018-06-07,21.367897612698,21.873026977923804,21.1200984043519,21.158222198486328,13699900
2018-06-08,20.834172469688227,20.96760208305271,20.348105112349128,20.729333877563477,9299700
2018-06-11,20.64356055212487,20.88182879655645,20.271862672521184,20.367170333862305,10988600
2018-06-12,20.319513299070064,20.624496326638194,20.319513299070064,20.595905303955078,5356100
2018-06-13,20.69121167144344,21.062911336510464,20.59590583624694,20.96760368347168,10431100
2018-06-14,21.005725944214714,21.06290980474246,20.47200385314857,20.73886489868164,6318400
2018-06-15,20.872291640975828,20.967599273971352,20.557777724579935,20.88182258605957,7032400
2018-06-18,20.710270230238567,20.79604692237494,20.443411026118287,20.748394012451172,5471900
2018-06-19,20.51966149526701,20.614967337049023,19.804856774847465,20.319515228271484,10732400
2018-06-20,20.433881811752624,20.93900924397083,20.348105112349128,20.729333877563477,5308800
2018-06-21,20.910418779599915,21.053379343132235,20.224205166097278,20.243267059326172,4887300
2018-06-22,20.386224227481886,20.443409897644152,19.94781166328919,20.309978485107422,6890800
2018-06-25,19.995468831965166,20.03359262019819,19.04239594024699,19.23301124572754,9398300
2018-06-26,19.33785002514012,19.33785002514012,18.88037365130613,18.97568130493164,10091600
2018-06-27,19.871567811612834,19.890629703480585,19.175825119018555,19.175825119018555,11348300
2018-06-28,20.6626173203148,21.053376998784056,20.167019058602868,20.748394012451172,34399200
2018-06-29,20.710273865175893,21.02478785226345,20.367168854252753,20.433883666992188,19429300
2018-07-02,20.090773222592315,20.491063844832965,19.78579023761696,20.46247100830078,10320100
2018-07-03,20.443411903945503,20.576841511735026,19.93828267499049,20.03359031677246,7859400
2018-07-05,20.195620476844546,20.338581085205078,19.947821240693003,20.338581085205078,10280200
2018-07-06,20.27166879933922,20.78778007625691,20.166536438571477,20.67308807373047,7913200
2018-07-09,20.902475745082548,21.05539722662858,20.596630959022626,21.03628158569336,11541600
2018-07-10,21.227427588038132,21.906018099636057,21.217871592761377,21.657520294189453,29134500
2018-07-11,21.170084508034805,21.409024517883882,20.759107399419573,20.778223037719727,12153300
2018-07-12,21.00760103102574,21.27521444485494,20.787776703398492,21.1605224609375,10914000
2018-07-13,21.064952830082948,21.198758656611165,20.768665895673813,20.892915725708008,7650500
2018-07-16,20.892915543284953,20.998047910510177,20.204767131793645,20.214324951171875,10783200
2018-07-17,20.0900806111953,20.81645860978015,20.00406204406236,20.73999786376953,11203400
2018-07-18,20.739993366715225,20.931144278810507,20.424592629938797,20.625301361083984,7015400
2018-07-19,20.61574214666715,20.77822141358298,20.348130523253403,20.749547958374023,8743300
2018-07-20,20.692205162948024,21.141413562808737,20.5106102391114,20.892915725708008,7805900
2018-07-23,20.7495495802695,20.931144498185727,20.4054772057048,20.778223037719727,8083300
2018-07-24,21.007607244491727,21.21787564003737,20.501055541697834,20.596630096435547,7560400
2018-07-25,20.56796072950365,20.82601643090247,20.262117745461182,20.73999786376953,7759900
2018-07-26,20.69220491264081,21.14141330706759,20.69220491264081,21.08406639099121,9199600
2018-07-27,21.074512784690278,21.370799774746605,20.58707666137026,20.71132469177246,9672500
2018-07-30,20.826009706659253,20.9215842410877,20.061400670459914,20.30034065246582,5388500
2018-07-31,20.45326518014158,20.673089559231634,20.11874879028369,20.367246627807617,6984500
2018-08-01,20.35768811676451,20.66353286076643,20.156979383448594,20.262113571166992,8826700
2018-08-02,20.070958852556025,20.615741729736328,20.042285397926957,20.615741729736328,4599700
2018-08-03,20.548839056643434,20.682644867151065,20.24299616235888,20.424591064453125,6762800
2018-08-06,20.32901723117108,20.91202963725743,20.300343772654962,20.883358001708984,4740400
2018-08-07,20.97893479058788,21.20831699437099,20.87380059690773,21.18920135498047,5093700
2018-08-08,21.141414834409055,21.26566284894878,21.01716499690156,21.122299194335938,4789000
2018-08-09,21.04584094641297,21.07451258694629,20.7113244974363,20.730440139770508,3210600
2018-08-10,20.21431787639148,20.39591273508641,19.88935942313403,19.984935760498047,6190000
2018-08-13,19.98494279609222,20.147422079920922,19.851136970457166,19.87025260925293,5690300
2018-08-14,19.93715675163983,19.98494402860874,19.56440906400482,19.583524703979492,7805400
2018-08-15,19.382814478725994,19.53573594095531,19.01006681944536,19.20121955871582,9423000
2018-08-16,19.306351870650893,19.497502768370065,19.172544236983278,19.373254776000977,8183900
2018-08-17,19.487952202926778,19.487952202926778,18.847592720159827,18.904939651489258,12338400
2018-08-20,19.01962345511437,19.20121836382389,18.61820418600083,18.962278366088867,9106200
2018-08-21,19.0769712662215,19.487948412642627,18.97183889183472,19.40192985534668,7358400
2018-08-22,19.315906113551303,19.640864615455765,19.229889402310505,19.53573226928711,3587300
2018-08-23,19.554851997622507,19.73644693844465,19.31591195763415,19.344585418701172,4981300
2018-08-24,19.526179607023245,19.631313803916168,19.430603230117658,19.583524703979492,3692300
2018-08-27,19.726888357853987,19.994501848596077,19.573966883992156,19.583524703979492,7724100
2018-08-28,19.612195222363457,19.75555885473525,19.4497159528841,19.67909812927246,9077700
2018-08-29,19.698218160142464,20.30034627959794,19.640871236028307,20.137866973876953,8211500
2018-08-30,20.15697537637728,20.223878274182738,19.841574698889225,19.927593231201172,5522200
2018-08-31,19.95626855683698,20.14742129137787,19.707772554088436,19.765117645263672,8589200
2018-09-04,19.669542985336875,19.96582810892239,19.53573715332427,19.78423500061035,9769900
2018-09-05,19.7842334469596,19.83202071950631,19.49750434277654,19.573965072631836,9087300
2018-09-06,19.545290665795523,19.70776992156133,18.58953076669486,18.59908676147461,18985300
2018-09-07,19.975383767560935,19.975383767560935,18.42705357817921,18.58953285217285,36018300
2018-09-10,18.704221676991576,18.75201076762605,17.99695954230806,18.188112258911133,19795700
2018-09-11,17.863154158326605,18.283687228084,17.729346524342475,17.968286514282227,15130100
2018-09-12,17.738901620524025,17.863151417087373,17.356598059881364,17.51907730102539,11965400
2018-09-13,17.681560137032807,17.84403941121073,17.33748595101661,17.719791412353516,14662200
2018-09-14,17.73890447434501,18.235900094620316,17.652885931490918,18.130765914916992,14161500
2018-09-17,17.891829667077843,18.035195150478934,17.54775724663163,17.624217987060547,8619200
2018-09-18,17.844038103774405,17.872711558164028,17.538195215488088,17.83448028564453,11315000
2018-09-19,17.910947147314367,18.09254210809512,17.49996994169016,17.633777618408203,11315600
2018-09-20,17.700674428734732,18.149880941790148,17.700674428734732,18.016075134277344,13849900
2018-09-21,17.92049877621074,18.082978038033747,17.73890387818093,18.016075134277344,15210400
2018-09-24,17.83447798870284,18.05430230847605,17.700672198052573,18.04474449157715,8833700
2018-09-25,18.12120051451895,18.14031614337014,17.671994174316225,17.76757049560547,9255700
2018-09-26,17.70067816006164,17.89182909352232,17.538198863987777,17.67200469970703,9113700
2018-09-27,17.738905268784755,18.140324545758983,17.60509945078253,17.88226890563965,11470500
2018-09-28,17.83447749657685,18.455720994125397,17.815361863306524,18.446163177490234,14835100
2018-10-01,18.589977645124527,18.68585206052129,18.32153147639644,18.474929809570312,10931900
2018-10-02,18.41740618594542,18.829664939612105,18.388645138068036,18.599567413330078,12588300
2018-10-03,18.695442615997404,18.81049229824148,18.35029539791783,18.762554168701172,11297200
2018-10-04,18.647504014168117,18.839251022711434,18.35988075837449,18.48451805114746,9869100
2018-10-05,18.427000853309853,18.618749779481103,17.57372197201968,17.832582473754883,10235000
2018-10-08,17.736696659333507,17.861332101521896,17.334025635002554,17.592885971069336,11235100
2018-10-09,17.4970149786252,17.890098456510337,17.257329841931703,17.707937240600586,16556300
2018-10-10,17.40114114626587,17.44907927241606,16.653324664848277,16.66291046142578,15497700
2018-10-11,16.691673003243185,17.794224281508416,16.47116311332064,16.988882064819336,18097800
2018-10-12,17.631242695822266,17.69835425911976,17.09434836078935,17.266921997070312,13115700
2018-10-15,17.381963190715588,17.71752270693489,17.228564868212864,17.372377395629883,11876900
2018-10-16,17.583299489333413,18.331117676959675,17.535363199684596,18.091432571411133,20762500
2018-10-17,18.283186912284496,18.311949794833758,17.621655242875214,18.177724838256836,17449300
2018-10-18,17.995558365233272,18.10101856937357,17.22856492168681,17.34361457824707,10601000
2018-10-19,17.449079496044696,17.688764643909856,16.84507189937906,17.027233123779297,8421400
2018-10-22,17.171041246987848,17.334027196005383,16.691671023836534,17.257328033447266,11774400
2018-10-23,16.70125931247723,17.171041930425414,16.39446265003371,16.816308975219727,14312900
2018-10-24,16.49033732427687,16.576624115531466,15.847981116410617,15.857568740844727,12471900
2018-10-25,16.20271511426103,16.451987879545353,16.05890439584959,16.145191192626953,16522600
2018-10-26,15.483658872210771,15.49324649674995,14.707079571061158,15.033051490783691,19423700
2018-10-29,15.157691642426222,15.531600863655072,14.678321267975791,14.956356048583984,12271800
2018-10-30,14.860475725646863,15.474068976891987,14.84130047938242,15.464481353759766,13097200
2018-10-31,15.732933044433594,15.943855317377638,15.512423146084924,15.732933044433594,9367300
2018-11-01,15.761696312047533,16.93135921066874,15.761696312047533,16.854660034179688,14167300
2018-11-02,16.691670889529323,16.902593127703923,16.17395200359084,16.86424446105957,10297800
2018-11-05,16.720429164717665,16.82588934048885,16.269820112111802,16.43280601501465,6203900
2018-11-06,16.38487758274334,16.557451189462412,16.04931799508432,16.16436767578125,9408800
2018-11-07,16.31776142390009,16.346522464464655,15.876739905838189,16.183536529541016,8988000
2018-11-08,16.068491713187992,16.231477678573793,15.924680997530508,16.020553588867188,7662200
2018-11-09,15.819219563881635,15.838394814350828,15.5124228709847,15.713757514953613,8858400
2018-11-12,15.43572354409327,15.464484590858198,14.918003672820612,15.138513565063477,8908000
2018-11-13,15.157689350389289,15.483660387690382,14.975528123620437,15.071402549743652,12521400
2018-11-14,15.27273386822653,15.426132175927004,14.946762007200006,15.080985069274902,7704500
2018-11-15,14.9275892298878,15.694582723866493,14.9275892298878,15.435722351074219,12062400
2018-11-16,15.080986828791287,15.4357215996435,14.956351374987817,15.243972778320312,14017600
2018-11-19,15.215211536609692,15.24397349543074,14.515331414565024,14.563267707824707,9245100
2018-11-20,14.122246989852727,14.802952774857395,14.083897406795822,14.59203052520752,9055400
2018-11-21,14.879656322511606,15.13851583988285,14.755019919952712,15.023467063903809,5389300
2018-11-23,14.822129320200917,15.128926011494968,14.793367358973665,15.004289627075195,2519800
2018-11-26,15.176865111557575,15.339851102669549,14.98511715563948,15.32067584991455,11318000
2018-11-27,15.24397437725964,15.502834764602106,14.956352943758553,15.359024047851562,9742500
2018-11-28,15.426134726676093,15.522009142004977,15.052225604084873,15.435722351074219,8329300
2018-11-29,15.311082241382012,15.637053162454404,15.224795471502922,15.40695571899414,6814100
2018-11-30,15.330260923928963,15.493246887905107,15.148100624716568,15.445310592651367,10689500
2018-12-03,15.84798470482171,16.030144124358443,15.646648203422172,15.704172134399414,9410400
2018-12-04,15.608298685599655,15.684997865658877,14.831718344592094,14.860480308532715,16395600
2018-12-06,15.311087257424617,15.579534362740484,14.630381411771829,15.426136016845703,28043000
2018-12-07,15.272739253325232,15.416549988919932,14.687906856100376,14.802955627441406,10758100
2018-12-10,14.764602512489624,15.052224829346153,14.563266982122668,14.716666221618652,11796000
2018-12-11,14.994704621869932,15.10016576791694,14.620795426078306,14.668732643127441,7947700
2018-12-12,14.937176085468769,15.253560359713108,14.707078597714002,14.716666221618652,12820700
2018-12-13,15.263150021099246,15.33984919392276,14.745430147377403,15.004289627075195,20932200
2018-12-14,14.850889204629876,15.004287528825165,14.668728923229505,14.745428085327148,9006600
2018-12-17,14.659142927899486,14.860478479354107,14.47698262626256,14.620793342590332,8722800
2018-12-18,14.726256446547385,15.330263181832569,14.726256446547385,14.802955627441406,12562500
2018-12-19,14.726255278040375,15.109752066406923,14.112661879575954,14.15101146697998,13503300
2018-12-20,14.151011213087283,14.697493052371435,14.026374827678811,14.237298011779785,12849000
2018-12-21,14.371521630174874,14.55368285943753,14.10307451341161,14.27564811706543,13027300
2018-12-24,14.217888116876752,14.285271177024399,13.861718152602597,13.871344566345215,4340100
2018-12-26,14.03499016634572,14.901347221344697,13.803961740749374,14.891721725463867,9799900
2018-12-27,14.689575483544813,15.12275412487078,14.612565988110223,15.113127708435059,8725300
2018-12-28,15.199759948127445,15.344152487676462,15.007236256053629,15.064992904663086,6691700
2018-12-31,15.286401548956576,15.613691488721129,15.238270378453468,15.584814071655273,12795700
2019-01-02,15.305647725579934,16.133500977254506,15.219012752799797,15.883219718933105,18511500
2019-01-03,15.536678721009284,15.777333604970648,15.113126529168516,15.180510520935059,13107600
2019-01-04,15.527051560955384,15.767706433379715,15.392285419934069,15.632940292358398,13825100
2019-01-07,15.661819226117883,16.075745892212414,15.64256639605513,15.989109992980957,8462900
2019-01-08,16.181637302925154,16.258646808624178,15.815842609867659,16.066123962402344,10637000
2019-01-09,16.18163580463576,16.470422801306324,16.11425272289468,16.451169967651367,7767500
2019-01-10,16.345275483904686,16.557052907705152,16.162379136505088,16.470417022705078,10672900
2019-01-11,16.37415584874904,16.826586295669582,16.316399200132768,16.682193756103516,15121300
2019-01-14,16.489675930141523,16.605191110949928,16.335656913097992,16.40304183959961,6910700
2019-01-15,16.412663301524674,16.624440786738646,16.16238382344643,16.210514068603516,10151300
2019-01-16,16.210514773405965,16.354907351206304,16.008363695644498,16.017990112304688,8583200
2019-01-17,15.902473449707031,15.979482930788265,15.719575243620032,15.902473449707031,12741300
2019-01-18,16.056491131432058,16.605183869886275,15.912098595425798,16.249013900756836,18502300
2019-01-22,16.133505219617476,16.191261883324888,15.786961565270527,16.037242889404297,10433100
2019-01-23,16.10462973954859,16.316407282801226,15.921733288987069,16.056499481201172,10392100
2019-01-24,16.36452887398856,17.1923820986795,16.335649632644447,16.84583854675293,20010200
2019-01-25,17.153876624005747,18.155001635191393,17.105746390643276,17.87584114074707,29605000
2019-01-28,17.269388755934273,17.875838036832373,17.134620821028836,17.673688888549805,12975800
2019-01-29,17.73144816141699,17.789204807218486,17.230885668335567,17.452287673950195,10201200
2019-01-30,17.750705984903643,17.78920981425857,17.481171835214447,17.68332290649414,9679400
2019-01-31,17.6159411792501,18.01061514081434,17.48117499804812,17.837345123291016,11476900
2019-02-01,17.85659847433524,17.97211367061045,17.606318915167172,17.721832275390625,7979800
2019-02-04,17.769952424088782,17.933597787992177,17.567803240705555,17.87584114074707,5047700
2019-02-05,17.70257470724913,18.02023911707403,17.606314211463797,17.962482452392578,7971900
2019-02-06,18.19350581223849,18.453413484025653,18.14537557793009,18.32827377319336,18243700
2019-02-07,17.307898251143843,17.798834418790094,17.27902084108,17.64481544494629,21169900
2019-02-08,17.356024490287126,17.760324619653144,17.307892429618327,17.702566146850586,7981400
2019-02-11,17.789209208109217,18.347528485115316,17.673695887929263,18.337902069091797,9159200
2019-02-12,18.578553823666162,18.82883508985249,18.51117075893346,18.674816131591797,16531300
2019-02-13,18.79995811494387,18.973228069932727,18.520797599146373,18.56892967224121,11681900
2019-02-14,18.482296017226354,18.69407165636345,18.42453752251081,18.47266960144043,9543200
2019-02-15,18.645936829331546,18.645936829331546,18.058738463112007,18.126121520996094,12616000
2019-02-19,18.337901153380667,18.713324015346412,18.212761423426105,18.58818244934082,12043700
2019-02-20,18.597807156875362,19.18500559870214,18.54967691963255,19.059864044189453,12252200
2019-02-21,18.982861031058494,19.059870538517192,18.780711762498715,18.87697410583496,6174200
2019-02-22,19.01173434389487,19.14650048082163,18.828836132315043,18.91547203063965,7373500
2019-02-25,19.25239101148921,19.3005212545975,18.944353049073555,18.963605880737305,10597700
2019-02-26,18.905850457931468,19.20426388905827,18.838467372209735,19.136878967285156,11545200
2019-02-27,19.030988856629627,19.11762476261528,18.838464213094607,18.973230361938477,6274200
2019-02-28,18.84808610352971,19.521920358066417,18.83845969005911,19.204256057739258,12913900
2019-03-01,19.3390238158133,19.425659708352097,18.876966946306897,19.281267166137695,10151900
2019-03-04,19.425663104067482,19.608561335404453,19.098372305275475,19.387157440185547,11137000
2019-03-05,19.31014635841512,19.464165329158238,19.204259463561076,19.300519943237305,7351500
2019-03-06,19.300519655476712,19.35827814568245,18.867341995239258,18.867341995239258,10403300
2019-03-07,18.809586865267068,18.82883786084467,18.357154502248502,18.45341682434082,22402700
2019-03-08,17.952854074931164,18.116499470365916,17.40416123025319,17.981733322143555,21587800
2019-03-11,18.097244170237335,18.751825662684574,18.097244170237335,18.655563354492188,12695200
2019-03-12,18.713320518797506,19.23313400862624,18.607431803662656,19.05023765563965,13464300
2019-03-13,19.136870107842356,19.233132401187795,18.896215292504017,18.9539737701416,7603800
2019-03-14,18.925105099258186,19.069497701881108,18.636319894012345,18.684450149536133,5413100
2019-03-15,18.89622124199754,19.416036688096998,18.81921175028478,19.387157440185547,17341700
2019-03-18,19.339022174226347,19.396778818999294,18.934721988714447,19.204256057739258,7853100
2019-03-19,19.29090041635663,19.666321526358608,19.26202116325977,19.473796844482422,9277900
2019-03-20,19.454539093567334,19.589307071249838,19.22351063532001,19.26201629638672,8250300
2019-03-21,19.310149427905372,20.195759568478017,19.252392763708595,20.012863159179688,12587900
2019-03-22,19.829963006013138,19.91659891199879,18.9154737032984,18.973230361938477,11485100
2019-03-25,18.886590547699093,19.136869937701327,18.684439549865886,18.992477416992188,6611100
2019-03-26,19.175375759600744,19.35827393335203,18.780702009329914,18.9539737701416,6956900
2019-03-27,19.233139628797524,19.33902837487443,18.915475226618028,19.079120635986328,11039200
2019-03-28,19.175378610937788,19.31977115440154,18.665189665578335,18.694068908691406,12323400
2019-03-29,18.857718300010536,19.24276577666199,18.848091883587852,19.146503448486328,16222400
2019-04-01,19.36790228355676,19.550798639551633,19.262013566680253,19.4930419921875,10548700
2019-04-02,19.444772619596268,19.58959613755561,19.261332688794155,19.4833927154541,10597700
2019-04-03,19.77303265761121,20.159224342035802,19.686139298427275,19.91785430908203,18321300
2019-04-04,19.87923876319121,20.361978894708223,19.84061866874627,20.24612045288086,18746700
2019-04-05,20.265425673865682,20.622654096377136,20.091638973265894,20.56472396850586,15739600
2019-04-08,20.41024881522729,20.76747726407457,20.371630568639755,20.699893951416016,12445200
2019-04-09,20.584042146020096,20.970233943584613,20.535768861889938,20.96057891845703,14212700
2019-04-10,20.97022260954529,21.607439191499235,20.854366053648253,21.56882095336914,23482000
2019-04-11,21.578480736257976,21.858469009399414,21.327455687730417,21.858469009399414,13546000
2019-04-12,22.177077757769514,23.10393963324109,22.109494443814675,22.92049789428711,27099500
2019-04-15,23.017050181155728,23.27773030051415,22.72740683176248,22.891536712646484,22394000
2019-04-16,23.007392321809895,23.354965771451823,22.862570664961517,23.18117904663086,19847800
2019-04-17,23.605986294745342,24.532846193473016,23.509437928251145,24.01148796081543,25140300
2019-04-18,24.0501119825185,24.36872037946627,23.91494534184592,23.992183685302734,14936700
2019-04-22,23.8473639423124,24.117697245431742,23.673577195159954,23.98253059387207,9349400
2019-04-23,23.9921866134482,24.330105097878544,23.895638211967018,24.252866744995117,11051200
2019-04-24,24.445952906795355,24.85145457384439,24.37836960253834,24.590774536132812,15549900
2019-04-25,24.542509129248625,24.648712550793608,24.156317380231666,24.5231990814209,13981700
2019-04-26,24.03080123239548,24.26251625597879,23.89563459568204,24.19493293762207,18043000
2019-04-29,24.18527575687999,24.474920891646345,23.943905731994928,24.27216911315918,9213800
2019-04-30,24.156314849853516,24.455613193801668,24.001838166428193,24.156314849853516,16850200
2019-05-01,24.29148259210189,24.45561430589342,23.808742474068854,23.828052520751953,9213600
2019-05-02,23.78943038630763,24.12734880823962,23.60599048307913,23.857013702392578,8839100
2019-05-03,23.953560283258103,24.059763681402806,23.56736861933252,23.837703704833984,8489100
2019-05-06,22.81429610809226,23.644609661817505,22.737057766455543,23.586681365966797,8585500
2019-05-07,23.36462518606107,23.538410102041876,22.669478156107356,23.02670669555664,14175000
2019-05-08,22.891536273561055,23.297038059838123,22.852918020419533,23.036359786987305,7784400
2019-05-09,22.746714165150923,22.746714165150923,22.051569048375576,22.59223747253418,9471000
2019-05-10,22.55361319923365,22.88187654378809,22.12880148719139,22.698434829711914,7448600
2019-05-13,22.12880176591103,22.186730050530574,21.2695251516111,21.3757266998291,14438800
2019-05-14,21.713648470389614,22.16742348041028,21.549516770338354,22.09984016418457,10021200
2019-05-15,21.723306594397695,22.457071838122697,21.675033316346486,22.302595138549805,7282300
2019-05-16,21.82951001591938,22.47638188594619,21.578484918736546,22.302595138549805,9764700
2019-05-17,21.829502084088627,22.650158561815722,21.742608741963455,21.839157104492188,11575700
2019-05-20,21.298491545412077,21.559171627286744,20.825406493958372,20.989538192749023,17319300
2019-05-21,21.54952022430068,21.83916542220174,21.172983492687607,21.626758575439453,15333800
2019-05-22,21.356420909362576,21.848814146455645,21.259872529763225,21.81985092163086,10739400
2019-05-23,21.51090294832055,21.559176229413588,21.018507746839514,21.356426239013672,9991500
2019-05-24,21.43365752157353,21.636407445075555,21.153667427396034,21.16332244873047,4942700
2019-05-28,21.192291294261985,21.317802910991716,20.564727686091256,20.603347778320312,12785400
2019-05-29,21.25987434387207,21.44331425510591,20.7867892691247,21.25987434387207,14232200
2019-05-30,21.33711404533176,21.8970925206614,21.308148974682705,21.424007415771484,12816600
2019-05-31,21.491584623897722,21.85846620685608,21.037809695224272,21.530202865600586,19941300
2019-06-03,21.52055718539804,22.06122564818892,21.45297201623006,21.5784854888916,10711000
2019-06-04,21.91639495999136,22.65015807998411,21.713643218843433,22.611539840698242,15107700
2019-06-05,22.766019167922916,23.07497248470277,22.0612191838305,22.37017250061035,10973900
2019-06-06,22.486034998974574,22.920499989036795,22.27362817398173,22.87222671508789,8467200
2019-06-07,23.026702207112486,23.34531058656782,22.74671207651163,23.219797134399414,12180400
2019-06-10,23.335656247595505,23.99218307092,23.306691178975665,23.60599136352539,14926700
2019-06-11,24.050104854270202,24.20458149539825,23.490126569804314,23.818389892578125,11312700
2019-06-12,23.634957755313053,23.71219610713404,23.074979244234,23.229455947875977,7899700
2019-06-13,23.548059901343418,23.62529823847649,23.34530995693431,23.422548294067383,8078600
2019-06-14,22.80464103652609,23.171522668514413,22.621199299778343,23.00739097595215,5691300
2019-06-17,22.9494630078716,23.190833039065435,22.81429453817816,22.901187896728516,5066400
2019-06-18,23.1425646961865,23.7508183839286,23.09429141243263,23.702543258666992,8869000
2019-06-19,23.702532537844156,23.837700985931278,23.40323426262786,23.47081756591797,5964200
2019-06-20,24.011494208045782,24.059767483098998,23.210145688213537,23.287384033203125,8621500
2019-06-21,23.171527939077514,23.30669459610637,22.910847807801073,23.142562866210938,11021400
2019-06-24,23.094288353917662,23.30669335241546,22.93015663278062,22.959121704101562,6229800
2019-06-25,22.95912291103624,23.16187289641872,22.592239354380908,22.60189437866211,6013700
2019-06-26,22.99774013346084,23.364623673633623,22.85291845876422,22.891536712646484,10674000
2019-06-27,23.152210503297653,23.509438921973825,22.99773384698012,23.065317153930664,6706200
2019-06-28,23.297036106560164,23.40323951643308,22.930154445692306,23.04601287841797,14472400
2019-07-01,24.079075056251217,24.11769330402533,23.171523214719354,23.43220329284668,14277800
2019-07-02,23.39358397242073,23.40323899505838,23.113595681957836,23.200489044189453,6300500
2019-07-03,23.605994740836618,23.799089701406373,23.28738630646432,23.721851348876953,7971000
2019-07-05,23.61564305504829,23.683228210897497,23.21979634975323,23.461166381835938,5074000
2019-07-08,23.219798755539777,23.41289553781544,23.065322066322206,23.306692123413086,4879600
2019-07-09,23.18117731217006,23.81839402783095,23.17152229023494,23.712190628051758,6013300
2019-07-10,24.011494822746457,24.416996604699595,23.895636381542367,24.23355484008789,7479500
2019-07-11,24.301298499706846,24.34000928480505,23.914179573205736,24.088382720947266,6004300
2019-07-12,24.185163514985636,24.59163692893161,24.117418253647962,24.581958770751953,5473500
2019-07-15,24.727133260975247,25.336844448099118,24.727133260975247,25.172319412231445,9393100
2019-07-16,25.15295752623181,25.298126209074034,24.765840423345896,24.901330947875977,6720000
2019-07-17,25.172311195773077,25.433615904962636,24.86261754603127,25.25941276550293,10488500
2019-07-18,25.249736043122837,25.791699960970206,25.211023411745238,25.54007339477539,9968900
2019-07-19,25.74331663179623,25.752994791751256,25.0174712484519,25.085216522216797,7402000
2019-07-22,24.775517185025958,25.19166873938923,24.717450084346385,25.017465591430664,7107900
2019-07-23,25.24973680472626,25.665888374988462,25.143278911146652,25.64653205871582,6782400
2019-07-24,25.646530601643185,26.401410280109474,25.55942902928477,26.294952392578125,15198100
2019-07-25,26.082039219566017,26.507867090196743,25.93686869748023,26.333663940429688,15639200
2019-07-26,26.56593845774713,26.749817936214104,26.38205713336012,26.44980239868164,7531500
2019-07-29,26.44979808910965,26.527221500565055,26.140104443288024,26.401409149169922,4842600
2019-07-30,26.13043006060854,26.207853483247614,25.82073637005223,26.00461769104004,7175400
2019-07-31,26.03364624095422,26.140104122619352,25.172310568339125,25.41425895690918,9769100
2019-08-01,25.511038413678516,25.927189932996956,24.475499616818038,24.823904037475586,11023000
2019-08-02,24.369043720027747,24.63034844123214,24.08838268334455,24.223875045776367,8322000
2019-08-05,23.652880068472236,23.710947177355067,22.92703474671647,23.178661346435547,10797900
2019-08-06,23.66255689198383,23.933537948755045,23.285116090749632,23.488353729248047,10110300
2019-08-07,23.246401064677357,24.01095699452056,23.18833212373762,23.90450096130371,10635900
2019-08-08,24.214197238675144,24.552925380779943,23.894825412329446,24.54324722290039,9301900
2019-08-09,24.26258292450589,24.46582052084876,23.91417667130076,23.92385482788086,7308600
2019-08-12,23.798043720702104,24.039992110017156,23.043164081508046,23.149621963500977,10196000
2019-08-13,23.1109061449901,24.533563659170692,23.023806435105875,24.330326080322266,11852600
2019-08-14,23.691585203030673,24.04966962181372,23.498027604323884,23.90450096130371,5921800
2019-08-15,24.146447362903295,24.22387076521733,23.246399157302946,23.304466247558594,8571000
2019-08-16,23.662553527911097,24.32065160502315,23.633519056276256,24.13677215576172,5817500
2019-08-19,24.756158760942185,24.862616641387298,24.320650928139184,24.359363555908203,4654800
2019-08-20,24.35936477978938,24.398075563583642,24.088381909550403,24.117416381835938,3621400
2019-08-21,24.388400123958835,24.436789066911512,23.904503310752666,24.02063751220703,9520100
2019-08-22,24.25290830833715,24.301299098301687,23.817402274175695,24.00128173828125,6231600
2019-08-23,23.759335123338467,24.146454088656267,22.86896482576358,23.014135360717773,8097000
2019-08-26,23.217374314755332,23.391577503663555,22.762511868321862,22.839935302734375,7864800
2019-08-27,23.16898015674268,23.16898015674268,22.43345677206134,22.75282859802246,9612200
2019-08-28,22.704435860882413,22.86896083868242,22.472165629738825,22.820571899414062,7777800
2019-08-29,23.256079728070237,23.73997650425707,23.149621846614828,23.420604705810547,9722300
2019-08-30,23.32382751485378,24.069029074146997,22.791539895678664,23.198013305664062,16596400
2019-09-03,22.907671984169617,23.072196951321,22.47216417526313,22.5399112701416,10935700
2019-09-04,22.77218570020288,23.352860424971524,22.77218570020288,23.25608253479004,9810400
2019-09-05,23.730287544612263,24.252894865112083,23.730287544612263,24.069015502929688,9064300
2019-09-06,24.175487089394903,24.252910514460954,23.846437071384177,24.05935287475586,7003900
2019-09-09,24.18516322682335,24.36904453820607,23.96257112910316,24.194841384887695,6396700
2019-09-10,24.20452485925065,24.20452485925065,23.7303060854595,24.01096534729004,6631100
2019-09-11,24.136769783812536,25.259410067160136,24.059346379647856,25.152952194213867,8264000
2019-09-12,25.31748730785493,25.67557184936206,25.04650436168952,25.13360595703125,8367300
2019-09-13,25.172312151481627,25.259413724518435,24.998109005408008,25.027143478393555,4544200
2019-09-16,24.911008765180593,24.92068692336025,24.50453535123462,24.581958770751953,7503800
2019-09-17,24.436789046875397,25.056176376577096,24.378721946195824,25.017465591430664,6973200
2019-09-18,25.094885845871442,25.114242158965826,24.46582043766081,24.794870376586914,6205300
2019-09-19,24.88197802349412,25.143282795786643,24.727131161228968,24.785200119018555,5126800
2019-09-20,24.814223493897433,24.88196874012291,23.923853445106506,24.039989471435547,11175500
2019-09-23,24.01095899905982,24.436788705236342,23.991604529717115,24.233552932739258,5793300
2019-09-24,24.388402959993783,24.446470067473367,23.36254026764073,23.52706527709961,8556500
2019-09-25,23.58513064470628,24.185161637915737,23.40124934540412,24.117416381835938,8411400
2019-09-26,24.12708878373093,24.320646348368523,23.759326272856615,24.185155868530273,5347900
2019-09-27,24.078704390812735,24.398076210745867,23.730299943743756,23.962570190429688,4192100
2019-09-30,24.17548397427658,24.20451844715515,23.79804505645427,24.16580581665039,5087700
2019-10-01,24.340011263258475,24.45614731983278,23.052845711999908,23.227048873901367,10818000
2019-10-02,22.985098828725736,23.33350512798183,22.752828577861628,23.217369079589844,8551600
2019-10-03,23.25608395081236,23.468997906463493,22.927033935584216,23.13994789123535,11445800
2019-10-04,23.672234187024095,23.710946822980805,23.391574960018275,23.65287971496582,7506900
2019-10-07,23.614162954307194,23.952891076082206,23.614162954307194,23.73029899597168,6130700
2019-10-08,23.41093093644937,23.50771067900912,22.201188769252607,22.210866928100586,11466400
2019-10-09,22.540775058420742,22.919205178151042,22.375818814117377,22.60869789123535,5273400
2019-10-10,22.686321324635387,23.006530245723102,22.434037078361072,22.5989933013916,6683100
2019-10-11,23.055047126680062,23.579024503026517,23.035640077359577,23.326740264892578,6753000
2019-10-14,23.28792907613105,23.375258958227207,23.06475353333346,23.336444854736328,3563000
2019-10-15,23.50140375363224,23.850723321563073,23.355854550580567,23.676063537597656,3711200
2019-10-16,23.579031459157402,23.71487899371955,23.055053928230542,23.074460983276367,4189500
2019-10-17,23.384963883935164,23.472293771258933,22.870688086446144,22.92890739440918,6905700
2019-10-18,22.880395008103243,23.025944224987974,22.521371879079442,22.977428436279297,5877200
2019-10-21,23.287931660700313,23.365558025538974,23.006534931436093,23.30733871459961,3657000
2019-10-22,23.414074627714044,23.462592264157696,23.093865630220318,23.384965896606445,7211500
2019-10-23,23.1132725457676,23.220009494543,22.608700234340272,22.64751434326172,5883000
2019-10-24,23.055052617505975,23.71487764548265,23.02594203659223,23.676063537597656,8473700
2019-10-25,23.773099571767478,24.219450756995656,23.608143296626906,24.015682220458984,5645600
2019-10-28,24.442622697165923,24.539656104947415,24.277666459164884,24.40380859375,4754800
2019-10-29,24.374702976160297,24.588175019903215,23.928349983732403,23.976865768432617,4758700
2019-10-30,23.996272524614746,24.141821727666418,23.530514334545984,23.676063537597656,4731100
2019-10-31,23.676062474289363,23.773095888885482,23.200600778602666,23.666358947753906,4440300
2019-11-01,23.821605233628205,24.597870489872996,23.656649028617505,24.394100189208984,6331800
2019-11-04,25.548799576640175,26.02426125461862,25.150964257295797,26.004854202270508,10065600
2019-11-05,26.189218116275445,26.654976279074376,26.01455834253624,26.237735748291016,8704800
2019-11-06,26.160109334352118,26.247439227221573,25.66524240910327,25.86901092529297,4833900
2019-11-07,26.276538604666655,26.373571983232893,25.9369227050637,26.08247184753418,4166400
2019-11-08,26.295958193155975,26.344473980201233,25.76227528186491,26.266847610473633,6350800
2019-11-11,26.198921665087706,26.29595507844342,25.93693200425481,26.150405883789062,3843400
2019-11-12,26.46091138085261,27.537976904137555,26.441504327989495,27.23717498779297,15682300
2019-11-13,26.955780558109893,27.52827567147596,26.810229510052604,27.275989532470703,8647400
2019-11-14,26.858745091105376,26.858745091105376,25.898118241410458,26.18921661376953,13231600
2019-11-15,26.54824123572502,26.625867596324746,26.024261913608033,26.06307601928711,7504200
2019-11-18,26.101890256259676,26.16981309559737,25.31592306416006,25.345033645629883,10848000
2019-11-19,25.374142911234586,25.704055438479646,24.99571459794232,25.577913284301758,7040200
2019-11-20,25.412952556234977,25.907821260166045,25.150962915784717,25.607017517089844,5500700
2019-11-21,25.451766990911207,25.742867233296423,25.218887907458093,25.364437103271484,4586800
2019-11-22,25.51968538012098,25.61671877734646,25.150960691573896,25.218883514404297,3543800
2019-11-25,25.500284486609374,26.082481266740903,25.40325107300131,25.888416290283203,6137900
2019-11-26,25.781680461493913,25.869010352429466,25.393548641090625,25.723461151123047,9175100
2019-11-27,25.888416290283203,26.082481266740903,25.830196982421736,25.888416290283203,3655500
2019-11-29,25.878716304033297,25.878716304033297,25.548803763089175,25.587617874145508,3318800
2019-12-02,25.655536800588045,25.66524032687057,25.015118872008475,25.044227600097656,7099500
2019-12-03,24.20004304844834,24.626987133436423,23.792504166771682,24.413515090942383,11868000
2019-12-04,23.918643073588616,24.151522138576635,22.99683033935583,23.210302352905273,26761300
2019-12-05,23.31704701785294,23.482003308269835,22.696034121175792,22.754255294799805,11018900
2019-12-06,23.200602334207165,23.646955330973988,22.9968338155752,23.45288848876953,10506200
2019-12-09,23.326750281410582,23.394673132440296,22.763956714001235,22.82217788696289,8961900
2019-12-10,23.025944224987974,23.375263826118296,22.870691480209764,22.977428436279297,8198700
2019-12-11,23.287931817599286,24.11271310629097,23.171491344177532,24.044790267944336,11807400
2019-12-12,24.10300780104615,24.98600833592496,24.10300780104615,24.86956787109375,12093800
2019-12-13,24.95689582824707,25.607017233977572,24.81134664652555,24.95689582824707,11553900
2019-12-16,25.35473430989181,25.461471253595104,24.986009546452653,25.160669326782227,7850500
2019-12-17,25.354730715804042,25.354730715804042,24.850160350636262,25.005413055419922,7206500
2019-12-18,25.102447337922325,25.180073693033357,24.7337207630762,24.8210506439209,7694000
2019-12-19,24.937493065146896,25.325624871257364,24.888975432659063,25.27710723876953,7764600
2019-12-20,25.442063511161525,25.471174090681057,24.98600886990618,25.189777374267578,8702700
2019-12-23,25.306217704013587,25.898119862383847,25.306217704013587,25.713756561279297,6327500
2019-12-24,25.869361756167905,25.879087302591916,25.53870059758478,25.82073402404785,3475700
2019-12-26,25.869358691606934,26.209745356290856,25.781830639117977,26.19029426574707,4382900
2019-12-27,26.28754740515043,26.35562436590859,25.898533020890007,25.956886291503906,5141400
2019-12-30,25.869363440764246,25.947165962264474,25.43172309797645,25.684581756591797,5835100
2019-12-31,25.56788292474277,25.888818608297925,25.51925518180488,25.83046531677246,3870700
2020-01-02,26.258379568659155,26.63766667995301,26.083323408074705,26.627941131591797,6503200
2020-01-03,25.87908373460572,26.31672213359852,25.74292795839987,25.937435150146484,9732300
2020-01-06,25.56787176124487,25.577595450628145,24.8870984970249,24.974626541137695,10432100
2020-01-07,25.15941493099755,25.66513038785862,25.081612410329814,25.528976440429688,7493800
2020-01-08,25.519250521051326,25.704032200549918,25.198314896110816,25.334468841552734,7860800
2020-01-09,25.742934588253092,25.742934588253092,25.15941657264973,25.383098602294922,8521300
2020-01-10,25.48034533438353,25.869357857932386,25.324740324963987,25.772104263305664,7200900
2020-01-13,25.995795580372263,26.78354831065654,25.91799304768528,26.764097213745117,11619100
2020-01-14,26.85161952973818,27.153104047300488,26.559858703585167,26.754365921020508,11438200
2020-01-15,26.598767215104182,26.637667554868035,25.888818856045578,25.98607063293457,11387900
2020-01-16,26.375074668720583,27.581014401035226,26.33617248947269,27.474035263061523,23666400
2020-01-17,27.71717832237004,28.06729064213412,27.464319630869166,27.70745277404785,11551200
2020-01-21,27.41568823435071,27.522665534477678,26.48205618760269,26.754365921020508,16252500
2020-01-22,26.919700797750448,27.367064872342873,26.85162381726539,27.01695442199707,7084300
2020-01-23,27.046125810803517,27.269809674938795,26.637662124282976,27.25035858154297,6735100
2020-01-24,27.532390685436557,27.561567324120325,26.21947162399935,26.559858322143555,7317200
2020-01-27,25.538703274227398,25.684582775960177,25.13023955640051,25.15941619873047,8398100
2020-01-28,25.470621355937052,25.869359448967852,25.3441911186591,25.606775283813477,6130600
2020-01-29,25.392822377134777,25.470624897447504,24.35221297234266,24.40083885192871,17658200
2020-01-30,24.23550964624313,24.52726865031163,23.50611028111337,24.118804931640625,17019000
2020-01-31,24.109074059412475,24.109074059412475,23.253244687084237,23.379674911499023,10871000
2020-02-03,23.64226131334295,23.827042982390626,23.44775595299228,23.545007705688477,9256100
2020-02-04,24.167432628339558,24.488368274258914,23.836771434973127,24.079904556274414,10544100
2020-02-05,24.634245828508284,25.334468494712567,24.332761301317902,25.130237579345703,10777700
2020-02-06,25.188586921429568,25.28584052521048,24.77039772364239,25.042707443237305,4263900
2020-02-07,23.5644642608408,23.788146311828466,23.20462824054911,23.360233306884766,20910400
2020-02-10,23.126822131657363,23.486658096313477,22.815610192144973,23.486658096313477,13403400
2020-02-11,23.93402441779229,25.071887469411212,23.914573323415585,24.799577713012695,19616800
2020-02-12,24.935733535782692,25.081614899601572,24.55644644175423,24.780128479003906,9362400
2020-02-13,24.43001569607281,24.81902830087557,24.09935451825086,24.527267456054688,6782600
2020-02-14,24.653701428271802,24.789855396737057,24.07018150562846,24.43001937866211,5264500
2020-02-18,24.031271184929235,24.28412979439512,23.885391717341474,24.10907554626465,6081400
2020-02-19,24.449464911471072,24.819028276895434,24.342487604602685,24.517541885375977,6274800
2020-02-20,24.468915868072557,24.789851496792934,24.060452171977676,24.439739227294922,5778000
2020-02-21,24.284134918390105,24.29386046560914,23.56446111880772,23.758968353271484,6709900
2020-02-24,22.30017091478432,22.776711625587268,21.852804992322053,22.329345703125,13623000
2020-02-25,22.718359677530533,22.80588775048008,21.930607020984603,22.027860641479492,12658300
2020-02-26,22.19318687586098,22.708629664658485,21.570766795017324,21.74582290649414,11222100
2020-02-27,21.01642809141069,21.11367985824359,19.975818604646832,19.98554229736328,20046800
2020-02-28,19.051914887402454,20.753847036114045,18.96438679992915,20.71494483947754,23321800
2020-03-02,21.006699229813453,21.395711800651835,20.218948541995946,21.356809616088867,13312400
2020-03-03,21.51242317589639,22.095941285773296,20.676044497799868,20.71494483947754,12016700
2020-03-04,21.181760165224514,21.979236580455932,21.123406875115865,21.969511032104492,10687000
2020-03-05,23.778420289820144,25.091337676592772,23.661715574017105,24.245235443115234,30864700
2020-03-06,23.836770277744225,23.992375319426046,22.640555824205826,23.428306579589844,14684700
2020-03-09,21.541589860807893,22.873959914802803,21.395710388243316,21.60966682434082,13199100
2020-03-10,22.484951126501844,22.58220288782194,21.638847076324517,22.572477340698242,14173500
2020-03-11,22.06675977117731,22.280716222625195,21.240106894058698,21.405437469482422,10320600
2020-03-12,19.93692068306096,20.705222419276286,18.99356461608671,19.02273941040039,13800400
2020-03-13,20.267576127737094,20.423181169201,18.429490416095696,20.209224700927734,12543800
2020-03-16,18.108555203949145,18.68234764823499,17.233274506824984,17.25272560119629,9805500
2020-03-17,17.632005267673048,18.623988404839256,16.708100932238295,18.30305290222168,11453700
2020-03-18,16.834535507276062,18.011300688622978,15.998158895572567,16.77618408203125,10930700
2020-03-19,16.853987437527707,18.983834041779318,16.426072636249007,18.322511672973633,10526400
2020-03-20,18.536463950956772,19.285314219974907,17.923769456733407,18.157176971435547,12976100
2020-03-23,18.186356015862895,18.585094138176963,17.33052649360957,18.439212799072266,9422000
2020-03-24,19.645152411968997,21.45406115585362,19.577073595541886,21.25955581665039,13566500
2020-03-25,21.40544060068803,22.465501176714035,20.860822918725578,21.006702423095703,11585600
2020-03-26,21.424890587110283,22.601653963747186,20.928898813954405,22.543302536010742,9346200
2020-03-27,21.833354768840056,22.523851934543202,21.28873524819023,21.736101150512695,10962300
2020-03-30,22.047302327944905,22.41686370216596,21.59021291812665,22.076478958129883,7438200
2020-03-31,22.027856777103157,22.93231213560632,21.619393126648767,22.008405685424805,14404300
2020-04-01,21.201202086392776,22.037580406236383,20.792738471464276,21.045597076416016,8253400
2020-04-02,20.76278527580478,22.264648467762044,20.76278527580478,22.0891056060791,9597300
2020-04-03,21.894056946628314,22.313407017409954,21.60148492362014,21.87455177307129,7963400
2020-04-06,22.84978330151012,23.395915024902294,22.381670395745395,23.249629974365234,10362600
2020-04-07,23.893290599776023,24.078586027300567,22.957064595660754,23.278892517089844,8847000
2020-04-08,23.600724996863413,24.205370609609425,23.26914442466744,24.127351760864258,6998100
2020-04-09,24.468680480408253,24.663728496926442,23.288643514693113,23.678739547729492,9993500
2020-04-13,23.7762600794473,23.90304183959961,23.454432176152732,23.90304183959961,6679400
2020-04-14,24.478438875870022,25.063581204160513,24.234629727425332,24.897790908813477,9367900
2020-04-15,24.68323265129013,24.712490412799212,24.195614453500273,24.52719497680664,8106700
2020-04-16,24.624715820594748,25.229363126521587,24.24437427048393,25.151344299316406,12789200
2020-04-17,25.677975061144966,25.941289342992384,25.063576930283517,25.317136764526367,4888400
2020-04-20,25.01481489147816,25.96079545059159,24.810016127205724,25.58045196533203,9800600
2020-04-21,25.268374543481766,25.482925878174473,24.24437708502304,24.653976440429688,10118700
2020-04-22,25.59995330037521,26.009552627585837,25.20985914591643,25.990047454833984,9736700
2020-04-23,25.843767824992316,26.321633497410325,25.570700929275148,25.765748977661133,9032300
2020-04-24,25.814508303368758,26.52643232945949,25.48292775974182,26.45816421508789,8053800
2020-04-27,26.867759738026887,27.36513048196154,26.49717075672504,26.750732421875,10696000
2020-04-28,27.238350913579314,27.25785608654912,26.155837995259,26.214351654052734,10343200
2020-04-29,26.62395376084306,27.267609655009142,26.536182333446245,27.06281089782715,9784600
2020-04-30,26.945779582093724,26.955532168825723,26.06806723748675,26.07781982421875,7945800
2020-05-01,25.414662531747343,25.71698718439616,24.517444882194066,24.800264358520508,11143200
2020-05-04,24.4491795039014,25.08308287623351,24.410171009970657,25.063579559326172,6958500
2020-05-05,25.5902052026592,25.89252799287934,25.34639608084257,25.619462966918945,7724900
2020-05-06,26.029055589500114,26.50692112063797,25.912026423044797,25.9412841796875,7844100
2020-05-07,26.233857539884617,26.341134134017928,25.590201695316214,25.785249710083008,7495900
2020-05-08,25.755990343715045,26.331379905269063,25.755990343715045,26.185094833374023,9201400
2020-05-11,25.88277692074205,26.07782309953221,25.52193860680053,25.687728881835938,9062000
2020-05-12,25.990047481561607,26.175342902663452,25.3658968337857,25.404905319213867,9157700
2020-05-13,25.59995823513287,25.765748515250753,24.78075942279934,25.141597747802734,8089500
2020-05-14,24.849023094884192,25.68772699646067,24.361404893524067,25.629213333129883,7684800
2020-05-15,24.99531001782359,25.765747725375192,24.810016426990337,25.687728881835938,5851900
2020-05-18,26.136333410710225,27.072561273066157,26.136333410710225,26.897018432617188,8690000
2020-05-19,27.062807762051538,27.628444750781682,26.672713607774828,26.692218780517578,7419500
2020-05-20,27.326122803900216,28.447644227419307,27.23835138413548,28.242843627929688,12493300
2020-05-21,28.106308636094333,28.78897476020991,28.106308636094333,28.379375457763672,11254900
2020-05-22,28.506156865082925,29.44238468896469,28.17457637122018,29.383869171142578,9105500
2020-05-26,31.129546058290675,31.207564896126357,29.5399115398452,29.647186279296875,14322700
2020-05-27,29.773966141164937,30.164060305290153,28.525662955848546,29.939756393432617,13027900
2020-05-28,29.773970376464373,30.31034969592118,28.95477158521386,29.22783660888672,16462000
2020-05-29,31.763443294151838,32.14378482359375,30.69068308329094,31.812204360961914,22872100
2020-06-01,31.54889577752816,32.33883859394145,31.15880345305975,32.16329574584961,12065200
2020-06-02,32.192545702377416,33.811437664540705,32.095023569326855,33.752925872802734,16181400
2020-06-03,34.37708675932972,35.96672330220625,34.35758158282567,35.06950378417969,21611600
2020-06-04,34.81594616825908,36.0057322496367,34.45510968031743,35.00123977661133,10832300
2020-06-05,35.44009697558483,35.83019309027956,34.8744579813007,35.00123977661133,9852800
2020-06-08,34.46485238031979,34.90370947705933,33.96748348416924,34.084510803222656,12326500
2020-06-09,33.50912175488771,34.737917925353734,33.401845160594746,34.2990608215332,9777100
2020-06-10,34.60138520040983,34.80618394075147,34.152777372928696,34.19178771972656,7960700
2020-06-11,33.13853274292704,33.65540684940282,32.41685988334557,32.494876861572266,9151500
2020-06-12,33.6261453555335,33.74317266352761,32.29007273859359,32.894718170166016,7836200
2020-06-15,32.18280897051757,33.62615874458561,31.86097909510078,33.538387298583984,7885300
2020-06-16,34.874452843297256,34.90371246573955,33.177543550912624,33.87971496582031,8473400
2020-06-17,34.055250198602266,34.591633145903344,33.95772805558277,34.113765716552734,5785200
2020-06-18,34.328315407779364,34.328315407779364,33.4603557743026,33.63589859008789,6677300
2020-06-19,34.06500208652965,34.08450725771484,33.08001140294835,33.138526916503906,11803400
2020-06-22,33.284824783084154,34.02600293063783,32.933739026788956,33.850460052490234,8879700
2020-06-23,34.34782869155441,34.34782869155441,33.4896195805837,33.509124755859375,5971000
2020-06-24,33.24580320721403,33.674905808843114,32.72892919613457,32.79719543457031,5454200
2020-06-25,32.72892915027419,33.05075517098731,32.14378518134792,33.03125,4459800
2020-06-26,33.10927197958685,33.26530963336042,32.23155785196608,32.407100677490234,8854000
2020-06-29,32.368091318982074,32.9532353286128,31.831712100327326,32.72893142700195,8120000
2020-06-30,32.78744499685494,34.269804693090855,32.78744499685494,34.19178771972656,8157600
2020-07-01,34.13327123119941,34.15277640404499,33.440854336222024,33.51887130737305,6006200
2020-07-02,33.967485051749904,34.51361504602368,33.82119810600853,34.15277862548828,6105300
2020-07-06,34.932972498293964,35.56687773617307,34.74767889533233,35.26455307006836,9304900
2020-07-07,35.264549353617056,35.430341482147874,34.53312202710102,34.5623779296875,6335300
2020-07-08,35.030487644593656,36.668884997972526,34.80618373219709,36.649383544921875,14213500
2020-07-09,36.95171000032501,37.302795731862,36.05449421549222,37.1760139465332,12380300
2020-07-10,37.53741597072753,37.58625391360697,36.83413766975586,37.420204162597656,6042900
2020-07-13,38.14301321946545,38.48488625890387,35.76945276941403,35.81829071044922,10083200
2020-07-14,35.25175885975605,36.482491938353746,34.75360597049153,36.36528015136719,6579900
2020-07-15,35.945271145918305,36.62901347602326,35.290834560339405,36.1894645690918,5919000
2020-07-16,35.54479875690029,35.779226113468134,35.02710982402086,35.74015426635742,5983300
2020-07-17,35.79876126990893,36.130864511040635,35.60340576463798,35.67177963256836,4676000
2020-07-20,35.7010775066524,36.13086031353774,35.398280048451454,36.023414611816406,5860900
2020-07-21,36.34574937435171,36.41412323694135,35.09548020003148,35.47642135620117,8055500
2020-07-22,35.56433313326442,35.63270699968541,34.84151889754729,35.173622131347656,6401600
2020-07-23,35.29084064593071,35.44712431466763,34.16754921519268,34.509422302246094,5533000
2020-07-24,33.97219702493495,34.69501139244497,33.48381004653809,34.17732238769531,8198900
2020-07-27,34.46057740649103,35.02710798150612,34.353131695636705,34.75361251831055,5437200
2020-07-28,34.64616222732229,34.68523034111679,34.0698656302764,34.16754150390625,4902500
2020-07-29,34.59733030503934,34.59733030503934,33.952659669731055,34.294532775878906,4415400
2020-07-30,33.78660074417484,35.21268938066905,33.62054728590043,35.10524368286133,7244100
2020-07-31,35.6229362487793,35.788985980944105,35.056405742602415,35.6229362487793,7346500
2020-08-03,36.1503978727426,36.716928483670706,36.052721980008464,36.502037048339844,9005400
2020-08-04,36.57040910782409,36.70716056741619,36.03318427219211,36.6290168762207,5930900
2020-08-05,36.72668869463961,36.94158009552,36.03318027955673,36.89274215698242,5850300
2020-08-06,36.49226491313574,36.49226491313574,35.3787435253353,35.77922058105469,8897400
2020-08-07,35.82805949271293,35.89643335339362,34.51918259010317,35.24199676513672,10194800
2020-08-10,35.26153392797491,35.408051493559256,34.4117417354365,34.528953552246094,7321800
2020-08-11,34.58756336775746,34.6461711426741,33.796375173817914,33.88428497314453,6101900
2020-08-12,34.06010557467387,34.880595817182154,34.06010557467387,34.4605827331543,4920100
2020-08-13,34.431271551802325,34.431271551802325,33.62054762460978,33.894046783447266,10355600
2020-08-14,33.86474428694916,33.96242389807694,32.565637130767165,32.7902946472168,12303300
2020-08-17,32.90750875547014,33.161472036064104,32.5461034842672,32.995418548583984,6544400
2020-08-18,33.20055387689194,33.35683758657076,32.53634717923255,32.60472106933594,4501500
2020-08-19,32.692623543780535,32.9075112674986,32.25307454465789,32.34098434448242,4597900
2020-08-20,32.11632547614568,32.2140013714517,31.77445239038149,32.02841567993164,5098200
2020-08-21,32.155383640698346,32.68284225463867,31.920960074121805,32.68284225463867,7007800
2020-08-24,33.56194274286536,33.92334794502641,33.102857941406924,33.91358184814453,10632100
2020-08-25,33.913583452111965,34.46057432966481,33.757299811940314,34.3922004699707,9390200
2020-08-26,34.64615788224313,34.99779694496367,34.31405473701766,34.78290557861328,6609600
2020-08-27,35.11501865390045,35.74991938460268,34.51918604314101,35.07594680786133,13501600
2020-08-28,35.896438224642885,37.488580609614324,35.1638578527114,37.36159896850586,17859800
2020-08-31,37.10763175627204,38.33836488770743,36.912276285510444,37.87928009033203,9145400
2020-09-01,38.03556882835308,39.276071949228324,37.96719496332104,38.279762268066406,10634500
2020-09-02,39.051404210763195,40.37981677128902,38.201612306286755,40.233299255371094,9767600
2020-09-03,38.87559845194221,39.06118786798722,36.98065852593763,37.42997360229492,11711000
2020-09-04,36.78529898611447,37.57648705877509,35.1052469570013,36.49226760864258,10050600
2020-09-08,35.90619675911711,37.66439226223191,35.65223725649812,36.67784881591797,9850000
2020-09-09,37.34205685725939,38.699771658758735,36.931813705480806,38.533721923828125,8619000
2020-09-10,39.04165125057181,39.55934018909052,37.44950886138289,37.61555862426758,5710900
2020-09-11,38.14302180804737,38.44582307240032,37.25415766711755,37.85975646972656,5417900
2020-09-14,38.57280380784905,38.904907090274655,38.201628674291776,38.30907440185547,6870600
2020-09-15,38.81699488342941,38.81699488342941,37.90859489442899,38.103946685791016,5907500
2020-09-16,38.103937423937644,38.37743657233939,37.13693362301506,37.19554138183594,8228500
2020-09-17,36.39459399569953,37.99650632695462,35.92574296927002,37.810916900634766,7074400
2020-09-18,38.12347468848609,38.2113844667709,37.0685610751642,37.59601974487305,8079400
2020-09-21,37.029490158514385,37.54717901794438,36.443427439389694,37.48857498168945,6343300
2020-09-22,37.79137830382861,37.96719789207245,36.81460446962796,37.95743179321289,6949100
2020-09-23,37.918354823120595,38.0355666240833,36.64854975541937,36.6973876953125,5164200
2020-09-24,36.19924317889924,37.683939999290615,36.1406354017178,37.01973342895508,5654900
2020-09-25,37.04902888465761,37.28345249961973,36.296912644969815,37.16624069213867,5833100
2020-09-28,37.615548590203126,39.11001468799422,37.60578249397241,38.963497161865234,7190600
2020-09-29,39.03188093842579,39.61794746586576,38.45558423579619,38.48488998413086,6715100
2020-09-30,38.24069493608729,39.05141523504056,37.879285955088775,38.77791976928711,6217600
2020-10-01,39.47141700952258,39.78398423162158,38.914656412277786,39.373741149902344,5971100
2020-10-02,38.5728027197603,39.50073493833251,38.38721329516849,38.84629821777344,6073200
2020-10-05,39.54957297758208,40.85845002445389,39.100254195748214,40.55564880371094,9814800
2020-10-06,41.02449836914447,42.11848394901471,40.72169715883471,41.10264205932617,9376500
2020-10-07,42.07941519511983,42.655708134081664,41.366367074307156,41.630096435546875,11121700
2020-10-08,42.23654979373647,42.76475209563873,41.571406983492665,41.81594467163086,10606500
2020-10-09,42.872360198149906,43.95810467576856,42.44197136931192,43.723350524902344,10662100
2020-10-12,43.91897117072848,44.05591168184061,42.0409197475289,42.63759231567383,10054000
2020-10-13,42.921257869931836,43.273392752659994,42.35392861856999,42.82344055175781,5534100
2020-10-14,43.01907086445612,43.126668047291524,42.0996104743747,42.3930549621582,4878200
2020-10-15,41.73768526522772,42.20720084754916,41.61052837089131,42.01156997680664,5283200
2020-10-16,42.647366677078914,42.75496384516483,41.982223939228355,42.0213508605957,4421900
2020-10-19,42.46153235643433,42.66694315927931,40.86714527193579,40.93561553955078,7106200
2020-10-20,41.30732421937075,41.405141576976156,40.466113600717556,40.71065139770508,5165700
2020-10-21,40.65195067428799,40.857361457289414,39.45860544310935,39.517295837402344,7429900
2020-10-22,39.62488807497621,40.348721323543764,38.96952881664751,40.143310546875,5874900
2020-10-23,40.30959353301098,40.56391483031753,39.59554389747198,40.52478790283203,5584400
2020-10-26,40.10418685654387,40.974740559584625,39.52707767691523,39.99658966064453,4549200
2020-10-27,40.29002291090306,40.886695389323414,39.94767168460377,40.563907623291016,5167500
2020-10-28,39.67379572135003,39.86942288606406,38.656518046901546,38.666297912597656,6818100
2020-10-29,35.29167902591997,38.83258351302253,34.52871894305953,37.37513732910156,41594500
2020-10-30,37.463169605954675,37.834867902268726,36.20135435653101,36.6904296875,16166200
2020-11-02,37.07192274535724,37.081702613128726,35.71228978143461,36.083988189697266,11677500
2020-11-03,36.39699342756222,36.837162070778874,36.211146103248296,36.3774299621582,8469500
2020-11-04,36.97410042055408,38.627177702054986,36.5534952675029,38.304386138916016,12970200
2020-11-05,39.26297386998638,40.63238652978578,38.9988726971101,40.57369613647461,14071600
2020-11-06,40.51500521918746,44.818870324596176,40.094403798952946,44.14394760131836,23484600
2020-11-09,44.61345668570119,44.61345668570119,41.209492494378985,41.287742614746094,15189300
2020-11-10,40.964957774643686,41.15080508891941,38.548924032312755,39.43904113769531,13783500
2020-11-11,40.153086649643896,41.9822274667507,40.153086649643896,41.346431732177734,10999600
2020-11-12,41.24862006423403,41.52250484294312,40.38784999214666,40.69107437133789,7138300
2020-11-13,41.95288552580101,42.98972667533954,41.75725462740802,42.31480026245117,8808300
2020-11-16,42.54955195584922,42.86255985563724,41.747468746223845,42.363704681396484,7093100
2020-11-17,42.207210639858616,42.500655148378904,41.60075442672073,42.03114318847656,5166700
2020-11-18,41.87462900218653,42.666928609071185,41.79637516225555,42.14850997924805,5156800
2020-11-19,42.08981654840347,43.439665338580916,41.845278913367245,43.214691162109375,5294200
2020-11-20,43.3223109863357,43.84072984983651,42.97995587934354,42.99951934814453,5455200
2020-11-23,43.20491370827341,43.80158621958818,42.569118005616524,43.625518798828125,7397700
2020-11-24,43.967883909171185,44.026570575384966,42.82344541045796,43.860286712646484,5351700
2020-11-25,43.95809017900282,44.21241144514455,43.390764725380535,43.625518798828125,4790900
2020-11-27,43.88962798585441,44.584117931369036,43.84072118918844,44.124385833740234,2858700
2020-11-30,44.642806832224274,45.36664014574548,43.54727886033369,45.27860641479492,8465600
2020-12-01,45.875277739113194,46.178502123681454,45.2003512442236,45.62095642089844,8097300
2020-12-02,45.3862016367156,45.650299086725674,44.456957568528324,44.62324142456055,7879600
2020-12-03,44.80907806839461,44.97536187095734,44.02655464279895,44.525413513183594,13101400
2020-12-04,43.35164660861947,43.830942180568755,41.89420389015126,42.432186126708984,22513600
2020-12-07,42.48108533791146,43.24404169236556,42.19742073846357,43.17557144165039,8869700
2020-12-08,42.93103100872898,43.175568668820944,42.37348544222719,42.72562026977539,7294100
2020-12-09,42.84300910355417,43.36143162307296,41.49315980323387,41.630104064941406,7073700
2020-12-10,41.37578519827299,42.402842968356936,41.258408126896214,41.97245788574219,5680100
2020-12-11,42.021364003912055,42.38328254273694,41.18015358814574,42.001800537109375,6769000
2020-12-14,43.03863953427135,44.03635389850958,42.71584794671652,43.36143112182617,11486400
2020-12-15,44.016790074150926,44.437395255589664,43.54727809445526,44.17329406738281,7999600
2020-12-16,44.134167708634486,44.378705434440185,43.50815172758783,44.32001876831055,8355500
2020-12-17,44.95581612275633,46.207851858146334,44.78953225468522,46.07090759277344,10196000
2020-12-18,46.12959918708019,47.36206775656238,46.08069238528364,46.47195053100586,31269000
2020-12-21,45.96331089530473,46.64801351732153,45.41554506634184,46.217628479003906,8689800
2020-12-22,46.53102272730091,46.697521705284956,45.52224776830806,46.178443908691406,4369900
2020-12-23,46.20783139484318,46.51144502554572,45.40472822830709,45.453697204589844,5697000
2020-12-24,45.76710325346567,46.129478162199334,45.30678665582195,46.080509185791016,3715900
2020-12-28,46.81505460770935,47.10887219953834,45.79648346901503,46.0119514465332,5321800
2020-12-29,46.364537124158566,46.43309444225946,44.69956567865054,45.277408599853516,5427000
2020-12-30,45.718125771106784,46.65834339315341,45.58101116823657,46.5212287902832,4277500
2020-12-31,46.47226771006333,46.80526197473082,46.09030446978749,46.5604133605957,4049500
2021-01-04,46.82485035308586,47.559396196132695,44.895442076466296,45.35575866699219,11418600
2021-01-05,45.10111438869223,46.628971099853516,45.06193771341013,46.628971099853516,5710100
2021-01-06,45.81606502713791,46.61916806947758,45.40472120666322,45.55162811279297,6516400
2021-01-07,46.472265474288406,48.11764838100468,46.27638584518539,48.00991439819336,9090400
2021-01-08,48.86199465204102,49.5965405818338,47.412491132247844,48.068687438964844,11093200
2021-01-11,47.745481151835044,49.50839047791487,47.432075215469446,49.20478057861328,9070700
2021-01-12,50.09602799453091,50.17437760836074,48.99910351216627,49.596534729003906,6391000
2021-01-13,49.56715549201847,49.66509344609767,48.411469700635294,49.20478057861328,5606800
2021-01-14,49.31250605447746,50.869743284413225,48.91095450392009,50.25272750854492,9325000
2021-01-15,50.40943862576195,50.63469892367024,49.23416441990217,49.72386169433594,7994500
2021-01-19,50.63469472676734,53.23008782448855,50.59551805139734,52.70121765136719,16424000
2021-01-20,54.05277324971612,54.55226646429278,52.867706973709495,52.96564865112305,11638400
2021-01-21,53.35740814780963,53.49452277036253,51.73161354193776,52.38780975341797,9322300
2021-01-22,51.85894189177438,52.270285807244754,51.496566956322816,51.53573989868164,6410500
2021-01-25,52.240908519757156,53.749177112150534,51.37904021894752,53.308448791503906,10775900
2021-01-26,53.768762811372724,53.807935754321754,52.103791312992044,52.887306213378906,8299300
2021-01-27,51.91769779452151,52.48574836495011,49.8903515958143,50.08623123168945,14169100
2021-01-28,50.507369983495174,51.966669314418084,50.350667025605546,51.104801177978516,9398000
2021-01-29,51.41820639543719,51.41820639543719,49.978495420815136,50.399635314941406,7818500
2021-02-01,50.987279087645256,51.96667358904079,50.54655081479856,51.78058624267578,6356500
2021-02-02,52.62286996194426,52.897099246849805,50.78160711849354,51.77079772949219,8708500
2021-02-03,51.780590896232155,51.89812093694946,49.684687072660395,50.05685806274414,10115100
2021-02-04,50.19396768943783,50.29190564415055,48.91095956057757,49.26354217529297,11072100
2021-02-05,49.64550773722517,49.64550773722517,48.55838293943686,49.01869583129883,9309000
2021-02-08,49.537782986423515,50.55635057879949,49.361491651261616,50.53676223754883,7499700
2021-02-09,50.1841774251312,50.72284367009997,49.9589133951813,50.1939697265625,6605700
2021-02-10,50.20376181472738,50.32129184796553,48.8130233795852,49.547569274902344,7117900
2021-02-11,50.14499467269215,51.163565758465694,49.78261978613369,51.0362434387207,8797900
2021-02-12,51.00686938817321,53.06359642578607,50.4681994028089,52.71101379394531,11378400
2021-02-16,53.37699290735783,53.435757914267676,51.496557519359044,51.84913635253906,7841800
2021-02-17,50.987263494463086,51.23211204493115,49.03826738885664,49.36146926879883,10323800
2021-02-18,48.95014486691522,49.93933556994024,48.235187210401975,49.430049896240234,11009500
2021-02-19,50.223354214850794,51.14398753586075,49.75324525216428,50.82078552246094,9959600
2021-02-22,50.105822092107445,50.340878414213215,48.460439045647526,48.66611099243164,13798700
2021-02-23,47.20682146339931,48.38209575541928,45.71814119165321,47.83363342285156,13210700
2021-02-24,47.58878345922111,48.264564383907214,46.472274220133684,48.24497604370117,12785300
2021-02-25,47.892396089463915,48.40167797939899,45.18926497716401,45.60061264038086,11476400
2021-02-26,46.37433420461912,47.58878518887705,45.65937657353516,47.28517150878906,11501100
2021-03-01,48.07847479360883,48.53879139112974,47.197018274120566,48.49961471557617,9344400
2021-03-02,48.78365302861292,48.85221036108158,46.79547917873833,46.844451904296875,9718200
2021-03-03,46.11968430239969,46.58979318499691,44.37636339575669,44.621212005615234,16898400
2021-03-04,42.17272638598019,42.69180424922556,39.06804403494581,39.27371597290039,33121300
2021-03-05,39.76341799261021,40.77219693885987,37.1386402497501,40.654666900634766,21673000
2021-03-08,41.487149324969714,42.03560782355906,39.146397197107355,39.23454284667969,18059900
2021-03-09,41.38921190575628,43.57326503298139,40.76239999355096,42.95624542236328,20324000
2021-03-10,43.720157542975244,43.96500609887102,41.8495147253752,41.95724868774414,21969000
2021-03-11,43.58306425161447,45.68876435596165,43.36759622156193,45.34597396850586,18895300
2021-03-12,43.984606269811714,46.49185750198626,43.984606269811714,46.1882438659668,16216900
2021-03-15,46.41350391786105,47.383106099207446,46.17845133432422,47.36351776123047,8371900
2021-03-16,47.72589789300715,48.17641850746746,46.59959635685639,46.971763610839844,9320700
2021-03-17,45.86504379861525,47.500630733644826,45.35575823726353,47.10887145996094,11421300
2021-03-18,46.423293843712045,46.4526744787631,44.54285474249206,44.611412048339844,9720000
2021-03-19,45.14028362040916,46.27638086359551,44.58202916602146,46.031532287597656,10172000
2021-03-22,46.82485488686066,47.55940080102925,46.33515761074827,46.68773651123047,7974100
2021-03-23,46.75629596690097,46.83464558562878,44.99338284435547,45.199058532714844,8492200
2021-03-24,45.96299118930616,46.46248081655438,44.24905055307703,44.31760787963867,18802100
2021-03-25,43.21088792923962,44.180490209693716,42.750575016056935,43.82790756225586,11073800
2021-03-26,43.63201895747493,46.10009324768776,43.504696641748,46.00215530395508,10575400
2021-03-29,45.88462233055036,46.16864757959783,44.96399301608832,45.55162811279297,9303300
2021-03-30,45.38514174861507,46.55061987066959,44.97379411159411,46.35474395751953,8375500
2021-03-31,47.10886184337015,48.57795321565104,46.88360161461819,47.97072982788086,10221300
2021-04-01,48.67591068810017,48.969728310745886,47.77486574441368,48.63673400878906,11084700
2021-04-05,49.49860696280064,50.154799591009144,49.087259263249386,50.01768493652344,9557300
2021-04-06,49.54756322998478,50.164582752879575,49.07745436266742,49.80220413208008,9666300
2021-04-07,49.65530570635545,49.8805660103043,49.05787441775059,49.32231140136719,8130400
2021-04-08,50.008697024982936,50.48917438733939,48.93988354678778,49.40074920654297,7607500
2021-04-09,48.67512962343668,49.18502265319307,48.3417381709248,48.63590621948242,7054400
2021-04-12,48.34174493106355,49.096778730293956,47.76321273375975,48.68494415283203,12191400
2021-04-13,48.76338403897079,49.00852472109344,47.20428915104876,47.802433013916016,7682400
2021-04-14,47.87107269011214,48.36135406034316,46.89050994965012,47.135650634765625,6456600
2021-04-15,47.65535035682507,48.05738095328842,47.22390407347788,47.831851959228516,6630100
2021-04-16,47.73378963288539,47.929902909071075,46.48847463073832,46.978755950927734,12939800
2021-04-19,46.517893496634755,46.89050837283418,45.19413533774585,45.74325180053711,9722500
2021-04-20,45.32160855095329,46.21392044573025,44.77249210010986,44.94899368286133,21600700
2021-04-21,44.733277536342264,46.58654078097531,44.35085861164662,46.557125091552734,9507500
2021-04-22,46.84148149512302,46.84148149512302,44.16454572342628,44.233184814453125,11112400
2021-04-23,44.5175579251935,45.566759947072825,44.38027597475965,45.203948974609375,10248300
2021-04-26,45.57655752364978,46.47867722550683,45.370640237771056,46.400230407714844,9994900
2021-04-27,46.53751437476082,46.812074530562334,44.93919953963523,45.037254333496094,9981500
2021-04-28,44.95879974003539,46.10606008089932,44.61560428025342,45.89033508300781,9650600
2021-04-29,46.38061592363514,46.54731353117769,45.282386724216295,46.341392517089844,5626100
2021-04-30,45.48830596699341,45.802085751839805,44.174351715242814,44.331241607666016,8806500
2021-05-03,44.595990839057905,44.654825947249414,43.262424977782416,43.448734283447266,7360100
2021-05-04,42.84078709873665,43.63504430802003,41.860224305298,43.625240325927734,9914800
2021-05-05,43.98804216412349,44.743075872141034,43.52717651026285,43.919403076171875,6351600
2021-05-06,43.58601732805393,44.782301403771804,43.19379071075447,44.65483093261719,6760300
2021-05-07,45.00783046531047,45.6746134159484,44.62540786141965,45.0666618347168,5898000
2021-05-10,44.674437435011455,44.978409474496985,43.429122371740625,43.45853805541992,9008000
2021-05-11,41.85042494008281,43.71349594936758,41.25228097161084,43.36049270629883,8225500
2021-05-12,42.06614079544227,42.252446359493575,40.359960073128406,40.703155517578125,13437700
2021-05-13,41.21305081678992,42.0073079837817,39.99715511237659,40.79140853881836,9171800
2021-05-14,41.65431169682721,42.958462154103465,41.06597545087665,42.517208099365234,7757600
2021-05-17,42.08575259275199,42.468175217838436,41.39936164130228,41.9778938293457,8721100
2021-05-18,42.24264882328487,42.38973100453898,41.517030677893324,41.62489318847656,6353500
2021-05-19,40.654135680090924,43.958635244181245,40.44821837518573,43.64485168457031,13074100
2021-05-20,43.94881947246625,45.52752600206652,43.880180383401004,45.3608283996582,14275600
2021-05-21,45.87072607974283,45.87072607974283,45.017637500531144,45.32161331176758,7602600
2021-05-24,45.76285787614372,46.92972984389484,45.605967999036395,46.694393157958984,7961300
2021-05-25,47.03760035607481,47.48865836209893,46.59634633255105,47.096431732177734,8518100
2021-05-26,47.38078921443388,47.84165487894767,46.91992354992009,47.674957275390625,6634200
2021-05-27,47.36118212828525,47.72398931414582,46.92973584619567,47.42001724243164,6909800
2021-05-28,47.704378553382405,48.25349129102365,47.26312457452784,47.36117935180664,4168600
2021-06-01,47.79263929609747,47.99855661556992,46.645378712299575,46.82188034057617,5225100
2021-06-02,46.782641916801815,47.096421657395425,46.34138798767031,46.596336364746094,4922100
2021-06-03,46.086449302770696,46.968957275001216,45.860920318878456,46.2629508972168,6664500
2021-06-04,46.70420468466388,47.841657321505856,46.694396962486344,47.7534065246582,7265900
2021-06-07,47.9593237804471,47.96912776206983,47.19448603517298,47.331764221191406,10989200
2021-06-08,50.185200045231625,51.626628433036075,48.439799609775825,49.74394607543945,20539100
2021-06-09,49.56745120829554,50.30287334414726,49.145808884496525,49.371337890625,8731600
2021-06-10,49.3419230785099,50.910822166638006,49.29289568335911,50.793155670166016,9481800
2021-06-11,50.64605682456117,51.09711469645253,50.22441463197383,51.08730697631836,7416200
2021-06-14,51.28343212069764,52.9503895777364,51.136349949534,52.754276275634766,9430600
2021-06-15,52.646413697873186,52.832723017853375,52.06788151479545,52.54835891723633,7409000
2021-06-16,52.82290992617147,53.47008113802204,52.1757387143209,53.05824661254883,7507000
2021-06-17,52.803295708220205,54.33297474542021,52.764076046150635,54.04861068725586,8071500
2021-06-18,53.51911326131069,54.25453527668968,52.91116170206821,53.21513748168945,18784100
2021-06-21,53.24455487444903,54.26434099957441,52.6562187394805,53.75444793701172,6748800
2021-06-22,54.029004827082765,54.029004827082765,52.89155221200365,53.30339050292969,6423700
2021-06-23,53.175913275733734,53.7740571043896,53.175913275733734,53.4700813293457,3685700
2021-06-24,53.960372249251584,55.20568751324955,53.70542755498802,55.048797607421875,6387300
2021-06-25,55.205684661865234,55.44102137872676,54.77423837826102,55.205684661865234,9023000
2021-06-28,56.186248550304605,57.735539593438816,56.00974694436399,57.46097946166992,9568100
2021-06-29,57.41194163074341,57.80416818164372,56.71574305641749,57.61785888671875,5512000
2021-06-30,57.61786273327081,57.7355329507263,56.941275815376116,57.196224212646484,5265000
2021-07-01,56.843230053423085,56.85303403615712,55.68616558218306,56.27450180053711,6112900
2021-07-02,56.28430896587864,56.588281054776445,55.548886829951044,56.303916931152344,5436800
2021-07-06,56.83341652170158,56.8628359479979,55.705771595011115,56.38235855102539,5932200
2021-07-07,56.99030566695734,57.06875248198682,54.99976449245964,55.57829666137695,5527900
2021-07-08,54.2335067900865,55.59793287762885,53.98810630687344,55.2347412109375,6320300
2021-07-09,55.34271706473144,56.26542151761609,54.81265113148287,55.95130920410156,4665200
2021-07-12,55.59792280032194,56.363570970925885,55.48013163819368,56.275230407714844,4069400
2021-07-13,56.03965246871935,56.43229472545957,55.47032157089745,55.72554016113281,4304700
2021-07-14,56.52063726560701,56.52063726560701,54.88136020154483,54.97951889038086,4629400
2021-07-15,55.45069454042181,56.01020733962003,54.33166519751117,54.675228118896484,6740100
2021-07-16,54.87154652155186,55.15620822056713,52.78073347128866,52.977054595947266,6684900
2021-07-19,52.36846261525523,53.94884235630869,51.81876791889874,53.791786193847656,7771900
2021-07-20,53.84085955407562,55.98075186991933,53.44822106385135,55.51940155029297,7876100
2021-07-21,55.5684796094591,57.3059152795797,55.205287984652784,57.2568359375,5839600
2021-07-22,56.51081626277818,57.00161717091036,56.334127636289494,56.913272857666016,3278100
2021-07-23,57.37462913638902,58.17954235740513,56.74640454871927,57.83597946166992,4406500
2021-07-26,57.55131663690858,58.15009435540571,57.37462800704012,57.86542892456055,3516100
2021-07-27,57.875242188263435,57.875242188263435,55.44087013326947,56.913272857666016,6082400
2021-07-28,57.00162172790612,58.04212108435404,56.90346303623789,57.90469741821289,5229400
2021-07-29,58.06175842170884,59.27894277593277,58.01267532726056,59.200416564941406,5502200
2021-07-30,58.68997016486875,59.48506519446488,58.415119125631946,59.39672088623047,4456500
2021-08-02,59.87771272085976,60.34888115850191,59.28875310993555,59.455623626708984,4456100
2021-08-03,59.10224518436453,60.29980061315733,58.25806701288853,60.211456298828125,6253300
2021-08-04,60.41759038038819,61.46790401272541,60.22126927038296,60.75133514404297,8185200
2021-08-05,60.99673442737856,61.5562471462453,59.7010203684752,59.926788330078125,5947900
2021-08-06,59.37711006866602,59.936622941530295,59.26913324328613,59.42618942260742,3808500
2021-08-09,59.93660991940004,59.96605677646418,58.95500807578106,59.367279052734375,2497600
2021-08-10,59.57342320818027,59.750111865298145,57.46298118407262,58.650718688964844,3981600
2021-08-11,58.91575137430531,59.288761175709794,58.02249372099163,58.68998336791992,4029500
2021-08-12,57.91451165375345,59.86790106728827,57.531687514825464,58.758689880371094,6491400
2021-08-13,58.72923606589343,59.367274973698756,58.41512005256503,59.2789306640625,3155000
2021-08-16,59.02372256485897,59.141513742936986,57.62003156567295,58.07156753540039,5560900
2021-08-17,57.42371162870558,57.69855896475231,56.54026841353524,57.44334411621094,6497100
2021-08-18,57.0605253114621,58.01267670524229,56.70714799232122,56.77585983276367,3977400
2021-08-19,56.30468439156778,58.336599982006,56.049465806040985,57.89487838745117,4973500
2021-08-20,57.75744710062952,58.80776067322018,57.67891716328907,58.748863220214844,4617700
2021-08-23,59.583236058872814,61.04582079245325,59.22985877586935,60.859317779541016,7325500
2021-08-24,61.14397798561699,61.67404386466543,60.79060073291804,61.399192810058594,5710800
2021-08-25,61.6249643412174,62.272821427117705,61.31085204166052,62.03723907470703,6336300
2021-08-26,62.33173008278991,62.891242950901024,61.674058507629866,62.076515197753906,6685700
2021-08-27,60.82986649913255,61.094899442120166,58.97463964273308,60.211456298828125,14782000
2021-08-30,60.437228956975545,61.909631813639585,60.34888463579514,60.82005310058594,6938200
2021-08-31,60.85931160516468,60.9083909462661,59.98568660221273,60.064212799072266,5267900
2021-09-01,60.48630656841584,60.56483651588561,59.48507220526018,59.602867126464844,4968300
2021-09-02,60.14274652251145,60.36851450138634,59.661759962637845,60.19182586669922,2777300
2021-09-03,60.14275547513265,61.055645642067496,59.97588118663724,60.37833786010742,2518000
2021-09-07,60.62372615495965,60.89857720810582,60.08384590821149,60.11329650878906,3020100
2021-09-08,59.75011267589693,60.2114668140208,58.79796128241598,59.25931167602539,3292600
2021-09-09,59.40654284261733,60.71207132149554,59.38691035679409,60.123111724853516,3304900
2021-09-10,60.78078760364905,61.44827719249782,59.99550683574287,60.044586181640625,4430200
2021-09-13,60.79060112415456,61.310848891468595,59.92679047249932,61.232322692871094,5246900
2021-09-14,61.448269302352124,61.870358363000555,60.72188608950151,61.15378952026367,3323700
2021-09-15,61.173424581622015,61.78201665617379,60.69244179100511,61.310848236083984,4436900
2021-09-16,60.780786670703925,62.16484891756883,60.49612497106073,62.08631896972656,4391500
2021-09-17,61.97834446230665,61.97834446230665,60.604104024726254,60.95747756958008,11428300
2021-09-20,59.68139362478338,60.11330084897666,58.297335122147864,59.563602447509766,7158700
2021-09-21,59.926798015592745,60.3587052680422,59.0629872552081,59.90716552734375,3468500
2021-09-22,60.36851821011258,61.703497423312136,60.142750217367684,61.516990661621094,3595700
2021-09-23,61.703496177554904,62.80288925966437,61.66423120277962,62.272823333740234,4530000
2021-09-24,61.84091195311778,62.77343439020244,61.47772034407916,62.43968963623047,2912400
2021-09-27,61.60533568911271,62.41025271940824,60.91821733138294,61.90963363647461,4097500
2021-09-28,60.289988077830124,60.75134217808284,59.55378663845537,59.63231658935547,6982100
2021-09-29,59.95624407395261,60.68262736151519,58.97464220301964,59.04335403442383,4583700
2021-09-30,59.3476546147431,60.50594524685211,59.13170472613107,59.200416564941406,4970000
2021-10-01,59.681395541194206,59.750107375519704,57.27647010625951,58.729244232177734,6822700
2021-10-04,58.35623283418298,58.37586532123208,55.813883801292654,56.530452728271484,6955500
2021-10-05,57.305912801585386,58.955004086847815,57.1881178922712,58.29732894897461,7195800
2021-10-06,57.60039684138096,63.08754758660626,57.443340695205634,62.577117919921875,16659300
2021-10-07,63.86421621996358,66.01595144212077,63.38278038120823,64.0115966796875,15222500
2021-10-08,64.29654293955515,64.45374329719297,63.196110451758265,63.49087142944336,5665700
2021-10-11,63.13716100323606,63.736502825014874,62.28236016821963,62.331485748291016,4063400
2021-10-12,63.3140164350808,63.40244023086643,61.40791243437134,62.47886657714844,6357800
2021-10-13,63.2157589311339,63.56946911289285,62.09568293563322,62.31183624267578,6696100
2021-10-14,63.77580488493893,64.98430839908417,63.39261261646028,64.14916229248047,8489200
2021-10-15,64.74849262814242,65.12184996944666,64.11967631853437,64.50286102294922,5971300
2021-10-18,64.17863473249274,66.0454366995819,63.883873765448165,65.99630737304688,5342300
2021-10-19,66.1731729811607,66.92972275209158,65.4559326745776,66.66443634033203,7367500
2021-10-20,66.49742733971568,66.81183567835863,65.48542573396138,66.0159912109375,3979700
2021-10-21,65.41662768879114,65.93736562611883,64.78781121774446,65.89806365966797,5297600
2021-10-22,66.32053796035245,66.51704025957987,64.71902248301058,65.15132904052734,5228000
2021-10-25,65.53452725656439,66.7921677170888,65.22011901545423,66.48757934570312,4999700
2021-10-26,67.47994444632506,67.88277655738908,66.48759022762006,66.54654693603516,6211600
2021-10-27,66.32054175690652,67.35219762711368,65.97665896553168,66.51704406738281,4912000
2021-10-28,66.95918880273715,67.3914954062598,66.45809814147447,67.2834243774414,3526800
2021-10-29,66.69390845649798,67.67643513821702,66.56618268646463,67.3030776977539,5436700
2021-11-01,67.47008658398116,67.7648475045765,66.58581131827677,67.75502014160156,6106600
2021-11-02,67.79435066882426,70.15241653913077,67.7059268530291,68.6884536743164,7087800
2021-11-03,68.44280992189107,68.49193175665829,67.60765627393036,68.03997039794922,4134800
2021-11-04,68.59018823693395,70.37838657563721,67.63713611481863,70.28996276855469,8692300
2021-11-05,70.7419156129092,71.64583829112532,70.05414998732805,70.60436248779297,6343900
2021-11-08,70.88928788014104,72.47115613157105,70.53557774341867,71.72443389892578,6823700
2021-11-09,72.4514982286987,72.76590639244142,70.9187593674631,71.66548156738281,4937900
2021-11-10,70.70261100864643,71.970071182239,69.39584887276227,69.72991180419922,6471400
2021-11-11,70.32926233592758,72.23535901899747,70.30960760430204,72.1371078491211,5485300
2021-11-12,72.53010030786061,73.1883912127723,71.3215895082642,72.196044921875,5454900
2021-11-15,72.27463689054429,72.37289552374601,70.28010957228189,71.64582061767578,4021200
2021-11-16,71.41001847417317,72.80520415182727,70.6829510429576,72.53009796142578,5087200
2021-11-17,72.58905284990942,73.03119425872305,71.86198536156431,72.3532485961914,4145700
2021-11-18,73.39473444532472,73.935127076878,72.90347114248831,73.83687591552734,5796100
2021-11-19,73.81722537610803,74.46569657078477,73.0508557795508,73.27684020996094,5458300
2021-11-22,73.78775715561027,74.78993863474795,71.17423990814342,71.47882080078125,8644300
2021-11-23,71.75390747525455,72.70695935810556,70.02465877540202,71.94058990478516,5790300
2021-11-24,71.2037009144227,72.70696534998841,70.54540991909752,72.56941223144531,4826000
2021-11-26,71.4296791518035,72.84451982147631,70.28012485573579,70.73208618164062,4596000
2021-11-29,72.07816174263557,73.97443863743383,71.72445151901944,73.70915222167969,9161400
2021-11-30,73.53230928660497,73.82707035379134,69.5629072239632,69.92643737792969,13173200
2021-12-01,71.47881716528893,73.70914946790836,69.59236770720328,69.71026611328125,8805800
2021-12-02,69.11093348445377,70.89913950768246,68.08911217987281,69.78887939453125,10772600
2021-12-03,84.38921653896986,86.94378442571781,79.06392369498049,82.12940216064453,51023700
2021-12-06,82.05079894597986,84.86082563814213,78.9656660035779,83.93724822998047,15634400
2021-12-07,85.93178232862503,90.78546651501286,85.3717424222021,89.91101837158203,21126700
2021-12-08,89.18392911760753,92.21011260490046,87.83787257974986,89.6948471069336,14554700
2021-12-09,89.07585992245816,91.1686387589538,88.103153248408,88.45686340332031,11836000
2021-12-10,89.73416508405023,90.66756244826578,86.67850645505969,87.46452331542969,9660000
2021-12-13,87.87718759171166,88.2505450269915,84.97872942322915,85.07698059082031,7371500
2021-12-14,83.40667812784596,85.11627222385277,82.88594025635581,83.79969024658203,8596000
2021-12-15,83.93725861048291,87.28767085250846,82.53224509064405,86.82588958740234,14422000
2021-12-16,88.0245622821015,88.3094959208353,81.18617744074146,82.12940216064453,17014800
2021-12-17,80.56717880366588,83.87829604577223,80.15451944299967,82.56170654296875,16185600
2021-12-20,81.2844237797159,83.06279441458973,81.05843937771985,82.69925689697266,9546800
2021-12-21,85.12610868683323,85.7647525110296,82.9842002816735,84.79205322265625,10103700
2021-12-22,84.68395700449732,86.85533955639701,83.97653676212455,86.74726104736328,9516400
2021-12-23,86.69813878785564,87.95577154513533,85.92194193070404,86.1479263305664,8016500
2021-12-27,86.46234619388895,89.58678127664783,86.26584386006353,89.2232437133789,7116000
2021-12-28,89.39027462084809,89.46887105292804,86.22653772507249,86.4525146484375,5798700
2021-12-29,86.5311159691467,87.41539139412791,86.1774057991542,86.99290466308594,3583000
2021-12-30,86.99291779916202,87.43505183037414,85.70581017827354,85.91213989257812,4303100
2021-12-31,86.05950910426827,86.99291395660819,85.92195596747437,85.96125793457031,3611600
2022-01-03,86.41321266039775,88.47652454565025,86.28548689923046,87.86735534667969,6813000
2022-01-04,88.70251173852353,90.17630182942789,84.90013810148406,86.82588958740234,11874900
2022-01-05,85.51912257231554,88.12281975665269,82.52241321930953,82.650146484375,11010500
2022-01-06,81.32277209086116,84.8230607295524,80.62468123884314,84.09547424316406,9697100
2022-01-07,84.03649054689214,84.42978321061241,81.20478936925309,81.71607208251953,10289300
2022-01-10,79.74961235292747,80.94915154278115,76.0920035122042,80.83116149902344,16685000
2022-01-11,79.8184193865844,84.97053007274926,79.44479558731062,84.78372192382812,15358700
2022-01-12,85.23602969741484,85.95378186905147,82.98443688917924,83.515380859375,9308700
2022-01-13,84.4691245111174,85.19671116026427,77.18340113454381,77.33088684082031,13860600
2022-01-14,76.51478968017611,81.73572707405113,76.51478968017611,81.60791015625,14780100
2022-01-18,78.95318798554686,80.17238824356888,76.12148738442203,76.36729431152344,12375000
2022-01-19,77.02605715902119,77.99945801770004,74.49916218013476,75.60037994384766,12153300
2022-01-20,76.04284566584575,77.33087937477477,72.49339968570402,72.56222534179688,10401200
2022-01-21,71.68715358080244,74.85314128502883,70.98905513362257,71.33319091796875,14820400
2022-01-24,69.86818147970578,71.00872959631037,65.8467824337595,70.88090515136719,22085000
2022-01-25,68.42283063414378,69.0815990732325,65.82710940094974,65.89593505859375,17846800
2022-01-26,68.83578383590691,70.98904772508743,65.80744025945442,66.52519989013672,19451800
2022-01-27,68.19669675362539,69.07176910011708,63.634519295027786,63.801666259765625,13587900
2022-01-28,63.80165596324112,65.22733337593432,61.500902594561616,65.20767211914062,11456300
2022-01-31,65.76811638628307,70.24180651928464,65.75828200646966,70.20247650146484,12501700
2022-02-01,71.01855221861983,71.40201048709184,68.12785988573852,71.20536041259766,10089300
2022-02-02,72.86703531571287,73.86992468017263,70.654772083894,72.83753967285156,11005500
2022-02-03,69.82884957210895,71.32336033960559,67.19379822025006,67.47893524169922,11944300
2022-02-04,67.6165710657409,70.73340882646903,67.50842291136166,69.9074935913086,7967100
2022-02-07,70.08447668406725,71.98210664625549,69.89766100080828,70.36961364746094,6969200
2022-02-08,69.92716372003429,75.47256790268239,69.91732934164949,75.21692657470703,13362600
2022-02-09,76.3476398080919,76.65243802418743,74.01738723263085,76.43612670898438,10748200
2022-02-10,73.63394731314652,76.87860284561732,71.95262826497208,72.60155487060547,12088800
2022-02-11,72.26724235924361,73.5847639934047,66.35804125776689,66.84965515136719,13642800
2022-02-14,66.93815259276494,68.7177925679568,65.50264085843435,66.61368560791016,12249900
2022-02-15,69.00294742507064,73.01451981917472,68.65881909501061,72.926025390625,12663300
2022-02-16,71.36266915524315,71.60847608330495,69.38637935322535,70.89071655273438,7442300
2022-02-17,69.21923557010014,69.80917072381774,66.04340661541448,66.41703796386719,12107800
2022-02-18,67.04630565610508,67.8918821588426,65.14867571411496,66.21055603027344,9049100
2022-02-22,65.36499498836505,67.7149091014526,64.56857527747644,65.581298828125,7596000
2022-02-23,66.3973687190054,67.61656902790169,63.585336755511406,63.73282241821289,9648200
2022-02-24,60.37019684722276,66.93815976808683,59.93757415437546,66.65302276611328,13272100
2022-02-25,66.7218515234102,68.15736347835173,65.18801827046005,67.596923828125,8691700
2022-02-28,66.8594929741016,68.26550908229076,65.11918300172981,67.1839599609375,12495100
2022-03-01,67.32161953936831,67.39044519642707,63.06424067741365,63.860652923583984,12371200
2022-03-02,65.25684233395354,67.35111518593422,64.19495433797712,66.5350341796875,10682300
2022-03-03,67.1839369322324,67.74437630764973,63.604989429316305,64.10643005371094,18563500
2022-03-04,62.61195330775153,67.33145025362856,61.30425839339627,62.34648132324219,25845200
2022-03-07,63.87048534808399,65.47314417134642,59.94740801297834,60.14405059814453,17201600
2022-03-08,60.144043321414784,66.99714235552761,59.770419454229646,63.42802810668945,14892100
2022-03-09,65.20766930120337,66.15156711661058,63.909808867339336,65.4338150024414,10367600
2022-03-10,64.15562438964844,65.55180629249662,63.29038648536943,64.15562438964844,7693800
2022-03-11,64.86354633461599,65.40431718351952,61.88436322088478,62.0318489074707,6972000
2022-03-14,61.82537737119406,62.27766134868824,57.85313537151792,59.23948669433594,12496100
2022-03-15,60.27186694144634,64.8635429883887,59.908073684209995,64.67672729492188,12611200
2022-03-16,65.87628036755721,68.20653358256794,63.94915425996205,67.7542495727539,13280500
2022-03-17,66.78085708850962,68.31469817103208,65.78780201431161,68.2458724975586,7304200
2022-03-18,67.9508844760909,70.56626693202439,66.90866524569267,70.13365173339844,13982500
2022-03-21,69.47488333063475,70.51710244891014,67.94104278699508,69.52404022216797,7338200
2022-03-22,69.2389024697764,71.61831203458001,69.15041556514888,70.18280029296875,6645500
2022-03-23,69.24874472575233,70.81207356346891,67.69524276649014,67.78373718261719,6950300
2022-03-24,68.80630259444686,72.6212247476029,68.05904717219174,72.52290344238281,9556500
2022-03-25,72.48355061150811,73.60442964146485,71.78545981224961,73.12265014648438,10992600
2022-03-28,72.6113833359959,73.19149173306396,70.7432487119591,73.06366729736328,6988200
2022-03-29,74.64667214844015,75.30543314506215,73.05384749997705,74.88265228271484,7427200
2022-03-30,73.57495130223911,74.24354662650185,71.04805570199085,71.78547668457031,8727600
2022-03-31,72.08044173010443,72.5622288474647,70.39912276309248,70.50727844238281,8046700
2022-04-01,70.79239276256331,71.51015226759154,68.25566355489447,69.87799072265625,8033300
2022-04-04,70.35978470429585,71.7756352521951,69.54371126484658,71.7363052368164,9622300
2022-04-05,71.0775414875248,71.10703712250951,67.05613571926993,67.16429138183594,11140000
2022-04-06,65.65012705990786,66.5940324951688,63.85082560868696,65.38465881347656,14416500
2022-04-07,64.75483343459649,66.11291076196363,62.52088599171558,64.61705780029297,11019100
2022-04-08,64.56783548485713,64.69576783044607,61.98945324997346,62.14691162109375,10191000
2022-04-11,60.82819717679273,61.379299606105775,59.50948189305921,59.765350341796875,12152000
2022-04-12,61.81231945598725,62.33389966838814,58.800923527216334,59.174888610839844,10070200
2022-04-13,59.81456037456046,62.73738566077578,59.135521787121284,62.294532775878906,9497400
2022-04-14,62.59961419191536,62.6094536992969,59.90313492275293,60.001548767089844,7542200
2022-04-18,59.64726107823598,61.47771712334563,59.19456869725943,60.74946975708008,5830700
2022-04-19,59.99170172515023,62.90468376007995,59.5586920996674,62.7570686340332,8055100
2022-04-20,63.475468568657554,64.09545881451295,61.487554218805585,61.94024658203125,6847500
2022-04-21,63.101514609678176,64.13483180628238,58.55489641999416,58.99774932861328,8136800
2022-04-22,58.85012447686815,59.558689058849225,57.393633533765644,57.51172637939453,8638100
2022-04-25,57.560931050111094,59.794870467206934,57.22633154970889,59.725982666015625,10497800
2022-04-26,58.94853308677483,59.47011321668241,56.93109285895905,57.02950668334961,10787300
2022-04-27,56.20286208155013,58.633629661042605,55.671438571570455,55.81905746459961,9750000
2022-04-28,57.41331466032636,60.89708541674449,56.25205774152032,60.090110778808594,11584600
2022-04-29,58.80091156024003,61.73357582019976,57.088548634546385,57.157440185546875,9138100
2022-05-02,57.186970988013194,59.13551986409044,56.46856688881078,59.11583709716797,8337300
2022-05-03,59.165041153951805,59.755512889498966,58.1218808031284,59.450435638427734,6329400
2022-05-04,59.79486680602052,62.107540896466276,56.862202542814416,61.91071701049805,11676300
2022-05-05,60.92661112126152,61.005342189936556,56.4193625545274,57.364112854003906,11948900
2022-05-06,57.108234767074336,59.548841333669635,54.726676495918134,56.83268356323242,11582300
2022-05-09,55.799358194773255,56.77363058752855,52.689552885979886,52.87653350830078,12399900
2022-05-10,54.53970136573708,55.65175338367639,51.971162020669375,54.254310607910156,11114200
2022-05-11,53.57526998356335,54.80541489849357,51.4987885206088,51.70545196533203,9426400
2022-05-12,50.56386793241152,52.807650625401166,49.609274460276545,51.557823181152344,12005800
2022-05-13,52.97495342283513,57.10823663184334,52.581305615261144,56.65554428100586,13265900
2022-05-16,56.24221485697747,56.43903499754533,54.12636455894108,54.35271072387695,9417900
2022-05-17,56.2717375087867,58.072667335097734,55.789519151277304,57.35426330566406,8401100
2022-05-18,56.45871745115963,58.161237185589535,53.821287037772485,54.13620376586914,10843400
2022-05-19,53.42765560917055,55.4352530399898,52.68956864967269,53.41781234741211,9730100
2022-05-20,54.97271569998627,55.021920744993665,50.23911678983033,53.21114730834961,13790100
2022-05-23,51.734971599830345,54.08700795639984,51.734971599830345,53.98859786987305,7554400
2022-05-24,52.50257202846623,52.72892194710874,50.741007747210176,51.567665100097656,10004900
2022-05-25,50.996875383379866,53.61462300084721,50.83941702120527,53.102882385253906,10589800
2022-05-26,52.40416416799206,56.32094443841245,52.3057540937312,56.08475875854492,16074500
2022-05-27,59.04695288980568,60.42471662554281,57.600301342692106,59.85392761230469,22143000
2022-05-31,59.617735068283125,60.0310618891567,57.54125019572291,58.21044921875,14203200
2022-06-01,58.39742598802058,59.204400564454055,55.73047333287817,57.11807632446289,9731600
2022-06-02,56.26189958459774,60.52312288392354,56.26189958459774,60.4542350769043,10128900
2022-06-03,58.95837880016002,60.09011349814399,57.856170129653925,58.023468017578125,7900300
2022-06-06,59.64726018326337,60.20820589781851,58.42695492013225,58.791080474853516,5894900
2022-06-07,58.06282885118911,60.26724976785342,57.63965878126741,60.050743103027344,7182100
2022-06-08,59.25360867364198,60.099948823114026,57.8069610674107,58.40726852416992,6343700
2022-06-09,57.885686151681064,58.889484633133186,55.533650189598724,55.582855224609375,8386600
2022-06-10,54.34287450434077,54.677474019282705,52.07940520991391,52.22702407836914,12026100
2022-06-13,50.012769795822194,50.445779440848135,47.8870795995148,48.034698486328125,14442000
2022-06-14,48.71372721785687,49.0483267064871,46.86358864813071,47.74929428100586,9614100
2022-06-15,47.926437308025484,49.688005384316234,46.932478307929166,48.418495178222656,11363700
2022-06-16,46.63725201529902,46.87344148368706,43.625859756502976,44.324581146240234,14987600
2022-06-17,44.43282297729279,45.46614365613844,42.9861717744469,45.308685302734375,16001800
2022-06-21,46.155034257911716,47.61152524620985,46.01725488728147,46.28296661376953,8834600
2022-06-22,45.16107169686184,46.676610870633354,45.02329609090146,45.65312957763672,7504600
2022-06-23,46.3616928881647,46.39121515890896,44.47218872435568,45.52519226074219,7252400
2022-06-24,46.46010439003647,48.270877548789464,46.13534813954306,47.454063415527344,20042300
2022-06-27,48.25120085098572,48.38897647483082,46.61756862491459,46.893123626708984,6915200
2022-06-28,46.893115800477,47.837865995544234,44.54107606415032,44.60012435913086,10323300
2022-06-29,43.89156763862779,43.92109366841885,42.582695443753956,43.61601638793945,8065300
2022-06-30,43.11411316496327,44.30489234373911,41.87412519448458,42.838558197021484,10010100
2022-07-01,42.09063694551811,42.85824613621132,41.08683829009397,41.87413024902344,8790100
2022-07-05,40.73255409272131,42.307141692113035,40.41763732366376,42.297298431396484,9794500
2022-07-06,42.10047714710205,43.743952657951866,41.8249258954571,43.123958587646484,8859000
2022-07-07,44.424764933834716,46.33656572050058,44.4050551823123,45.92266845703125,10838200
2022-07-08,44.769683610250866,46.72090422347773,44.48389780466805,46.307010650634766,9130800
2022-07-11,45.21314257979762,45.70587515964949,44.355785184194474,44.543025970458984,5744500
2022-07-12,45.03575994951879,45.765002085175546,44.52331759944172,44.868228912353516,6897600
2022-07-13,43.94188647024042,45.952236062582514,43.50828320413265,45.469356536865234,6411700
2022-07-14,45.04560607675663,46.5435133886859,44.1389800443854,46.42525863647461,8595700
2022-07-15,47.08551985524398,47.627528651301304,46.29714855086638,47.519126892089844,7314800
2022-07-18,48.65241755968042,50.17988792083437,47.74579134866057,47.9133186340332,12622000
2022-07-19,48.88892472431225,51.579244024367846,48.80023271401367,51.32302474975586,14093900
2022-07-20,51.431424121854505,53.25453687997451,50.88941904861657,52.8997688293457,13315500
2022-07-21,52.97860821906778,53.92465768097636,51.894597988012926,53.77683639526367,7900200
2022-07-22,53.776828291097665,53.776828291097665,50.60362957914494,51.263893127441406,10205600
2022-07-25,50.84999806751286,51.02738208768741,49.02688912147017,49.97293472290039,7416600
2022-07-26,49.76598956046561,50.22915937913725,48.25822909951485,48.76081466674805,7512300
2022-07-27,50.505088056585656,52.80122362047683,49.97293598264721,52.21979904174805,11212300
2022-07-28,52.72238070877032,53.30380524452679,51.460986634960015,52.98845672607422,6719900
2022-07-29,52.85049799432401,54.949536094783966,52.44645742595248,54.87070083618164,9048700
2022-08-01,54.180868512491905,55.057931813841996,53.18555045660889,54.52578353881836,6959700
2022-08-02,53.776835026767166,56.0729707200312,53.717705762136504,54.900264739990234,5241600
2022-08-03,54.76230620264368,57.58073755092399,54.74259644561179,57.3737907409668,9974500
2022-08-04,57.24566810354644,57.58072638963829,55.76747044595022,56.516422271728516,9768800
2022-08-05,55.2550349168755,56.76279550958029,55.195905649989456,56.112388610839844,7832700
2022-08-08,54.801711247189175,55.678774527649004,52.52528566095855,54.78200149536133,13949000
2022-08-09,53.3530828669415,53.3925023753446,49.68715128898057,50.51494216918945,16556800
2022-08-10,52.62383758229995,54.53563851347302,51.61866273418287,54.19072723388672,13944900
2022-08-11,54.988959026850374,55.816749969587974,52.80122877474148,52.92933654785156,8965000
2022-08-12,53.84581138190607,54.78200395996814,53.39249834722371,54.55534744262695,7408400
2022-08-15,54.08232927758929,55.05793768521377,53.62901244491147,54.673606872558594,5062800
2022-08-16,54.4173893179216,54.55535384386069,52.91948176911601,53.56003189086914,5557100
2022-08-17,52.72238275185949,52.8504942672113,50.88941706779132,51.88473892211914,9196300
2022-08-18,52.140963529585584,54.959394600252594,51.904450227751035,53.75712585449219,8759200
2022-08-19,52.64354377078342,53.24467808250107,51.815756696714416,52.36761474609375,7419000
2022-08-22,50.63319543796708,51.490548980847414,49.81525764014671,50.189735412597656,7438900
2022-08-23,50.44595720062873,51.75662759027661,50.317849444073715,50.830291748046875,6093600
2022-08-24,50.761297289739204,51.77632873191811,50.48536831012766,51.480690002441406,6280800
2022-08-25,50.751452462079286,54.41738382346553,50.42624717584295,54.28927230834961,13229300
2022-08-26,53.43191717103879,53.50089942503434,49.25354363012492,49.44078063964844,23821800
2022-08-29,48.8790732823505,50.16018107245059,48.199103635633136,48.2779426574707,10153300
2022-08-30,48.859362910995216,49.06630968591041,46.513954850869595,47.30232620239258,9703500
2022-08-31,46.86872262149808,47.381164936768165,45.67630696517197,46.13947677612305,12090000
2022-09-01,44.74995719671848,45.42992656722667,42.99583102513944,45.30181884765625,16790800
2022-09-02,46.05079314099843,46.53367279336011,44.73026948509818,45.09489059448242,10358100
2022-09-06,45.232851842272844,45.43979862134014,44.168547676924675,44.43462371826172,7277200
2022-09-07,44.93720209957351,46.4153995865233,44.34592460849383,46.08034133911133,11024000
2022-09-08,45.62703304422742,47.804909997068336,45.01604573928923,47.45014572143555,9918700
2022-09-09,48.110406578046955,49.371800721355505,48.110406578046955,49.01703643798828,10922400
2022-09-12,49.30281547308941,49.86453025340767,48.67211843969704,49.51961898803711,9479800
2022-09-13,47.14465651661277,48.258233273506164,46.66177690226914,47.32204055786133,15732400
2022-09-14,47.35159565286264,48.731248248479716,46.8884296282955,47.706363677978516,7407200
2022-09-15,47.20378662842415,47.99215807072371,45.508785208041424,45.991661071777344,8870300
2022-09-16,44.99633432789376,45.81427212920143,44.2966550400227,45.67630386352539,12443800
2022-09-19,45.12444569392286,46.05078149071705,44.78938742542269,45.47921371459961,7830200
2022-09-20,44.99634258176845,45.51863795454238,44.41491794142989,44.63172149658203,5558600
2022-09-21,44.85838464735453,47.53885168980958,44.690853577575034,44.79925537109375,11894600
2022-09-22,44.76968580034143,44.858377821610986,42.73962606864463,42.887447357177734,12084400
2022-09-23,42.25674512879472,42.7987501894891,41.69503031471585,42.66078567504883,11335200
2022-09-26,42.641072203765155,43.68566648655728,41.901973432919505,41.990665435791016,8920800
2022-09-27,42.838174006103635,43.449161385488125,41.95125381082659,42.76919174194336,10397000
2022-09-28,42.04980514789843,44.1981199355404,42.020242390030155,43.90248107910156,9736100
2022-09-29,42.936713519453754,43.28162479603952,41.49793539533745,42.24688720703125,9648900
2022-09-30,41.75415621979534,44.198109274361784,41.665464208332196,42.28630828857422,11123300
2022-10-03,42.97613936490798,44.41491770127061,42.84802783216975,43.85320281982422,9859700
2022-10-04,45.48907464445616,46.52381237905663,45.41023938125164,46.356285095214844,9763200
2022-10-05,45.2427064120135,48.36663299768361,44.907648099343064,47.65709686279297,15167900
2022-10-06,47.66694910638393,48.643769152880985,47.005865489169956,47.32160568237305,12586400
2022-10-07,45.5455725431636,45.77251060361523,41.66788375231163,41.786285400390625,18033800
2022-10-10,41.371888996575265,41.58896188032903,38.67822724603717,39.76358413696289,12942600
2022-10-11,39.46757245828032,39.57610888476796,37.49419383536631,38.145408630371094,17731600
2022-10-12,37.790197041983326,38.046738351518876,36.912044222870094,37.474456787109375,12698400
2022-10-13,35.5109534255044,39.52677901217542,34.830135325545214,38.60915756225586,18383900
2022-10-14,39.408364069296674,39.556368950269125,36.44829656121144,36.517364501953125,13050400
2022-10-17,37.849400411421946,38.717688009430596,37.09951447007604,37.36592102050781,11932600
2022-10-18,38.757158263327206,39.250502961236855,36.48777340572708,37.2376594543457,11895700
2022-10-19,36.872570948265796,38.105932334476776,36.606164437173796,37.59285354614258,8271300
2022-10-20,37.87900322770064,39.388636716129184,37.365924318318136,37.563262939453125,10037600
2022-10-21,37.158725142429056,39.092635592626166,37.069922939924,39.013702392578125,9788400
2022-10-24,39.20116542973224,39.22089966739894,36.40883666851231,37.87900161743164,13403300
2022-10-25,38.10594440297704,40.83907455209825,38.01714220448857,40.0694580078125,12620300
2022-10-26,39.31957163226851,40.05958869257912,37.99740766729003,38.234214782714844,12260700
2022-10-27,39.96091730420324,42.05269760055006,39.497172121156524,39.52677536010742,18838100
2022-10-28,39.23076126196497,40.572659187346254,38.55981606319495,40.4641227722168,11454800
2022-10-31,39.86224621262779,40.237185408265354,38.70781786164498,39.15182876586914,10413800
2022-11-01,40.27665922987438,40.503597330191276,38.845958910212815,39.211036682128906,7646900
2022-11-02,39.82278054850509,41.43108515325609,38.48088250507511,38.530216217041016,13712400
2022-11-03,37.81980856798193,38.97423342215845,36.704848431374046,36.72458267211914,16890300
2022-11-04,37.92833838542057,39.43797569522162,37.474462174281996,38.45128631591797,16070300
2022-11-07,39.03343400822306,39.19130416162257,37.957942411963465,38.98409652709961,15185600
2022-11-08,40.31612951962614,40.414796954139334,38.43155291462177,39.260372161865234,12220700
2022-11-09,38.105935454823886,38.323008281026745,36.22135925292969,36.22135925292969,14401500
2022-11-10,38.490749713990475,42.15137004658104,38.48088447666022,42.08230209350586,17081100
2022-11-11,41.66788505584091,43.226855820653725,41.35214480847235,42.77297592163086,12133800
2022-11-14,42.388175437139175,42.87165489603075,41.273219132620106,42.585514068603516,11645500
2022-11-15,45.012763305258204,45.60477912379251,43.33539079862561,44.105010986328125,11831300
2022-11-16,42.95059100449769,43.24660085373939,41.342289894153836,41.68762969970703,12062700
2022-11-17,40.45426783255902,43.39460196969394,40.30626290809078,43.34526824951172,9368600
2022-11-18,44.253006157811875,44.47994797089962,43.187383850246654,43.41432189941406,8687600
2022-11-21,42.51643516119711,42.73350797628845,40.88839657585277,40.99693298339844,11008900
2022-11-22,41.19427313215811,42.35856666191718,40.700928543749036,42.348697662353516,11645600
2022-11-23,42.585508170950185,43.5623321912619,42.27963314634492,43.09858703613281,6078700
2022-11-25,42.59538285335291,43.20713303822527,42.30924576602022,42.40791320800781,4078200
2022-11-28,41.76656473479647,43.49327121068118,41.68762777493089,42.10203552246094,10948100
2022-11-29,42.37830514429107,42.980186204698136,41.648153424144574,42.338836669921875,6747200
2022-11-30,42.59537589221414,45.98958954236065,42.072431760082935,45.900787353515625,15933900
2022-12-01,46.492803274489304,46.70987614601216,44.233287418770566,44.79570007324219,15710100
2022-12-02,41.44095561917175,44.292487439311145,40.46413143773728,44.124752044677734,25050200
2022-12-05,43.50313957085784,44.4799638177318,41.766567732319515,42.398048400878906,11345800
2022-12-06,42.447382784878336,42.69405516012942,40.20759716592782,40.54307174682617,8779900
2022-12-07,39.941180220265636,40.70093139123926,39.34916817832501,39.87211227416992,8219800
2022-12-08,40.00039125389538,41.46069118996086,39.605713967857554,41.14495086669922,9106100
2022-12-09,41.1350747413049,42.200700970726714,40.562796915961286,40.94760513305664,7312000
2022-12-12,40.947603191229746,42.309235387390125,40.493727047149854,42.01322937011719,9327200
2022-12-13,44.71676002042208,45.37784382707474,41.7665610390433,42.930850982666016,12390300
2022-12-14,42.66444895794039,43.68073777940767,41.45081775065664,42.08230209350586,13428200
2022-12-15,41.075871032201995,41.12520473771517,39.43796716728956,39.487300872802734,12079200
2022-12-16,39.08276221790174,39.46757042734098,37.78033269491315,38.47101593017578,20177700
2022-12-19,38.42167959524541,38.53021601936614,37.494193017713506,37.88887023925781,10651200
2022-12-20,37.44486427974974,37.59286543454694,36.408841140483595,37.30672836303711,11441900
2022-12-21,37.612602058490644,38.45129037784917,37.612602058490644,38.35261917114258,9160000
2022-12-22,37.36592701039885,37.53366616782099,35.87602765313403,36.576576232910156,14074200
2022-12-23,36.25096205825301,37.079781118384886,35.806951175339414,36.694969177246094,6097600
2022-12-27,36.231236141029804,36.25097038079219,35.3728136490124,35.570152282714844,8452600
2022-12-28,35.303738671583915,35.747749568141586,34.622924472809245,34.90906524658203,8096200
2022-12-29,35.60961100472008,36.73443601550879,35.32347025245409,36.27069091796875,7724300
2022-12-30,35.4024183895957,36.60617695469849,35.106412308469494,36.54697799682617,8107100
2023-01-03,37.40538975674465,37.691530545949995,35.30374057563626,35.510948181152344,10336700
2023-01-04,36.31016553508717,36.448301435041934,35.16560609613502,36.12269592285156,10226300
2023-01-05,35.3221679976828,35.56924526642118,34.2646738189906,34.274559020996094,13007300
2023-01-06,34.73905760607122,36.01397315804944,33.35542370721384,35.677947998046875,21224900
2023-01-09,36.66626108862434,37.58538872756108,36.33023588976468,36.488365173339844,10529800
2023-01-10,36.122695025972284,36.90346008035011,35.59889243586809,36.57731628417969,9699600
2023-01-11,36.87381291912522,38.059780792197444,36.518021049163586,37.97083282470703,10319200
2023-01-12,37.91153147484848,39.6707201785185,36.98251866002098,38.850425720214844,14713100
2023-01-13,38.19814211270354,40.28347081324152,38.06966089462794,40.194522857666016,11871700
2023-01-17,40.145113106373294,40.67880090552225,39.56201060806608,40.55031967163086,13030300
2023-01-18,41.00494887347929,41.42003691271395,39.5620146287534,40.016639709472656,7445100
2023-01-19,39.512591239282195,39.759668475973626,38.08942771317533,38.119075775146484,10528300
2023-01-20,38.49463766450163,39.097506779024236,37.615043226630846,39.01844024658203,15860800
2023-01-23,39.73002619604303,42.34904302406664,39.63119302492328,42.250213623046875,13619500
2023-01-24,41.617694392043255,42.77401416237464,41.469446527595736,42.01301574707031,8960300
2023-01-25,41.232257799704016,42.29962969161854,40.29336337925043,42.240333557128906,9600000
2023-01-26,43.09027150363401,43.959984491607635,42.29962504643057,43.871036529541016,10503900
2023-01-27,42.97168650068534,44.276254432243995,42.97168650068534,43.73268508911133,7953000
2023-01-30,42.97167814241312,43.04085947607739,41.469447895517824,41.49909973144531,10071400
2023-01-31,41.58804791558923,42.68506782802074,41.33108544341252,42.645538330078125,9438400
2023-02-01,42.813546069173164,45.94648759553858,42.74436473998809,45.580810546875,14963200
2023-02-02,46.44064160719052,48.91141410923068,46.193564356986506,48.189945220947266,17101400
2023-02-03,46.233101167655896,47.7550981745769,45.96625724279829,46.03544235229492,11962100
2023-02-06,45.09653912415585,46.1540294149942,44.325655567863784,44.5035514831543,7777300
2023-02-07,44.86923327463463,46.51970761146714,44.1477643360301,46.233097076416016,10537600
2023-02-08,45.91683568927214,46.31216080122158,44.52332013629491,44.57273483276367,9069300
2023-02-09,45.42268372533728,45.92672345977386,44.08846799554613,44.58262252807617,7770300
2023-02-10,44.09835232748617,44.246600205034675,43.03098042747738,44.029170989990234,7650200
2023-02-13,44.36518469236378,45.35349356506549,43.683252927435305,45.0668830871582,7045500
2023-02-14,44.48378529729922,46.94467630341688,44.25647468550515,46.65806579589844,9264500
2023-02-15,45.85754393715982,46.50982779504588,44.938416168761265,46.19356918334961,8585000
2023-02-16,45.491863232130875,46.579005422116396,45.10642331544591,45.15583801269531,11002700
2023-02-17,44.61226758608016,44.76051544388506,43.10015602490852,43.623958587646484,8651900
2023-02-21,43.05074257443242,43.53501188641867,41.864770987982816,42.10196304321289,9607300
2023-02-22,42.34904773395635,42.97168358590786,41.64734910641597,42.467647552490234,7643200
2023-02-23,44.523315248926025,44.839573795729684,43.11003321847873,44.720977783203125,12550700
2023-02-24,43.969869876490236,44.296009892029026,43.0705088207746,43.33734893798828,9142100
2023-02-27,44.345427603638115,44.4244941401134,43.71291039223565,43.79197692871094,7026500
2023-02-28,43.60419337074047,45.16572344860372,43.49547877416774,44.622154235839844,9587000
2023-03-01,44.82969284057617,45.80811655196136,44.57273041226338,44.82969284057617,7761400
2023-03-02,44.286128603589674,46.05519888651682,43.535011636113595,45.68952560424805,13617100
2023-03-03,40.89621856508776,43.762311778558534,40.61948954171421,43.52511978149414,38293200
2023-03-06,43.82161300154154,44.06869020525567,41.30142627767723,41.775814056396484,19056500
2023-03-07,41.548506846323754,41.73628417911859,40.39218347884182,40.62937927246094,13917100
2023-03-08,40.678801601110024,42.67518639606008,40.60962026708552,42.645538330078125,14765400
2023-03-09,42.447871983229895,43.17921852644711,40.36253940577337,40.43172073364258,12030400
2023-03-10,40.4317233931168,40.461371458411016,37.69410685132176,38.2277946472168,21552700
2023-03-13,37.555741721610254,38.39580285734327,36.211640888357735,37.545860290527344,26159500
2023-03-14,38.4649846763847,38.959139179031574,37.49644230360879,38.15861129760742,16990300
2023-03-15,37.486564403074894,37.71387504328977,36.32035936538119,37.1801872253418,18999200
2023-03-16,37.15053305625355,40.05615997095237,36.96275571564322,39.88814926147461,16172700
2023-03-17,39.75967477246139,39.93757071265943,39.03820957948046,39.502716064453125,15184000
2023-03-20,39.41375518868922,39.947439064433524,39.04807822574184,39.878257751464844,8976300
2023-03-21,40.500899187292575,41.28166414080765,40.0858112495348,40.649147033691406,8798600
2023-03-22,40.53055189495601,41.57816083002729,39.591661327126786,39.69049072265625,9901600
2023-03-23,40.54043041608385,42.803658639698696,40.53054521609998,41.78569793701172,13344800
2023-03-24,41.06423925926601,41.340968350099175,39.917800940385,40.58985137939453,10616000
2023-03-27,41.00494335627221,41.22236877943094,40.431722308627016,40.728214263916016,8763000
2023-03-28,40.62938417078301,40.67879886746554,39.10738738432315,39.97710037231445,9832100
2023-03-29,40.87646373032607,42.55658990301354,40.84681566466391,42.20079803466797,11803500
2023-03-30,43.070505638986376,43.35711236780232,42.33915536073669,42.744361877441406,9842000
2023-03-31,42.51705216182363,42.88272542354775,42.20079359437041,42.79377746582031,8714000
2023-04-03,42.41822139624184,42.783898448695446,41.18283511927628,41.459564208984375,9312300
2023-04-04,41.59792233946017,41.63745560084248,39.73001909528807,40.006744384765625,10341000
2023-04-05,39.670222462453864,39.75929867457521,38.79921855665365,39.680118560791016,10814400
2023-04-06,39.115955987664464,39.53166018050531,38.462703844845585,38.858612060546875,8402500
2023-04-10,38.334019138044184,39.97704693747524,38.037087131052125,39.92755889892578,8696800
2023-04-11,39.94735852424207,40.18490264129034,39.432674569709924,39.680118560791016,7298500
2023-04-12,40.2937789995937,40.51153092211913,39.0565590319641,39.1258430480957,8471400
2023-04-13,39.49206643927914,40.283886534846715,39.30400657079082,39.977054595947266,8232900
2023-04-14,39.977058380821234,40.74908257512989,39.48217030227539,39.878082275390625,8209200
2023-04-17,39.25452080086265,40.20470497068685,39.00707677065658,40.04634094238281,7449200
2023-04-18,40.57091980399298,42.16445598858626,40.47193993881291,41.80813980102539,16610900
2023-04-19,41.09550372537428,41.491411896105824,40.58081970529673,40.610511779785156,11253300
2023-04-20,39.61083956467952,40.3234795575187,38.75963152338741,39.066463470458984,9846100
2023-04-21,38.79921939721839,38.8487074413676,37.581795387808064,38.62105941772461,13950700
2023-04-24,38.581471890212455,39.04666786501679,38.0271959154604,38.36371994018555,6290500
2023-04-25,37.809446776552576,37.829242751113284,36.522738635675104,36.53263473510742,11514900
2023-04-26,37.314565424873535,37.76986159425214,37.037425507067496,37.69068145751953,11898700
2023-04-27,37.700573984970326,38.472598179490326,37.32445798797754,38.23505401611328,15976200
2023-04-28,38.36371881645848,39.115950744137784,38.16576662299178,39.076358795166016,9647400
2023-05-01,39.27431276648655,39.838484795699166,39.066460708502085,39.60093688964844,11314800
2023-05-02,39.205030003554,39.60093815873164,38.49239003825987,39.08625793457031,14932300
2023-05-03,38.70023606852425,39.90776387127718,38.51218000731494,39.115943908691406,10699100
2023-05-04,38.72994164721248,39.23472582032747,38.23505357425033,38.93779373168945,11618100
2023-05-05,39.47226856457843,40.86785259573241,39.086256522554365,40.551124572753906,14043000
2023-05-08,40.43234948653341,40.7688734891871,40.056237312040885,40.59071350097656,7515700
2023-05-09,39.77910226515035,39.9572622749043,39.353498216926624,39.58115005493164,10792000
2023-05-10,40.18491129138489,40.48184716515634,39.5613550181364,40.01665115356445,11554500
2023-05-11,39.848375327571894,40.105719171149275,38.89819138750622,39.323795318603516,12547900
2023-05-12,39.55144815492968,39.71971203872159,38.828912126166315,39.70981216430664,8538600
2023-05-15,39.917672796823524,41.6497810096392,39.779100968213406,41.6398811340332,8838100
2023-05-16,41.382536964008686,41.88732107544649,41.14498905670532,41.24396514892578,10651500
2023-05-17,41.86752473327816,43.46106472359167,41.61018463035293,43.14433670043945,12472100
2023-05-18,43.07505707285775,44.609209299351086,43.06515719729603,44.28258514404297,17331500
2023-05-19,44.4706438346165,45.044712052622806,44.24299576750224,44.99522399902344,11055500
2023-05-22,44.57951430882371,46.16315448247627,44.54981845977672,45.9651985168457,9368300
2023-05-23,45.26245852336419,46.81640662701642,45.26245852336419,46.11366653442383,12710600
2023-05-24,45.034814671501714,45.608886648879285,44.53992659818851,45.50990676879883,13802400
2023-05-25,48.49902600687339,49.2215620636882,46.2225418678124,48.9642219543457,37900300
2023-05-26,58.07015373018054,65.07776933561148,57.98107751849543,64.84022521972656,94307300
2023-05-30,66.79998485366602,67.29487288869385,60.683172214362486,62.75180435180664,51926500
2023-05-31,61.16815837401678,62.45486646787278,57.73363809071055,57.89200210571289,37896700
2023-06-01,58.78279895608088,61.4650911431639,58.01077484595118,60.47531509399414,24980300
2023-06-02,61.583875937825006,61.841216086703305,58.52546735037043,59.56473159790039,18030100
2023-06-05,58.97086253637334,58.99065473599095,56.674578484018966,57.43670654296875,15900500
2023-06-06,57.50598662274915,59.693394548629044,57.446602476578704,58.53535461425781,16472000
2023-06-07,61.623455753094206,62.989347771289296,58.50566343362006,58.72341537475586,23824500
2023-06-08,58.60463671101421,59.74288063405658,57.76332861185826,59.10942459106445,12172600
2023-06-09,60.237769559823164,61.39580569816581,58.960957579833135,59.39645767211914,14404400
2023-06-12,60.257567462283774,61.6531515528981,60.237771488042206,61.41560363769531,15907700
2023-06-13,62.672616409077484,62.781492373868296,61.178056301056245,62.40537643432617,12424300
2023-06-14,62.138143250535514,62.38558727912248,60.26746699852947,62.31630325317383,13383900
2023-06-15,61.54427709619954,62.1777331847265,60.92071710718876,61.395809173583984,11443900
2023-06-16,62.16783737607248,62.42517749735452,60.188285202316,60.495113372802734,17825600
2023-06-20,60.0893082517399,61.366120372100724,59.72309213897233,60.20808410644531,10631700
2023-06-21,60.000225670007346,60.30705761793221,58.119653359679674,58.248321533203125,10386300
2023-06-22,57.585172004408896,59.13912013089729,57.43670408376001,58.515560150146484,9138100
2023-06-23,57.21894759101957,57.664343736771684,56.01141975413832,57.228843688964844,24355900
2023-06-26,57.48618903331604,58.5353491246918,57.09027714272799,57.15956115722656,10316000
2023-06-27,57.31792768200188,60.14868762996513,57.17935964690367,59.97052764892578,12291600
2023-06-28,57.9711845770863,60.83163683793514,57.9711845770863,59.455848693847656,10114600
2023-06-29,59.81215984031846,59.81215984031846,57.5257760793903,57.77322006225586,14868400
2023-06-30,58.69372352532638,59.4954435467554,58.555155471777326,59.16881561279297,9065900
2023-07-03,59.70328362073911,60.752447462717655,59.70328362073911,60.72275161743164,5699800
2023-07-05,60.1387934798882,60.574297375302216,59.16881336617828,59.198509216308594,7279700
2023-07-06,58.069023581751296,58.42570134517479,56.89991481474637,58.27708435058594,10174700
2023-07-07,59.35702939024811,59.70379737168461,58.43561300587396,58.60404586791992,9505900
2023-07-10,58.32663267930767,59.941588943819234,58.287004749110956,59.73352813720703,10124900
2023-07-11,61.16023341778066,61.63580257801555,59.89204899048761,61.576358795166016,12004500
2023-07-12,62.537396618163434,63.10213517314855,61.368287804109656,62.29961395263672,11423600
2023-07-13,63.26066502789007,64.88552727556176,62.47795957506423,64.76663970947266,12938400
2023-07-14,63.9046608565832,64.5189409379859,62.59684484373769,62.86435317993164,11408700
2023-07-17,62.97334882377099,64.3406126180118,62.41851620797333,63.964115142822266,8586100
2023-07-18,64.79636780393399,65.44036989814344,63.607439116398936,65.15304565429688,9876900
2023-07-19,65.39082624265382,66.19334760039591,64.26134893954423,65.02423858642578,10606800
2023-07-20,64.06319349475397,64.4297735665455,62.2203568626115,62.63648223876953,12700300
2023-07-21,63.53807794099697,64.0730946528082,62.60675549337154,62.82472610473633,19046300
2023-07-24,63.102133282541466,63.191302724314205,61.883486764638846,62.527488708496094,5605300
2023-07-25,62.75536721877342,64.10281114239257,62.646381922274024,63.31019973754883,6994900
2023-07-26,62.53740519904453,63.54799111491588,61.70515819653211,63.1219596862793,9094000
2023-07-27,64.74681622221867,65.62860089344974,62.71573853351437,63.30029296875,10780200
2023-07-28,64.79635005157274,64.80625986663898,63.656963206127394,64.31087493896484,7097900
2023-07-31,64.63783204436305,65.6484216673967,64.09291308513622,64.52884674072266,7391800
2023-08-01,64.27125078741152,65.67814233311533,63.63715861022177,65.32146453857422,6941300
2023-08-02,64.30097722916824,64.40005272156014,60.41715669970358,61.53672790527344,13743500
2023-08-03,60.87290886006911,62.41851145675675,60.62521635428833,61.77450942993164,9047400
2023-08-04,61.66551903457303,63.211117629513815,61.07105483849129,62.11136245727539,7627000
2023-08-07,62.63648397447758,63.012973873472795,61.86368076290843,62.963436126708984,4769000
2023-08-08,61.83395070608692,61.85376655807349,60.22890449004804,61.38810348510742,9182600
2023-08-09,61.24939782635185,61.5268122020993,59.11924092832705,59.386749267578125,9272600
2023-08-10,59.56508506664167,60.48650137193071,57.652898865728915,58.386070251464844,9706500
2023-08-11,57.56373682068709,57.65290627393068,56.176661056271705,56.56306076049805,9950800
2023-08-14,56.08749365123636,59.17869517741956,55.86952302879488,59.020172119140625,14179000
2023-08-15,58.81210438126189,59.4263806872483,58.2077341117243,58.574317932128906,8371700
2023-08-16,58.46533927501801,58.46533927501801,56.72158564141805,56.840476989746094,11453300
2023-08-17,57.33586096290068,57.57364743467221,56.40453848906167,57.028724670410156,10816700
2023-08-18,57.06835864464244,57.335867036414314,56.09740435940829,57.05845260620117,12328600
2023-08-21,57.31604641409742,59.59482057389431,57.24669281231103,59.47592544555664,12100000
2023-08-22,60.28834642854066,61.130503104602504,58.812101405676344,59.03997802734375,13603600
2023-08-23,58.85173852023871,61.1998623224201,58.60404602441193,60.93235397338867,13460600
2023-08-24,63.37955496976593,63.63715727351799,56.41443964474934,56.76121139526367,27361400
2023-08-25,53.967239295173805,54.58151559350184,51.76772884119337,53.00619125366211,32505500
2023-08-28,53.29351447362609,54.74994367421664,53.06563784740427,54.66077423095703,13560400
2023-08-29,54.36355010548783,55.92896855603187,54.12576741647335,55.602012634277344,10356500
2023-08-30,55.602015973229,57.405217221071396,55.33450759740783,56.81075668334961,11605600
2023-08-31,56.81074844481466,58.108658425323064,56.81074844481466,57.71234893798828,10331900
2023-09-01,58.39597930193062,58.742751050992105,56.89991834528438,57.41511917114258,7638700
2023-09-05,57.216967548253386,57.88078163465915,56.75130443842464,57.355674743652344,5623600
2023-09-06,57.16742935527062,57.69253624215466,56.03795216790397,56.18656539916992,10960400
2023-09-07,54.73013779197257,56.51352307938054,54.07622972727339,56.057769775390625,10635000
2023-09-08,55.78035757104765,56.226204885508785,54.88866672161351,55.225528717041016,9415900
2023-09-11,56.29554824393113,56.29554824393113,54.26447060278717,55.80016326904297,8430000
2023-09-12,55.31469144312696,56.50361243090649,55.086811014998645,55.1363525390625,5571400
2023-09-13,55.19579637153433,55.94878369594087,54.829212525948,55.08681106567383,6328200
2023-09-14,55.928958991042485,55.93886502660408,54.8490196994501,55.324588775634766,7864800
2023-09-15,55.00755635418337,55.19580131239195,53.660108414723275,53.987064361572266,14009900
2023-09-18,53.3727829270896,54.56170777399174,53.23407572119047,54.274383544921875,7076900
2023-09-19,54.06631696535581,54.08613281829607,52.87739224535243,53.59074783325195,6518400
2023-09-20,53.76908852830024,54.23475163924979,52.43154675626036,52.45136260986328,5934600
2023-09-21,53.808714067332204,54.94809717273369,51.31197349188385,51.36151123046875,18074600
2023-09-22,51.817264556884766,52.887297853597026,51.55966604813211,51.817264556884766,8548500
2023-09-25,51.53985199999121,52.32256114854639,51.193080258226175,52.144222259521484,6441700
2023-09-26,51.46059608398715,51.975796974013825,50.96521104890241,51.23271942138672,7038300
2023-09-27,51.629023059311294,52.59007112695022,51.084100338908144,52.06496047973633,7647900
2023-09-28,51.777645228301274,54.224848653991806,51.708291621697654,53.5015869140625,10187800
2023-09-29,54.49234752574991,54.918378908764765,53.51148360731194,53.63037872314453,7998800
2023-10-02,53.432220261198815,54.73013017264083,53.33314478438096,54.08612823486328,7042600
2023-10-03,53.22416018011798,54.01677534336695,51.579482299068644,52.074867248535156,7325800
2023-10-04,52.4414575359973,52.92693272997886,51.86680910942095,52.81795120239258,6516800
2023-10-05,52.59973862899528,53.10560285082183,51.87566195532378,52.66917037963867,6948400
2023-10-06,51.855821885182344,54.50416064818327,51.82606650277389,54.08756637573242,7855600
2023-10-09,53.413079524040114,54.19667066463049,52.88738095861058,53.829673767089844,5252700
2023-10-10,54.13715616009888,55.42660759549097,53.809831864357264,54.60334014892578,6941200
2023-10-11,54.841396157507205,55.5059581831811,53.77015710366466,54.69261169433594,6620600
2023-10-12,54.76205108967569,55.25799432457675,53.65113930294637,54.17683792114258,9195100
2023-10-13,54.147079266882336,54.27602555961616,51.92525204389521,52.19306182861328,9176000
2023-10-16,52.21289629888776,53.34364612036695,51.88557577444458,53.2246208190918,9492400
2023-10-17,52.00460405558135,53.442840086823814,51.4392291124458,52.73859786987305,8427000
2023-10-18,51.74671232876112,52.04428127953603,50.78458508149377,51.05239486694336,8792900
2023-10-19,51.64752516354714,52.04428124179505,50.060508418048286,50.27872085571289,10031500
2023-10-20,50.27871754425243,50.516771932271695,48.9396724899142,49.06861877441406,9822400
2023-10-23,48.721451974445564,49.49512582928272,47.769242074064536,48.62226486206055,8743500
2023-10-24,49.25707788468158,49.44553493628334,48.53300127537425,49.08845901489258,8380300
2023-10-25,48.44372641829666,48.80080608708874,46.747601775280216,47.16419219970703,9165800
2023-10-26,47.16420075628573,47.779169306470365,46.053288972525536,46.25166702270508,7733800
2023-10-27,46.8269552047194,47.441927486100965,46.380605575892865,46.876548767089844,8914300
2023-10-30,46.747604053827295,47.38241070317866,45.83506665757515,46.45003890991211,8004700
2023-10-31,46.499638183351564,46.91622867927009,45.69620879069169,46.83687973022461,6668500
2023-11-01,46.66825675994359,47.392333415079676,45.954101088214955,47.312984466552734,8445700
2023-11-02,48.701612899098414,48.999181798269724,48.04696813166385,48.503238677978516,9121500
2023-11-03,49.13805024306721,51.419388070702865,48.99918676072142,50.94328308105469,9774500
2023-11-06,51.22100531177366,51.60784034362642,50.39774169234908,50.82425308227539,6334500
2023-11-07,50.734992237627694,51.280529015546456,50.4770996477957,50.764747619628906,5323700
2023-11-08,50.93336183647717,51.35987326362651,50.6754730539838,51.1614990234375,8417900
2023-11-09,51.46899087922846,54.05781529990794,51.449152694793554,52.064125061035156,14767200
2023-11-10,52.88738626714915,54.49424128877953,52.10379504790629,54.17683792114258,11251900
2023-11-13,53.56187135556354,53.69081766086861,52.02444802710689,53.016334533691406,6348900
2023-11-14,55.039777645191485,56.9640358866086,54.88107597356684,56.56727981567383,12492700
2023-11-15,56.92436629829398,57.648442997750145,56.27964233596841,56.70615005493164,8896000
2023-11-16,54.76204368589355,54.771964668148364,53.0361635806735,54.21650695800781,17783800
2023-11-17,54.25618255651206,55.33733879857016,54.246261574396776,55.12904357910156,6730500
2023-11-20,55.04969296017864,56.14076644228731,54.99017841645144,55.92255401611328,7259800
2023-11-21,55.21832035675021,55.32742847856831,53.809843324635615,54.23635482788086,8927800
2023-11-22,54.633099812265435,55.88287489896123,54.633099812265435,55.04969024658203,7266900
2023-11-24,55.04969509654459,55.773771713134266,54.92074880533795,55.57539367675781,3121700
2023-11-27,55.15879753112194,55.95230581124702,54.900904975240074,55.44644546508789,5724400
2023-11-28,55.31750061808562,55.31750061808562,54.21650619554298,55.12904357910156,7650000
2023-11-29,56.03166385224888,56.7755786449653,55.44645073062878,55.64482498168945,7682500
2023-11-30,56.24986866388896,56.48792303015268,54.82155381754401,55.2778205871582,17162500
2023-12-01,51.79631273372073,53.403167757518204,50.1101049760337,52.371604919433594,25375900
2023-12-04,51.59793367872896,51.65744822798806,50.2192121160718,51.5880126953125,13407500
2023-12-05,50.80442042841567,51.052392017724614,50.08034384168308,50.288639068603516,9851100
2023-12-06,51.14166476681932,51.43922993368139,49.941479332606285,50.02083206176758,8285800
2023-12-07,50.358075042018044,52.0641209306051,50.14977979759655,51.76655197143555,9685800
2023-12-08,51.30036635263264,52.68900505683508,51.24085180586465,52.45095443725586,7086100
2023-12-11,53.30397390466308,54.166913966327655,52.460868240224066,54.037967681884766,13871200
2023-12-12,53.37340969161708,53.87927010162517,53.06592353886931,53.81975555419922,7184300
2023-12-13,53.89910985393683,56.874769204466105,53.760246356311576,56.74582290649414,12116200
2023-12-14,57.59883836488301,59.453664725933166,57.37070496507436,58.80894088745117,16705500
2023-12-15,59.166024707933296,59.790910409662686,58.62048416615102,59.106510162353516,15502700
2023-12-18,59.02715174704455,59.44374595846733,57.89640197621204,59.235450744628906,8117300
2023-12-19,59.13626129172053,59.43382643073367,58.590724572905444,59.17593765258789,5956600
2023-12-20,58.828782345624525,60.1083128955158,57.03346664221654,57.073143005371094,11758100
2023-12-21,58.76926779845938,59.88017948051717,58.531213403288156,59.76115417480469,8210500
2023-12-22,60.00912576889101,60.17774463667151,59.22553462347912,59.76115417480469,3677700
2023-12-26,60.16782837330245,60.99109589466819,60.07855844669347,60.65385437011719,4670300
2023-12-27,61.00100909518255,61.19938711728195,60.395957830465115,60.76295471191406,4737100
2023-12-28,60.89190893997513,61.28866503594891,60.39596571188118,60.80263900756836,4109200
2023-12-29,60.89191032575414,61.09028837825572,59.58262047648901,59.820674896240234,4778600
2024-01-02,58.97756679441819,59.27513196956858,57.08306384600673,57.69803237915039,8894100
2024-01-03,56.54744058795224,56.964034833103796,55.88287853273531,56.299468994140625,6446200
2024-01-04,55.63420716301645,58.64280605095779,55.23703500500393,57.65979766845703,17872600
2024-01-05,58.136401918518736,60.71803778566552,58.10661505066231,59.49672317504883,17199800
2024-01-08,59.57616696651896,64.00466113530338,59.52652091826367,63.657135009765625,18835100
2024-01-09,62.664194638115504,63.52804793989534,62.61454859323168,63.02165222167969,10379500
2024-01-10,63.55783446799261,63.84578681246255,61.80033732147807,62.981929779052734,9645300
2024-01-11,63.04150498737132,65.58342237712527,62.465600319573525,65.40469360351562,17050700
2024-01-12,65.40470949440018,66.67566660419692,64.97774663012453,65.21604919433594,13828900
2024-01-16,65.10680925100391,66.51677646699575,64.20324148530491,65.05715942382812,10386300
2024-01-17,64.23304994468934,64.97775214967305,62.83300616307872,64.8983154296875,10483700
2024-01-18,66.85437617588228,69.38635818356467,66.85437617588228,67.72815704345703,22439700
2024-01-19,68.51257991382691,70.70696743389092,68.13526698351049,70.57788848876953,18636700
2024-01-22,71.63039718455876,72.03750455096431,68.44307376720036,69.61473846435547,14311500
2024-01-23,69.55516238675013,70.23035909751393,68.37356624903855,70.10127258300781,10142400
2024-01-24,71.24314676536044,72.72261905091592,70.5878054724638,71.76940155029297,13684800
2024-01-25,72.94106550154974,73.01057070695263,69.4161478339761,69.50550842285156,15890500
2024-01-26,68.2146981198941,69.07855514111469,67.30119884546559,67.55936431884766,14228700
2024-01-29,67.96645952061107,69.70409735061719,67.70830164022712,69.64452362060547,8733600
2024-01-30,69.50552147348068,70.26015497061866,67.85724404229782,68.34378814697266,9223600
2024-01-31,66.93383403310254,68.95941724960973,66.21891874468723,67.2217788696289,10017700
2024-02-01,67.7182356031489,67.76788543586636,65.04724277906853,66.39763641357422,11575400
2024-02-02,66.62600807762368,68.18491738802506,66.22883213872186,67.05297088623047,11434100
2024-02-05,67.2019189489903,67.56930805174726,65.30540726585527,66.54657745361328,8514300
2024-02-06,66.74515055281063,67.01323990513082,65.38482568048352,66.60614013671875,8569000
2024-02-07,67.19198603005943,69.24736351403114,65.54371599521086,68.8799819946289,15516000
2024-02-08,69.70410333959259,72.34531670437478,69.46580082357102,70.518310546875,17086400
2024-02-09,67.74802804944295,68.96933511305375,66.45720819187805,68.34378814697266,21879400
2024-02-12,68.57216787970434,72.2063178135435,68.36365219791873,69.92256164550781,14266600
2024-02-13,67.27141446158343,69.17784977654433,66.58628619272226,67.64872741699219,12862600
2024-02-14,68.91968796671809,69.04876691311479,67.57921837302098,68.47286224365234,10569200
2024-02-15,68.0161020492571,68.19483079561817,66.08980418019878,66.96359252929688,12986600
2024-02-16,66.83452300368256,67.6884486114749,65.4940608532414,65.82173156738281,11088200
2024-02-20,65.34511616869985,65.61321313275604,63.08122328578341,64.58055877685547,12304900
2024-02-21,64.04436809874244,65.08695386543361,63.4088897034926,65.05715942382812,8797500
2024-02-22,68.3735594230787,69.90268145584231,67.74801259965223,69.37642669677734,16683200
2024-02-23,69.35658458382268,69.88283950105429,67.05297315098731,67.10262298583984,8541900
2024-02-26,67.84733201823586,68.44309222009828,67.47001141583814,68.13528442382812,6307000
2024-02-27,69.0388385107013,70.65732903064726,68.6218072109792,68.64166259765625,10797500
2024-02-28,67.73809349521983,67.89695931212064,66.75508900011381,67.06289672851562,7690300
2024-02-29,68.29414029263314,71.28287992364815,68.19484820275409,71.15380096435547,14234400
2024-03-01,73.4673363438071,77.53837264065832,72.94108144848865,77.061767578125,20462800
2024-03-04,78.1837753166775,79.52423734667595,76.60501077757938,78.78946685791016,17817800
2024-03-05,77.74690342527593,79.02778438986448,76.99226983159069,78.17386627197266,11051900
2024-03-06,81.06329354644228,81.92715058416455,79.21643200062252,80.79520416259766,16829500
2024-03-07,80.60654622876716,85.15419500845323,80.40796205540558,84.48892211914062,30723300
2024-03-08,80.3781646859888,80.82499042304053,74.84751157110675,74.8872299194336,40992400
2024-03-11,73.52691062659287,73.52691062659287,70.40909232847794,71.84884643554688,20587300
2024-03-12,72.56377487014515,72.74250367821946,70.7665553068697,71.26302337646484,16875600
2024-03-13,70.16085433801896,70.21049658772463,66.83451301225038,67.15225219726562,27385900
2024-03-14,66.8245957154491,66.99339301703914,64.75928702087553,65.61321258544922,21934700
2024-03-15,65.25575844058032,67.7480300480799,64.68978519490521,66.39763641357422,18474800
2024-03-18,67.35085054742851,67.73809498052204,65.99052550329193,66.72529602050781,11330500
2024-03-19,64.54083672860557,65.58342250596,63.011714457052435,64.60041046142578,19428300
2024-03-20,64.58056593823963,65.58343353723167,64.09402936220447,65.07703399658203,14717300
2024-03-21,67.51964165331131,68.07568333688454,65.98058796777856,66.11959838867188,17415900
2024-03-22,65.83165903188151,66.78487667126211,65.29547268932362,66.06996154785156,10233800
2024-03-25,65.09688190063095,66.59621738556662,63.984798426136045,65.6529312133789,9915500
2024-03-26,66.46714149183398,68.4530135882688,66.36784182661155,67.77781677246094,13401300
2024-03-27,71.04456848705206,72.25594395252604,69.85304083136465,71.7991943359375,22855100
2024-03-28,71.49140955760382,72.06731439716063,70.03179206705569,70.37931823730469,12474000
2024-04-01,70.98498757188109,73.37796680135342,70.94526922558903,72.68290710449219,10137800
2024-04-02,71.49139523686893,73.18931496468446,71.00485869598046,73.07015991210938,12361400
2024-04-03,72.64317797840617,74.99643069147255,71.94811845717082,72.51409149169922,11338900
2024-04-04,74.49007368082671,75.75110695280466,69.9225684741914,70.37931823730469,13364200
2024-04-05,70.91548804728222,72.2063078910504,70.54810657174095,72.13680267333984,9567200
2024-04-08,72.62333994438386,73.09002108617,70.85591503970495,71.41195678710938,8656700
2024-04-09,72.75240184132865,73.55668498081289,71.29279259663271,72.82190704345703,9753800
2024-04-10,71.68998009712081,73.53684176433563,69.84311842990599,70.92542266845703,13930500
2024-04-11,71.78006331204517,73.57878591085888,68.13291896319863,71.08441925048828,24859600
2024-04-12,69.54407477264054,71.86949449947235,69.46457129944923,69.72295379638672,14256700
2024-04-15,70.71672763020337,71.33286062033628,67.27827428856159,67.4571533203125,12431800
2024-04-16,66.91058845506771,68.56024400773991,66.72176958061867,67.85466766357422,8642600
2024-04-17,68.02360174237185,68.95774863151526,65.93668477769738,66.06587982177734,9761000
2024-04-18,65.09199308817061,65.96650873911858,63.96903471551207,64.83361053466797,11870200
2024-04-19,64.34665939543098,65.31061828595972,61.55416207855298,61.74298095703125,14886800
2024-04-22,62.38892859993038,62.96531747423907,61.33553399519817,62.48830795288086,9851200
2024-04-23,63.20382144822288,64.26715590237136,62.55787270191915,63.46220397949219,9155100
2024-04-24,64.36654142581801,65.25100455117824,63.18395914492082,64.446044921875,9111600
2024-04-25,65.13172912475514,67.60621591326284,65.07210531212334,67.05964660644531,12342200
2024-04-26,68.10310346050224,69.30556507300483,67.37765511023412,69.18631744384766,11543800
2024-04-29,69.12669107966126,69.65338836509734,67.75529017143883,68.32173919677734,9051800
2024-04-30,67.1491066119589,68.09318603547023,65.35038351623115,65.49945068359375,12782900
2024-05-01,64.0882756237393,66.42363544562963,62.94544149872403,63.42245101928711,11171200
2024-05-02,64.71434455885647,66.67206628289885,64.4460222495286,66.25468444824219,12956900
2024-05-03,68.59005432152968,68.9478124006483,67.15902958692435,68.08323669433594,9011500
2024-05-06,68.89813285073046,69.53414556972383,68.06336141838312,69.38507843017578,7018800
2024-05-07,69.24595285284003,69.5341473080056,68.21243026317138,68.25218200683594,6454800
2024-05-08,67.43728727978632,68.29193077668342,67.1192809261876,67.68572998046875,6611000
2024-05-09,67.43727898915392,68.4906734843465,67.09939301519285,67.2583999633789,13647800
2024-05-10,67.74535327757123,68.96769469148114,67.43728675731005,68.04348754882812,8484100
2024-05-13,68.57017766585837,70.09064560969799,68.4211105458632,68.59004974365234,5261400
2024-05-14,68.02362003925074,68.57019710690922,66.55284324570384,67.59629821777344,9267400
2024-05-15,68.52049086368245,69.74283223440554,67.7552907145671,69.71302032470703,10009000
2024-05-16,70.34903510032659,74.0856153918655,70.32915543868921,72.62477111816406,18116300
2024-05-17,73.21109135316755,73.55890960889202,71.44218058245215,71.47199249267578,7874800
2024-05-20,71.8993069513013,74.31416999924018,71.23348241748269,74.006103515625,10466000
2024-05-21,72.46576890008933,73.47941941766074,71.96888347277351,72.8434066772461,7617000
2024-05-22,73.40985006288672,73.69804449818403,72.30676389331985,73.22103118896484,7692700
2024-05-23,75.3874523713734,75.77502237104954,72.72414636377846,74.55268096923828,15618300
2024-05-24,75.42720677504454,77.48431206973349,74.79119405661982,76.20234680175781,9353700
2024-05-28,76.52035449947257,77.95138693189482,75.61601939790859,77.84207153320312,12410800
2024-05-29,76.43091878005168,76.90792453638328,75.22844939418084,75.30795288085938,9204400
2024-05-30,74.92038002628415,76.95761319959847,74.61231350439674,76.37128448486328,14314200
2024-05-31,75.81475454723036,75.99363354567787,66.64224923095885,68.38134765625,37095900
2024-06-03,69.76269668799287,70.71672318527793,66.68200918535949,67.78509521484375,12623300
2024-06-04,67.2683363803725,67.34783226856385,65.68823713587847,65.96649169921875,14604900
2024-06-05,67.02983644610997,69.46457941959338,66.60251470509007,69.36520385742188,12610900
2024-06-06,69.04719741381972,69.46457932348419,67.43728601413903,67.67578887939453,8626300
2024-06-07,67.58635457649935,68.53043380857872,67.09940142306347,67.56647491455078,8800000
2024-06-10,66.65221041341604,69.42483198671988,66.61245866970665,69.03726196289062,9190100
2024-06-11,68.5900554092304,70.32915426179767,68.18261333491525,69.96146392822266,6407400
2024-06-12,71.25335968318366,72.94277450590462,70.9651728379674,72.90302276611328,10296500
2024-06-13,74.12535596670908,75.22844209628671,71.20367514246774,72.41607666015625,17515600
2024-06-14,71.74032418632187,73.02228956588671,71.20368698683866,72.81359100341797,6029800
2024-06-17,72.96263581778463,72.98251547568121,70.32914220471807,71.37260437011719,9859200
2024-06-18,72.09806614288256,73.6682180610761,71.56142906380302,72.68438720703125,8747400
2024-06-20,72.67446754687751,74.83095629145508,72.43596463949469,72.78378295898438,14490000
2024-06-21,72.49557910311327,72.55521050865656,70.48816536011691,71.44218444824219,14397100
2024-06-24,70.8260369269638,71.1142313498548,67.10933650206098,67.34783935546875,13810100
2024-06-25,67.70560565660145,68.21243091583646,66.38389618099082,67.83480072021484,13940100
2024-06-26,67.65592288161767,68.0434929156992,66.86090315013911,67.84473419189453,6637300
2024-06-27,67.27828193317183,68.7093143497826,67.22859794095989,68.30187225341797,6039000
2024-06-28,68.87824803797795,71.84962803000532,68.81862421936506,69.4645767211914,22414300
2024-07-01,69.61363728193757,70.60740793503093,68.40123587206472,70.5577163696289,7210400
2024-07-02,70.34902464672516,71.28317147626652,69.42481764652547,71.15397644042969,8308600
2024-07-03,70.53785021089755,72.684391059108,70.53785021089755,71.750244140625,6101800
2024-07-05,72.05832610015815,72.49558011632479,71.12417907957833,71.6310043334961,5403200
2024-07-08,71.60118952524715,75.07938734237065,71.54155812128232,74.44337463378906,12762300
2024-07-09,74.74148864274032,75.95389003206752,72.81357118221226,73.38002014160156,9080200
2024-07-10,73.6980427564515,75.36757034458877,72.74401616056,74.4135513305664,8445200
2024-07-11,74.7812453194912,74.84086913540841,71.15398074110891,71.7303695678711,11489800
2024-07-12,72.516109553131,74.38595017774877,71.1634563053047,73.19242858886719,10190800
2024-07-15,73.48086341602044,73.85881533710113,72.53599878967273,73.20237731933594,7870800
2024-07-16,73.60021204873165,75.28108418454751,72.01880572946871,75.19156646728516,6787300
2024-07-17,72.10832162193762,72.32713429476078,67.54312255743923,67.5630111694336,18019200
2024-07-18,69.363224595842,69.5522005410774,65.64343222763223,67.84149169921875,12542600
2024-07-19,67.72214660454898,68.14982387394708,65.6732779869652,66.15068817138672,9367800
2024-07-22,67.76191831347813,68.78636001231594,65.98158805208318,68.63716888427734,10653300
2024-07-23,67.66245977156188,69.53230773622703,67.66245977156188,68.02051544189453,5956600
2024-07-24,66.68775980115639,67.48343318132618,63.90288400012188,64.0023422241211,10741400
2024-07-25,63.50505171017724,66.25014305818338,61.78439841317161,63.6442985534668,13634700
2024-07-26,65.55392804979317,65.94182048657018,64.3206216264322,65.36495208740234,8626600
2024-07-29,65.54397952018003,66.38938591304786,63.74375280961865,64.13165283203125,8623400
2024-07-30,64.52948869924933,65.1163052213082,61.953484591786065,62.46072769165039,10623700
2024-07-31,66.16061966536346,67.0259221868487,64.56926524784153,66.6181411743164,14508100
2024-08-01,65.19587967790937,66.53858500188417,61.804298013442136,62.719329833984375,14189300
2024-08-02,60.23282519729321,60.491418874594636,57.66676185887409,58.929901123046875,20178800
2024-08-05,53.14134526647285,58.502225238686485,52.90264019465757,57.358436584472656,14025800
2024-08-06,58.64147574284288,59.6062366644449,56.57271463165915,57.90547561645508,11107100
2024-08-07,60.02395548709303,61.187636493913395,55.7272947423943,55.846649169921875,11349500
2024-08-08,57.98503642793162,60.89920755405177,56.99043887755856,60.829586029052734,13045500
2024-08-09,60.312395880073325,61.02850734270959,59.407312245503,60.23283004760742,7720100
2024-08-12,60.61077126007165,61.28709787448881,59.636066149667734,60.1830940246582,8332500
2024-08-13,61.66504398604816,64.23110731501706,60.41185282605313,63.70397186279297,11852500
2024-08-14,64.00234953844192,64.69857236235437,62.55023805521005,63.445377349853516,7701300
2024-08-15,66.40927700342317,69.42291404151685,65.59370729226372,68.95545196533203,17091400
2024-08-16,67.7519891863767,69.96993751764676,67.6525233588551,68.94550323486328,11575800
2024-08-19,68.54766228572632,70.7755662924442,67.20495709203993,70.65621185302734,9607200
2024-08-20,69.6218201331588,70.62636566262658,68.48797966947289,69.0350112915039,10304300
2024-08-21,69.92021500711135,71.11372910364983,69.1145857831792,70.95458984375,9332700
2024-08-22,71.11371553049513,71.39220159398889,68.0205169472195,68.2890625,9705600
2024-08-23,70.07935454360761,72.18790444485056,69.63178860422121,71.45189666748047,12982800
2024-08-26,70.5865824526931,71.46182547957936,68.20949514710499,68.44819641113281,10382000
2024-08-27,67.96084749430186,69.81079941047408,66.67781583707425,69.33338928222656,6699300
2024-08-28,68.72668953470374,69.59199213932067,67.26462991470626,68.07025909423828,8661000
2024-08-29,68.76646187498125,71.37230972825957,68.45813911706168,69.46267700195312,16527000
2024-08-30,77.87699354526055,78.57320881595376,72.31718912749464,75.82811737060547,32029800
2024-09-03,74.17708591916958,74.5948150623563,69.164313436398,69.64171600341797,22273200
2024-09-04,68.7068061707463,71.77016869539358,68.18961115324599,70.48713684082031,11815400
2024-09-05,69.34334850646479,71.60108180498224,68.98529274988033,69.5124282836914,8823800
2024-09-06,69.12453673323141,69.21404687948143,65.17598284529663,65.84236145019531,17130900
2024-09-09,67.47350178939836,68.6570754361258,67.14529032775104,68.5576171875,11622600
2024-09-10,68.1896031864212,71.48172612036701,68.11004115225165,71.21318054199219,12203700
2024-09-11,72.47632138941837,74.74400243878615,70.56668845316118,74.48540496826172,14571600
2024-09-12,73.6698293463731,75.21145835649628,72.9139331953044,73.89859008789062,10595400
2024-09-13,74.60477226204452,75.4999116696097,72.88411497927045,74.07763671875,8863600
2024-09-16,73.47091814265244,74.01794220049513,72.04864345117899,73.00345611572266,7666700
2024-09-17,73.6002199178055,73.82898069688856,71.5811880720065,72.37686157226562,6346700
2024-09-18,72.60562323140407,73.65989423641044,71.02421672389448,71.16345977783203,8449200
2024-09-19,74.42573091692117,75.60929675287122,73.11286255271601,74.47545623779297,12149600
2024-09-20,74.07762949517482,74.34616749716932,72.04864956527283,73.4709243774414,14307500
2024-09-23,73.47092667047072,73.70962796726872,69.69145279497826,71.42205047607422,14430600
2024-09-24,72.01880777325634,72.26745714534215,70.46723053148082,70.81533813476562,7702100
2024-09-25,70.31803817825116,71.60106982667453,69.93014577153903,70.79544830322266,9341100
2024-09-26,73.39135161054314,74.42573393768433,71.08388567712873,73.05318450927734,11715300
2024-09-27,72.80454330591343,72.95373446769074,69.68150736226656,70.60648345947266,12366900
2024-09-30,70.14895570425126,71.79999108462314,69.86052153822811,71.7303695678711,9082900
2024-10-01,71.64085411581236,72.38680221379154,69.61187437872782,69.93014526367188,12896400
2024-10-02,70.11912159871609,72.58572666183738,69.64171147456548,71.65080261230469,10872900
2024-10-03,70.64625420734036,73.44107055617974,70.47717446547792,71.84971618652344,8344400
2024-10-04,73.32172763760708,73.8488630893216,72.2177238247732,73.0134048461914,10249200
2024-10-07,71.77016183945311,74.05773161932677,71.51156435540582,73.32173156738281,8227200
2024-10-08,72.25749773424437,73.38138998838927,71.4220320289719,72.71501159667969,9750100
2024-10-09,72.43654691398694,73.30184199206863,71.17340367974012,72.44648742675781,8105200
2024-10-10,71.6209663585637,72.48626130609505,71.0938309104868,72.14810180664062,7658400
2024-10-11,71.62053217128874,74.16881489125709,71.44135610187267,73.67110443115234,7650700
2024-10-14,74.6565667547956,77.56319393111222,74.20863039205031,77.32429504394531,12347900
2024-10-15,80.07166142426514,82.27154075132918,77.61297053094094,79.04637908935547,25056300
2024-10-16,79.04637483705282,82.03263744346434,77.89168298390028,81.30597686767578,16355600
2024-10-17,83.74476825432326,83.80449868016649,79.5241852269563,79.54409790039062,12989700
2024-10-18,80.1015234518131,80.69877449091831,79.15586901164242,79.48435974121094,5996000
2024-10-21,80.40014799045392,82.5602172559965,80.21102317136217,81.4552993774414,8408700
2024-10-22,80.82817393231888,83.26695969067826,80.82817393231888,82.96833038330078,8795100
2024-10-23,82.52039950606687,82.94843082473649,79.41468336168775,81.4552993774414,8366400
2024-10-24,82.49053050968506,82.50047925040853,80.84808454974264,81.5548324584961,6226300
2024-10-25,81.92314043625058,83.0380069474409,81.21638493717433,81.23629760742188,6970400
2024-10-28,82.22177996296602,83.53573548916404,81.50507556786526,83.05793762207031,6652500
2024-10-29,83.05792442126594,84.989035851744,82.68961594497064,84.48137664794922,9883700
2024-10-30,83.04796508730534,83.86420991264711,82.11226702125792,82.42085266113281,8417700
2024-10-31,81.9231381313027,82.0724451816659,78.68802040282227,79.7431640625,11273000
2024-11-01,83.81443868572704,86.88033695148998,83.05792425219511,84.38182830810547,20330500
2024-11-04,83.48594741411152,85.51660681057132,82.72942545987163,83.99360656738281,7935900
2024-11-05,85.88491195382149,87.58708074020178,84.68045360536965,86.7907485961914,10233700
2024-11-06,89.01053792144248,91.29005276717723,88.07484740954548,90.21499633789062,14695200
2024-11-07,91.30000630245917,93.63924390213765,91.28009363153187,93.50984191894531,11491100
2024-11-08,93.15148197396296,94.65456194117913,92.5144132579801,93.37047576904297,8340000
2024-11-11,93.07185177686738,93.79851235690094,89.93627450292611,91.82757568359375,10626600
2024-11-12,91.82757646251993,93.38043060987073,91.14073362298001,92.35514831542969,8482400
2024-11-13,91.03124814226504,92.42483907233323,89.33903546647772,89.6575698852539,9163000
2024-11-14,91.44931613389717,92.01670571406288,89.75709613388028,90.28466796875,7631900
2024-11-15,88.73181722964247,89.37884232486559,87.07942250689929,87.42781829833984,10001300
2024-11-18,87.59703930294974,89.36888729191874,86.95997053375773,88.30378723144531,7073200
2024-11-19,87.30836722225227,89.25939129714263,87.17896523778333,88.93090057373047,6784700
2024-11-20,88.80149935823235,89.5480650482018,87.30836797829342,89.44852447509766,6532100
2024-11-21,91.34977888084912,93.0619041607174,89.65756627323566,92.5144271850586,9535100
2024-11-22,93.62928543991042,94.34598968783794,91.58867719482308,92.08638763427734,7455200
2024-11-25,93.42024753899301,93.92791431136067,91.40950071436484,91.81761932373047,9986300
2024-11-26,93.56956354849908,95.11246896394397,91.60858318242246,92.7135009765625,9016200
2024-11-27,92.28547292445614,92.28547292445614,87.60699762087181,89.68742370605469,8787900
2024-11-29,90.76247630686797,93.35056908067237,90.00595431024684,92.26556396484375,7131600
2024-12-02,96.92414019732534,97.18294417514474,94.51521573742679,96.41647338867188,17482000
2024-12-03,97.34220603377601,98.26794772996533,94.16681108549444,95.47081756591797,25015400
2024-12-04,111.81563631804563,119.33105987888185,109.06827238969879,117.6089859008789,59995900
2024-12-05,116.06608127063602,116.06608127063602,111.58668699488237,112.85087585449219,23963500
2024-12-06,112.96037296155689,114.22455422888976,111.11883812500092,112.990234375,13782500
2024-12-09,111.20842039713506,112.36310465291409,105.84310253538366,106.5398941040039,17640800
2024-12-10,107.36610243680202,108.21220871092764,104.51919796097494,106.1915054321289,13901600
2024-12-11,109.38680479382987,111.46723847530723,107.98326523929983,110.8500747680664,14798800
2024-12-12,110.0238701569787,110.4319963687041,107.42582101706735,108.51083374023438,10190400
2024-12-13,117.44971106529115,121.30199272167987,114.57294524243743,120.21697998046875,36722500
2024-12-16,121.93905973672902,125.57234752532739,118.58448858384406,124.2086181640625,23750700
2024-12-17,121.80965434968314,122.36708760552963,111.38759664673657,111.73599243164062,32166200
2024-12-18,111.98484465833675,112.9902218346066,103.90202469210337,104.79790496826172,24146000
2024-12-19,107.2267400143218,109.8745556456516,106.18154503688766,108.6103744506836,21497800
2024-12-20,107.48554816861754,113.84628687801666,106.87834083440312,111.3875961303711,28801600
2024-12-23,112.13415698832439,113.89604849967799,110.8102454739159,113.23907470703125,8629800
2024-12-24,114.91140052092409,115.4688338402708,112.88074080757042,115.41905975341797,5660900
2024-12-26,114.63266076151565,115.97647729669525,113.58746590389936,115.18013763427734,6480200
2024-12-27,114.10509344289746,114.46344556946039,110.87993189828975,113.09972381591797,6199900
2024-12-30,110.21300642573145,112.59206183744296,109.27730832265432,111.1487045288086,6271800
2024-12-31,111.00933682804069,111.73599743577736,109.29721923776889,109.9442367553711,4659600
2025-01-02,110.14332245949747,114.46344545565961,109.74515258655023,113.03999328613281,9071500
2025-01-03,114.58290535975021,117.78816201142055,114.2145968768238,117.63884735107422,11781200
2025-01-06,121.73002925439744,122.84490345576909,117.28049637934866,118.46504974365234,15261600
2025-01-07,119.83871596723847,119.89843878823271,114.4733981734483,115.69776916503906,10686900
2025-01-08,114.97111154977242,117.86778995363929,114.29422504812528,117.68861389160156,8372800
2025-01-10,115.68678665411565,116.07519724952795,113.17704847019078,113.85427856445312,10782000
2025-01-13,111.54373902342823,114.86017523048808,111.09557525417765,114.680908203125,9615400
2025-01-14,116.26442492413352,117.22051318459552,113.41607532391144,114.73069763183594,6889700
2025-01-15,117.84796065932886,118.60485917497988,115.2784689870374,115.52745056152344,10579600
2025-01-16,117.94754899728684,120.37761153861648,115.8660591323821,117.10101318359375,12181900
2025-01-17,119.43147533809127,124.85927801691972,118.91359702587863,124.25176239013672,14869600
2025-01-21,125.33732398366877,125.5962669505363,121.60260033935018,123.2757568359375,12770700
2025-01-22,124.29161006548595,125.93488244511255,123.73388614915542,124.69993591308594,10126700
2025-01-23,122.85746512627762,126.96068408910158,121.23410804353679,125.54646301269531,9530800
2025-01-24,126.16393798699698,126.68181629510586,123.16619783905514,123.5147705078125,9605600
2025-01-27,107.58992522483199,107.70943912539133,99.11458963429172,99.92129516601562,38462500
2025-01-28,102.87919375502534,104.62206484653042,99.64243315651592,103.45682525634766,20322300
2025-01-29,104.18385315343883,106.82305942643102,102.68996367042229,106.35497283935547,16052900
2025-01-30,110.9163107965506,111.54374160770074,108.59580077700923,109.88054656982422,14568200
2025-01-31,111.99190462431518,115.3183022757193,110.74699680235385,112.40023803710938,15197400
2025-02-03,108.29702471563313,114.88009822614035,107.95841341775638,113.0973892211914,11389500
2025-02-04,107.44052469370187,111.12545650044414,105.25945130039894,109.24315643310547,14220100
2025-02-05,111.54374255018706,116.37398345345638,110.30879609948089,115.9855728149414,13532200
2025-02-06,115.98557568175174,118.99327735491305,115.02948734805913,118.7542495727539,10687300
2025-02-07,120.91541849292211,121.31378294337239,109.98014412580949,110.16937255859375,20991700
2025-02-10,111.33460453500255,113.07747559986174,110.5478218282112,112.34049224853516,10214300
2025-02-11,110.16936546212416,112.0018661307639,108.37669515731193,108.67547607421875,9059600
2025-02-12,106.31512323766556,107.5799461849164,104.65192828555224,104.99053955078125,11998700
2025-02-13,104.92083122395879,106.33504470644726,102.7497116473058,103.078369140625,12686400
2025-02-14,102.55053087592323,106.58402777487157,99.81173358966964,106.07611083984375,13539800
2025-02-18,106.55415485567175,107.47041284484605,104.51251045853802,106.85293579101562,9737500
2025-02-19,109.70128033988257,112.04170555855393,108.69539267800663,110.58765411376953,13244200
2025-02-20,110.17932761697152,110.54782309601829,106.38485071513654,108.26715087890625,9391900
2025-02-21,108.66552033346272,109.30291256424096,101.94301773839551,103.3871078491211,11019000
2025-02-24,103.7954471149018,104.24361094042536,97.01319099163845,97.51115417480469,17235100
2025-02-25,96.60485240977297,96.64469037411085,91.35632408087164,92.62114715576172,24331400
2025-02-26,95.45953947217272,96.25628359437272,93.57723927174821,94.51341247558594,13955200
2025-02-27,97.60077350656455,97.66052665072021,86.92444278072841,87.29293823242188,22770300
2025-02-28,86.81489451360542,91.70489633695408,85.77913024066633,91.44595336914062,22345400
2025-03-03,91.61525623364994,92.50163001366877,84.52426599349928,85.48035430908203,20882200
2025-03-04,84.97242887346962,91.4459496148329,82.90090041263792,87.97016906738281,21475400
2025-03-05,88.39841355113708,90.37034321472413,84.83299585443986,89.77278900146484,33773800
2025-03-06,73.77822808011305,75.46133849605448,71.35812667192373,71.98555755615234,60967000
2025-03-07,71.66684691602185,72.03534233757786,67.00591209521612,70.55140686035156,38853100
2025-03-10,68.07155603980452,68.27074584402916,63.39070581607973,65.40247344970703,32136400
2025-03-11,66.15938403610132,68.71891430859013,65.07382042416086,66.88641357421875,23333000
2025-03-12,69.4359848882796,71.03942688617354,68.35042123831653,69.5654525756836,20642600
2025-03-13,69.44594630077616,71.28840849072752,67.37441771177636,68.47989654541016,14947800
2025-03-14,69.88414341393191,70.47174385486782,67.70307008470206,68.45996856689453,15613100
2025-03-17,68.46992523085149,70.2825105839393,68.23090507393711,70.11320495605469,13419400
2025-03-18,69.33639150199234,69.65508761295938,67.48396798252311,68.00184631347656,11613600
2025-03-19,68.25082744189837,71.07926205678476,67.71302633346966,69.5256118774414,12228800
2025-03-20,68.88822030121635,70.84023493610981,68.56952418936262,70.20284271240234,9083000
2025-03-21,68.32054712041011,70.50162829125523,68.1612028531315,70.10325622558594,11942300
2025-03-24,71.10913228775384,72.62293677037104,70.77051342821112,72.46359252929688,12185900
2025-03-25,72.20465715627006,72.93168670261925,70.80039741817775,71.37803649902344,9443100
2025-03-26,70.71077030254845,70.90995253168033,65.57178672914388,66.48804473876953,19777100
2025-03-27,65.79088015044152,66.35855776161168,63.65959876125439,64.59577178955078,14956100
2025-03-28,64.3667111310804,64.62565408493182,61.00048312426899,61.78726577758789,18790400
2025-03-31,60.13403239397138,61.408816870567364,58.99867699460841,61.319183349609375,16032400
2025-04-01,61.19967578924979,62.46450272663545,60.53240315022633,62.414703369140625,12613300
2025-04-02,61.249463978621286,64.46630908856162,61.20962601708138,62.972415924072266,13138200
2025-04-03,58.40111655270562,59.05842774668027,55.194232709808894,55.41333770751953,25213200
2025-04-04,52.47535172061844,52.644661155375665,47.117271335587645,49.228633880615234,37313400
2025-04-07,47.266663759258606,54.79586834889351,46.89817207274267,50.79224395751953,30875500
2025-04-08,54.01903937056825,56.02084938357906,48.34225920653417,49.82618713378906,32326200
2025-04-09,50.085134349860056,61.05028119986666,49.50749527444358,60.711666107177734,38033700
2025-04-10,57.96290999651462,58.18201119370746,50.105052290334584,52.65462112426758,34622100
2025-04-11,52.43526475452015,53.23291015625,51.2886468746456,53.23291015625,17726800
2025-04-14,55.68567292126956,55.86514361766343,51.18894421455808,52.10623550415039,19413000
2025-04-15,52.35550210260699,53.980707341167495,52.275739458396664,53.16312026977539,11297400
2025-04-16,50.33147941839231,52.285711876292076,49.55377551857939,51.77721405029297,19820200
2025-04-17,51.856979034949994,52.33557016781887,50.640570999040754,51.54789352416992,12283700
2025-04-21,50.152005844957905,50.560799384833224,47.94850905205614,49.23471450805664,14038000
2025-04-22,49.96256770921023,51.31856694592187,49.63353680465208,50.471065521240234,15732400
2025-04-23,54.68861775827626,55.785383599296274,53.20300379475379,53.61179733276367,18934600
2025-04-24,54.63876481315737,57.79943990901309,54.29976502059672,57.16132354736328,21404800
2025-04-25,56.81235601527034,59.0856467033087,56.593002070468785,58.746646881103516,11929600
2025-04-28,58.11850060931506,58.696792160826966,56.53317854059685,58.52729415893555,13840000
2025-04-29,58.03873254722286,59.57420244353851,57.83932023023177,58.50735092163086,14831900
2025-04-30,56.114414037233665,58.2680588202295,55.69565156995822,58.198265075683594,14316600
2025-05-01,59.97303015377456,61.598231682451946,59.095618196092026,60.77067565917969,17638200
2025-05-02,62.01699930336173,63.243380007836834,61.787676453270336,62.1466178894043,15638600
2025-05-05,61.50849028356042,62.76478515921053,60.900288260319314,61.797637939453125,9098900
2025-05-06,60.192381207191076,61.65805746058034,59.79356035015222,61.03988265991211,9818100
2025-05-07,54.99770728192746,56.2739400299284,53.62176647331794,56.144325256347656,40342900
2025-05-08,57.889180587140366,58.85632412274425,56.52320858359423,57.460445404052734,18868800
2025-05-09,59.673911091668415,60.690910560037146,58.966000927555264,59.47450256347656,14698300
2025-05-12,64.52958036788068,64.9184322912903,62.99411048267087,64.31022644042969,20383100
2025-05-13,64.85861074243144,66.84275356747948,64.21052167292866,65.28734588623047,19733700
2025-05-14,66.45390913162363,66.72311141179479,64.7589061737955,65.70611572265625,11472600
2025-05-15,64.90845157901195,65.76592176769584,63.75186485562914,65.0081558227539,9962500
2025-05-16,64.90846443838946,64.94834766517695,63.31317340162774,63.57240676879883,18712900
2025-05-19,60.92023111172292,62.784731968455105,60.46158542862811,62.375938415527344,20323500
2025-05-20,60.77067753533647,61.23929214477539,59.62405947102914,61.23929214477539,22326200
2025-05-21,60.77067616898985,62.26626293047373,59.50441225451664,59.93314743041992,14022800
2025-05-22,59.23520620664391,62.675056520238876,59.14547084877713,61.668025970458984,16653100
2025-05-23,59.97302436073479,61.119638475412955,59.82346417889818,60.51143264770508,17443200
2025-05-27,62.75481691738733,65.32722407811812,62.276229627099596,63.63222885131836,25511700
2025-05-28,64.60934456894122,65.70610656111326,64.3102242042821,64.39995574951172,23421200
2025-05-29,67.16181675403315,67.39113579748957,63.14367487336755,63.54249572753906,38742400
2025-05-30,60.621118668866295,60.800589392508044,58.437563269190306,60.01291275024414,48347500
2025-06-02,59.57420572754411,62.116702449782196,59.35485178641476,61.289146423339844,18270300
2025-06-03,61.84749421577337,63.32313930571586,60.97008608887156,62.1765251159668,19286600
2025-06-04,62.8545314128042,66.83279033449074,61.678002777467185,66.10494232177734,26990200
2025-06-05,67.072069395165,67.39112756089622,64.61930831980379,64.9682846069336,23426600
2025-06-06,66.77296579115868,69.57469593052167,66.11490395528037,68.1489028930664,22926300
2025-06-09,69.26560774846483,71.03039673709955,68.75710613196433,68.93657684326172,19351800
2025-06-10,69.7242635645077,70.37235276098892,67.85976243766602,68.63746643066406,14948700
2025-06-11,69.18584071836858,70.03333833414419,67.44098955361693,68.03922271728516,13885500
2025-06-12,67.74010171495195,69.85385914375591,67.57059612681769,69.43509674072266,11862600
2025-06-13,67.85975263258483,68.76707889794834,66.77296326272035,66.99231719970703,14159800
2025-06-16,68.3184028309975,71.0702847194285,67.83981930680392,70.21281433105469,19706100
2025-06-17,70.01340717013254,72.53596244776797,68.96649332913809,69.7840805053711,25313400
2025-06-18,74.3107220770035,77.42154538007792,73.51308034256373,74.72948455810547,55359800
2025-06-20,76.83327483328495,77.09251200202542,73.08434282617317,73.2937240600586,46009100
2025-06-23,72.77524355639639,72.96468696445702,68.97645593629746,70.57174682617188,26862100
2025-06-24,72.1770134375036,75.21804276624027,71.69842995403026,74.98871612548828,26999800
2025-06-25,76.14531189878853,76.26495397415802,74.38051521761048,75.70660400390625,19426700
2025-06-26,78.7974739599282,80.88132864463105,77.22212086537918,79.73471069335938,37440600
2025-06-27,78.61800590550342,78.76756609669674,76.18519004941822,76.9329833984375,27254000
2025-06-30,78.16932948312966,78.20921270614787,76.4842994436089,77.17227172851562,17072900
2025-07-01,76.5042498437547,77.55115599014965,74.81921969443417,76.01568603515625,16702100
2025-07-02,75.96584226667053,78.85730403140877,73.56292912595111,74.03154754638672,39388500
2025-07-03,74.60984776933736,75.11834184373463,73.91190264442304,74.95881652832031,10218000
2025-07-07,74.21100875451172,74.58988796161191,71.23977330774129,71.33948516845703,22050900
2025-07-08,72.11719096255425,73.2837467380228,71.58875155692903,71.7383041381836,16356800
2025-07-09,72.29666588746109,73.2737783077851,71.09022681758078,72.04740142822266,18453500
2025-07-10,72.18699040863987,73.34357356779513,71.17995984256021,73.1441650390625,11542400
2025-07-11,72.41571055180465,73.02441425610952,71.96667033008579,72.55541229248047,10136000
2025-07-14,71.95668389849179,72.79489427777182,70.33015226450412,72.3558349609375,12029400
2025-07-15,73.59320520320256,73.85265456679414,71.96667337470838,72.25605773925781,15683100
2025-07-16,69.98089328832178,70.86900044293347,67.85542463961744,70.6993637084961,26477200
2025-07-17,70.94883415508717,72.97451699360067,69.97092197733697,71.85690307617188,15030000
2025-07-18,72.1961742447122,75.09999091193087,70.99872862487014,74.49128723144531,16914800
2025-07-21,73.33375683227572,73.39363444817612,72.04649848144464,72.90467071533203,15595300
2025-07-22,72.8148721484395,72.99448978567118,70.15055020714892,71.83695220947266,12192300
2025-07-23,72.41571851473383,73.55329430713992,72.0864182555703,73.11422729492188,11239000
2025-07-24,73.51337512994424,73.96242299404403,72.23609763887478,73.8825912475586,10641400
2025-07-25,73.84267059448725,74.39150429958069,72.9445825375952,74.0522232055664,9830300
2025-07-28,74.99024026005725,76.41720052991379,74.50128408194809,75.74862670898438,13267400
2025-07-29,76.23757384398169,78.59255705353797,75.80848772665134,76.17769622802734,14717200
2025-07-30,82.93330558370117,85.0887093825842,80.39870480685948,81.56621551513672,45527600
2025-07-31,82.57408002291952,83.07301706233292,79.45073689693457,80.19914245605469,26433200
2025-08-01,76.90614229700958,76.99595490817782,73.26390098592785,74.29170989990234,28877000
2025-08-04,75.53905708269437,76.72652955262582,74.66093072287426,76.36729431152344,11882900
2025-08-05,76.7464902677375,77.83416923477161,74.8006314689637,76.46707916259766,11920800
2025-08-06,75.91825267399723,76.28746116662006,73.82271888145915,75.15986633300781,14469700
2025-08-07,76.337363232916,77.08576875480735,74.03227666170659,75.6887435913086,14628000
2025-08-08,76.03799193317985,77.22546436971517,75.44924995709283,77.17556762695312,9971300
2025-08-11,77.7842735058727,79.8398990766138,77.02589476440926,77.1156997680664,11843600
2025-08-12,76.18767434761234,77.8042328828514,74.68088255562141,77.64456939697266,15547900
2025-08-13,78.23333245454945,79.88979953328729,77.8641162897654,79.15137481689453,11740200
2025-08-14,77.86410860849226,79.46070551880057,77.17557309806962,78.87196350097656,10127800
2025-08-15,79.25114358134286,79.25114358134286,76.00805339527336,76.02801513671875,13212900
2025-08-18,75.91825799050294,76.91613201998955,75.12993659362756,76.57685089111328,10192500
2025-08-19,76.23756670515637,76.27748257433014,71.64734833460261,71.9167709350586,16963400
2025-08-20,71.57750613395798,71.6772920123884,68.3942856037581,71.06858825683594,19895200
2025-08-21,70.3101959346574,71.84692269476518,69.90107158371818,71.05860137939453,9854100
2025-08-22,71.1883208867424,74.57112043633761,70.52972806682762,72.84479522705078,14435900
2025-08-25,72.83482249053841,73.72292975809471,72.10637872029204,72.79490661621094,10057700
2025-08-26,72.83482280268404,74.98025347463944,72.83482280268404,74.10212707519531,12302300
2025-08-27,74.04224709053226,74.87048433026439,73.66305771467658,74.63099670410156,11373500
2025-08-28,75.75858356085423,77.9139948078819,74.90041141026066,77.06580352783203,36895300
2025-08-29,64.39281031636695,65.35076847721795,62.48687106012514,62.7363395690918,96830800
2025-09-02,61.828274875101805,64.52253936278464,61.678596052399904,64.46266174316406,36275600
2025-09-03,63.9138307623782,64.38282513276138,61.588782587349684,62.177528381347656,34297300
2025-09-04,62.007886393778236,64.39280451560248,61.30937387027895,63.96371841430664,27726400
2025-09-05,63.84397405165996,64.45267395587987,62.33718608123532,63.19535827636719,25793100
2025-09-08,63.484739127840534,65.98940104750605,62.93590922102642,65.85968017578125,24466600
2025-09-09,65.71997902667815,67.29662169653422,65.05140530662146,66.69789123535156,17226000
2025-09-10,67.77560815545178,68.37433110262778,66.53824638286464,66.95735168457031,23751400
2025-09-11,66.85755728290424,68.05500302479099,66.21891853880807,66.44842529296875,13912400
2025-09-12,67.40638935839611,67.60596110605945,65.99938341389473,67.2068099975586,14868600
2025-09-15,67.30659048043749,67.96519089868914,66.18897660195987,67.28663635253906,17340800
2025-09-16,67.69577199228554,69.03292718000522,67.21679671099405,68.71360778808594,15931000
2025-09-17,68.7136058912002,72.25606172112906,68.2146688792764,70.8291015625,29593100
2025-09-18,72.59533248196846,74.84054895048294,72.33588311391796,74.07218933105469,28894800
2025-09-19,74.5910832147469,75.20976784971242,73.16412305741606,74.10212707519531,31788100
2025-09-22,73.1940646709748,75.76858170985484,73.1940646709748,75.36943054199219,20037700
2025-09-23,75.22970900262305,76.18766698580853,73.86261908628713,74.46134948730469,21403700
2025-09-24,76.7963806899085,81.54626297274868,74.91039947424058,79.91972351074219,50429500
2025-09-25,77.94393459753873,84.28043263740398,76.15773931909564,83.6318130493164,43286000
2025-09-26,82.29466299659245,83.69168800037039,81.36663995102039,82.99317169189453,26715100
2025-09-29,83.51207533226135,84.90909280552245,82.14498524694241,82.21483612060547,20468300
2025-09-30,81.52629436245157,84.25049345182055,81.22693676117197,83.8912582397461,18751700
2025-10-01,82.22481694476164,83.93118052598457,81.17704622724398,83.7116470336914,20038400
2025-10-02,84.88914397122306,87.12437968104913,84.25050519698705,86.01673889160156,21698700
2025-10-03,86.09656739140266,87.08446051844604,84.89912163820914,86.03669738769531,15679200
2025-10-06,88.66110615358976,90.05813131996936,88.06238325747697,88.73095703125,20580500
2025-10-07,88.78085084069983,90.69676709014105,85.84709884968554,86.78510284423828,17609500
2025-10-08,88.20207469925612,92.47297383548214,87.43371513483831,92.30333709716797,20451000
2025-10-09,91.74454422115944,92.45303389565012,90.32755725900313,90.48722076416016,14868400
2025-10-10,92.83377426416841,94.52130038110326,85.23492442512763,85.48455810546875,30545700
2025-10-13,89.33890255024764,89.73831796159087,86.51304746639734,89.25901794433594,20563500
2025-10-14,86.67281037065507,88.68984700473742,85.2049632212643,86.09365844726562,15447600
2025-10-15,88.04080415120602,89.32891485005393,86.4631174703025,88.75975036621094,15202200
2025-10-16,89.5785426549474,91.06635715230104,86.90246948470464,88.10071563720703,12988900
2025-10-17,86.70276726061172,88.81965588623653,85.58440568718818,87.82112121582031,13244000
2025-10-20,86.51304127577838,88.58999517157017,85.32478260706979,85.7142105102539,16137500
2025-10-21,85.56443280611396,85.80407897839831,82.97822421570255,84.13652801513672,13242100
2025-10-22,81.11098045479542,83.44754809462353,78.94415427454128,80.93124389648438,19218600
2025-10-23,80.88130912562085,83.32771604571472,80.41199660684173,82.64871215820312,10335800
2025-10-24,83.75708782179557,85.6642927539074,82.57881657207487,84.00672149658203,11661400
2025-10-27,85.9139311257371,89.24903354647596,85.07515797112572,88.58001708984375,16331600
2025-10-28,88.82964300456314,89.8481526304434,87.6613592733019,88.33037567138672,13029300
2025-10-29,90.62700529428444,91.37590626796104,88.91951198848756,90.01789855957031,13399900
2025-10-30,89.14917477115611,90.3274459951083,88.23052469640422,88.44021606445312,11903800
2025-10-31,93.263140112078,97.42702787593097,90.82671306872693,93.6026382446289,29320800
2025-11-03,93.25315064613412,94.70102284588327,89.87810626111998,90.23757934570312,14308700
2025-11-04,87.63140371538735,90.70688467205095,87.09219408590491,87.4616470336914,13630000
2025-11-05,88.20056720673819,95.25021937743735,88.02083066553155,92.76387023925781,17194500
2025-11-06,96.06901424895969,97.9861988784745,92.28456714967551,93.1932373046875,28022500
2025-11-07,91.54566219163937,92.04492954486204,84.98528947502196,90.78677368164062,20898700
2025-11-10,93.03348178185139,94.33158001743098,92.06490184551801,93.09339904785156,14570700
2025-11-11,91.89514488317651,92.53420646545395,88.39028604228169,89.19910430908203,13538500
2025-11-12,90.42729769262164,92.73391797130002,88.73977927295856,89.19910430908203,11846700
2025-11-13,87.46165127510864,88.32039173205293,84.58587406329082,87.39175415039062,17226600
2025-11-14,84.34623157156815,88.86959277123448,83.20790256575341,86.32332611083984,12414100
2025-11-17,85.30481496026118,86.592925565488,81.74004658513198,83.32771301269531,16548600
2025-11-18,80.35209059763953,81.63021382764725,78.32506632334146,78.56471252441406,23426900
2025-11-19,78.97410059444906,81.77000061863893,78.66455729554909,81.20083618164062,13688200
2025-11-20,83.2777967122094,84.31627372946608,75.96852290686239,76.56764221191406,23315900
2025-11-21,76.64752593986586,78.80435693700018,73.51212758171958,77.33650970458984,16211000
2025-11-24,78.37498426119191,84.45606437429115,77.88570440508069,83.66722106933594,23945100
2025-11-25,82.37910934980788,83.6871873149882,80.41199485308597,83.30774688720703,11667900
2025-11-26,84.46605019206513,89.17913539450457,83.90687317422163,87.59146881103516,15019100
2025-11-28,85.7741333280025,89.39881159184576,84.39615054908494,89.26900482177734,11235600
2025-12-01,89.00937991803295,92.60410320815443,88.17061445156442,90.96650695800781,18143400
2025-12-02,92.52423226819688,93.72247090377003,91.3259860144083,92.75389099121094,38231100
2025-12-03,99.89341528458489,101.96038187056725,95.64964268288361,100.05317687988281,52833700
2025-12-04,99.2643409056548,102.61941058089566,97.03760511158116,98.04612731933594,23981800
2025-12-05,100.25288258222743,102.48959811417932,97.16740648459005,98.76506805419922,22219900
2025-12-08,90.31745683039163,92.65403189317642,88.7897000215244,91.86518859863281,40731000
2025-12-09,91.45579043319651,91.55564999876985,87.91099678358536,88.76973724365234,23037400
2025-12-10,91.19616671157333,92.71393594931554,90.01789558058636,92.3344955444336,22573600
2025-12-11,90.84668964484298,91.60557052577062,87.3817730441291,89.29895782470703,16593500
2025-12-12,87.50158992313933,88.86958515630499,83.76707241034535,84.30628204345703,21576300
2025-12-15,84.74563473411253,85.72419438156537,83.5473886362619,84.13652801513672,11953300
2025-12-16,83.45752801510905,84.32624828640611,82.10950775899494,83.94680786132812,9483800
2025-12-17,86.37324577614477,87.05224963148352,81.06104183198215,81.58027648925781,16662700
2025-12-18,84.3562170335864,84.90540656214658,82.52889665600453,84.34622955322266,12732100
2025-12-19,83.92684693112265,86.09366546239313,83.57735368176934,83.96678161621094,21722200
2025-12-22,86.45313359754715,87.22200194179342,84.32624987379135,84.67574310302734,9871000
2025-12-23,84.27632876027684,87.9209818764994,84.1664893357008,87.55152130126953,12334100
2025-12-24,87.12214681675877,87.64138147442586,85.97383046401242,86.3632583618164,5335300
2025-12-26,86.97236655604348,87.0722184974748,85.84402514326159,86.2134780883789,5001000
2025-12-29,85.20496815130339,85.97383652164493,84.07661905972026,85.63433837890625,9677700
2025-12-30,85.63434636704675,87.97091413646255,85.59440406096067,86.63288116455078,9583000
2025-12-31,86.67280910490638,86.79262838508902,84.81553407992877,84.85547637939453,7234100
2026-01-02,86.61289941467932,89.94800933844762,86.47310516344149,89.25901794433594,14987500
2026-01-05,92.88369881936505,93.83231139999994,87.99088465335093,90.09779357910156,21328400
2026-01-06,92.56415912926792,94.06196110623482,86.64284834226356,88.10071563720703,24322700
2026-01-07,86.39321063681953,86.41318559511136,83.46750394065218,84.5159683227539,17230800
2026-01-08,84.57588131796764,84.79556015860994,82.75854857021972,83.32771301269531,10695900
2026-01-09,83.96724482185279,84.3869293343944,82.12862260098659,83.15785217285156,13486300
2026-01-12,82.35844427368856,83.68745281676438,82.0187018559561,82.82809448242188,10146600
2026-01-13,83.44763160237795,83.99721625348951,82.68819708365142,82.98797607421875,9133500
2026-01-14,82.89803836737894,82.93800940723803,79.21079189511288,81.14934539794922,15295700
2026-01-15,82.65822562100313,82.87806254398934,79.94025570716792,80.3199691772461,16593500
2026-01-16,81.38916848701936,82.41840566664708,80.24003342861675,80.39990997314453,15011200
2026-01-20,79.25077028516046,83.41766199850169,78.96098593707794,79.74040985107422,18688000
2026-01-21,80.33996156538271,84.22705603705538,80.33996156538271,82.48835754394531,17134300
2026-01-22,84.40691287847048,85.28625288591846,82.67820161390422,83.03793334960938,12997600
2026-01-23,81.15934828134314,81.95874628837632,79.66046844149672,80.17008972167969,13924600
2026-01-26,79.76039027490945,83.3776896105088,79.50058230776663,81.70893096923828,12464600
2026-01-27,82.80811213034198,83.67745750055055,81.23928497377514,82.8680648803711,11307900
2026-01-28,84.51683060197415,85.406165267644,82.6382298598161,83.55754852294922,10311000
2026-01-29,81.87880911368083,82.37843571042295,78.24152809929397,81.27925109863281,13944900
2026-01-30,79.9902220968253,81.63898378585178,78.12161585924584,78.8610610961914,12581400
2026-02-02,77.55203845541534,78.92101803087463,76.66270375178817,78.60125732421875,14513000
2026-02-03,78.48134090071797,78.9110200469432,72.73563546503198,75.48358154296875,22563900
2026-02-04,74.94399023007078,76.00319618573944,71.72639369640157,73.67494201660156,17506200
2026-02-05,72.8255630823612,74.73414016008554,70.63720398051281,74.15457153320312,19202000
2026-02-06,76.78260619041374,80.68968955453383,76.46284549650773,80.22003936767578,22581800
2026-02-09,79.55054634369296,82.99796676842102,78.61124591403627,82.28849792480469,13775400
2026-02-10,82.62824580712183,83.33771463216158,81.4291374471856,81.9487533569336,10561400
2026-02-11,83.53756545054229,83.71743133031732,79.15084454104226,81.27925109863281,11636700
2026-02-12,82.12861902161234,82.12861902161234,77.38216654850564,78.17157745361328,13643800
2026-02-13,77.89178166688663,79.91027734253339,77.69193408207059,78.5512924194336,7615400
2026-02-17,77.26225607418078,80.26001563364,76.5727689359222,78.95099639892578,10568500
2026-02-18,79.09088230456773,80.33994864663703,78.43137161658107,79.03092193603516,8408200
2026-02-19,78.32145999659633,79.6104974888328,77.66195687481057,79.55054473876953,6512200
2026-02-20,78.18156722637818,80.27999739461079,77.54204579651102,79.42064666748047,8795300
2026-02-23,78.33145343852343,79.05091692282389,76.01318644672001,77.73190307617188,11622600
2026-02-24,77.9417433093645,79.6404705627824,77.12235605644467,78.33145141601562,8396200
2026-02-25,78.95098867043149,81.12936070867937,78.91101763204117,80.85955810546875,10524700
2026-02-26,81.0494219459702,81.56903021889873,77.09238046788003,79.23078155517578,12326500
2026-02-27,79.97022632743071,82.22854052325175,78.60125442614284,81.62899017333984,20253800
2026-03-02,79.57052165509567,82.7581414855463,79.34069771123085,80.79960632324219,15228500
2026-03-03,77.7918603496584,79.02094514410443,76.59275955521582,77.45211791992188,15826400
2026-03-04,78.6412222964087,79.44062789069947,77.20230289986077,78.03167724609375,14677500
2026-03-05,78.8410782432005,80.20006319196959,75.18380790715216,75.62348175048828,42620200
2026-03-06,84.65672886624887,93.3302465929537,83.33771500106779,89.50310516357422,90071100
2026-03-09,87.86432698021753,92.86059257075941,84.1371094952469,92.58080291748047,38873500
2026-03-10,92.50086562312583,94.97901683864801,91.55157816129771,93.2303237915039,26499500
2026-03-11,93.5300954741856,94.93904610758229,90.11265145198901,90.3724594116211,18446200
2026-03-12,89.78289489876545,89.9627607725083,87.3047513313044,87.60452270507812,16854400
2026-03-13,87.6944564002098,90.4324078285611,86.75515602296015,87.79438018798828,14108100
2026-03-16,89.0834188761048,92.45089707572879,89.05344250172304,91.51160430908203,15875500
2026-03-17,92.2310651890854,93.37021312565939,90.28251704853794,90.7221908569336,11622600
2026-03-18,90.73219081268601,91.95127327520277,87.10489692933025,87.5545654296875,16096700
2026-03-19,86.20556730861244,89.67297701571984,85.06641930884243,89.463134765625,13388800
2026-03-20,88.83360354304425,90.4124252961163,86.5952786976904,87.84434509277344,25570400
2026-03-23,89.3831901887931,91.51160425295063,88.67372137530606,90.09266662597656,14126700
2026-03-24,88.77364783193433,93.09042883868912,88.73368441404659,92.29102325439453,13731200
2026-03-25,94.00974095785779,98.74619889409354,93.92979887380989,98.37647247314453,22562400
2026-03-26,97.88683769698466,100.5748311111063,97.14739250033392,97.60704803466797,26078500
2026-03-27,98.70622421837005,99.55558786494518,93.33024505505195,94.80913543701172,16507100
2026-03-30,95.04896914356783,96.42793584427103,86.5453220966555,87.74442291259766,21463200
2026-03-31,96.32800604645524,99.48564206438014,92.98050948874905,98.97602844238281,51286100
2026-04-01,100.7447020017375,107.75945574107152,100.41494663345476,106.63030242919922,44072500
2026-04-02,102.22360115625483,107.17989590719432,101.05446916688933,107.0300064086914,23667100
2026-04-06,109.36826227871715,111.80644258399961,105.92084170661283,109.42822265625,22700500
2026-04-07,108.29905615309907,110.03776216330736,105.94081805475153,109.29830932617188,18965200
2026-04-08,113.9148639541263,115.57362791318369,110.36751207098837,114.3645248413086,29455900
2026-04-09,118.87115443300064,121.87890856492056,117.7420011121055,119.8404312133789,32718500
2026-04-10,123.62950249390701,129.80797085309024,123.56951210640618,128.45831298828125,41187000
2026-04-13,129.93795005453418,133.16714925111367,128.9381966588726,131.2676239013672,31264700
2026-04-14,136.07643356302808,136.86623202334425,130.80772896349356,133.7969970703125,33600700
2026-04-15,132.35734142903064,138.1559137362298,131.84747272762257,134.56680297851562,23450100
2026-04-16,132.22737035791,134.6567788902117,128.3883212196081,133.33709716796875,20830200
2026-04-17,134.84673691634782,139.87549505340976,133.12715993156445,139.65554809570312,26341300
2026-04-20,147.47360740434513,149.54310410846037,143.89448867205252,147.80352783203125,39548500
2026-04-21,148.66331774802265,154.91177608691925,147.81353656694785,151.27267456054688,31901100
2026-04-22,153.6221033042366,158.65086143047287,151.05272987429746,157.2812042236328,30765800
2026-04-23,157.9010492623198,167.81860083471426,157.73109302049247,165.5191650390625,36938700
2026-04-24,169.82809639046837,170.7978583587006,158.4708977438231,164.26947021484375,37599100
2026-04-27,162.09002143470772,163.40968797227302,151.05273550494306,158.17098999023438,30281800
2026-04-28,147.87351988159904,155.96152072463866,146.81378378414593,153.19219970703125,27128700
2026-04-29,153.7320749339135,157.1712288547138,151.26268297060722,156.53138732910156,20649000
2026-04-30,160.30045676711157,165.56916146546936,156.32144249975937,165.10926818847656,20327000
2026-05-01,162.30996738104014,166.3489643249253,159.22071784233466,164.90931701660156,13071700
2026-05-04,165.43918740997023,166.7788685520923,162.21998026006585,163.61964416503906,14547000
2026-05-05,168.23848873908872,172.9373263275513,164.53940447817246,168.7083740234375,22284400
2026-05-06,172.55742988650542,175.75663747345163,164.95929851936117,172.10752868652344,23205300
2026-05-07,171.15777821170465,171.47770662058957,158.51090386410485,159.9705352783203,23683600
2026-05-08,164.6493825194434,170.54792121349834,162.85981547070423,170.08804321289062,20589000
2026-05-11,163.62963678956785,174.11705542444318,162.44993510256026,170.79786682128906,22947600
2026-05-12,165.41919681279126,168.68837929967265,157.92104665109446,164.4594268798828,21367800
2026-05-13,169.0482970267212,182.26503806079884,168.86834873896265,177.90611267089844,31862600
2026-05-14,180.83539545704548,192.1026050162463,177.28626792272098,182.53497314453125,32661100
2026-05-15,173.8571064182104,182.0950797488157,173.29724696705753,176.84637451171875,24757300
2026-05-18,181.72516513769222,182.66493569872677,165.05927913399375,168.88832092285156,24439000
2026-05-19,164.56940394888667,181.59520273369583,162.80984349770296,176.22653198242188,25003300
2026-05-20,183.4047568007362,193.27233315800075,182.23504716212955,186.75393676757812,29808100
2026-05-21,192.46251807613382,194.53201489927685,188.1535834405376,190.64297485351562,21506100
2026-05-22,194.6719821186647,198.35106728652332,192.1725986334261,196.28158569335938,19823200
2026-05-26,211.187909478811,217.39636942567307,199.99065941901287,208.20863342285156,42558200
2026-05-27,217.92622890332032,218.2061586182744,196.2015930844126,198.65098571777344,54198500
2026-05-28,198.7009777976166,207.34883815069767,194.65197368960347,204.77947998046875,52624900
2026-05-29,204.38957294980744,208.70849939695808,199.15086001587758,204.94943237304688,34024700
2026-06-01,198.86094204095255,225.0844680782315,195.07186831056984,219.37586975097656,32926900
2026-06-02,253.39749694556866,291.2281457103523,252.36773693548383,290.7182922363281,112646200
2026-06-03,317.55166156375395,324.1200483981824,293.93749230931616,301.5755920410156,115542800
2026-06-04,282.88023511457027,321.4207162599103,277.4915496745946,316.3519592285156,86903500
2026-06-05,299.4261430481787,300.645843415555,261.32555565104695,263.405029296875,93976400
2026-06-08,288.6188138696449,304.88479083831817,281.2906043015137,288.7787780761719,84575500
2026-06-09,299.686073439386,302.3254064135814,243.93981697686618,266.8141784667969,94754500
2026-06-10,263.435007398329,272.4027961571106,252.1977742664545,252.52769470214844,54175100
2026-06-11,260.4757396084832,282.25036578736837,258.3662442293684,280.6407470703125,57254500
2026-06-12,270.0033827420695,287.9089681182607,267.24405385359626,279.6310119628906,42047300
2026-06-15,296.6368207867827,312.9028280224021,288.0189514180418,308.8038330078125,54963600
2026-06-16,299.0562334547202,316.9218214745311,278.0614124737576,278.6012878417969,59201300
2026-06-17,292.81777728186205,307.2941864589844,283.250130270705,289.4685974121094,50607300
2026-06-18,305.3946623881136,329.79864574979393,302.2854135499874,310.5033874511719,250989400
2026-06-22,313.312723038874,314.09252944649893,298.1064523251119,307.7840576171875,49225100
2026-06-23,278.75124444247797,290.8782578108031,276.18187093615273,278.97119140625,46361100
2026-06-24,281.8804801938732,281.8804801938732,263.5949821687589,276.63177490234375,35747400
2026-06-25,291.1081796800467,292.4378687510911,263.65496061420833,281.1906433105469,39131600
2026-06-26,268.30380459475396,274.13238377468235,261.9353805671532,266.7041931152344,41986200
2026-06-29,272.3428089040106,278.2113560828088,250.45820907089092,277.6814880371094,31749200
2026-06-30,278.68123531183477,299.92599316071903,275.4320370525936,297.8165283203125,37520100
2026-07-01,282.4003227010313,292.4278473221371,271.28307061777724,271.9828796386719,33822700
2026-07-02,269.4335274714508,274.88219542582146,237.14149125781915,245.2294921875,38435900
2026-07-06,254.75716086138075,260.3957539984292,248.9785723527941,249.20852661132812,25703100
2026-07-07,234.8620573201894,237.38144005686135,222.88501634799667,230.64309692382812,36163800
2026-07-08,225.10447485439005,236.73159629824335,224.92451131325473,231.65286254882812,25541800
2026-07-09,246.11927742821365,251.63792030480187,241.04054373047703,243.2100067138672,21245300
2026-07-10,237.7899932861328,240.94000244140625,232.02000427246094,235.80999755859375,15106000
2026-07-13,228.77999877929688,228.8000030517578,215.27999877929688,217.52999877929688,25615300
2026-07-14,231.57000732421875,232.0,218.6300048828125,222.44000244140625,20705500
2026-07-15,222.16000366210938,223.3000030517578,201.22000122070312,206.25999450683594,26827600
2026-07-16,200.1199951171875,201.94000244140625,186.14999389648438,188.3000030517578,34893000
2026-07-17,182.22999572753906,194.0500030517578,177.9499969482422,188.67999267578125,29656300
2026-07-20,193.00999450683594,202.0800018310547,191.99000549316406,194.94000244140625,25070600
2026-07-21,205.55999755859375,210.60000610351562,202.83999633789062,207.9600067138672,22153600
2026-07-22,201.14999389648438,214.9199981689453,200.5800018310547,210.99000549316406,16890300
2026-07-23,207.86000061035156,214.55999755859375,205.02000427246094,209.32000732421875,16359900
2026-07-24,202.91000366210938,206.07000732421875,191.2899932861328,194.22999572753906,19837100
2026-07-27,198.72000122070312,199.7899932861328,181.75999450683594,189.1699981689453,21637700
2026-07-28,180.0,181.47999572753906,167.32000732421875,174.47000122070312,29188500
2026-07-29,174.02999877929688,177.8000030517578,162.89999389648438,163.39999389648438,25708900
2026-07-30,178.3800048828125,184.35000610351562,175.14999389648438,183.3000030517578,29861700
2026-07-31,199.3800048828125,201.35000610351562,187.1199951171875,187.55999755859375,26835500
2026-08-03,180.52000427246094,194.44000244140625,177.57000732421875,193.77999877929688,21015800
2026-08-04,210.00999450683594,222.6699981689453,208.0,218.58999633789062,33923400
2026-08-05,215.97999572753906,222.3800048828125,210.2899932861328,211.02000427246094,16884600
2026-08-06,205.57000732421875,219.4600067138672,201.74000549316406,210.5399932861328,16804200
2026-08-07,219.0500030517578,221.8699951171875,205.52000427246094,218.72000122070312,19663400
2026-08-10,227.77000427246094,230.10000610351562,208.50999450683594,208.55999755859375,20948500
2026-08-11,212.0,212.66000366210938,206.42999267578125,212.30999755859375,15429200
2026-08-12,225.89999389648438,226.88999938964844,216.8800048828125,217.0800018310547,25134300
2026-08-13,217.67999267578125,231.3800048828125,217.17999267578125,222.17999267578125,19255500
2026-08-14,221.39999389648438,223.52000427246094,217.10000610351562,222.02000427246094,14487800
2026-08-17,227.75,240.17999267578125,226.88999938964844,234.3300018310547,21113500
2026-08-18,220.52000427246094,225.00999450683594,211.10000610351562,216.0,25860700
2026-08-19,240.1300048828125,245.49000549316406,228.10000610351562,237.27000427246094,44011800
2026-08-20,237.57000732421875,251.72999572753906,234.52999877929688,251.00999450683594,29226500
2026-08-21,252.38999938964844,252.52000427246094,233.27999877929688,237.0399932861328,25467400
