Date,open,high,low,close,volume
2010-01-04,10.550983558508026,10.76551398972409,10.511978110101763,10.580238342285156,34412700
2010-01-05,10.589990475105513,11.009299801078111,10.365709348166087,10.89228343963623,60659000
2010-01-06,10.804520491351083,11.058056395687998,10.716757991391125,10.9410400390625,32060400
2010-01-07,10.950789921753508,10.970293111445113,10.297448876460317,10.570487022399902,46461800
2010-01-08,10.482723932602205,10.892281593203256,10.355955996705385,10.82402229309082,32433400
2010-01-11,10.970293328356728,11.038552633700473,10.550984041329063,10.628994941711426,29135200
2010-01-12,10.385208530090257,10.394960123142504,9.88788937394592,10.004905700683594,46116000
2010-01-13,10.053663814120211,10.297448086790832,9.722117054494056,10.199934005737305,33519600
2010-01-14,10.17068391945334,10.677754910787908,10.17068391945334,10.463224411010742,33723700
2010-01-15,10.433968384178412,10.433968384178412,9.790377948270407,9.878140449523926,30994100
2010-01-19,9.887892574410305,10.043914393894243,9.790378472251144,10.02441120147705,18545400
2010-01-20,9.75137193414716,9.819631240097936,9.488084445542805,9.731868743896484,42195400
2010-01-21,9.819633512890318,9.985406948536792,9.517341433744525,9.556346893310547,38274500
2010-01-22,9.45883165803843,9.46858325426473,8.863998237685156,8.903003692626953,44447500
2010-01-25,9.049271146736862,9.185790662234544,8.942006410964972,9.098028182983398,23995600
2010-01-26,9.127282763143587,9.497834966321811,9.039521206832568,9.205293655395508,25159600
2010-01-27,9.244298917471792,9.497834777224353,9.117531917558685,9.47833251953125,21637400
2010-01-28,9.48808354473266,9.507586733131681,8.873747989574852,9.166288375854492,32249900
2010-01-29,9.215047465458612,9.263804517331991,8.356926514362778,8.50319766998291,42655600
2010-02-01,8.620212823364884,8.971261873515372,8.620212823364884,8.942008018493652,19407600
2010-02-02,9.039521832451538,9.263802930707353,9.02001864305716,9.117532730102539,21667700
2010-02-03,8.932254899652976,9.088276673102493,8.707973832810076,8.795736312866211,25361500
2010-02-04,8.883497842432554,8.951758065631335,8.337421636621036,8.395929336547852,26692400
2010-02-05,8.41543287311528,8.49344376290381,8.064383869066898,8.483692169189453,36413100
2010-02-08,8.55195131192467,8.824989391597946,8.376426367153185,8.688469886779785,20271500
2010-02-09,8.942009603788206,9.049274377859927,8.620214351609592,8.854247093200684,20847800
2010-02-10,8.395931314012243,8.512947671389451,7.976622932568084,8.327672004699707,70622100
2010-02-11,8.356925180420058,8.561704021630462,8.21065497811117,8.317919731140137,50941600
2010-02-12,8.210654639644147,8.522698221020175,8.113140555482525,8.230156898498535,44233500
2010-02-16,8.42518452377294,8.493443820308457,8.278913406958473,8.415432929992676,25227300
2010-02-17,8.571455722142561,8.571455722142561,8.347174618508047,8.512947082519531,18426500
2010-02-18,8.434938193318319,8.551955500453417,8.376430469714268,8.542203903198242,22489100
2010-02-19,8.551951580536825,8.912752143928392,8.444685919823742,8.678718566894531,28672300
2010-02-22,8.844493695490044,8.883499144479291,8.688471899533061,8.71772575378418,16121600
2010-02-23,8.610459739526794,8.610459739526794,8.210653713495438,8.395929336547852,28626100
2010-02-24,8.483693609647839,9.000516074739656,8.425185897353915,8.863997459411621,34303400
2010-02-25,8.64946754990657,8.863998011596257,8.503197330096505,8.844494819641113,20920800
2010-02-26,8.854243848745226,8.922503140872886,8.649465042399138,8.834741592407227,20385500
2010-03-01,9.010267633359014,9.546593287003477,8.971262182001052,9.527091026306152,39158600
2010-03-02,9.302808865595644,9.497836119913133,9.273555009938846,9.332062721252441,40226300
2010-03-03,9.341814837497047,9.458831196614105,9.156539168052543,9.215046882629395,25133700
2010-03-04,9.176041603088379,9.195544794958328,8.942008880429238,9.176041603088379,19757600
2010-03-05,9.32231229717774,9.341814558132361,9.088278655978986,9.224798202514648,15691200
2010-03-08,9.244298737256573,9.410072109250525,9.127282403489634,9.351564407348633,26708500
2010-03-09,9.224798652799878,9.361318205999396,9.107782291470306,9.176041603088379,33738200
2010-03-10,9.390568724695108,9.71236383641674,9.332060099853427,9.624601364135742,39335100
2010-03-11,9.605103950258952,9.653860077243847,9.380821860281692,9.556346893310547,20021700
2010-03-12,9.829382173276459,9.995155559390234,9.458829953137624,9.72211742401123,33689400
2010-03-15,9.673360415108741,9.69286267415026,9.361316830738536,9.488083839416504,25969100
2010-03-16,9.605101025723895,9.985403908208147,9.556343983620902,9.95615005493164,24369500
2010-03-17,10.073164888340878,10.248689841620532,9.975650818749275,10.141424179077148,26403900
2010-03-18,10.04391396031653,10.141427128302825,9.800129645405757,9.907394409179688,20228500
2010-03-19,10.014660299501237,10.014660299501237,9.702615737915039,9.702615737915039,19780300
2010-03-22,9.585597356867769,10.102419745366213,9.507586465394917,10.073165893554688,19351100
2010-03-23,10.141426923784268,10.307200328977569,10.082919210165068,10.277946472167969,22122400
2010-03-24,10.355954711125246,10.36570630420596,10.112170463886056,10.170679092407227,18182900
2010-03-25,10.404715135716584,10.521731500911823,10.092671495195948,10.121925354003906,24965500
2010-03-26,10.277945006431391,10.463220646421174,10.004906878565265,10.229187965393066,25900400
2010-03-29,10.394960293459578,10.521728215326537,10.31694940768962,10.365706443786621,22226000
2010-03-30,10.453471116093676,10.62899518092261,10.404714069766573,10.521730422973633,37351400
2010-03-31,10.453471486876536,10.482725343725104,10.102421484840367,10.112173080444336,38781500
2010-04-01,10.755762379920913,10.775265569078087,9.858636137882351,9.917144775390625,127588500
2010-04-05,10.112174224381677,10.375461755693145,9.995157853786617,10.336456298828125,52480400
2010-04-06,10.365706134529248,10.375457727450335,9.956148531474426,9.975650787353516,42605400
2010-04-07,9.97565206053925,10.385209715865638,9.878138908772094,10.29744815826416,44194700
2010-04-08,10.268195653701675,10.414466808746552,10.112173832291203,10.3169527053833,33101100
2010-04-09,10.443722145556569,10.55098693046338,10.385213489266963,10.463224411010742,24270800
2010-04-12,10.48272412757307,10.677751367209689,10.316950741391134,10.550983428955078,37146600
2010-04-13,10.521728406172809,10.580237036543082,10.365706631802924,10.492474555969238,28036500
2010-04-14,10.775264431840073,11.11656183640034,10.716755800506892,11.019048690795898,49938700
2010-04-15,10.931286704183654,11.097060082183518,10.843524218188058,10.902032852172852,29166900
2010-04-16,10.814271937239127,10.824023532647137,10.424216490588636,10.64849853515625,36300600
2010-04-19,10.541233613489798,10.726509273576813,10.219437479716248,10.521730422973633,26286700
2010-04-20,10.599740534234433,10.69725461961283,10.40471329344088,10.4827241897583,24288400
2010-04-21,10.66800108721463,10.80452063676339,10.287698155554297,10.472973823547363,38628600
2010-04-22,10.346204394041672,10.736259795707761,10.151177158190237,10.658248901367188,31721200
2010-04-23,10.707004000167547,10.736258780250699,10.482722932642156,10.726507186889648,25333300
2010-04-26,10.697253227233887,10.755760926874837,10.609490747809343,10.697253227233887,17543000
2010-04-27,10.570488736245713,10.58024033267259,10.024411425865047,10.08292007446289,32056800
2010-04-28,10.16092996648099,10.219437679245198,9.47833409446418,9.985404968261719,66819300
2010-04-29,10.151177293380389,10.151177293380389,9.800128264172644,9.95615005493164,23934600
2010-04-30,9.88789104187862,9.897641706612553,9.098029540708161,9.117532730102539,52942300
2010-05-03,9.185793046849382,9.692863937543935,9.185793046849382,9.644107818603516,49168500
2010-05-04,9.41007603315144,9.429579228560133,9.07853008087558,9.283308982849121,50180800
2010-05-05,9.059023750486796,9.254050987264558,8.75673083600885,9.029769897460938,37391100
2010-05-06,9.059025750154978,9.205295977534842,7.138005416416854,8.532451629638672,66628800
2010-05-07,8.58120507841992,8.58120507841992,7.840100796337342,8.35692310333252,64580800
2010-05-10,8.971262218592694,9.020019265479844,8.6104615595691,8.863997459411621,38072100
2010-05-11,8.659218557084783,8.844494218243598,8.503196751906135,8.600709915161133,38756000
2010-05-12,8.678718973211536,9.156536812471868,8.649465123448861,9.098028182983398,40603300
2010-05-13,9.088277144415294,9.224796668245007,8.854244472104218,8.912753105163574,32338500
2010-05-14,8.737228943260433,8.844493695490044,8.532450103576076,8.71772575378418,41915900
2010-05-17,8.717725983425044,8.981013468510373,8.56170418335816,8.942008018493652,39765600
2010-05-18,9.088279834791775,9.185793942103121,8.727479125681313,8.854247093200684,48380400
2010-05-19,8.776232882158105,9.01026553582451,8.483691600093549,8.737227439880371,29982200
2010-05-20,8.483692953902647,8.795737471883001,8.269162522159263,8.522698402404785,38295700
2010-05-21,8.200901807081864,8.805486619700693,8.161896365298814,8.70797348022461,38500300
2010-05-24,8.756731614423193,9.010267509753524,8.551953695075586,8.571455955505371,28877200
2010-05-25,8.239908894167897,8.600709535194719,8.122892545453517,8.581207275390625,33075400
2010-05-26,8.727478678706827,8.912755287116825,8.415435039233234,8.473942756652832,36250000
2010-05-27,8.776233748009938,9.224796843440084,8.727476707861689,9.205293655395508,37377100
2010-05-28,9.166289476177973,9.166289476177973,8.590959298792232,8.863997459411621,42979200
2010-06-01,8.717725993763603,8.795737823852845,8.444687843322754,8.444687843322754,41912600
2010-06-02,8.542200750766265,8.981012235710711,8.53244915710984,8.95175838470459,42953400
2010-06-03,9.049274623027667,9.224799648958127,8.834745069072076,9.010269165039062,43996900
2010-06-04,8.74698088110256,9.146786981415708,8.600709744182897,8.639715194702148,33060000
2010-06-07,8.76648022699778,8.76648022699778,8.152143888080865,8.171647071838379,35437500
2010-06-08,8.239909504175966,8.386180648369983,8.064385433091825,8.327672004699707,33551900
2010-06-09,8.4349360789799,8.678720369470225,8.25941202220189,8.317919731140137,28670500
2010-06-10,8.503193427166703,8.610458143795807,8.366673936032702,8.551950454711914,24131800
2010-06-11,8.434934457780168,8.717724143198057,8.376426760087135,8.70797348022461,23505500
2010-06-14,8.86399483155127,8.94200571145792,8.678718294300694,8.688469886779785,26395800
2010-06-15,8.8249898758672,9.507585577489188,8.805486689838782,9.439326286315918,52149700
2010-06-16,9.283307507960728,9.731869771532637,9.22479886099378,9.663610458374023,39003100
2010-06-17,9.7513736467102,9.848887755162684,9.527092499218325,9.673362731933594,28516400
2010-06-18,9.653859186120098,9.887892851876677,9.575848274189047,9.751373291015625,24574300
2010-06-21,9.995157987877954,10.034163445266255,9.61485408086941,9.673362731933594,26685500
2010-06-22,9.692865295966687,9.86839032463419,9.361319362875333,9.400324821472168,26920700
2010-06-23,9.419826750571644,9.74162200503489,9.322313572531439,9.575848579406738,28385000
2010-06-24,9.57584753921168,9.65385844515514,9.28330710690538,9.380820274353027,33938300
2010-06-25,9.46858250920905,9.50758796108162,9.137035703310532,9.224798202514648,30363300
2010-06-28,9.488085228592444,9.839135242370334,9.400323655111345,9.770875930786133,57085700
2010-06-29,9.010268057381314,9.068776702153325,8.386180806284443,8.454440116882324,88352200
2010-06-30,8.503197466539545,8.698224739403512,8.239909950700643,8.278915405273438,38844700
2010-07-01,8.298414976373264,8.327668822046551,7.810846541991235,8.171647071838379,50082000
2010-07-02,8.200901564165033,8.230155412145027,7.859604191163594,8.015625953674316,21526600
2010-07-06,8.3179190621932,8.42518473655887,8.01562708707567,8.14239501953125,39807600
2010-07-07,8.347176740554541,8.67872268282748,8.230159431559958,8.66897201538086,30835500
2010-07-08,8.717727082482428,8.776235729865427,8.317920936916035,8.473942756652832,31355700
2010-07-09,8.483691014475305,8.493442606862374,8.230155192189734,8.35692310333252,30607300
2010-07-12,8.317919182575281,8.53244960444825,8.288665330035442,8.337422370910645,27460100
2010-07-13,8.532450272381634,8.581207317073613,8.298417573816067,8.512947082519531,39240800
2010-07-14,8.610462541569722,8.659219594017486,8.337424349811045,8.532451629638672,39357700
2010-07-15,8.52269874344871,8.52269874344871,8.269162853057708,8.444687843322754,27456000
2010-07-16,8.337421608768533,8.356923865357947,8.044880320222369,8.064383506774902,25501600
2010-07-19,8.122892444588183,8.249660386612117,8.02537835688877,8.220406532287598,21294400
2010-07-20,8.113140285182414,8.278913664756274,7.9278646474039105,8.239908218383789,33100000
2010-07-21,8.337423022418484,8.3569252823146,7.957119189829825,7.9668707847595215,37625200
2010-07-22,8.142396338009963,8.37642905276438,8.035130646275016,8.327672004699707,34883000
2010-07-23,8.249659919581688,8.395930112886887,8.132643578944888,8.26916217803955,25004500
2010-07-26,8.259410694684652,8.298416137695312,8.132642772409225,8.298416137695312,31013000
2010-07-27,8.356925139110862,8.386179923398643,8.132644039350778,8.220406532287598,29279000
2010-07-28,8.152145888489239,8.317919271254349,7.937616394292332,8.03512954711914,30374500
2010-07-29,8.074134000402127,8.10338877961611,7.489051900587438,7.586565971374512,54088200
2010-07-30,7.362286543465822,7.411043127771336,7.079496773556116,7.098999500274658,68687900
2010-08-02,7.206263868170052,7.557313394766996,7.118501835257058,7.459799766540527,40160000
2010-08-03,7.391540766515173,7.42079509053026,7.245270076403155,7.284275531768799,24109600
2010-08-04,7.362285939277732,7.489053420054207,7.2257663984697675,7.450047969818115,25854600
2010-08-05,7.411042266864636,7.60606997637627,6.650435548215986,7.508555889129639,19310900
2010-08-06,7.401291168427986,7.508555920882283,7.225766182627082,7.391539573669434,26039300
2010-08-09,7.469550644039353,7.508556094009665,7.264771799204396,7.352534294128418,19864700
2010-08-10,7.167258126131664,7.167258126131664,6.95272815273608,7.089247226715088,31018700
2010-08-11,6.855214092730714,7.0697440524902335,6.825959774818156,6.972230434417725,41285800
2010-08-12,6.796705486592297,7.216014743607961,6.718694591793553,7.186760425567627,39794300
2010-08-13,7.118502226993201,7.391540401052794,7.098999500274658,7.098999500274658,24019200
2010-08-16,7.069743678769543,7.167257291687288,6.972230065851797,7.001483917236328,21124200
2010-08-17,7.1282525062561035,7.294025896049766,7.050241608701821,7.1282525062561035,19181200
2010-08-18,7.128252860813558,7.284274663682606,7.069744684737665,7.264771938323975,16292100
2010-08-19,7.177008885469855,7.255019775804051,6.942975749485681,7.001483917236328,28781800
2010-08-20,6.972231273030357,7.07949649830267,6.8649660477580445,6.942976951599121,22306400
2010-08-23,7.001484978741684,7.26477200602772,7.001484978741684,7.196512699127197,28035000
2010-08-24,7.020986660258382,7.118500738441582,6.874716472946754,6.884467601776123,25197200
2010-08-25,6.855215002608749,6.981982490437784,6.7479497760011,6.923474311828613,23354600
2010-08-26,6.991734035701944,7.050242213889958,6.601679049466845,6.611430644989014,30011000
2010-08-27,6.738198631284646,6.757701358792697,6.24087884733849,6.660187721252441,42443000
2010-08-30,6.718695479563933,6.728447075193102,6.35789481095478,6.377397537231445,32212100
2010-08-31,6.2896344297865845,6.435905095242892,6.201872402498101,6.299386024475098,36309600
2010-09-01,6.474911539795835,6.611431096540294,6.387149499010625,6.562674045562744,31488100
2010-09-02,6.562674083712186,6.689442045005369,6.533419759959258,6.660187721252441,22907000
2010-09-03,6.777203146564663,6.91372268517274,6.650435667830929,6.8747172355651855,22902100
2010-09-07,6.825960512514468,6.825960512514468,6.543170757051686,6.582176208496094,27020700
2010-09-08,6.6114299610950145,6.630932685140301,6.357894083524662,6.4359049797058105,27986400
2010-09-09,6.562673511937641,6.699192592599741,6.513916464924632,6.6309332847595215,27505400
2010-09-10,6.611429617313125,6.630932340344308,6.338391029894979,6.348142623901367,32895300
2010-09-13,6.494413404419075,6.942976539887587,6.484662274508005,6.8747172355651855,45834200
2010-09-14,6.8747172533195045,7.196512445903699,6.777203164067147,7.089247226715088,48975500
2010-09-15,6.8454626594459915,6.86496538351922,6.679689272332737,6.767451763153076,59837100
2010-09-16,6.806457954610271,6.933225907420977,6.7479497760011,6.923474311828613,24646600
2010-09-17,6.903970627487466,6.97223039221586,6.5529211395696745,6.5919270515441895,57861200
2010-09-20,6.6309326946404745,6.806457211299533,6.591927246494016,6.767451763153076,32701000
2010-09-21,6.767451537271214,6.874716748584517,6.679689049380182,6.7089433670043945,31321400
2010-09-22,6.689441314635694,6.708944040014389,6.50416519104726,6.552921772003174,30376000
2010-09-23,6.445656051511422,6.7284457597261795,6.4261533290477,6.504164218902588,29980300
2010-09-24,6.699192315647332,7.0502418306758825,6.68944118563685,7.020987510681152,44573600
2010-09-27,6.991733671114524,7.020987526192242,6.835711870748986,6.855214595794678,30018100
2010-09-28,6.913722263574219,7.020987010963175,6.835711369116212,6.972230434417725,26826800
2010-09-29,6.972230326460765,7.362285257692859,6.972230326460765,7.1087493896484375,42029700
2010-09-30,7.216014943332286,7.303776969919139,6.942976338997931,7.030738830566406,32572800
2010-10-01,7.0989982604829756,7.15750643042055,7.011235773085814,7.1087493896484375,26812800
2010-10-04,7.0697442413213585,7.089246965456773,6.796705638443931,6.816208362579346,35870600
2010-10-05,6.972231865723498,6.972231865723498,6.747950265623915,6.757701396942139,60484400
2010-10-06,6.777202129364014,6.786953722793089,6.591926504027252,6.777202129364014,33564800
2010-10-07,6.855214258531919,6.933225154876709,6.777202897205509,6.933225154876709,44164500
2010-10-08,7.020987081764418,7.45004747059181,7.020987081764418,7.4012908935546875,86693600
2010-10-11,7.469549858678619,7.703582998875503,7.372036244005581,7.479301452636719,47504600
2010-10-12,7.440296618169668,7.6743293126164644,7.39153957433577,7.557312965393066,37610300
2010-10-13,7.693832474284052,7.703584069597527,7.459799766540527,7.459799766540527,43288300
2010-10-14,7.459799064988203,7.547561089647669,7.313528403913607,7.4012908935546875,25761700
2010-10-15,7.508556039467228,7.5183076343797905,7.313528791032354,7.4207940101623535,23822800
2010-10-18,7.430545194069041,7.450047919054198,7.313528844158106,7.352534294128418,16667500
2010-10-19,7.24526914434771,7.342783235198991,7.089247342956295,7.118501663208008,28607900
2010-10-20,7.18675960693781,7.567063373234439,7.157505757211335,7.498803615570068,39759700
2010-10-21,7.518307864194382,7.55731331507365,7.313529014587402,7.313529014587402,20138600
2010-10-22,7.342781843744718,7.518306337048237,7.323279122266549,7.498803615570068,15422600
2010-10-25,7.50855567084069,7.6840806507964565,7.50855567084069,7.61582088470459,16774300
2010-10-26,7.586568127668962,7.606070854373235,7.430545849053099,7.528059482574463,16054200
2010-10-27,7.489053676976163,7.781595028764514,7.46955095118905,7.771843433380127,22069100
2010-10-28,7.801098130744304,7.810849726598942,7.586568136740776,7.742589950561523,20023700
2010-10-29,7.996124501956114,8.064384735325817,7.9181136037878215,8.054633140563965,86548500
2010-11-01,8.083887027264344,8.093638622065253,7.849854331822103,7.93761682510376,32573000
2010-11-02,8.005875032832908,8.01562662629889,7.84985325722975,7.908360958099365,19620400
2010-11-03,7.927865197921387,7.937616792682467,7.73283748753448,7.888859748840332,25021700
2010-11-04,8.25941214974434,8.464190994116954,8.239908959821577,8.347174644470215,44741200
2010-11-05,8.35692534819023,8.561704193511689,8.259412188014426,8.444687843322754,24732700
2010-11-08,8.405681759772726,8.425184948316017,8.015627288539065,8.03512954711914,47037000
2010-11-09,8.093637675436574,8.113139932794152,7.63532300299404,7.703582763671875,48955100
2010-11-10,7.7230868043520005,7.79134611170021,7.55731340368065,7.67432975769043,40784800
2010-11-11,7.57681668634902,7.69383304896111,7.508556909001123,7.65482759475708,33282700
2010-11-12,7.606070854373235,7.664579034486053,7.274524035418919,7.528059482574463,38610900
2010-11-15,7.459799057938381,7.469550187343945,7.235517501831055,7.235517501831055,35164900
2010-11-16,7.17700968879884,7.225766268224288,6.952728121493201,7.04049015045166,37492300
2010-11-17,7.069744990842375,7.1380047650439105,6.91372318121792,6.923474311828613,29866900
2010-11-18,7.089246666335913,7.147754836273487,7.011235773085814,7.1087493896484375,31839900
2010-11-19,7.08924719359708,7.3622858052612115,7.07949606370638,7.206263542175293,31304800
2010-11-22,7.26477129729594,7.313528338881125,7.050241337280669,7.138003826141357,22884300
2010-11-23,7.030738669516469,7.333031120794759,7.0014843513365514,7.235517501831055,36899800
2010-11-24,7.294025951649605,7.654826588079231,7.284274356890173,7.557312965393066,54309300
2010-11-26,7.450047779752291,7.489053228993274,7.362285751450895,7.440296649932861,10180600
2010-11-29,7.381788730621338,7.44029690650038,7.294026234311951,7.381788730621338,18392800
2010-11-30,7.284274475256528,7.313528795028563,7.0502417770068,7.089247226715088,29110000
2010-12-01,7.264771716464399,7.342783080498176,7.138004237995487,7.206263542175293,28868400
2010-12-02,7.2550203132392275,7.713334560394287,7.2355175892109616,7.713334560394287,47184900
2010-12-03,7.606070009883205,7.781594530733446,7.547561371284828,7.723086357116699,29774300
2010-12-06,7.674328202767107,7.840101569850518,7.606068909249159,7.762090682983398,26409900
2010-12-07,7.918113602505856,8.083886993577455,7.684080908038868,7.723086357116699,36446200
2010-12-08,7.693832901251699,7.752341081434479,7.528059491576313,7.742589950561523,26081900
2010-12-09,8.122891030196577,8.122891030196577,7.898609969489244,7.9863715171813965,30057700
2010-12-10,7.996126670955688,8.113143049949555,7.869358694554787,8.044883728027344,31090800
2010-12-13,8.171649520546001,8.171649520546001,7.93761682510376,7.93761682510376,28082700
2010-12-14,7.947367049553432,7.986372496632394,7.801096855498128,7.869356155395508,25962700
2010-12-15,7.801097255272362,7.908362007745582,7.684080908038868,7.723086357116699,20301400
2010-12-16,7.762091502974594,7.898611034395607,7.684080607866365,7.849853992462158,19343400
2010-12-17,7.85960445894256,8.015626226768987,7.801095831026104,8.005874633789062,42521900
2010-12-20,8.083888075427113,8.161898984022812,7.898612400003179,7.91811466217041,24265800
2010-12-21,7.996124533982687,8.083887027264344,7.888859781062477,7.93761682510376,30135600
2010-12-22,7.9668700817880325,8.09363801479865,7.888859189160452,8.074134826660156,43106100
2010-12-23,7.879109037654677,7.8986122293639545,7.713335627979292,7.742589950561523,35679400
2010-12-27,7.6840806507964565,7.703583374682473,7.55731271304654,7.61582088470459,15087600
2010-12-28,7.615821342269046,7.654826792384558,7.459799541807001,7.5670647621154785,15169100
2010-12-29,7.586567284689731,7.625572733764197,7.459799342706901,7.557312965393066,13879700
2010-12-30,7.518306668959104,7.723085486011032,7.489052352959581,7.703582763671875,13042600
2010-12-31,7.7133334154267095,7.840101335283812,7.645074123951001,7.82059907913208,15598400
2011-01-03,7.9376162295434884,8.269162058229108,7.9376162295434884,8.074134826660156,43343100
2011-01-04,8.171649191972143,8.366676430332161,8.152146003154527,8.230156898498535,44645900
2011-01-05,8.200904051716897,8.561704719454124,8.191152456111293,8.327672004699707,38533500
2011-01-06,8.454439782950635,8.4836936391995,8.33742342799186,8.366677284240723,25273800
2011-01-07,8.347175899157534,8.483694529284254,8.239910198385491,8.434937477111816,24517000
2011-01-10,8.464190305200889,8.464190305200889,8.18140058408056,8.337422370910645,30493200
2011-01-11,8.405683566236155,8.512948336386854,8.269164006983381,8.50319766998291,27511400
2011-01-12,8.629964415196765,9.263803210226984,8.620212820205339,9.107781410217285,92085800
2011-01-13,9.546592432022697,9.624603327752064,9.341813598242304,9.390570640563965,75174700
2011-01-14,9.488085369180498,9.614853328260502,9.410074460510248,9.468583106994629,40679500
2011-01-18,9.507587091395962,9.663608884614495,9.35156529817743,9.419824600219727,28222900
2011-01-19,9.371067094466543,9.439327323100386,8.990764224772148,9.13703441619873,43365400
2011-01-20,9.224799029482716,9.419826306329023,9.039523348969578,9.361318588256836,31235700
2011-01-21,9.751372069826017,9.751372069826017,9.488084577558325,9.59535026550293,56867600
2011-01-24,9.585598494768853,9.829382792051812,9.380819647852636,9.800128936767578,65245900
2011-01-25,9.800128979810555,9.96590237708812,9.644107177658329,9.731868743896484,51957000
2011-01-26,9.770875979805064,9.84888688771077,9.653858687983128,9.702615737915039,38736200
2011-01-27,10.102421965522428,10.385211741749536,10.073168107281937,10.326704025268555,82722000
2011-01-28,10.492476939329073,10.502228534933042,9.907394222577684,10.112173080444336,51669200
2011-01-31,10.238941019767388,10.365708972560109,9.995156709772926,10.277946472167969,34395000
2011-02-01,10.404713526153627,10.628994625591693,10.38521033665644,10.54123306274414,40680300
2011-02-02,10.424215452932918,10.726508370746878,10.414464788458838,10.619243621826172,28363400
2011-02-03,10.726509032171023,10.746012222248257,10.472973140946701,10.628994941711426,24584200
2011-02-04,10.628993622455802,10.824021779168378,10.54123206789095,10.775264739990234,28161100
2011-02-07,10.892282922374369,11.145818825106668,10.872779731411885,11.009299278259277,51404700
2011-02-08,11.048305264620407,11.175073222118241,10.746013229786886,11.155570030212402,39784000
2011-02-09,11.184825143429139,11.311593104614557,10.902035362311945,10.980046272277832,49451400
2011-02-10,10.794769221430188,11.09706218263717,10.746013102171348,11.028802871704102,36651100
2011-02-11,10.931289420915979,11.214079207203442,10.863030105938687,11.038554191589355,53461100
2011-02-14,11.243331398078624,11.652889087094653,11.223829138106245,11.360347747802734,66909300
2011-02-15,11.389601982069626,11.526120585166048,11.223828595484054,11.379850387573242,37154500
2011-02-16,11.506617529466022,11.526119787145296,11.262833263714468,11.34084415435791,32016100
2011-02-17,11.292089003308558,11.574878761665692,11.26283514691667,11.506619453430176,25476300
2011-02-18,11.584628361597476,11.594379955369446,11.360346354658006,11.409103393554688,23580000
2011-02-22,11.165321002257578,11.165321002257578,10.580239227226826,10.64849853515625,55901900
2011-02-23,10.570487546869625,10.609492998224876,10.014659632566463,10.287697792053223,59318200
2011-02-24,10.346203072846386,10.677749796437395,10.190181304088993,10.638744354248047,49024300
2011-02-25,10.8630295913318,11.165321626165321,10.833774803473041,11.155570030212402,39358300
2011-02-28,11.331094213819497,11.370099664832377,10.648498356112455,10.853277206420898,47717800
2011-03-01,10.921538470055703,11.019052580041524,10.668002528063345,10.687505722045898,28853400
2011-03-02,10.697256515340863,10.999548559651132,10.687504919082233,10.8142728805542,40712200
2011-03-03,10.999547435856176,11.340845830331398,10.980045175294817,11.282337188720703,35260500
2011-03-04,11.311592881054066,11.379852193434303,11.106814013949977,11.350598335266113,32879300
2011-03-07,11.370098593246313,11.379850187571313,10.580238052185859,10.755762100219727,52679800
2011-03-08,10.70700518187226,10.824022455193505,10.541232726254163,10.619243621826172,33531400
2011-03-09,10.560736719431103,10.570488315469802,10.043914218904051,10.063416481018066,57899800
2011-03-10,9.809882017195926,9.887892929741293,9.41007492794663,9.683114051818848,69326200
2011-03-11,9.663609758168603,10.034162015540774,9.653858162720125,9.985404968261719,46216700
2011-03-14,10.394962145628527,10.580238729817,10.08291854694893,10.102420806884766,51157100
2011-03-15,9.761121482648338,10.277943826405753,9.605099713209352,10.170679092407227,56312600
2011-03-16,10.073166806751518,10.336454286813472,9.75137161776242,9.809880256652832,56646700
2011-03-17,9.99515550262139,10.11217184569064,9.887890753965387,9.95615005493164,27585700
2011-03-18,10.141425802066427,10.15117739657881,9.770874510228342,9.81963062286377,33230700
2011-03-21,10.024409907214867,10.170681041568388,9.926896747609131,10.102420806884766,27828700
2011-03-22,10.014660484997485,10.112173656704112,9.907394787167782,10.092671394348145,35892700
2011-03-23,10.09267073745833,10.433968211162993,9.936647998948485,10.346205711364746,52514000
2011-03-24,11.048305488493023,11.262835953987436,10.911785932275961,11.214078903198242,100897100
2011-03-25,11.233581645308716,11.409105719166856,11.12631595187853,11.262835502624512,34151500
2011-03-28,11.331094813015826,11.526122078393403,11.223830049548997,11.262835502624512,33898600
2011-03-29,11.243331189923449,11.506618669400748,11.175071886338934,11.467613220214844,31040800
2011-03-30,11.58462691445593,11.59437850700974,11.253080207330822,11.292085647583008,33731000
2011-03-31,11.29209067315802,11.389604782168925,11.106814981993459,11.184825897216797,31666000
2011-04-01,11.243329762652946,11.331092244671147,10.941037802327086,11.019048690795898,38966300
2011-04-04,11.019050815532793,11.048304671858654,10.794768770465648,10.911785125732422,22508300
2011-04-05,11.009298278346153,11.06780691595626,10.677751501803124,10.746011734008789,41074600
2011-04-06,10.794766450977937,10.980043004478837,10.73625875089785,10.960539817810059,24136900
2011-04-07,10.950791052767025,11.01905129377439,10.726509927929106,10.863029479980469,28557000
2011-04-08,10.911785647976618,10.999548151117892,10.707006783968101,10.794769287109375,25275900
2011-04-11,10.814272232437592,10.853277685171046,10.42421677513971,10.472973823547363,28722000
2011-04-12,10.287698343988344,10.32670379743624,10.043914027448162,10.268195152282715,45066400
2011-04-13,10.365708626515437,10.492476575076187,10.219437487423813,10.35595703125,31191900
2011-04-14,10.190182797698894,10.404713226166317,10.102420307418438,10.385210037231445,25868500
2011-04-15,10.336453991653947,10.531481232447499,10.23893990627555,10.4827241897583,25564500
2011-04-18,10.28769666166269,10.346204367285205,10.00490693791863,10.160928726196289,23112400
2011-04-19,10.180432000511713,10.31695154385764,10.06341564762805,10.258443832397461,20529600
2011-04-20,10.628994566675189,11.12631473653764,10.619243901943904,11.106812477111816,52613700
2011-04-21,11.184822595507523,11.428606866107302,10.960540582974868,11.233579635620117,43506100
2011-04-25,11.175070577954594,11.204324428928146,10.970291761213417,11.04830265045166,20447100
2011-04-26,11.077559103315819,11.360348875716735,11.028802983562475,11.321343421936035,27400000
2011-04-27,11.311592194212036,11.535873309822065,11.28233740785682,11.506619453430176,29748500
2011-04-28,11.409101879759083,11.477362097142725,10.989793632794361,11.194571495056152,37391800
2011-04-29,11.165322155092483,11.165322155092483,10.872780772390144,11.038554191589355,36678800
2011-05-02,11.087307741267747,11.12631318464218,10.872777337726802,10.960539817810059,21585500
2011-05-03,10.92153628312693,10.950790138279494,10.531481781215117,10.628994941711426,37000000
2011-05-04,10.599741777421924,10.707006539948084,10.336455203961952,10.472973823547363,29570000
2011-05-05,10.404711701111957,10.79476612300544,10.336452409771372,10.638744354248047,35304000
2011-05-06,10.82402496362282,10.853278823750996,10.599742889404297,10.599742889404297,22662600
2011-05-09,10.550983023596247,10.589988470025018,9.995155179495455,10.199934005737305,49677000
2011-05-10,10.238938521919662,10.443717329556579,10.121922193264725,10.365706443786621,24391600
2011-05-11,10.424216522502274,10.65825016319439,10.121924503635086,10.151178359985352,40700000
2011-05-12,10.131675752712642,10.453470951454706,9.975653020930565,10.394962310791016,30700000
2011-05-13,10.39496001604485,10.404711608996628,10.102418737233124,10.141424179077148,30547500
2011-05-16,10.121924391302576,10.599741402895235,10.06341574928804,10.287697792053223,38662500
2011-05-17,10.160931808486957,10.229191129073905,9.546595133313927,9.692865371704102,74861800
2011-05-18,9.780625472225992,9.848885705925351,9.54659277659088,9.809880256652832,37498700
2011-05-19,9.868387732460938,9.956150223741727,9.702614344477949,9.917144775390625,34770900
2011-05-20,9.84888739591115,9.917146711359964,9.683113975566812,9.751373291015625,21763200
2011-05-23,9.566097207814135,9.585599470000004,9.332063551839997,9.468583106994629,27594900
2011-05-24,9.58559913494545,9.595350730679222,9.36131801284884,9.380820274353027,23186000
2011-05-25,9.332062550643059,9.400322785878721,9.195543940098311,9.371068000793457,36418200
2011-05-26,9.351565467351055,9.585598161412602,9.254051379843782,9.546592712402344,36005200
2011-05-27,9.585599327967053,9.800129788613166,9.55634547014002,9.770875930786133,25521200
2011-05-31,9.887890078814003,9.975651632651104,9.790376001266338,9.94639778137207,27196300
2011-06-01,9.780624183778327,9.780624183778327,9.283305003558723,9.322310447692871,53891800
2011-06-02,9.410074325747521,9.419825921682495,9.107782291470306,9.176041603088379,45822100
2011-06-03,9.02001919633989,9.146787145289453,8.922505103313053,8.932256698608398,32043400
2011-06-06,8.942007848952672,9.195543734235946,8.79573764665408,8.815239906311035,49134700
2011-06-07,8.903003026429285,8.912754621925888,8.688472575320668,8.72747802734375,42494400
2011-06-08,8.62996613171152,8.649468395610123,8.278916081901972,8.288667678833008,56114500
2011-06-09,8.31792085984623,8.434937223564612,8.113141990848217,8.278915405273438,41172000
2011-06-10,8.395930283595357,8.434935731267359,8.171649191972143,8.230156898498535,46209900
2011-06-13,8.239906954428168,8.376426460772134,8.074133600283012,8.083885192871094,34694500
2011-06-14,8.19115161895752,8.347174342811272,7.996124376594388,8.19115161895752,35940800
2011-06-15,8.12289202639037,8.152145879208787,7.849853896837634,7.869356155395508,44050500
2011-06-16,7.918114061034967,7.927865656359945,7.61582158068554,7.67432975769043,54514800
2011-06-17,7.791345313844398,7.81084850249717,7.450047417108248,7.635323524475098,43133500
2011-06-20,7.635323664281223,7.908361800676947,7.6158209402529575,7.713334560394287,32936000
2011-06-21,7.80109728778082,7.976622274344133,7.6548266206386035,7.93761682510376,35254800
2011-06-22,7.947367594900129,8.113140988851857,7.898611480178202,7.9668707847595215,29105100
2011-06-23,7.849854300978393,8.239908791849523,7.742589083498017,8.220406532287598,56026400
2011-06-24,7.528058531163981,7.576815574253495,7.020987235955854,7.030738830566406,117825100
2011-06-27,7.069744449069895,7.2257662467380035,7.020987404807793,7.157506942749023,34482700
2011-06-28,7.157505703947063,7.196511146613132,7.079494818614924,7.167256832122803,28892000
2011-06-29,7.186761893354688,7.401292362847437,7.128253710306222,7.284275531768799,38048800
2011-06-30,7.342782461430293,7.420793353905358,7.2550199749050455,7.294025421142578,37962400
2011-07-01,7.274522904067785,7.65482624814626,7.186760415056749,7.635323524475098,30641400
2011-07-05,7.684079577180035,7.791344311075335,7.498803493658765,7.586565971374512,32206100
2011-07-06,7.537810814407061,7.547561944926825,7.294026506651311,7.372037410736084,24556000
2011-07-07,7.440297032355691,7.693832465453516,7.420794306732781,7.62557315826416,23411000
2011-07-08,7.498804844186712,7.59631846755435,7.420793945492601,7.489053249359131,20454000
2011-07-11,7.36228537689431,7.508555571615679,7.264771293771252,7.303776741027832,22304000
2011-07-12,7.206263403810385,7.264771576976097,7.0307388843132514,7.1282525062561035,28775500
2011-07-13,7.2160147171913325,7.567064207482157,7.186760399258094,7.303776741027832,30414100
2011-07-14,7.333030940233271,7.4012907043179075,7.0502412197108635,7.1087493896484375,31774800
2011-07-15,7.186760732878528,7.2647716310130726,7.079495980434346,7.225766181945801,23618600
2011-07-18,7.177008438043542,7.36228452352764,6.952726909824007,7.050240516662598,25876500
2011-07-19,7.098998490197459,7.342782771983364,7.098998490197459,7.333031177520752,29174400
2011-07-20,7.3427824383920655,7.411041736602783,7.216014506027024,7.411041736602783,29432900
2011-07-21,7.498805217831115,7.557313394766996,7.3037774963965205,7.459799766540527,82188200
2011-07-22,7.518307517588676,7.996124501322418,7.498804793048149,7.888859748840332,47025800
2011-07-25,7.703583992677044,7.762092169028719,7.567064914523134,7.6938323974609375,25080400
2011-07-26,7.6548263664908704,7.791345434299611,7.606069789049986,7.664577960968018,21586200
2011-07-27,7.606070419422747,7.606070419422747,7.196512717071754,7.245269298553467,45399600
2011-07-28,7.294025673209277,7.37203656838024,7.128252288480173,7.235517501831055,31674500
2011-07-29,7.118501125109531,7.342782680146725,7.040489765329177,7.186760425567627,44891200
2011-08-01,7.38178844319652,7.401291167730156,7.020987341851806,7.225766181945801,38046900
2011-08-02,7.13800503465454,7.196513215473632,6.845463665577392,6.86496639251709,35879400
2011-08-03,6.8942197241026255,6.9429763019503525,6.523667500548124,6.816208362579346,53044700
2011-08-04,6.640684711408438,6.689441760596458,6.211624259491584,6.240878582000732,50716700
2011-08-05,6.357894600992363,6.582176178258205,5.938585767400422,6.153115749359131,55675500
2011-08-08,5.850823458517422,6.036099590501608,5.509525516433574,5.568033695220947,55283000
2011-08-09,5.811817855208664,6.045850564286332,5.616790597643941,6.036099433898926,44655700
2011-08-10,5.831320930101872,5.88982911087433,5.568033884134969,5.577785015106201,57549800
2011-08-11,5.636293486547625,6.338392099085116,5.636293486547625,6.2116241455078125,57387100
2011-08-12,6.2506292083730415,6.377397154045349,6.00684491207167,6.026347637176514,29275400
2011-08-15,6.114110289729673,6.318889141082764,6.026347792012161,6.318889141082764,23301800
2011-08-16,6.250629950956551,6.3091381332219365,6.036099949316806,6.133613586425781,20070200
2011-08-17,6.192121101837378,6.250629277801789,5.919082947336796,5.958088397979736,29669900
2011-08-18,5.733807161802245,5.743558292546138,5.460768526248086,5.499773979187012,45540000
2011-08-19,5.363254410879953,5.519276208584155,5.070713075202938,5.119470119476318,49901300
2011-08-22,5.275492124812482,5.382757347446666,5.0902160002558565,5.1292219161987305,35010000
2011-08-23,5.187730722377965,5.519277095794678,5.138973670267005,5.519277095794678,33804900
2011-08-24,5.490023401041336,5.51927726119924,5.05121131383728,5.1682281494140625,64872300
2011-08-25,5.187729112595912,5.402259052354505,5.177977519207012,5.246237277984619,31593800
2011-08-26,5.29499549305134,5.694802111408765,5.24623890592209,5.519277095794678,48604800
2011-08-29,5.811817559762038,6.006844807412454,5.763060515358616,5.997093677520752,30866400
2011-08-30,5.870325617112842,5.938585384921485,5.704552227421586,5.802065849304199,34539300
2011-08-31,5.919082344591556,5.967838920439482,5.6850491995840615,5.763060092926025,33297600
2011-09-01,5.792313412256334,5.909329732104376,5.597285747528076,5.597285747528076,25641700
2011-09-02,5.460767202147508,5.480269923888045,5.3144965566027,5.363253593444824,22734400
2011-09-06,5.148724121095114,5.558281314777866,5.148724121095114,5.529027462005615,24119400
2011-09-07,5.675298619065356,5.9190829168175885,5.675298619065356,5.909331321716309,32666500
2011-09-08,5.880076918916857,6.465159086052372,5.8508226013183595,6.094606876373291,63001600
2011-09-09,6.0360996929885475,6.543171049403689,6.0360996929885475,6.192121505737305,54169600
2011-09-12,6.14336444103938,6.543170537414961,6.123861715971831,6.523667812347412,46726700
2011-09-13,6.708943450900042,6.7772027512407815,6.591927108903109,6.689440727233887,51199200
2011-09-14,6.777203215657757,7.167258180691519,6.75770049065515,7.020987510681152,68478100
2011-09-15,7.167258892573242,7.235518669353027,6.728447303939208,6.86496639251709,60702700
2011-09-16,6.913722770931755,6.981982076100857,6.767452100598241,6.855214595794678,68700200
2011-09-19,6.796705389913821,7.059992388605309,6.630932473315302,6.7089433670043945,57270300
2011-09-20,6.7479477303455955,6.91372108530785,6.669936849182541,6.679687976837158,32775800
2011-09-21,6.708943295475459,6.76745146511848,6.435904705493095,6.4456562995910645,48814200
2011-09-22,6.123861390246425,6.328639760072802,6.0653527531741815,6.270131587982178,46336300
2011-09-23,6.240877771646948,6.601678400848348,6.143364150914357,6.484662055969238,34163100
2011-09-26,6.513915961442509,6.5236675560840425,6.211623502279357,6.416402339935303,31674900
2011-09-27,6.513915992824488,6.572424166010686,6.250628980995786,6.299386024475098,32075400
2011-09-28,6.338391975734287,6.338391975734287,5.9483369919235365,5.96783971786499,34898500
2011-09-29,5.977591685046158,6.045850997595156,5.4705203140541885,5.724055767059326,50176800
2011-09-30,5.30474642100246,5.363254597173832,4.88543759261681,4.91469144821167,63504100
2011-10-03,4.836680457625751,4.904940227726785,4.212592791636453,4.222343921661377,56806200
2011-10-04,4.0955758939564815,4.407619953155518,3.8712945606127227,4.407619953155518,57671800
2011-10-05,4.388116658841399,4.856182454383744,4.251597604094507,4.82692813873291,53137900
2011-10-06,4.826929769128856,4.8756868233551,4.651405210881496,4.836681365966797,35914300
2011-10-07,4.817177010170347,4.904939492141279,4.719663399636852,4.82692813873291,29683000
2011-10-10,5.080465290739144,5.14872506806496,4.963448928164908,5.031708240509033,26958200
2011-10-11,5.03170664769455,5.1584745661784,4.992701205850526,5.070712089538574,23823400
2011-10-12,5.148723438208167,5.168226159130179,5.051209368616562,5.070712089538574,25595000
2011-10-13,4.982951535391653,5.4412658436064625,4.973199939587537,5.382757663726807,37580700
2011-10-14,5.451017608061791,5.558282375335693,5.304746921346284,5.558282375335693,31319900
2011-10-17,5.490022758730761,5.538779341616849,5.275492306090628,5.304746627807617,29637900
2011-10-18,5.324249138914179,5.655795935067889,5.265740962824992,5.626541614532471,31427300
2011-10-19,5.597286875277246,5.704552089240657,5.373005782870792,5.392508506774902,27546700
2011-10-20,5.382756663091896,5.499773001098295,5.2364860080931,5.451016426086426,23439600
2011-10-21,5.529028121329719,5.704552653838944,5.26574109007505,5.324249267578125,39296000
2011-10-24,5.314498220899383,5.538779823642719,5.314498220899383,5.519277095794678,34548800
2011-10-25,5.470519562221847,5.499773416441904,5.343751620650586,5.3535027503967285,26533800
2011-10-26,5.392508267891122,5.470519160051741,5.080464234267051,5.3339996337890625,50102800
2011-10-27,5.558282375335693,5.616791022007252,5.353503506930323,5.558282375335693,53855400
2011-10-28,5.538778899196272,5.753309334700374,5.50952504479766,5.733806610107422,21809600
2011-10-31,5.626540933096025,5.646043656097091,5.4315137030853595,5.451016426086426,23699700
2011-11-01,5.2559899910731955,5.32424977043113,5.15847635269165,5.15847635269165,30226500
2011-11-02,5.26574192386668,5.392509894353619,5.207233737099262,5.2949957847595215,22570800
2011-11-03,5.37300613270579,5.724055185836474,5.226735461410515,5.694801330566406,32490000
2011-11-04,5.529027952370464,5.802066105707824,5.441265456306919,5.743557929992676,20811200
2011-11-07,5.665546251652632,5.763059864464412,5.548529916278496,5.704551696777344,24821000
2011-11-08,5.743557369590534,5.811817133755555,5.607038306242098,5.763060092926025,23164100
2011-11-09,5.577785458082022,5.577785458082022,5.197482020367315,5.216984748840332,36730300
2011-11-10,5.36325446710362,5.412011511888127,4.934194053937534,5.051210403442383,53084800
2011-11-11,5.129222821409372,5.304747381711625,5.129222821409372,5.2949957847595215,19289000
2011-11-14,5.265741802513738,5.294995662732403,5.090216781274855,5.216984748840332,22943600
2011-11-15,5.177978591329606,5.568033572998436,5.129222009234541,5.324249267578125,41898700
2011-11-16,5.314497864351712,6.669938986290575,5.314497864351712,6.57242488861084,72164600
2011-11-17,6.738198410118075,6.825960913514544,6.123862281287847,6.172618865966797,96098100
2011-11-18,6.201873364892913,6.367646780469021,5.997094494473216,6.133613586425781,43618300
2011-11-21,5.928833210808875,6.006844100690847,5.714303263633451,5.938584804534912,41397000
2011-11-22,5.909331151936159,6.201872486826533,5.860574572775519,5.948336601257324,38105400
2011-11-23,5.880077780401945,5.889828911042338,5.5290282426960315,5.568033695220947,39724000
2011-11-25,5.519275367369119,5.714303049756051,5.324248149963751,5.363253593444824,18263700
2011-11-28,5.607037832362718,5.71430303413319,5.412010615490553,5.480269908905029,22267700
2011-11-29,5.490022848443119,5.607039207259897,5.42176307330916,5.499773979187012,20816100
2011-11-30,5.714304589537936,5.870326405504016,5.626542085566172,5.841072082519531,19709400
2011-12-01,5.811817700817839,5.831320426056222,5.607038853323996,5.743557929992676,22135000
2011-12-02,5.841071220824606,5.860574409924878,5.5387787644947055,5.655795574188232,27340600
2011-12-05,5.7240559052030395,5.743558632827957,5.5387797602754665,5.587536811828613,26033700
2011-12-06,5.607037955983964,5.6265406781011675,5.3632536970281395,5.509524345397949,31710700
2011-12-07,5.480270901874582,5.928834046937221,5.421762726211844,5.909331321716309,31511900
2011-12-08,5.821569388437385,5.9483373471173815,5.6362937134210105,5.675299167633057,32613800
2011-12-09,5.694801349387542,5.841071556184589,5.646044303800761,5.743557929992676,23982100
2011-12-12,5.5777850671212486,5.704553025801245,5.49002302763499,5.675299167633057,19996300
2011-12-13,5.655796150012457,5.802066363303497,5.4315145673227505,5.47052001953125,20509300
2011-12-14,5.499773591754646,5.587536087175626,5.177978395186578,5.314497470855713,36992800
2011-12-15,5.392508422944484,5.441264999455995,5.343751381451366,5.41201114654541,17193800
2011-12-16,5.451017694135442,5.558282463103096,5.373006783983802,5.5387797355651855,23098300
2011-12-19,5.558281767041418,5.5972872172326,5.30474634079874,5.314497470855713,31607800
2011-12-20,5.451015622530572,5.675297136471406,5.441264029976763,5.646042823791504,19290700
2011-12-21,5.743557739503277,5.753309334289874,5.382757102068596,5.402259826660156,26623100
2011-12-22,5.56803440726465,6.387149945000229,5.548531678508171,6.2506303787231445,67720600
2011-12-23,6.328640619564813,6.377397668752833,6.094607899418356,6.240878582000732,23493200
2011-12-27,6.192120493398943,6.24087753440257,6.045849835369663,6.094606876373291,13530400
2011-12-28,6.104358326192317,6.17261762400507,5.909330631772015,6.016595840454102,19365100
2011-12-29,6.026346089545221,6.143362875104744,5.9873406493525545,6.114108562469482,13894400
2011-12-30,6.1043597277839385,6.211624496112961,6.094608131582191,6.133613586425781,15259600
2012-01-03,6.474910245583855,6.786954286508737,6.426153669333521,6.5919270515441895,42035300
2012-01-04,6.533418630125021,6.874716999967211,6.435905009447947,6.816208362579346,43038500
2012-01-05,6.786954976352511,7.147755630200445,6.728446799916224,6.981982231140137,53469800
2012-01-06,6.991733655668065,7.1380043256784305,6.874717305652428,7.020987510681152,33006500
2012-01-09,7.0502412197108635,7.15750643042055,6.942976009001177,7.1087493896484375,28692200
2012-01-10,7.216015257601831,7.255020707779545,7.030739136766865,7.06974458694458,26672800
2012-01-11,7.0892471948587445,7.10874991962525,6.962479251385636,7.04049015045166,20210400
2012-01-12,7.040490182088909,7.138004271341267,6.94297655781819,7.089247226715088,30026700
2012-01-13,7.040488923487961,7.108748680765752,6.913721467088572,7.050240516662598,29225000
2012-01-17,7.118501774473128,7.196512676388178,6.962479505661374,6.981982231140137,30684100
2012-01-18,7.069744788652996,7.557313394766996,7.030739337362409,7.459799766540527,48911100
2012-01-19,7.537809940055472,7.7425887720154245,7.48905289816725,7.684080600738525,43923400
2012-01-20,7.635324067326802,7.781594737750791,7.489053396902813,7.5670647621154785,38677500
2012-01-23,7.596318855017244,7.8596063490117345,7.576816129348947,7.67432975769043,33180100
2012-01-24,7.654825280235238,7.771841607466135,7.57681439541464,7.752338886260986,29248700
2012-01-25,7.801097028776758,7.840102476722112,7.596318194572839,7.664577960968018,30951100
2012-01-26,7.576815580834291,7.606069899709732,7.264771527749948,7.362285614013672,42242300
2012-01-27,7.284274749731499,7.430545424139947,7.157507265893722,7.245269298553467,29119800
2012-01-30,7.157507424502957,7.4012917322587075,7.108750376959141,7.372037410736084,21759000
2012-01-31,7.411041736602783,7.489052628833087,7.333030844372479,7.411041736602783,21798900
2012-02-01,7.54756133803564,7.645075425282272,7.411042266864636,7.508555889129639,26899200
2012-02-02,7.53781107841744,7.615821985234531,7.489054029165917,7.528059482574463,20660800
2012-02-03,7.684079594533738,7.771841607466135,7.54756008111614,7.752338886260986,15179500
2012-02-06,7.508555056023816,7.684080021607215,7.489052333734725,7.537809371948242,32638600
2012-02-07,7.537809940055472,7.723086048256459,7.508555621926217,7.684080600738525,20245400
2012-02-08,7.742589216174532,8.025378494411145,7.693832171489327,7.9668707847595215,42113700
2012-02-09,7.996124436803439,7.996124436803439,7.791345598289399,7.957118988037109,27434500
2012-02-10,7.8888595416303,7.908361800676947,7.606069810729633,7.713334560394287,26191000
2012-02-13,7.820601472596745,7.820601472596745,7.508556909001123,7.65482759475708,24807300
2012-02-14,7.723086036357117,8.152145958393302,7.723086036357117,8.132643699645996,41142100
2012-02-15,8.191151165601527,8.337422286750638,8.064384162554106,8.074134826660156,33448200
2012-02-16,8.171649592773093,8.288665941528492,8.093638693602829,8.24966049194336,18749000
2012-02-17,8.23015719708693,8.366676733873456,8.132644039350778,8.220406532287598,18917300
2012-02-21,8.220405029531946,8.24965887850863,7.957117598852531,8.005874633789062,18768100
2012-02-22,8.00587557605714,8.035129428476914,7.810848343319972,7.840102195739746,19381700
2012-02-23,7.830351544813883,7.830351544813883,7.547561790790866,7.62557315826416,31618800
2012-02-24,7.693830722645537,7.869355213491883,7.654825280235238,7.752338886260986,17292600
2012-02-27,8.142395800097603,8.571455748802311,8.103390350215356,8.347174644470215,59879300
2012-02-28,8.58120788347601,8.932256954495344,8.551954026715233,8.659218788146973,71856200
2012-02-29,8.844493178108417,8.87374796061146,8.298416924203124,8.337422370910645,48164700
2012-03-01,8.37642809869983,8.620212381293127,8.317919461693613,8.493444442749023,33725100
2012-03-02,8.522699985029519,8.688473404437751,8.395932021366551,8.434937477111816,24787200
2012-03-05,8.347175224551938,8.376429081505782,7.966871364298599,7.996125221252441,30167800
2012-03-06,7.771844498367102,7.840104280466562,7.5865688104917695,7.801098823547363,37490200
2012-03-07,7.8401027049981975,8.044881545164554,7.645075459592921,7.888859748840332,32056600
2012-03-08,7.927865133953176,8.035129885569768,7.81084878765419,7.957118988037109,18794500
2012-03-09,7.957118989972706,8.152146233851791,7.918113541196889,8.122892379760742,25549500
2012-03-12,8.054631471085795,8.093636912085309,7.810847232348062,7.879106521606445,19889300
2012-03-13,8.035131081702628,8.288667001407484,7.996125627129835,8.278915405273438,31182100
2012-03-14,8.464191378354696,8.62996478037046,8.308169571742996,8.366677284240723,34004800
2012-03-15,8.415433984811559,8.668969875098478,8.249660589621135,8.610461235046387,34668100
2012-03-16,8.649466961770289,8.668970152399277,8.454439705296979,8.600709915161133,33081100
2012-03-19,8.542200859246613,8.581206304404503,8.395929742432147,8.415432929992676,26237300
2012-03-20,8.366674695719588,8.415431727691896,8.239906784576803,8.35692310333252,18186300
2012-03-21,8.522698402404785,8.756731093417613,8.493444548518994,8.522698402404785,30788500
2012-03-22,8.512946701775604,8.551953079755238,8.269162419182306,8.493444442749023,33388600
2012-03-23,8.27891411051174,8.39593045592962,8.044881419675983,8.19115161895752,47816200
2012-03-26,8.210657164092867,8.230159428943422,7.908364154219409,8.044883728027344,35598900
2012-03-27,8.12289297891911,8.434936592142511,8.103390718074307,8.366677284240723,39442300
2012-03-28,8.298417264070139,8.532449953900224,8.239908626630998,8.425185203552246,35128600
2012-03-29,8.395928918889526,8.542200021356503,8.200901712229964,8.210653305053711,45879200
2012-03-30,8.31791990141466,8.32767149642508,7.879108355541904,7.898611545562744,50946900
2012-04-02,7.966870850709112,8.044881750865901,7.762092005306721,7.898611545562744,27362500
2012-04-03,7.830351045069913,7.888859683186196,7.7230862934805256,7.791345596313477,26508300
2012-04-04,7.557312621668178,7.6060696632844875,7.26477130193354,7.469550132751465,52000600
2012-04-05,7.459799064988203,7.586567002251625,7.391539299158294,7.4012908935546875,19809500
2012-04-09,7.255019310612236,7.284273160121011,7.147754110789768,7.167256832122803,17380900
2012-04-10,7.138003817631795,7.2355174357043035,6.855214092730714,6.972230434417725,23149500
2012-04-11,7.050242205984961,7.2452694663930055,6.972231301821744,6.991734027862549,22609600
2012-04-12,7.098998370402791,7.36228537168937,6.933224987188721,6.972230434417725,57618700
2012-04-13,6.894220100858167,6.923473956169144,6.757700559468119,6.786954879760742,97311100
2012-04-16,6.874717643229011,7.020987855440198,6.777203548446001,6.942976951599121,56312600
2012-04-17,6.972230291410639,7.14775480034098,6.913722121767192,7.05999231338501,40078800
2012-04-18,6.981982869193813,7.05024264709828,6.864966505627611,6.89422082901001,28851500
2012-04-19,6.894220131891133,7.128252835358989,6.786954910310876,6.83571195602417,31230600
2012-04-20,6.630933000856533,6.66993845080426,6.474910736083984,6.474910736083984,50173100
2012-04-23,6.387148047511073,6.58217527713732,6.299385561688466,6.465158939361572,35940900
2012-04-24,6.494412814144437,6.572423706269166,6.338391029894979,6.348142623901367,28535200
2012-04-25,6.474910285486481,6.523667327018893,6.240877602086762,6.357893943786621,31170000
2012-04-26,6.338391359479375,6.513915875886959,6.338391359479375,6.4359049797058105,24063100
2012-04-27,6.484661432296137,6.513915283211566,6.328639189148068,6.406650543212891,23209100
2012-04-30,6.406650936352973,6.513915682933882,6.348142765950222,6.426153659820557,19132600
2012-05-01,6.406650794580588,6.660186194048709,6.357893754499767,6.513915538787842,29565100
2012-05-02,6.4846620598572615,6.69919202559759,6.4846620598572615,6.650435447692871,28171600
2012-05-03,6.738198268239106,6.796706447610914,6.260381237545175,6.30913782119751,34534500
2012-05-04,6.484663936641525,6.718696694273566,6.387150287628174,6.387150287628174,34523000
2012-05-07,6.435905407562376,6.5821760801168585,6.240878154144166,6.3383917808532715,36590900
2012-05-08,6.270132161036154,6.270132161036154,5.938585822221188,6.084856033325195,35849500
2012-05-09,5.9775921664690745,6.279884694196679,5.88982965471593,6.201873779296875,36700200
2012-05-10,6.289635405800142,6.3091381332219365,6.055602676738601,6.133613586425781,25417400
2012-05-11,6.084856941965439,6.250630368618387,6.0653542132404885,6.201873779296875,18440800
2012-05-14,6.055601119995117,6.114109287219517,5.948335914259594,6.055601119995117,30453100
2012-05-15,6.01659720679978,6.026348337995363,5.811818336893859,5.870326519012451,44146400
2012-05-16,5.958088227990668,6.367645913038179,5.870325734057163,5.997093677520752,54051400
2012-05-17,6.0068446877485,6.094607179933666,5.763060400551153,5.802065849304199,32690400
2012-05-18,5.850823827221998,5.8605754234585845,5.451017681155973,5.490023136138916,33622900
2012-05-21,5.509525925483454,5.665547747166819,5.490023197773033,5.636293888092041,27203500
2012-05-22,5.665547326533237,5.6948016484177595,5.490022790171116,5.568033695220947,25413200
2012-05-23,5.490023087683094,5.6557965023883146,5.451017633044419,5.607039451599121,25617400
2012-05-24,5.6070373400061735,5.685048219904869,5.529026460107479,5.597285747528076,22189900
2012-05-25,5.6167908563173405,5.860575171991218,5.607039260499178,5.8118181228637695,21177100
2012-05-29,5.8898288140991735,5.997094039268004,5.870326088157719,5.96783971786499,20990400
2012-05-30,5.889829132499776,5.8995807284885,5.743558447540732,5.841072082519531,25220500
2012-05-31,5.841071536880035,5.841071536880035,5.597287239715126,5.694801330566406,30707900
2012-06-01,5.558281767041418,5.607038812271217,5.2657408906075585,5.314497470855713,30331900
2012-06-04,5.333999971811298,5.42176246354441,5.168227047955543,5.255989074707031,18704000
2012-06-05,5.275492559812114,5.509525749858693,5.2559898327233725,5.460768699645996,31258900
2012-06-06,5.52902854232177,5.665547633557135,5.499774218851915,5.607039451599121,35081500
2012-06-07,5.724054697092639,5.743557420601342,5.499773144251758,5.529027462005615,33187500
2012-06-08,5.50952504479766,5.753309334700374,5.499773450010368,5.733806610107422,19022300
2012-06-11,5.8215691366329,5.889828911042338,5.558282099598882,5.568033695220947,21462000
2012-06-12,5.577784184468541,5.792314613668265,5.577784184468541,5.7728118896484375,21282500
2012-06-13,5.763060069146503,5.841070962166579,5.665546452871408,5.714303493499756,31202500
2012-06-14,5.704551839038494,5.743557285135931,5.50952460855131,5.616789817810059,32597900
2012-06-15,5.626541578562379,5.753309525102691,5.548530677608848,5.743557929992676,27553500
2012-06-18,5.665546592643098,5.850822700627426,5.665546592643098,5.792314529418945,19383900
2012-06-19,5.870325702614994,5.997093645399598,5.831320253293828,5.948336601257324,22652800
2012-06-20,5.96783971786499,6.045850621630808,5.850823362216264,5.96783971786499,30272100
2012-06-21,5.772811326470976,5.821567899273198,5.470518901163543,5.509524345397949,51272200
2012-06-22,5.538777587604055,5.6070373400061735,5.392507420284764,5.597285747528076,33486500
2012-06-25,5.519275724099361,5.587535487093891,5.412010980084292,5.451016426086426,19795900
2012-06-26,5.470520408647444,5.548531318613332,5.38275790244497,5.490023136138916,17684200
2012-06-27,5.490022976438358,5.597287742030353,5.421763199712981,5.577785015106201,13836100
2012-06-28,5.490023528534135,5.831321516519756,5.460769202715146,5.821569919586182,34680300
2012-06-29,5.948336897725898,6.162867344666264,5.919083041767812,6.153115749359131,32253900
2012-07-02,6.5626748558522054,6.650437372455099,6.289636173633067,6.387150287628174,51141600
2012-07-03,6.416401777392127,6.75769965523566,6.406650648587127,6.71869421005249,46397000
2012-07-05,6.669938447745818,6.73819775263222,6.494413458079892,6.640684127807617,21914500
2012-07-06,6.533419046624478,6.582176092562042,6.3871488387750865,6.552921772003174,22702200
2012-07-09,6.543169928038817,6.650435138411375,6.260380208405201,6.328639507293701,19842000
2012-07-10,6.2701320225525246,6.318889068498108,5.909331370496489,6.006844997406006,36372300
2012-07-11,6.045849526300261,6.094606564811383,5.8703250246270615,6.055601119995117,33358600
2012-07-12,5.987342167780597,6.0263476178652935,5.792314917357116,5.977591037750244,38542700
2012-07-13,5.977591037750244,6.084855792992338,5.889828542568856,5.977591037750244,25684400
2012-07-16,5.9385859022349905,5.948337032781865,5.704552724348332,5.850823402404785,27492500
2012-07-17,5.870325914061575,5.928834090150763,5.597287293997052,5.626541614532471,35517600
2012-07-18,5.558281789367272,5.811817681609968,5.538779064193346,5.694801330566406,24954300
2012-07-19,5.753310254354565,5.8605754892527315,5.616791160381621,5.636293888092041,23679200
2012-07-20,5.831320199951153,5.977590866058312,5.65579567961154,5.685049533843994,44481200
2012-07-23,5.568032388988285,5.65579486907154,5.431513337177769,5.480269908905029,42241400
2012-07-24,5.5387797602754665,5.616791135756842,5.421763394525958,5.587536811828613,32284100
2012-07-25,5.568033384445059,5.782563361358255,5.568033384445059,5.694801330566406,27639700
2012-07-26,5.772812669554484,5.928834482791627,5.743558347081679,5.8118181228637695,22586300
2012-07-27,5.889828621093366,6.143364515005731,5.841071575346635,6.123861789703369,23951500
2012-07-30,6.045850429435528,6.084855880078468,5.860574771372386,5.958088397979736,27533800
2012-07-31,6.065352248708393,6.338390827403838,6.026346803892127,6.055601119995117,51573800
2012-08-01,6.153114002662148,6.260379195682742,6.016594961987817,6.114108562469482,23396400
2012-08-02,6.036099317969686,6.143364540060979,5.919082965678267,6.006844997406006,17632000
2012-08-03,6.162867735023681,6.289635227174299,6.084856362570327,6.172618865966797,22472200
2012-08-06,6.2311255777940096,6.474909838669943,6.1628662823369575,6.406650543212891,26896900
2012-08-07,6.53341863776198,6.806457240958564,6.504164784015473,6.650435447692871,43058500
2012-08-08,6.582175151911394,6.767451249022245,6.474909945166883,6.71869421005249,31848700
2012-08-09,6.650435722780898,6.747949347605501,6.533418908009733,6.640684127807617,20530400
2012-08-10,6.582175457305159,6.679689074787433,6.484661839822885,6.5919270515441895,22000700
2012-08-13,6.591927687742215,6.611430413120911,6.435905419731,6.552921772003174,15999100
2012-08-14,6.601680315457545,6.611431912849758,6.309138903435737,6.387150287628174,27521900
2012-08-15,6.396899271163802,6.426153588531445,6.260380208405201,6.328639507293701,34554600
2012-08-16,6.387148129948044,6.504164469234086,6.348142683519363,6.4456562995910645,15837900
2012-08-17,6.445655987754513,6.52366687683776,6.348142376400456,6.406650543212891,14958900
2012-08-20,6.377396547912573,6.43590471766626,6.240877485153972,6.328639507293701,16021800
2012-08-21,6.309137154181983,6.465159414326805,6.250628980995786,6.299386024475098,24481500
2012-08-22,6.2798829319195,6.318888378423591,6.10435842265109,6.162866592407227,26041200
2012-08-23,6.133614443172374,6.14336604073623,6.006846464732837,6.104360580444336,18181300
2012-08-24,6.0751041878361836,6.153115081904448,5.919082399699655,6.143363952636719,19076600
2012-08-27,6.143364966341043,6.153116097217787,5.997094283336412,6.0751051902771,13222300
2012-08-28,6.084855726606166,6.143364366076519,6.026347552117449,6.0458502769470215,14263800
2012-08-29,6.065353001776593,6.133612771170915,6.016596422193482,6.0458502769470215,16111300
2012-08-30,6.055601957324601,6.104359002577533,5.967839461861981,6.026347637176514,18488300
2012-08-31,6.065352248708393,6.1433636033225065,6.01659567517885,6.055601119995117,20650100
2012-09-04,6.05560113935787,6.065352268102327,5.919082082064419,5.938584804534912,18706900
2012-09-05,5.958088530873036,6.055602159655399,5.870326032478081,6.036099433898926,29149500
2012-09-06,6.240877416283712,6.533418261823851,6.231125822274909,6.513915538787842,45887300
2012-09-07,6.38714868942217,6.406651414344826,6.094607350600681,6.260380744934082,63824900
2012-09-10,6.26038197559225,6.328641293749061,6.1921221924537075,6.2506303787231445,21166500
2012-09-11,6.279884694196679,6.31889015164658,6.133613996268681,6.201873779296875,29081200
2012-09-12,6.221375784630637,6.318889416916982,6.2116241889111645,6.30913782119751,16725000
2012-09-13,6.309137040920635,6.494413151841672,6.260380463298226,6.4359049797058105,30512400
2012-09-14,6.4749104827629615,6.630932741431376,6.455407758552112,6.533418655395508,20525400
2012-09-17,6.52366687683776,6.572423450024001,6.348142376400456,6.406650543212891,20437100
2012-09-18,6.377397317900552,6.406651638800275,6.240878238659044,6.318889141082764,18295100
2012-09-19,6.3871484352366465,6.5529213579912415,6.3871484352366465,6.484662055969238,24783700
2012-09-20,6.416402651189427,6.435905376436929,6.231126528847339,6.289634704589844,37495900
2012-09-21,6.338392880371531,6.357895609096482,6.143365593122022,6.201873779296875,26892900
2012-09-24,6.09460898288048,6.104360580444336,5.958089871858852,6.104360580444336,38107000
2012-09-25,6.192121101837378,6.2018726969889375,5.938585672658267,5.958088397979736,36271200
2012-09-26,5.948336319308228,5.948336319308228,5.724054763851578,5.792314529418945,33656700
2012-09-27,5.860575387816868,5.91908356993546,5.753310154775267,5.870326519012451,38639200
2012-09-28,5.899580054980449,6.084855707797879,5.821568690921656,5.831320285797119,41019800
2012-10-01,5.919082959960057,5.948336815513825,5.57778456863399,5.626541614532471,40669400
2012-10-02,5.665547010314693,5.704552460662547,5.597287239715126,5.694801330566406,20219900
2012-10-03,5.73380678091426,5.753309506088187,5.62654155996684,5.694801330566406,14783500
2012-10-04,5.694801160921518,5.743557739913082,5.626541392355371,5.733806610107422,14778900
2012-10-05,5.763060655231058,5.880077471643002,5.70455247951591,5.743557929992676,17263600
2012-10-08,5.685048974214988,5.753308735674025,5.655795122862246,5.704551696777344,11144500
2012-10-09,5.685049115989775,5.714303433053651,5.558281183682308,5.616789817810059,16388700
2012-10-10,5.646043669892339,5.655795263907495,5.499773014536153,5.616789817810059,16794300
2012-10-11,5.626542178918459,5.646044906237797,5.52902854232177,5.607039451599121,23649500
2012-10-12,5.616789950285579,5.655795397302984,5.49002201498821,5.529027462005615,20027100
2012-10-15,5.616790933936193,5.616790933936193,5.499774107409591,5.577785015106201,15011600
2012-10-16,5.577785239979073,5.655796615802462,5.529028653193874,5.636293888092041,16460300
2012-10-17,5.607039564035557,5.70455320258766,5.529028653193874,5.636293888092041,16544400
2012-10-18,5.6362922716505555,5.675297715884962,5.509524345397949,5.509524345397949,16866700
2012-10-19,5.616790407309834,5.6265415373668075,5.30474634079874,5.314497470855713,23348000
2012-10-22,5.324249353958386,5.334000484542937,5.21698412763832,5.304746627807617,26365300
2012-10-23,5.2169835425865525,5.353502610332186,5.158475370695567,5.275491714477539,36240300
2012-10-24,5.334000955312112,5.3632552796110335,5.031708440804568,5.041460037231445,35474400
2012-10-25,5.070713992873203,5.568034260530121,5.0512112646306795,5.548531532287598,46181100
2012-10-26,5.460767566040865,5.548530052212359,5.275491464668598,5.3339996337890625,28145300
2012-10-31,5.402261026323988,5.509526267888455,5.2462391949442075,5.2949957847595215,18546200
2012-11-01,5.382755869598483,5.655794416345313,5.3730047420261995,5.646042823791504,20757200
2012-11-02,5.675298922155301,5.72405550532061,5.509525516433574,5.568033695220947,24445700
2012-11-05,5.558281789367272,5.73380678091426,5.490022483749351,5.694801330566406,20052000
2012-11-06,5.733805986103944,5.938584804534912,5.714303263633451,5.938584804534912,46489800
2012-11-07,5.7923144104200635,5.870325303762027,5.616789900400644,5.763060092926025,39729900
2012-11-08,5.724056086470306,5.782564271197875,5.519277207432953,5.548531532287598,30618500
2012-11-09,5.548529667301068,5.65579486907154,5.451016058864986,5.480269908905029,22103800
2012-11-12,5.490022920162955,5.548531100335675,5.363254963964553,5.431514739990234,19265200
2012-11-13,5.3339987953792205,5.665545499930195,5.324247667882645,5.597285747528076,29127300
2012-11-14,5.6460435316532,5.675297848000805,5.382756544451087,5.421761989593506,21264400
2012-11-15,5.499773012121175,5.499773012121175,5.275491464668598,5.3339996337890625,19620000
2012-11-16,5.343751227799937,5.382756673880247,5.197480572507979,5.3339996337890625,25895300
2012-11-19,5.4217625512517165,5.529027768996114,5.373005972263632,5.402259826660156,28105900
2012-11-20,5.34375109930867,5.451016305941111,5.314496782961064,5.421761989593506,17348700
2012-11-21,5.392509259530923,5.4217631169799105,5.324249483847152,5.382757663726807,17426100
2012-11-23,5.431514966597532,5.568034059362902,5.402260642799815,5.5387797355651855,13674700
2012-11-26,5.538779648105739,5.646044880361337,5.480271466415876,5.558282375335693,29431300
2012-11-27,5.568034059362902,5.636293838236439,5.509525876749172,5.5387797355651855,34241300
2012-11-28,5.480270941818678,5.646044339895533,5.441265491092553,5.626541614532471,24166600
2012-11-29,5.655795347071626,5.772811687084572,5.597286712083551,5.763060092926025,25011800
2012-11-30,5.733807872092683,5.831321516519756,5.7045535462736945,5.821569919586182,20270200
2012-12-03,5.8703252189287705,5.8800768129463945,5.753308880606851,5.782562732696533,15082300
2012-12-04,5.850823230938079,5.899580277188558,5.772812328922636,5.889828681945801,20645500
2012-12-05,5.89958015648585,6.0458503622813575,5.870325836337762,6.026347637176514,18644200
2012-12-06,5.997094904888918,6.26038197559225,5.948337850506856,6.2506303787231445,30376200
2012-12-07,6.260380660046381,6.348143153499139,6.1921208912518315,6.27988338470459,22046900
2012-12-10,6.289633806820066,6.5626723862937535,6.270131084356344,6.504164218902588,32458100
2012-12-11,6.533419076636779,6.669938619896423,6.46515976998861,6.601678848266602,24442700
2012-12-12,6.689441608205284,6.689441608205284,6.474911154643203,6.543170928955078,28353700
2012-12-13,6.572424274726483,6.630932913862111,6.455407926418497,6.494413375854492,24047400
2012-12-14,6.572422782747195,6.718693417418685,6.52366621451105,6.679687976837158,23368900
2012-12-17,6.679688978163148,6.728446018689799,6.377396535850074,6.4456562995910645,34772400
2012-12-18,6.455407758552112,6.543170249991744,6.387148456304952,6.533418655395508,28810700
2012-12-19,6.543170232331897,6.69919202559759,6.53341863776198,6.650435447692871,25576000
2012-12-20,6.669938533567586,6.6991923889005545,6.562673312389526,6.621181488037109,19997000
2012-12-21,6.318888378423591,6.328639507558814,6.026347064661307,6.162866592407227,58144400
2012-12-24,6.221375873281731,6.221375873281731,6.026348140948328,6.0751051902771,6840000
2012-12-26,6.075104682429446,6.18236990299691,6.0165965071149135,6.026347637176514,10342300
2012-12-27,6.02634652006402,6.104357871003963,5.919081784362017,6.065351963043213,18455400
2012-12-28,6.006844892822945,6.123861708058677,5.958088312707896,5.977591037750244,15127400
2012-12-31,5.987340613719257,6.201870998483682,5.958086766239623,6.182368278503418,18787600
2013-01-02,6.435904622426839,6.504164385286821,6.289633967716357,6.465158939361572,29556500
2013-01-03,6.474910599325212,6.796705787088034,6.445656744973118,6.7284464836120605,39091500
2013-01-04,6.777203284669319,6.786954879760742,6.679689658663317,6.786954879760742,18802700
2013-01-07,6.884467581735033,7.098997995135658,6.855213730350502,7.001483917236328,31133300
2013-01-08,6.962478038017089,7.108748680765752,6.884467152546217,7.050240516662598,30791800
2013-01-09,7.069744333090392,7.196512274106913,7.059992738405293,7.1282525062561035,20647500
2013-01-10,7.186760459858395,7.255020225623795,7.098998435281868,7.235517501831055,18685600
2013-01-11,7.206263624248927,7.372037019113574,7.118501594306546,7.352534294128418,25837200
2013-01-14,7.313528121314904,7.498804222852673,7.274522675199752,7.411041736602783,31488200
2013-01-15,7.352533567430056,7.43054445966036,7.2452683581225905,7.411041736602783,20793800
2013-01-16,7.440296006767503,7.557312344375149,7.401290560898288,7.479301452636719,18978000
2013-01-17,7.50855567084069,7.67432905636264,7.50855567084069,7.61582088470459,28642800
2013-01-18,7.615821495658704,7.7913460247137305,7.596318770208145,7.6938323974609375,33156900
2013-01-22,7.645075798034668,7.732837829861387,7.508556255225727,7.645075798034668,23287200
2013-01-23,7.684079577180035,7.703582298341139,7.489051900587438,7.586565971374512,23846100
2013-01-24,7.528058311792898,7.693831695488585,7.508555588121736,7.635323524475098,18816000
2013-01-25,7.693832483358727,7.879108609698374,7.635324306353837,7.67432975769043,30082500
2013-01-28,7.693832465453516,7.791346093568063,7.586567707018341,7.62557315826416,20638000
2013-01-29,7.61582113831821,7.625572733076762,7.352534124598484,7.391539573669434,35140300
2013-01-30,7.39153999429117,7.5378106691217015,7.362286138314059,7.459799766540527,21175000
2013-01-31,7.450048314820858,7.508556492884438,7.3525346847148905,7.372037410736084,25680800
2013-02-01,7.459799011434634,7.645075118801484,7.459799011434634,7.635323524475098,18710800
2013-02-04,7.60607021223099,7.810849057828246,7.537810442038023,7.5670647621154785,27028200
2013-02-05,7.625573176010517,7.73283793469532,7.479302501007464,7.67432975769043,21156900
2013-02-06,7.508554638705841,7.859604550361635,7.508554638705841,7.752338886260986,46545300
2013-02-07,7.7815936330526725,7.840101799919946,7.440295760502785,7.537809371948242,58974800
2013-02-08,7.586567284689731,7.615821139004765,7.469550472484702,7.557312965393066,24731700
2013-02-11,7.567064362673102,7.752340008450819,7.528058449634951,7.713334560394287,20221800
2013-02-12,7.713334762356426,7.781594530733446,7.654826588739679,7.723086357116699,19868600
2013-02-13,7.752338886260986,7.7815932005594854,7.654825280235238,7.752338886260986,15371200
2013-02-14,7.703582037108631,7.888858114347092,7.664576596109117,7.879106521606445,24535600
2013-02-15,7.908361800676947,8.015627480304838,7.693831836366021,7.713334560394287,40145400
2013-02-19,7.703584663532241,7.91811466217041,7.684081936383317,7.91811466217041,24703800
2013-02-20,7.996124180881987,8.04488122277021,7.66457787697956,7.684080600738525,32447700
2013-02-21,7.625572787055459,7.684080961076042,7.450047800012076,7.489053249359131,37865800
2013-02-22,7.567063239417876,7.830349742226397,7.528057332169764,7.82059907913208,28722100
2013-02-25,7.918113308905345,8.01562739296577,7.684080623116196,7.732837200164795,36297900
2013-02-26,7.781593404700178,7.879107013284077,7.654825481050327,7.762090682983398,25972800
2013-02-27,7.771841873825785,8.025377258181996,7.752339151952231,7.976621150970459,21590500
2013-02-28,8.025375983545977,8.288663384494507,8.015625321630207,8.171647071838379,44039800
2013-03-01,8.113143049949555,8.152148509614177,7.996126670955688,8.044883728027344,19215200
2013-03-04,8.025378230458045,8.327671153593336,7.996124376594388,8.19115161895752,40980800
2013-03-05,8.337423023576996,8.571455722142561,8.308169168747119,8.512947082519531,36701000
2013-03-06,8.600710896520049,8.659219545119656,8.425186810648066,8.434937477111816,19929100
2013-03-07,8.55195329305233,8.727477348522306,8.493444654586831,8.71772575378418,26147300
2013-03-08,8.805484836945812,9.010263597338174,8.698220126249964,8.971258163452148,34822800
2013-03-11,8.92250455601178,9.166288843661974,8.776234355406967,9.117532730102539,43535800
2013-03-12,9.127284222810626,9.21504672312012,8.971262413355232,9.088278770446777,35260600
2013-03-13,9.117532064357025,9.419824038191035,9.117532064357025,9.273553848266602,41491000
2013-03-14,9.380819257068048,9.497835603293627,9.341813808326188,9.449078559875488,25192800
2013-03-15,9.49783502768574,9.507586621771031,9.039521265235408,9.13703441619873,43397000
2013-03-18,8.824990457060522,9.088276976041927,8.756730231428698,8.95175838470459,28917300
2013-03-19,9.039523956003121,9.176042593981503,8.863998930072661,9.010269165039062,26663100
2013-03-20,9.098029710356299,9.244299913688568,8.96151017193978,9.078527450561523,31547600
2013-03-21,9.117533927232852,9.137036189224617,8.844494819641113,8.844494819641113,39419600
2013-03-22,9.50758693515575,10.014658684746408,9.488083746342312,9.790376663208008,99807600
2013-03-25,9.761124457512851,9.878140820254767,9.536842398118306,9.634356498718262,39368000
2013-03-26,9.673362731933594,9.848887755162684,9.556346359768687,9.673362731933594,29906700
2013-03-27,9.517339793580076,9.79037796348838,9.439328887891989,9.712367057800293,27592700
2013-03-28,9.7611235292725,9.78062578955988,9.624603987407651,9.731868743896484,21787500
2013-04-01,9.722116750384291,9.731867414214083,9.107780290875311,9.146785736083984,44911900
2013-04-02,9.273554004320047,9.468581237488896,9.02001813621894,9.068775177001953,36023200
2013-04-03,9.11753111645272,9.215044256276657,8.824989837054728,8.873746871948242,31012800
2013-04-04,8.86399701303936,9.098029710356299,8.81523996860751,9.078527450561523,30485200
2013-04-05,8.922504722386957,9.351565597431286,8.893250867713158,9.078527450561523,41684200
2013-04-08,9.059024867919,9.176041224419643,8.834743750450267,9.156538963317871,27065000
2013-04-09,9.215046368661948,9.429576813392838,9.156538657348353,9.332062721252441,21306900
2013-04-10,9.400323585952298,9.965903126251908,9.390571990093907,9.83913516998291,49796900
2013-04-11,9.66360943794571,9.89764214117405,9.527090826044159,9.731868743896484,28744300
2013-04-12,9.673361159874672,9.839134559325284,9.585598662522782,9.761123657226562,19487800
2013-04-15,9.683111038424528,9.712364889034355,9.322310447692871,9.322310447692871,28377200
2013-04-16,9.536838891854744,9.644104549070649,9.458828012041199,9.624601364135742,28029600
2013-04-17,9.497836437287248,9.517339628352355,9.11753351115099,9.156538963317871,37553400
2013-04-18,9.293055315371337,9.34181235118432,8.883497702483247,9.000514030456543,34728800
2013-04-19,9.029770237754349,9.234549076579041,8.873748442452346,9.117532730102539,32770600
2013-04-22,9.127283565030098,9.195543799219992,8.912754057471206,9.078527450561523,25020600
2013-04-23,9.166288780040306,9.254051271779351,9.039521769709738,9.185791969299316,24320300
2013-04-24,9.166288780040306,9.263802866408858,9.07852721826451,9.185791969299316,21298900
2013-04-25,9.127281230007773,9.40032023698954,9.088275790433668,9.293054580688477,28185700
2013-04-26,9.2638045111322,9.488085647650857,9.176042003811538,9.195545196533203,20556000
2013-04-29,9.244299741312975,9.263802930707353,9.10778113540535,9.117532730102539,17186600
2013-04-30,9.176040374669812,9.224797417854086,8.96150994263695,9.185791969299316,27791600
2013-05-01,9.185788514806742,9.234545539655,8.92250113860389,8.971258163452148,29159700
2013-05-02,8.87374924742728,9.127284222810626,8.844494460681888,9.088278770446777,26660200
2013-05-03,9.215045660191276,9.458829941836353,9.195543401240549,9.390570640563965,23335200
2013-05-06,9.488083968840392,9.692862806367472,9.458830114897452,9.517338752746582,21108200
2013-05-07,9.556344037897455,9.731868088516626,9.419824505226337,9.72211742401123,26888100
2013-05-08,9.673361353617079,10.004908159158672,9.575847259058966,9.985404968261719,37045600
2013-05-09,9.965903750152096,10.482726273477997,9.95615215368322,10.443720817565918,46665700
2013-05-10,10.336453930336413,10.628994324809726,10.336453930336413,10.550983428955078,35312700
2013-05-13,10.482724806804905,10.541233447468596,10.336454600090619,10.394962310791016,22562900
2013-05-14,10.433967079605392,10.443718674072827,10.258443029007712,10.385210037231445,20576300
2013-05-15,10.414467201974599,10.726510856577645,10.365710148452012,10.599742889404297,25065200
2013-05-16,10.658249075682283,10.9800442525909,10.658249075682283,10.785017013549805,35917300
2013-05-17,10.882531724037486,11.136067636022261,10.853277866489508,11.028802871704102,30543500
2013-05-20,11.028801854957505,11.116563419510689,10.804519821197294,10.93128776550293,24658400
2013-05-21,10.931288144684002,11.038552902834176,10.882531098265446,10.950790405273438,18960900
2013-05-22,10.950790553097974,11.389603046825194,10.5314821801501,10.64849853515625,51844400
2013-05-23,10.463221176721039,11.204325634167446,10.307199381461427,11.106812477111816,57163600
2013-05-24,11.019051949031198,11.370101050942937,11.009300352598348,11.301841735839844,28601200
2013-05-28,11.448110409508585,11.584629951158913,11.399353363921804,11.487115859985352,25633800
2013-05-29,11.399353865429514,11.623635913010542,11.311592295468246,11.535873413085938,25205300
2013-05-30,11.516372327398278,11.691896415199148,11.4578636781557,11.594383239746094,25785400
2013-05-31,11.535872867446441,11.613883768142149,11.389602661132812,11.389602661132812,23852400
2013-06-03,11.448108947074752,11.691893213903242,11.126313789258198,11.43835735321045,26382900
2013-06-04,11.438358881159136,11.701646370886465,11.360347979750289,11.418856620788574,26370500
2013-06-05,11.399353317016741,11.838165795528885,11.379851056840252,11.721149444580078,40890700
2013-06-06,11.877168686505675,12.22821766370667,11.838163244594453,12.04294204711914,47860200
2013-06-07,12.247724836651342,12.403746655086083,12.062448229787542,12.33548641204834,32419000
2013-06-10,12.325733079596239,12.754792987478588,12.325733079596239,12.62802505493164,40488200
2013-06-11,12.550017155790314,12.871812395941598,12.315984422946366,12.491509437561035,49707600
2013-06-12,12.657279399539307,12.793798931431542,12.150208579585573,12.179462432861328,34199300
2013-06-13,12.218471269292026,12.598775187205451,12.159963546513644,12.58902359008789,30212000
2013-06-14,12.754795515681428,12.832806423486673,12.325735522752582,12.44275188446045,29740300
2013-06-17,12.832805291701852,13.164352085615176,12.754794390776752,12.910816192626953,50588300
2013-06-18,13.008331193771498,13.417888917260807,12.979077336368936,13.408137321472168,57594500
2013-06-19,13.476394283821463,13.759184002672777,13.30087024002757,13.622665405273438,83958500
2013-06-20,13.144849055146697,13.466645187827522,12.862059303365745,13.203357696533203,75247900
2013-06-21,13.505648151508918,13.700675370274757,13.35937703996219,13.554404258728027,73389200
2013-06-24,13.466646518004936,13.525154235207276,12.83280671522359,13.125348091125488,68189200
2013-06-25,13.398385725683527,13.476396632065933,13.086342100153905,13.408137321472168,32876400
2013-06-26,13.544657163363794,13.954214895644402,13.525153971367871,13.827446937561035,44886100
2013-06-27,13.944462603643489,14.168743720621906,13.915208747073114,13.983468055725098,38747100
2013-06-28,13.944460975336835,14.110234359817007,13.67142284264847,13.973714828491211,36612300
2013-07-01,14.11023511086936,14.237003054570161,13.827445368756274,13.915207862854004,33909600
2013-07-02,13.681175938565769,13.973717311991566,13.505651858481002,13.954215049743652,61198800
2013-07-03,13.934711879986924,13.934711879986924,13.759186869655926,13.78844165802002,24489300
2013-07-05,13.91520959528444,14.012722766450779,13.768938443589846,13.954215049743652,29746900
2013-07-08,14.002967518775112,14.002967518775112,13.52515059375977,13.681172370910645,53084600
2013-07-09,13.729929498135501,13.788438129929514,12.754792454631769,12.813301086425781,91816900
2013-07-10,12.608524513582497,12.910816530077454,12.159961356557409,12.237972259521484,89592900
2013-07-11,12.550016420011005,12.559768015798642,12.159961888139112,12.38424301147461,52215600
2013-07-12,12.42324778421936,12.530513472081525,12.257474384762656,12.374490737915039,33419400
2013-07-15,12.442748930075883,12.8620572274784,12.335483259840112,12.745040893554688,30926300
2013-07-16,12.83280518397014,13.076589479805326,12.774297473749135,13.047335624694824,42885300
2013-07-17,13.115595701151802,13.378883202517775,13.027833200696477,13.252115249633789,32539300
2013-07-18,13.447141584138416,13.515400888688934,13.29111978518679,13.349627494812012,38727500
2013-07-19,13.330126014978362,13.388633728027344,13.105843968388381,13.388633728027344,27734400
2013-07-22,13.28136620650301,13.564155907355042,13.28136620650301,13.48614501953125,24337500
2013-07-23,13.5446551798542,13.710428567689808,13.28136770624591,13.300870895385742,38691100
2013-07-24,13.456892250789249,13.48614610358389,12.754793273975379,12.78404712677002,46712000
2013-07-25,12.628028797382589,13.096095220115725,12.481758563382934,12.959575653076172,42692600
2013-07-26,12.735291295753997,12.774296743659818,12.198965689576543,12.276976585388184,68782400
2013-07-29,12.354987994395183,12.55001524202523,12.081949847713117,12.159960746765137,40786800
2013-07-30,12.1892138227065,12.374489463627825,12.003938181785175,12.286727905273438,48759000
2013-07-31,12.354988291044789,12.959573238195965,12.335485100831866,12.910816192626953,45062600
2013-08-01,13.04733693559722,13.2911212559261,12.96932602748905,13.232612609863281,32858900
2013-08-02,13.164352416992188,13.261866510584865,12.998579015862628,13.164352416992188,26500600
2013-08-05,13.174104239109013,13.82744625952125,13.164352643589229,13.817694664001465,43741000
2013-08-06,13.807943920299357,13.885954829343492,13.59341345544629,13.78844165802002,29094900
2013-08-07,13.65191896737999,13.690924412945405,13.261864511725832,13.466643333435059,34736800
2013-08-08,13.46664605080674,13.700678771423606,13.271617853662654,13.603164672851562,39511800
2013-08-09,13.4081372347589,14.15899336628781,13.398385639033325,13.642169952392578,64619700
2013-08-12,13.603161351266937,13.807940164295177,13.427637318644974,13.48614501953125,35376800
2013-08-13,13.788439371268662,14.607553780385595,13.729930734207263,14.597803115844727,84457700
2013-08-14,14.451532363891602,14.695316653052867,14.207748074730334,14.451532363891602,47850600
2013-08-15,14.051724634973914,14.051724634973914,13.622664745416692,13.7786865234375,53528900
2013-08-16,13.817695362184118,13.993220370555862,13.603164899725694,13.661673545837402,30624000
2013-08-19,13.65192021284352,13.681174067195613,13.427639112872027,13.456892967224121,25506900
2013-08-20,13.466644561995906,13.564157719823974,13.310621835537127,13.456892967224121,24379600
2013-08-21,13.466646494070984,13.55440806971852,13.222862169579907,13.291121482849121,29709100
2013-08-22,13.408138024475301,13.729933262665636,13.398386428175375,13.515402793884277,15091700
2013-08-23,13.564159845420505,13.58366303802036,13.388634831875446,13.515402793884277,15663000
2013-08-26,13.554404755654492,13.573907943227661,13.378880717311809,13.43738842010498,16331500
2013-08-27,13.222859530506812,13.252113383217386,12.725539384611016,12.852307319641113,39898700
2013-08-28,12.852308481914775,13.018081878871437,12.735292130527124,12.910816192626953,36138600
2013-08-29,12.901065785421865,13.39838602208399,12.901065785421865,13.232612609863281,23787700
2013-08-30,13.252115801872014,13.339878305984552,12.96932602748905,13.232612609863281,22278600
2013-09-03,13.437391487366463,13.798192170159087,13.359380579193108,13.661673545837402,37060500
2013-09-04,14.597804528402344,14.890345882090653,14.08098112923311,14.38327407836914,117540600
2013-09-05,14.578298156650925,14.831834003192398,14.568546563330917,14.792828559875488,38713900
2013-09-06,14.8610901102636,14.978106457986549,14.588051965576716,14.880593299865723,38111000
2013-09-09,15.01711134168138,15.29990107051943,14.91959818723291,15.23164176940918,32745800
2013-09-10,15.504680092577258,16.236032944679266,15.475426238882886,15.855730056762695,80821300
2013-09-11,15.894736674034425,16.187278969462948,15.60219623853263,16.080013275146484,48497900
2013-09-12,16.10926669175264,16.431061887390214,15.738713521062968,15.797223091125488,55883900
2013-09-13,15.602194910770232,15.836227611240597,15.280399715132658,15.797223091125488,55788100
2013-09-16,16.128765973899363,16.2750361437624,16.001997129405577,16.031251907348633,35709000
2013-09-17,16.060505115333385,16.440809795754916,15.826472467341912,16.421306610107422,32439700
2013-09-18,16.46031526474453,16.86987296680197,16.401807553001074,16.840620040893555,43515600
2013-09-19,17.074652967917032,17.152663871222884,16.596835952677868,16.733354568481445,43702900
2013-09-20,16.81135872344763,17.05514293091049,16.704093076987686,16.801607131958008,30036800
2013-09-23,16.801610240811392,16.918627500413024,16.323793328963372,16.62608528137207,30442400
2013-09-24,16.704095531612136,16.73335031037992,16.411555183639003,16.616334915161133,34793100
2013-09-25,16.635837203745762,16.899124648112934,16.51882180175565,16.54807472229004,44413400
2013-09-26,16.88937622865918,17.094156010515714,16.752857614039247,17.035646438598633,49153400
2013-09-27,17.035639458571932,17.503706542493937,16.977131770553882,17.18191146850586,45015600
2013-09-30,16.88937622865918,17.20141983917711,16.71385123276119,17.035646438598633,30082400
2013-10-01,17.10390561761692,17.308683515742718,16.908877453750662,17.172164916992188,32979500
2013-10-02,17.21117087509021,17.6792362756538,17.113656784991154,17.220922470092773,49128100
2013-10-03,17.493962894571112,17.649984706747247,16.9381349562028,17.57197380065918,59041700
2013-10-04,17.6304793537577,18.08879313834527,17.562220051790028,18.01078224182129,48080600
2013-10-07,18.30332006860549,18.38133094624776,18.020529474698492,18.03028106689453,61970900
2013-10-08,18.137549034373276,18.186305141645747,17.28917900437789,17.484207153320312,57008600
2013-10-09,17.581726476484608,17.991284223588423,16.723604596873358,17.698741912841797,67714300
2013-10-10,17.903517663203907,18.127798748719517,17.610975418685523,17.971776962280273,78690500
2013-10-11,17.44519967756089,17.562216931519703,16.148267590820957,16.421306610107422,153906100
2013-10-14,16.15802313497786,16.723602637580697,15.767968626273596,16.645591735839844,62909500
2013-10-15,16.655342782227248,16.996641163569613,16.421310084716453,16.49932098388672,63043900
2013-10-16,16.65534162667911,16.86987111953164,16.489568244952842,16.5383243560791,49096400
2013-10-17,16.577326417646635,16.733348164548058,16.32379061395034,16.723596572875977,40714800
2013-10-18,16.743101217070187,16.821112097327415,16.538321493941154,16.606582641601562,34970600
2013-10-21,16.606585973296646,16.71384979271632,16.09951421993038,16.158021926879883,44886200
2013-10-22,16.284786452330188,16.518819077642444,15.992244275745385,16.343294143676758,48362800
2013-10-23,16.080009677735042,16.17752375439542,15.943491086366304,16.138517379760742,39244600
2013-10-24,16.021505525457506,16.499322561040245,15.992250737999768,16.41156005859375,30291300
2013-10-25,16.499317094032495,16.567576382222953,16.10926269013981,16.167770385742188,28678300
2013-10-28,16.109268246925307,16.33354937403713,15.894736855838566,16.30429458618164,19926900
2013-10-29,16.596837787691037,17.064903259277344,16.50907527927775,17.064903259277344,51381400
2013-10-30,17.172165329560336,17.201418252894598,16.840618558978,16.95763397216797,32373200
2013-10-31,16.850368757646372,17.357438606011982,16.752854681447726,17.24042320251465,42547400
2013-11-01,17.30868530949878,17.464707112790276,16.99664170291579,17.142911911010742,41364500
2013-11-04,17.181914395534434,17.54271403635669,17.08440032560841,17.445199966430664,37798300
2013-11-05,17.298934051431814,17.347692028364754,17.05514974654705,17.230674743652344,23797000
2013-11-06,17.328190784517208,17.376946907001546,16.957637557899577,17.064903259277344,21799500
2013-11-07,17.386696075804707,17.708491275079353,17.142911777568564,17.279430389404297,54192000
2013-11-08,17.25992863545207,17.66948632083344,17.172166141447022,17.65973472595215,33201300
2013-11-11,17.591470983513386,17.82550362183998,17.454950549544982,17.815752029418945,36990400
2013-11-12,17.718239326364163,18.205807825317578,17.66948322043931,18.16680145263672,32224800
2013-11-13,18.010783909008715,18.517855713315463,17.962027791640494,18.449596405029297,38821200
2013-11-14,18.43984579528725,18.722636498934357,18.430094199306996,18.7128849029541,31418000
2013-11-15,18.898156782740458,19.336969235715102,18.742134990555353,18.976167678833008,51592800
2013-11-18,19.09318305993526,19.3857234262967,18.615366136250888,18.810394287109375,47549900
2013-11-19,18.868899760743005,19.3759714051694,18.576357568992666,18.586109161376953,51853700
2013-11-20,18.712881485784212,18.742134408456327,18.049787959628855,18.332576751708984,44809000
2013-11-21,18.56661317725417,19.610009683468625,18.48860041573938,19.492992401123047,93347300
2013-11-22,19.414979738078102,19.814785804935298,19.171195460241936,19.688018798828125,40144800
2013-11-25,19.93180768457332,19.99031540400063,19.219956015179125,19.366228103637695,33866000
2013-11-26,19.43448334552204,19.902548722672464,19.33696926030075,19.805034637451172,33585000
2013-11-27,19.90254572285026,20.663153241021565,19.785530326163105,20.64365005493164,40572700
2013-11-29,20.77042191091939,20.780173506249028,20.38036739736687,20.575395584106445,20081800
2013-12-02,20.575397467255765,21.101970643764254,20.438876980072465,20.74117088317871,34102800
2013-12-03,20.90694563413572,21.35550792943721,20.799679928769315,21.287248611450195,43553100
2013-12-04,21.140975606627393,21.384759916002842,20.877688106119503,21.21898651123047,34609000
2013-12-05,21.316496976279677,21.540778056322498,21.053209520615653,21.111717224121094,30302800
2013-12-06,21.42376514545459,21.755311965942383,21.25799173521069,21.755311965942383,32237800
2013-12-09,22.09661142008337,23.08150033191388,22.038103701933817,22.545175552368164,65756700
2013-12-10,22.545173046843356,22.857216655531577,22.233127578228515,22.564674377441406,41919500
2013-12-11,21.91133892494933,22.340399945132148,21.735815737532295,21.940593719482422,52447500
2013-12-12,22.11611188915639,22.51591799047438,21.804068284218108,21.97959327697754,52600200
2013-12-13,22.164868066803816,22.623183740271557,22.086857165351567,22.506166458129883,31018700
2013-12-16,22.593927156887496,22.83771143701795,22.096607002230197,22.203872680664062,35065800
2013-12-17,22.281887933118092,22.408654965207504,21.98934562379921,22.350147247314453,26694900
2013-12-18,21.930833794534312,21.930833794534312,20.29260312123337,21.26774024963379,106635200
2013-12-19,21.189729947869758,21.726056499483224,21.023956556996726,21.08246612548828,37767000
2013-12-20,21.25799000147403,22.018597679370853,21.218985481029538,21.618791580200195,49176400
2013-12-23,20.906943800632806,21.131224928614483,20.69241240871402,20.955699920654297,40831000
2013-12-24,21.092212160624367,21.35549959287479,21.062959241436225,21.277488708496094,12857500
2013-12-26,21.28724828915656,21.696806050804785,21.199485778808594,21.199485778808594,17095500
2013-12-27,21.384755141252093,21.443262841659234,20.926439551605075,20.984949111938477,19386300
2013-12-30,20.91669213154796,21.140973224519584,20.702160773117306,20.77042007446289,19267100
2013-12-31,20.87768743872467,21.3847592323985,20.8484326529612,21.2092342376709,25122400
2014-01-02,21.140976504338532,21.2482422001951,20.741170368779926,21.12147331237793,26413500
2014-01-03,20.672908524798146,20.89718962509457,20.38036626100033,20.448625564575195,34590200
2014-01-06,20.44863025366885,20.44863025366885,20.126834991648664,20.156089782714844,38180500
2014-01-07,20.370616174499837,21.394511383713862,20.370616174499837,21.18973159790039,67904500
2014-01-08,23.59832069510032,23.89086110754865,22.974231629989788,23.276525497436523,93499500
2014-01-09,23.013237552185355,23.120501375987086,22.340392385035667,22.662187576293945,42782900
2014-01-10,22.808460742358346,23.130255975416876,22.603682803106004,23.12050437927246,33930200
2014-01-13,23.110748109879523,23.208260323904373,22.671935707062644,22.74994659423828,27619700
2014-01-14,22.301388190075933,23.198514472692132,22.301388190075933,23.081497192382812,33092200
2014-01-15,23.130249436728736,23.169255810279687,22.72069181407507,22.74994659423828,26949000
2014-01-16,22.896214679461934,23.003480336982527,22.330635334225686,22.554916381835938,28888700
2014-01-17,22.33064205425086,22.701195240873965,21.77481413424285,21.823570251464844,46943200
2014-01-21,21.843075494866195,22.60368327051772,21.765064584024515,22.545175552368164,29508700
2014-01-22,22.233129394226985,23.19851694485797,22.184373273859542,23.061996459960938,31254300
2014-01-23,22.7304452041777,23.06199196586265,22.66218590499428,23.0522403717041,29418600
2014-01-24,22.91572681341878,23.061997038114814,22.340395651011143,22.350147247314453,30019100
2014-01-27,22.525670894578052,22.78895839901674,21.99909588570068,22.330642700195312,30006400
2014-01-28,22.32088595456468,22.623179772104773,21.989339216565163,22.47690773010254,27555900
2014-01-29,22.272133638007656,22.691442928606495,22.086857050549114,22.14536476135254,21718400
2014-01-30,22.535421357084594,23.16926016706553,22.37939955339472,22.866968154907227,32630000
2014-01-31,22.525666975404793,22.915721436379165,22.428152895179608,22.467159271240234,29539000
2014-02-03,22.42815454022988,23.042490128833727,22.135614138023573,22.242877960205078,36010100
2014-02-04,22.379401685570688,22.60368281725222,22.08685938083553,22.428157806396484,20104700
2014-02-05,22.37940151736746,22.896223089972942,22.13561719521717,22.730449676513672,26097800
2014-02-06,22.925470795595075,24.15414362283679,22.915719202530514,23.51055335998535,65314700
2014-02-07,23.764097063910413,24.027382724075366,23.325284530424128,23.900615692138672,47809700
2014-02-10,24.02737834666765,24.612460998080966,23.959119044989283,24.25166130065918,28374800
2014-02-11,24.232162578291486,24.446692117385332,23.9688750576353,24.09564208984375,21177200
2014-02-12,24.290661403868963,24.53444564265522,24.173646010810195,24.27115821838379,23915300
2014-02-13,24.222409178370977,24.38818258348576,24.066387368842555,24.290668487548828,23317000
2014-02-14,24.271157711490478,24.67096370595607,24.105384358180885,24.45643424987793,32449600
2014-02-18,24.563707544376943,25.022021376633067,24.475945044168608,24.787988662719727,34133700
2014-02-19,24.787988662719727,25.041524567774182,24.54420435323583,24.787988662719727,27239800
2014-02-20,24.719728335729382,25.022020346261993,24.690473550222382,24.856246948242188,23288000
2014-02-21,24.934251124728853,24.95375430980671,23.92986127225846,24.45643424987793,44791800
2014-02-24,24.524699966204935,24.592959271943652,23.949368875083483,24.134645462036133,33037900
2014-02-25,24.1834049299747,24.3784331390579,23.500809918037184,23.656831741333008,37147600
2014-02-26,23.7055832306888,24.115140901779263,23.559313032426452,23.617820739746094,20936900
2014-02-27,23.549563259931247,23.734839850692655,23.305778957323415,23.58856964111328,39242800
2014-02-28,23.62757416236869,23.754343041283672,23.305778957323415,23.58856964111328,33877300
2014-03-03,23.26677483225654,24.15414956006521,23.12050276025981,23.87135887145996,35961800
2014-03-04,24.251660298991506,24.524697494427702,24.105388247234803,24.485692977905273,32780000
2014-03-05,24.456438388720866,24.50519449974057,24.066383920784013,24.21265411376953,25938700
2014-03-06,24.232162827880337,24.251666020706153,23.695836184731387,24.154151916503906,32312100
2014-03-07,24.20290352900456,24.27116283124958,23.725086553362924,23.812849044799805,23827000
2014-03-10,23.715337166107826,24.31992306784281,23.481304453802025,24.232160568237305,23662500
2014-03-11,24.310168871796815,24.44668747438967,23.94936731646739,24.05663299560547,21103100
2014-03-12,23.988371811082867,24.319918557002715,23.617818690383597,24.22240447998047,19272800
2014-03-13,24.29066220588825,24.319916985081935,23.013233273249927,23.51055335998535,35572900
2014-03-14,23.471554026027338,23.715338345965183,23.14000720211773,23.364288330078125,24575000
2014-03-17,23.510556488062697,23.56906419430831,23.25702061442978,23.335031509399414,17778700
2014-03-18,23.442294879444944,23.98837109046846,23.130249470362383,23.881105422973633,27425600
2014-03-19,23.851850570111374,24.007874204140514,23.159504180020626,23.383785247802734,19799500
2014-03-20,23.33503307562443,23.754342361702257,23.296026695558318,23.413043975830078,19735500
2014-03-21,23.510559325794897,23.656829539027015,23.071746826171875,23.071746826171875,32238500
2014-03-24,23.218018298773135,23.50080900496387,22.808460563552373,22.896223068237305,23740900
2014-03-25,23.052244456234718,23.325283561273448,22.837714926514327,22.94498062133789,17054900
2014-03-26,23.042493508251674,23.296029428646488,22.252632818512268,22.26238441467285,24590700
2014-03-27,22.242875784144267,22.26237897169706,21.37500439723468,21.687047958374023,35985000
2014-03-28,21.443266255439283,21.979592817654733,21.160477441846073,21.36525535583496,37763700
2014-03-31,21.745559591690444,23.091250017249934,21.65779709176584,23.071746826171875,39630300
2014-04-01,23.247270902311545,23.85185492229547,23.110752290042903,23.832353591918945,36880800
2014-04-02,23.9591221943756,23.988376981766024,23.403294253444564,23.744592666625977,24486300
2014-04-03,23.949369939730786,24.115143343862655,23.188764087771233,23.40329360961914,40670000
2014-04-04,24.173652799779777,24.232160512740563,21.88207993963449,22.018598556518555,77296000
2014-04-07,21.96009147550027,22.408653720985637,20.68266032959707,21.170228958129883,63603900
2014-04-08,21.511528542543093,21.8723301656901,20.867938066595947,21.657798767089844,44299000
2014-04-09,22.01859419449302,22.27213004699823,21.687047453518996,22.038097381591797,31636000
2014-04-10,22.135614399953198,22.379398691318645,21.082466335651528,21.140974044799805,37066500
2014-04-11,20.955696643765158,21.38475750058276,20.497382863479707,20.604646682739258,35232600
2014-04-14,20.828928131342675,21.589533845400386,20.72166245990322,21.355501174926758,31740100
2014-04-15,21.375007282660693,21.687050885923004,20.984952778582805,21.618791580200195,25067600
2014-04-16,21.804064235459943,22.008842115703374,21.45301431512692,21.921079635620117,21619500
2014-04-17,22.535419901565273,23.53980996545639,22.45740900475891,23.315528869628906,46206900
2014-04-21,24.417438217679724,24.75873477541405,23.94937091292297,24.690475463867188,45434800
2014-04-22,24.875745199462216,25.626601139052223,24.846490419763796,25.52908706665039,45903400
2014-04-23,25.538843363971406,25.802128990047745,25.32431199318685,25.59735107421875,32508700
2014-04-24,25.792380842391616,25.958154248234113,24.709977906600813,25.50959014892578,39791400
2014-04-25,24.963512430528688,25.041523331314572,24.42718586018997,24.63196563720703,26022500
2014-04-28,24.79773708099296,25.0902774709202,23.588567284073168,23.968870162963867,32168000
2014-04-29,24.13464612110265,24.670970846489833,23.842105699969032,24.47594451904297,19746700
2014-04-30,24.544203771338072,25.470584869384766,24.514948985319975,25.470584869384766,28811800
2014-05-01,25.558344694102804,26.15317897138496,25.207296572692158,25.59735107421875,28231400
2014-05-02,25.607100974190683,25.97765226113073,25.421824400757433,25.65585708618164,18326000
2014-05-05,25.597345985698023,26.172676958551616,25.3048056326891,26.075162887573242,21120800
2014-05-06,26.162927061597475,26.50422540218498,25.850883502177926,26.01665687561035,23078300
2014-05-07,26.026411951905278,26.201936942547206,25.40232288963102,25.763124465942383,24487200
2014-05-08,25.68511355423227,26.718758447642823,25.577847868903977,26.26044464111328,27015400
2014-05-09,26.279949407583022,26.38721323941905,25.792380786736782,26.172683715820312,20679100
2014-05-12,26.35795959231474,26.855279795180294,26.27019709416631,26.826025009155273,22396900
2014-05-13,26.816271927865632,27.089311002522905,26.552984448009674,26.943038940429688,29540000
2014-05-14,26.845526413240663,26.972293424392674,26.11417355062714,26.192184448242188,28161200
2014-05-15,26.143431826023352,26.221442739606292,24.622218081192567,25.217052459716797,41523500
2014-05-16,25.19754355416387,25.694863712987345,24.905003159527226,25.38282012939453,19890900
2014-05-19,25.71436900348163,26.3287046263965,25.509589222558922,26.27019691467285,21930500
2014-05-20,26.29945222451728,26.48472883168452,25.509591534906953,25.889894485473633,21830400
2014-05-21,26.260444849747525,26.53348207285922,26.133675973365737,26.318952560424805,19021300
2014-05-22,26.35795961068271,26.709007743594427,26.20193780496047,26.494478225708008,14936600
2014-05-23,26.50422724039171,26.718756737389814,26.38720996753046,26.650497436523438,12406800
2014-05-27,26.845523302481375,27.41110270963487,26.796765334667793,27.36234474182129,23525400
2014-05-28,27.596380160409975,28.20096600212448,27.469613151301672,27.89867401123047,25382300
2014-05-29,28.074198862339358,28.30823155032213,27.72314890040197,27.86941909790039,23288800
2014-05-30,27.91817398042679,28.181461440280113,27.684141302754853,27.879169464111328,24068700
2014-06-02,27.898673545046204,28.005937363291174,27.352595419743025,27.947429656982422,14522600
2014-06-03,27.84991624976468,28.21071781060787,27.693894455866676,27.957181930541992,14002300
2014-06-04,27.869420529432528,28.288729814412196,27.762154844458223,28.249723434448242,14377400
2014-06-05,28.36673974067407,28.747042632635203,28.191214756714622,28.317983627319336,21878500
2014-06-06,28.425250550244165,28.815305079421496,28.327736452968157,28.80555534362793,18319800
2014-06-09,28.756795344946145,28.98107645097718,28.171712662317137,28.27897834777832,20635300
2014-06-10,28.278978335919447,28.8055533080427,27.87917223927471,28.77629852294922,24108900
2014-06-11,29.887950926922848,30.81433189059854,29.37112946838759,30.219497680664062,55472400
2014-06-12,30.297513214548804,30.443783425982225,29.800193007733856,30.092735290527344,28152900
2014-06-13,30.365768563504123,30.687563730673048,30.287757670248823,30.395023345947266,23275600
2014-06-16,30.64856322604685,31.389665879022775,30.502293014536516,31.116628646850586,35496500
2014-06-17,31.2043949097626,31.59445133407613,31.155638786686843,31.448179244995117,25195500
2014-06-18,31.574948778661952,31.623704902722537,30.91185507584727,31.26290512084961,30089900
2014-06-19,31.29214877556603,31.37015780696844,30.76557386415205,31.01910972595215,22402300
2014-06-20,31.0873774719807,31.1361354547661,30.619311996802068,31.058124542236328,28266500
2014-06-23,31.48717806806192,31.49692780239365,30.47303458433071,30.482786178588867,48594600
2014-06-24,30.726570066189964,32.150271191104096,30.385271711181847,31.69195556640625,59689500
2014-06-25,31.545684182657027,31.92599078218765,31.09712200251677,31.535934448242188,29796700
2014-06-26,31.50668921274928,31.59445172330834,31.00936707963001,31.204395294189453,20353300
2014-06-27,31.087371743233003,31.136129717033334,30.668064328109292,30.726572036743164,46770900
2014-06-30,31.262903831666982,32.22828769576023,31.10688014926782,32.130775451660156,31032300
2014-07-01,32.413570355678964,33.642241901430154,32.2477950554637,33.135169982910156,36348500
2014-07-02,33.15466213995261,33.41794960921106,32.70609995670619,32.92062759399414,26620500
2014-07-03,33.242426473847274,33.427701198113475,32.81336745561618,32.89137649536133,13883900
2014-07-07,32.77435974926563,32.81336612748596,31.95524440590338,32.043006896972656,21383200
2014-07-08,31.984504009201764,32.442819749371765,31.321410320389155,32.30630111694336,34637500
2014-07-09,31.779728955013105,32.12102556716894,31.067879078335153,32.072269439697266,39287700
2014-07-10,31.37992050324903,32.27704508780024,31.00936726535214,31.955251693725586,32916800
2014-07-11,32.02350726756602,32.34530062402163,31.828479074638143,31.984500885009766,18868300
2014-07-14,32.306293925814046,32.89137471165957,32.11126575724789,32.75485610961914,20349500
2014-07-15,32.881627220178295,33.31068624440966,32.550080426955326,33.17416763305664,27186500
2014-07-16,33.564220002999704,33.98352928864919,33.378945277654665,33.778751373291016,30731700
2014-07-17,32.98889636010669,33.15466791414772,32.16978088637478,32.22828674316406,36943500
2014-07-18,32.355054776986265,32.910882720906635,32.179529771553156,32.325801849365234,28525600
2014-07-21,32.17952436134677,32.520820859056286,31.78946803266204,32.24778366088867,15789100
2014-07-22,32.520824257305684,32.85237105537669,32.189277459234674,32.79386520385742,14366200
2014-07-23,32.71584437343228,32.940125428600005,32.423304028424475,32.842613220214844,20897100
2014-07-24,33.02789379282555,33.427699870252205,32.79386296303349,33.03764724731445,22684000
2014-07-25,32.85237597073072,32.97914486774493,32.40381368265431,32.589088439941406,19655100
2014-07-28,32.51107410775929,32.628089529160086,31.116627626568153,31.184886932373047,34203200
2014-07-29,31.34091123497931,31.70171098300209,31.165386228945852,31.331161499023438,19377500
2014-07-30,31.574942138315432,31.925992109490448,31.47742619084846,31.721210479736328,16001600
2014-07-31,30.39502546554714,30.47303636424254,29.10784470710978,29.79043960571289,64996200
2014-08-01,30.11223302735885,30.590051846231603,29.790437856642896,30.317012786865234,26175300
2014-08-04,30.434030442884247,31.067871096739363,30.278008643145725,30.902097702026367,21821600
2014-08-05,30.580300251976404,31.30189962759707,30.131736215869253,30.317012786865234,31699300
2014-08-06,30.287757081322827,30.404774348893657,29.36137797441976,29.917205810546875,34903400
2014-08-07,30.131736623663024,30.4145272811118,28.649527755488265,28.94207000732422,35983600
2014-08-08,29.10784475570727,29.497899249835488,28.883563654074358,29.293121337890625,22893300
2014-08-11,29.56615608030582,30.07322781021404,29.400382701679145,29.9757137298584,20600100
2014-08-12,29.80018989598061,30.170743043506988,29.45889153165677,29.936710357666016,21496400
2014-08-13,30.121985051447254,30.7948301852461,30.121985051447254,30.599802017211914,17832900
2014-08-14,30.10248565298017,30.463285369076186,30.034224487842277,30.268259048461914,16873700
2014-08-15,30.61930309869272,30.941098251853745,30.385270429114364,30.70706558227539,20560700
2014-08-18,30.902098367285273,31.29215287502865,30.62905928190161,31.243396759033203,17508600
2014-08-19,31.496930232146777,31.88698659285729,31.467677307042088,31.594446182250977,15020300
2014-08-20,31.57494803616749,32.55983511050518,31.57494803616749,32.47207260131836,21265400
2014-08-21,32.218527366753214,32.491564536349486,31.93573674404139,32.36479568481445,16583200
2014-08-22,32.37455211885433,32.61833639125557,32.11126465827867,32.46231460571289,11758400
2014-08-25,32.676840600200634,32.862119018656756,32.36479704473544,32.384300231933594,12700600
2014-08-26,32.44280662832638,32.598828390837106,31.701700466511276,32.062503814697266,16075500
2014-08-27,32.013755117896906,32.22828276607334,31.799223749867377,32.169776916503906,12208200
2014-08-28,31.994247436523438,32.08200991841001,31.78946583221972,31.994247436523438,10890300
2014-08-29,32.13076899068649,32.169775368424446,31.69195654076683,31.78946876525879,13519100
2014-09-02,31.62369829547751,31.78946982661907,30.668064328109292,30.726572036743164,26980200
2014-09-03,30.658312733999807,30.90209702322707,30.112234586983647,30.892345428466797,23928200
2014-09-04,31.155637668982582,32.0137595397751,31.03862037390113,31.321409225463867,24800000
2014-09-05,31.301898356448447,32.130767095142964,31.223889325427578,32.12101364135742,17772600
2014-09-08,32.16977551634925,32.57933132492222,32.02350345908579,32.316043853759766,17933300
2014-09-09,32.18927704909064,32.19903050412172,31.067871510972253,31.184886932373047,20209400
2014-09-10,31.350667707757253,31.3994238319355,30.629064422416164,31.292158126831055,24643500
2014-09-11,31.058120170382622,31.38966510701954,30.92159969772749,31.243396759033203,11371100
2014-09-12,31.21414206991246,31.35066441105079,30.71682370382415,30.746078491210938,12561500
2014-09-15,30.619309188151608,30.73632647617593,29.12735039038337,29.27362060546875,37018500
2014-09-16,29.341875173128724,30.79482921335592,28.990825225716968,30.668062210083008,28739800
2014-09-17,30.687566741603202,31.467677610623706,30.502292014397515,31.184886932373047,19493200
2014-09-18,31.438427782821318,31.67245864868164,31.184890004976836,31.67245864868164,12485100
2014-09-19,31.672452883424537,31.740712183529855,30.668062850572372,30.843585968017578,25223300
2014-09-22,30.648562877914284,30.658314473227758,29.653922475059332,29.83919906616211,21713800
2014-09-23,29.751436869935446,30.707070901226253,29.36138235307457,30.42428207397461,22704300
2014-09-24,31.009362857520173,31.545687584644483,30.560800629005538,31.418922424316406,25781300
2014-09-25,31.604194544565,31.750466603441208,30.57054969740364,30.911848068237305,36427700
2014-09-26,33.125414038000216,33.252179203985804,32.57933583118496,32.988895416259766,53975000
2014-09-29,32.58908110153963,33.98352749513351,32.37455346242337,33.64223098754883,33981900
2014-09-30,33.76899890183197,33.86651112414285,33.0473958092318,33.40819549560547,25768900
2014-10-01,33.39844806158721,33.39844806158721,32.39405796716838,32.66709518432617,36237600
2014-10-02,32.813369062158394,33.23267836589564,32.13077226166613,32.969390869140625,27337000
2014-10-03,33.232671753396524,33.544715305271865,33.02789015009813,33.09614944458008,22565400
2014-10-06,32.3648036205449,32.462319576348726,31.048369835946794,31.76021957397461,43417100
2014-10-07,31.60419454822622,32.05275673971419,31.058118270784988,31.077621459960938,28827000
2014-10-08,31.10686849094935,31.59443882835095,30.092727024961974,31.51642608642578,28069300
2014-10-09,31.321403011084016,31.37991257697945,29.653919441519342,29.87820053100586,35910800
2014-10-10,29.010327822361127,29.12734508908783,26.90403190069137,27.09906005859375,85752700
2014-10-13,27.879169256097814,28.142456713986686,26.328701150654076,26.357955932617188,44360600
2014-10-14,27.099059759993118,27.70364369496124,26.543230074073843,26.709003448486328,41365600
2014-10-15,26.13367488709582,28.18146327494827,25.66560950127998,26.85527801513672,50523300
2014-10-16,26.65049972239953,28.1424603147356,26.513981108957257,27.59638214111328,42111600
2014-10-17,28.19121181312575,28.99082389218141,27.859665069137844,28.0546932220459,34712800
2014-10-20,28.386240942556718,28.990824889502786,28.093698703130812,28.951820373535156,22357800
2014-10-21,29.644168660317504,30.56079809196418,29.410135970095766,30.414527893066406,40875100
2014-10-22,30.736327211082354,30.76558013884285,29.566161742567242,29.809946060180664,25500600
2014-10-23,30.268254618423544,30.590049767269644,29.809939019209253,30.12198257446289,22071100
2014-10-24,30.209748882192216,30.346269349847372,29.84894917321613,30.28775978088379,17761300
2014-10-27,31.165380501976077,31.574940014077725,30.87284011896221,31.49692726135254,26775900
2014-10-28,31.70170319659501,31.857724972541998,31.35065699060371,31.799219131469727,20981000
2014-10-29,31.691955975461145,31.838228029442877,31.06786882219775,31.47742462158203,21418700
2014-10-30,30.960604603747417,31.282401649725273,30.170744030698955,31.02886390686035,26761000
2014-10-31,32.08200969720639,32.5208183837611,31.808968799968223,32.26728439331055,28541400
2014-11-03,32.36479816953,33.06689805365351,32.160020276611554,32.676841735839844,19655500
2014-11-04,32.647583190314975,32.75484884522957,32.082005718745464,32.54031753540039,16503900
2014-11-05,32.67684756921675,32.920631881406784,32.28679490162473,32.87187576293945,23137200
2014-11-06,32.66710033352008,32.94989105006768,32.325803758275526,32.52082824707031,23576600
2014-11-07,32.48182563702516,32.55008495219134,31.5164380484763,32.18928146362305,19337500
2014-11-10,32.11126261768269,32.286787580245594,31.808968799968223,32.26728439331055,13827300
2014-11-11,32.16002232000616,32.55007866260337,32.07225982891444,32.37455368041992,11285000
2014-11-12,32.22829263743084,32.345308092264034,31.984508269946712,32.091773986816406,14322400
2014-11-13,32.160020016794206,32.384301095776664,31.935738937811745,32.12101364135742,10851300
2014-11-14,32.12101883395962,32.12101883395962,31.331160062868022,31.808975219726562,17434600
2014-11-17,31.106870288634294,31.604190387590833,30.902092409024906,31.48717498779297,18259300
2014-11-18,31.49693687916984,32.32580589063853,31.49693687916984,32.052764892578125,15538900
2014-11-19,32.11126526558806,32.39405591968648,31.535934223045995,32.14051818847656,14590200
2014-11-20,31.916234898735805,32.64758767932971,31.682204092063213,32.384300231933594,13613300
2014-11-21,32.871862256580734,33.534955610874746,32.686587594589,33.44719314575195,25563100
2014-11-24,33.554476271642386,34.373591799488175,33.40820418029879,33.866519927978516,24974400
2014-11-25,33.90551575554107,34.11029364376358,33.54471608774149,33.93476867675781,13985200
2014-11-26,33.76900268749052,34.78314256071302,33.75924923225433,34.7343864440918,18288100
2014-11-28,34.94891717483286,35.319470350038365,34.83190175313492,35.056182861328125,11645700
2014-12-01,35.08543608459161,35.24145788813089,34.07129250165972,34.120052337646484,21342300
2014-12-02,34.178549683865,34.88064948500352,33.77874367929497,34.714874267578125,14281500
2014-12-03,35.00742913707967,35.446237928386665,34.851407324206335,35.20245361328125,29011500
2014-12-04,35.13418850850493,35.59250413567335,34.783138557469776,35.173194885253906,16477600
2014-12-05,35.19270346958779,35.59250959293345,35.12444415973756,35.582759857177734,14114800
2014-12-08,35.553494368570234,35.68026322098942,34.81239188027475,35.12443542480469,15815300
2014-12-09,33.98352553987379,34.822144018663444,33.681235427649185,34.77338790893555,16503500
2014-12-10,34.55885218567279,34.76363377236017,33.91526194715365,33.9932746887207,17037900
2014-12-11,34.285829619439404,34.92942013182369,34.032295541165404,34.31508255004883,13261400
2014-12-12,34.0517953138641,34.06154877072207,33.12541778446586,33.15467071533203,19798900
2014-12-15,33.49596557045897,33.593481534710044,32.42331600267292,32.52082824707031,27305700
2014-12-16,32.08201343957843,33.0766500503227,31.565188225143213,32.10151290893555,28611600
2014-12-17,32.25754246849011,33.05715472712999,31.69196107001858,32.988895416259766,19434600
2014-12-18,33.75924687068341,33.92502211942295,33.20341899640631,33.593475341796875,18200600
2014-12-19,33.73000432184493,33.93478229222942,33.28144199056819,33.63249206542969,18469600
2014-12-22,33.88601705843667,34.12980135382111,33.642232763052235,33.778751373291016,12687900
2014-12-23,34.05179557496588,34.31508311434187,33.89577374272683,34.100555419921875,10949000
2014-12-24,34.15906103663666,34.227320355259856,33.759254861906236,34.04204559326172,4672900
2014-12-26,34.15905944807455,34.3540876578656,34.11030332559021,34.12980651855469,6883700
2014-12-29,34.393091468948924,34.80264733098033,34.207816729437596,34.64662551879883,12365800
2014-12-30,34.54910842248357,34.85140226850946,34.42233955545944,34.51985549926758,11480500
2014-12-31,34.568615835550105,34.64662488027647,34.129803334422576,34.13955307006836,10714300
2015-01-02,34.363831829904875,34.63686901793134,33.48620698288738,33.88601303100586,15138200
2015-01-05,33.84700607961687,33.87626272058803,32.91087540529748,32.940128326416016,23706600
2015-01-06,33.252183433083054,33.378952335044886,31.818734002645122,32.052764892578125,40092000
2015-01-07,30.746072975083944,32.160020633089104,30.66806208264177,31.301898956298828,52552300
2015-01-08,31.75046753664489,33.02789484631735,31.74071408184488,32.83286666870117,31947100
2015-01-09,32.92063889566985,33.02790461106467,32.14052967441781,32.69635772705078,19328500
2015-01-12,31.584688576878833,32.169773041060665,30.619303116824092,30.872838973999023,41982700
2015-01-13,31.126376847986982,31.399415910311294,29.887952263056416,30.07322883605957,40260500
2015-01-14,29.517404996751456,30.424282936620642,29.05908929900909,29.302873611450195,35766100
2015-01-15,29.49789701788312,29.66367039783522,28.54226311459519,28.571516036987305,28512400
2015-01-16,28.425253624811404,28.532519329409887,27.801166310624378,28.26923179626465,58433300
2015-01-20,28.776295947085256,29.273616089598214,28.620274160405867,28.93231773376465,29884200
2015-01-21,28.766549815236157,29.975719821566738,28.766549815236157,29.731935501098633,27258700
2015-01-22,29.69292361595229,30.180492136017673,29.478392276770688,30.12198257446289,22299200
2015-01-23,30.1219866463562,30.35601934443299,29.70267736482949,30.180496215820312,21161800
2015-01-26,29.78068912095592,30.248754501342773,29.458892079522656,30.248754501342773,19175500
2015-01-27,29.67342467095667,29.692927860929824,28.659281111471472,28.912817001342773,27587900
2015-01-28,29.254112646697884,29.439389214239696,28.30823034069482,28.376489639282227,21685200
2015-01-29,28.56177284858886,29.08834603151721,28.14246350555829,28.971328735351562,30282700
2015-01-30,28.669033865801808,29.05908838140542,28.347238657938,28.542266845703125,23451600
2015-02-02,28.522761177488647,28.65927978111041,27.39160225052595,27.732900619506836,34019600
2015-02-03,27.859667641917913,28.366739398364782,27.77190515099724,28.230220794677734,24009200
2015-02-04,28.093699996320336,28.513009256850356,27.98643617752708,28.308231353759766,20932800
2015-02-05,28.57151360871489,28.78604494096498,28.3959905095006,28.756790161132812,19785900
2015-02-06,28.805549077695765,29.156597147630215,28.142455592370485,28.191211700439453,18744100
2015-02-09,28.054693516988195,28.054693516988195,27.537870208296845,27.6451358795166,22390300
2015-02-10,28.376490168314316,30.365768898214817,28.278976085688726,30.317012786865234,43831000
2015-02-11,30.317013803491715,30.794830778460774,29.69292662964257,30.248754501342773,29782200
2015-02-12,30.28776175861319,31.253147390431607,30.170746332898222,31.145883560180664,23793200
2015-02-13,31.409172718656873,31.594451193314523,30.560804277386456,31.058124542236328,18739200
2015-02-17,31.50668279990822,32.023504301421646,31.418920307212257,31.526185989379883,19877400
2015-02-18,31.45792546353001,31.691960035915315,31.23364434658132,31.370162963867188,12348400
2015-02-19,31.321401697360344,31.399414448615474,30.931347240716484,31.01910972595215,13431000
2015-02-20,30.95085565413442,31.253147676580248,30.492541822689024,31.233644485473633,16531500
2015-02-23,31.06787449731974,31.11663061760224,30.492543350337762,30.61931037902832,13867900
2015-02-24,29.39063310450581,30.180495535117483,28.074199440006037,30.00497055053711,54985000
2015-02-25,29.839198602206057,30.151242207678933,29.59541430293955,29.72218132019043,16774700
2015-02-26,29.78069270715601,30.200000165124976,29.605167703392542,29.85870361328125,14932000
2015-02-27,30.199997761388097,30.43403046113623,29.858701236709503,29.90745735168457,15651200
2015-03-02,30.307261747730227,30.71681941431819,30.219499257752343,30.46328353881836,18443200
2015-03-03,29.624667391069202,29.92696126296572,28.649530188651926,28.922569274902344,28945700
2015-03-04,28.9810774782847,29.02008385980838,28.103454353194913,28.542266845703125,26709000
2015-03-05,28.717788687977126,29.098091566422482,28.24972146074464,28.55201530456543,24007700
2015-03-06,28.4935105223466,28.54226850208075,27.68414665802725,27.791412353515625,28302000
2015-03-09,27.83041424436492,28.064446929526376,27.216076818380454,27.947429656982422,17563000
2015-03-10,27.401355204312722,27.61588471492108,26.777266142669788,26.923538208007812,29749000
2015-03-11,27.235573221555754,27.479357440352455,26.92352971908413,27.18681526184082,17471600
2015-03-12,26.43597231373033,27.674395248491532,26.426220717717815,27.323347091674805,19567700
2015-03-13,27.274582874589843,28.054693637858147,27.264831280807275,28.005935668945312,23678700
2015-03-16,28.249724953878854,28.532515644047905,27.518372029557508,27.801162719726562,18183900
2015-03-17,27.040549333417534,27.28433359035767,26.77726188953988,26.9722900390625,24932400
2015-03-18,27.313595350511473,27.645142173468017,26.913789215756832,27.45986557006836,24544800
2015-03-19,27.401352345611777,27.52811934776273,27.225827373459403,27.35259437561035,21656600
2015-03-20,27.61588611275238,28.044947015613413,27.411108186796437,27.966936111450195,23608200
2015-03-23,27.762157752677403,27.801164136727465,27.12831889127803,27.323347091674805,18699400
2015-03-24,27.411105508768667,27.645138198393646,27.186822553775723,27.264833450317383,15670800
2015-03-25,27.167319104168175,27.17707069796558,25.743618028495067,25.909391403198242,35874000
2015-03-26,25.11953492742123,26.494478254285653,24.97326471688969,25.99715805053711,44702400
2015-03-27,26.260441138897665,26.465219027294374,25.402319490567578,26.01665687561035,30909000
2015-03-30,26.065412984297282,26.289694060139293,25.802125533564666,26.01665687561035,26142900
2015-03-31,26.04591146846479,26.630994109889905,25.948399244832643,26.455469131469727,25292100
2015-04-01,26.455469131469727,26.670000487283918,26.104421034555816,26.455469131469727,39424700
2015-04-02,27.06005274429155,27.069804337841006,26.04590933426339,26.065412521362305,41390500
2015-04-06,25.84113100279392,26.76751191478911,25.743616928911333,26.748008728027344,22460900
2015-04-07,26.670002119619173,26.767516209146105,26.19218512685641,26.201936721801758,17820600
2015-04-08,25.919144461787134,26.670000487283918,25.831381972577045,26.455469131469727,22105800
2015-04-09,26.39695840413127,27.167317530156236,26.33845070466299,27.128311157226562,18660000
2015-04-10,27.108815699253,27.469617312009007,27.108815699253,27.323347091674805,19698700
2015-04-13,27.323335689116643,27.450102664523495,27.08930306226293,27.18681526184082,13636800
2015-04-14,27.040557184068483,27.206330601313613,26.728513542178074,27.030805587768555,16671900
2015-04-15,27.303836844707764,27.742649252253937,27.186819582720027,27.4696102142334,20138900
2015-04-16,27.206327224707078,27.479366307437417,27.079560208394845,27.3135929107666,16393500
2015-04-17,27.060059579117187,27.38185480782313,26.91378935878299,27.323347091674805,18157100
2015-04-20,27.42085445608837,27.684140044044543,27.313588786226703,27.557373046875,19901000
2015-04-21,27.625636579219464,27.87917247236972,27.45986318215686,27.840166091918945,22172000
2015-04-22,27.869421834741242,29.010332463151318,27.8499186438458,28.76654815673828,29662800
2015-04-23,28.210719695594925,29.03958669351546,28.142460388694403,28.78605079650879,22039700
2015-04-24,29.000579767546412,29.000579767546412,28.171712785200405,28.47400665283203,18764300
2015-04-27,28.522763654941286,28.922569765925818,28.4154979656778,28.542266845703125,14871400
2015-04-28,28.493512942309746,28.71779594828175,28.044950650219548,28.26923179626465,12372000
2015-04-29,27.986438742424028,28.269227566884183,27.801162151271534,28.152212142944336,10964300
2015-04-30,28.074197111413667,28.132704814778744,27.157567745704448,27.430604934692383,18988900
2015-05-01,27.60613809497748,28.522767732634854,27.60613809497748,28.26923179626465,16701100
2015-05-04,28.347236415287004,28.425247312236007,27.781656947425112,27.957181930541992,13909600
2015-05-05,27.567128932429217,27.654891428720486,27.138068046108184,27.34284782409668,19347300
2015-05-06,27.51837330582273,27.59638421363798,26.757767419605717,27.294092178344727,19770700
2015-05-07,27.10881488557256,27.206328982844028,26.221440134262945,26.59199333190918,29689300
2015-05-08,26.68950709577623,26.74801480943755,26.094672783784958,26.504230499267578,34955400
2015-05-11,26.45546895300897,27.391601544959567,26.192183347081194,27.060054779052734,24591200
2015-05-12,26.86502843874648,26.89428322358253,26.19218512685641,26.201936721801758,19518800
2015-05-13,26.660249154942036,26.97229273745502,26.40671327916862,26.513978958129883,17530500
2015-05-14,26.650498237395762,26.835774816691124,25.81187969314713,26.026411056518555,32201100
2015-05-15,25.870389811435455,25.96790204057624,25.36331803622654,25.67536163330078,25864900
2015-05-18,25.509588567399884,26.16293055463525,25.392573146957876,26.09467124938965,20150000
2015-05-19,26.162928834563978,26.260442918472343,25.412072806373953,25.65585708618164,19527000
2015-05-20,25.811882476020852,26.318954295116114,25.6071045451901,25.92889976501465,22866300
2015-05-21,25.958152508175786,26.465222427415227,25.68511342864181,26.231189727783203,17258100
2015-05-22,26.552983352460135,26.96254101758484,26.533480163662183,26.650497436523438,20360300
2015-05-26,26.543236782487806,26.796772705074176,26.357962033615575,26.640750885009766,14966600
2015-05-27,26.74801010229619,27.71339557748858,26.709003726768568,27.430604934692383,23441800
2015-05-28,27.48912081087454,27.908430144459306,27.411109901830404,27.57688331604004,18667000
2015-05-29,27.713401298323483,27.713401298323483,27.235584259033203,27.235584259033203,18451300
2015-06-01,27.264837674871362,27.820667491271106,27.118567453682704,27.713401794433594,20206400
2015-06-02,27.654887890711276,27.703644000223694,27.07955687081824,27.09906005859375,18228000
2015-06-03,27.303841694570796,27.313593289795765,26.338456086418237,26.406715393066406,29623400
2015-06-04,26.23119006444559,26.562736858161152,26.045913477386524,26.318952560424805,22186200
2015-06-05,26.32870589085949,26.32870589085949,25.841137263250978,25.92889976501465,16585400
2015-06-08,25.850887667178466,25.96790309085073,25.158539280732164,25.275556564331055,23252600
2015-06-09,25.265801564185136,25.304807940103757,24.319919267275036,24.563703536987305,39816700
2015-06-10,24.88549869861044,24.953757996541654,24.407681753165562,24.563703536987305,23802900
2015-06-11,24.573453195873974,24.758727887118425,24.34917027185632,24.39792823791504,25793500
2015-06-12,24.271168593635498,24.748985682718992,24.095643569089123,24.50520133972168,21123900
2015-06-15,23.617822096662675,23.647076881966512,23.110752170882236,23.637325286865234,44190200
2015-06-16,23.45204869979409,23.715336187748886,23.28627530292551,23.637325286865234,19173100
2015-06-17,23.69583387300521,24.066387060837833,23.62757456470095,23.87135887145996,17951700
2015-06-18,24.027379996182646,24.202904989649337,23.82260207708924,23.86160659790039,21570800
2015-06-19,24.18340179928046,24.34917519756271,23.851855002715954,23.86160659790039,25589300
2015-06-22,23.539810725212938,24.095638615388648,23.40329211637723,24.017627716064453,26231200
2015-06-23,24.017624010747948,24.241906939139515,23.773839755478807,23.881105422973633,16168900
2015-06-24,23.83235666003626,23.8811127821442,23.4032957177644,23.461803436279297,21243700
2015-06-25,23.530056245659143,23.63732191655222,23.071742500806902,23.422792434692383,38347800
2015-06-26,19.766030233230808,20.08782541436705,18.946914888533744,19.17119598388672,149010300
2015-06-29,18.859152725894084,19.112688609377198,18.137551454408225,18.264318466186523,49126100
2015-06-30,18.420340051819657,18.625119819186263,18.088793274122484,18.371583938598633,34683900
2015-07-01,18.57636356630802,18.625121543970792,18.1668058535741,18.313077926635742,25027100
2015-07-02,18.361832555607705,18.89815724692667,18.342329366123902,18.59586524963379,26178100
2015-07-06,18.37158519301505,18.50810380729665,17.776750899485307,17.864513397216797,37875800
2015-07-07,17.67923259309724,17.90351551158526,16.938130126538663,17.747493743896484,46293200
2015-07-08,17.51346274973903,17.53296593959858,17.055148947598962,17.191667556762695,30898900
2015-07-09,17.425696293858316,17.562214857415576,16.713844981203895,16.723596572875977,47087100
2015-07-10,16.89912694178012,17.21117053600819,16.86987215734879,17.133159637451172,24282900
2015-07-13,17.38669440930394,17.40619759767585,16.95763356475402,17.172164916992188,35788100
2015-07-14,19.26871054041992,19.346721438967105,18.5276060742584,19.122440338134766,103878600
2015-07-15,19.005418291924283,19.161440049873065,18.303320381154766,18.42033576965332,41983200
2015-07-16,18.77139036470917,19.24920735080149,18.6153685676148,19.122440338134766,34717200
2015-07-17,19.044429439063556,19.736775931159954,18.888407641973483,19.619760513305664,34081300
2015-07-20,19.580749221832686,19.580749221832686,18.303320381154766,18.42033576965332,41989300
2015-07-21,18.371582794628246,18.634870253450877,18.04978763159827,18.410587310791016,29340300
2015-07-22,18.069290665402757,18.166802884940505,17.40619715695842,17.552467346191406,43635100
2015-07-23,17.874263896115128,18.459346558460894,17.84500911202356,18.235065460205078,32805200
2015-07-24,18.137551927077634,18.235066017101076,17.620728551901976,17.884016036987305,21567400
2015-07-27,17.649979998513345,18.205807788611395,17.133156721091297,17.669483184814453,27584100
2015-07-28,17.893765398995257,19.580752064151206,17.747495212176627,19.258956909179688,51809500
2015-07-29,19.483242305333114,20.05857344629503,19.180950270905804,19.375978469848633,41557900
2015-07-30,19.258961255997725,19.60025967555772,18.97617055238532,19.405231475830078,31248700
2015-07-31,19.522246794005575,19.531998388998772,18.010783048738148,18.049789428710938,55074900
2015-08-03,18.147298443325685,18.907904040805175,18.127795258793892,18.52760124206543,32958300
2015-08-04,18.693379124565546,18.71288231382758,18.13755125008305,18.537357330322266,19934500
2015-08-05,18.703129684817924,18.98591847377177,18.41058744184598,18.439842224121094,23370800
2015-08-06,18.45934595471724,18.48859887792553,17.991280584120087,18.254566192626953,29928600
2015-08-07,17.991286555500583,18.06929747649225,17.552473962468056,17.981534957885742,23718300
2015-08-10,18.118050483517617,18.488601829412904,17.864514568988525,18.352083206176758,25232400
2015-08-11,18.166804373589166,18.166804373589166,17.24042519258539,17.43545150756836,22959200
2015-08-12,17.211170331098614,17.87426389090199,17.08440331992515,17.73774528503418,20428400
2015-08-13,17.77674923233179,17.923019428191107,17.230672966491348,17.25992774963379,15468600
2015-08-14,17.318434491459115,17.54271556994738,16.401805129904297,16.528573989868164,37248200
2015-08-17,16.06050591426865,16.830865046331077,15.719209448090353,16.791858673095703,33001000
2015-08-18,16.577328784884948,16.577328784884948,15.865479230504528,15.972743034362793,32424300
2015-08-19,15.836224497991065,15.943490162091715,15.485175516298373,15.504677772521973,36874000
2015-08-20,14.968355086429701,14.987857345147777,14.29550995633651,14.373520851135254,54864200
2015-08-21,14.03222452189756,14.870842171885982,13.88595338517972,14.168743133544922,43715800
2015-08-24,13.466644703249193,14.08098030090332,13.164351771895891,14.08098030090332,54532000
2015-08-25,14.802582538796333,14.958604337208618,13.905456267962418,13.915207862854004,38655100
2015-08-26,14.24675330891707,14.38327284357506,13.759184737948424,14.061477661132812,43819700
2015-08-27,14.266257606946208,15.533936175984381,14.266257606946208,15.280400276184082,42971800
2015-08-28,15.845981194928818,16.128771905941644,15.221892985387875,15.563191413879395,34099400
2015-08-31,15.514432223782551,16.265288290962157,15.075620683335261,16.00200080871582,32916900
2015-09-01,15.407166861741928,15.806972006848952,15.29015051757233,15.426669120788574,27914200
2015-09-02,15.689956797302923,15.90448629943056,15.348658424883933,15.884984970092773,23478500
2015-09-03,15.982498287892088,16.7821105030626,15.855731268871217,16.177526473999023,26377200
2015-09-04,15.894735982946452,16.869873205456706,15.855731461207899,16.40180778503418,32420800
2015-09-08,17.113655686737232,17.30868385441958,16.626087127457808,17.094154357910156,26817000
2015-09-09,17.45495375267885,17.523213052226183,16.42130894540551,16.5383243560791,32951100
2015-09-10,16.392055091959623,16.98688935303562,16.294541004253084,16.77235984802246,20814300
2015-09-11,16.596834599459356,16.74310479874089,16.29454074636082,16.38230323791504,22107600
2015-09-14,16.47981633981436,16.49931952786746,15.953243281865321,16.2847900390625,15178700
2015-09-15,16.440813063324804,16.440813063324804,16.050756712556815,16.10926628112793,21319400
2015-09-16,16.050756043329066,16.284790588002522,15.90448584785299,16.265287399291992,22363200
2015-09-17,16.265288290962157,16.39205530467713,15.904486719743858,16.00200080871582,22827600
2015-09-18,15.68020540734752,15.787471089774748,14.97810639404387,15.114625930786133,36698200
2015-09-21,15.23164288820483,15.58269194393841,15.075621085656572,15.358410835266113,19024500
2015-09-22,14.968355390837228,15.42666917460965,14.792830408988838,15.026863098144531,22763900
2015-09-23,15.046365942106236,15.046365942106236,14.432029449691054,14.441781044006348,22567900
2015-09-24,14.432028921057437,15.134127876666499,14.237001691711361,14.958602905273438,32800800
2015-09-25,14.958604481277105,15.202388776135042,14.285759306689762,14.539295196533203,28917300
2015-09-28,14.305262537973794,14.363770248129228,13.573909651287867,13.710429191589355,30448600
2015-09-29,13.905456034745137,14.324764378454848,13.798190352663257,14.022472381591797,25529200
2015-09-30,14.363769204211238,14.948851843023148,14.334515351259608,14.607553482055664,28066300
2015-10-01,14.617307197879818,14.666064246517822,14.139490167146754,14.402777671813965,37460500
2015-10-02,14.841587727130994,15.553437402346603,14.773327494054804,15.514431953430176,49688200
2015-10-05,15.9142381850437,17.396447117553553,15.797222767171442,17.133159637451172,63718700
2015-10-06,17.191665375300335,17.845007273279776,16.908876597926362,17.766996383666992,51249900
2015-10-07,17.932771938758584,18.449595307787586,17.76699854566827,18.157054901123047,41913500
2015-10-08,18.127799185562644,18.625119339294535,17.991280584120087,18.254566192626953,33619600
2015-10-09,18.166808072859727,18.381339480930066,17.454958251362626,17.708494186401367,23392500
2015-10-12,18.07904435587502,18.166804991650867,17.27943029948327,17.581724166870117,22494700
2015-10-13,17.367193329836326,18.09854624325361,17.29893402217231,17.727994918823242,21778500
2015-10-14,18.303327086428634,18.820148651495042,18.059542767834518,18.352083206176758,34627900
2015-10-15,18.40083610419488,18.67387327526401,18.04003459394837,18.196056365966797,20397700
2015-10-16,18.274073710590578,18.36183622085967,17.77675343904136,18.040040969848633,15587100
2015-10-19,17.913272511621507,18.742137705186135,17.86451453204746,18.683629989624023,27543300
2015-10-20,18.430092131632403,18.57636233507263,16.197028980631003,16.66509437561035,67592500
2015-10-21,16.08001115589035,16.509072016681642,15.533934880291012,16.021503448486328,48737400
2015-10-22,15.992250955430107,16.58708528900444,15.670455728726745,16.30429458618164,33986100
2015-10-23,16.479816460587898,16.889374113072574,16.392053973632155,16.811363220214844,22439400
2015-10-26,16.73334973636811,16.821112209734725,16.08975950496365,16.167770385742188,14901400
2015-10-27,16.109265609460653,16.382302811702274,16.109265609460653,16.265287399291992,14697600
2015-10-28,16.382303705168045,16.684597566888552,16.167774197431456,16.49932098388672,15151700
2015-10-29,16.27504073689231,16.32379685396453,15.787472126463525,15.806973457336426,17073800
2015-10-30,15.97274467992666,16.206779217735793,15.797221566459395,16.148269653320312,19248400
2015-11-02,16.53832550201602,16.860122553481688,16.38230370368957,16.66509437561035,18767100
2015-11-03,16.67484681652286,17.542718346237468,16.665095221141875,17.396448135375977,22131500
2015-11-04,17.60122783896005,17.60122783896005,16.67484850318295,17.00639533996582,19246900
2015-11-05,17.084404741902443,17.279431072242332,15.953245702180407,16.099515914916992,26767000
2015-11-06,16.03125258784658,16.353047719175333,15.699705863456202,16.041004180908203,18047800
2015-11-09,15.953244482208467,16.041006975124404,15.407167265155566,15.446172714233398,23643000
2015-11-10,15.348658175395252,15.455923854678742,15.03661459194488,15.163382530212402,24591700
2015-11-11,15.251145467528394,15.397415669066826,15.085372076471097,15.114625930786133,16199800
2015-11-12,14.900094947990304,15.35840965523463,14.900094947990304,14.968355178833008,14296800
2015-11-13,14.919599375750963,14.997610277509496,14.490538486115717,14.627058029174805,21071200
2015-11-16,14.578300265218902,14.822084553700702,14.285758933048092,14.519792556762695,23731800
2015-11-17,14.656311643169838,15.33890748728308,14.56854914764781,14.90009593963623,25249600
2015-11-18,15.007361888123732,15.299902305036849,14.919599391064475,15.221891403198242,20071300
2015-11-19,15.319404876515826,15.875233692112417,15.319404876515826,15.47542667388916,18278900
2015-11-20,15.602195564666658,15.699709658931155,14.958605146418291,15.046367645263672,24068900
2015-11-23,15.15363069063676,15.280398626853875,14.6953159873846,14.93910026550293,14049000
2015-11-24,14.841587024342129,15.27064694210569,14.773326794498242,15.241393089294434,12222500
2015-11-25,15.01711339328125,15.387665662721094,14.968357274377693,15.192638397216797,10003300
2015-11-27,15.163380349677695,15.25114282739344,15.085369465033278,15.173131942749023,5019000
2015-11-30,15.202388757480906,15.611946446736754,15.114626262645613,15.533935546875,13495300
2015-12-01,15.777717714021557,16.21652826910378,15.719210011995857,16.138517379760742,20138300
2015-12-02,16.080011073207913,16.177525158330862,15.329155965628862,15.426669120788574,16121100
2015-12-03,15.553438200993968,15.797223431693741,15.114626645660987,15.221891403198242,15210100
2015-12-04,15.153631379860599,15.533935205809088,15.017111843118336,15.114625930786133,19068500
2015-12-07,14.968355859889572,15.085372208134274,14.344267739287893,14.48078727722168,23579100
2015-12-08,14.246753991530511,14.334516487304004,14.061478334869028,14.237003326416016,18188000
2015-12-09,14.237003548946255,14.305262855631097,13.885953560365223,13.963964462280273,20917100
2015-12-10,13.934710592249942,14.432030788920402,13.905456736552653,14.295511245727539,14817000
2015-12-11,13.963963740738869,14.080980087565013,13.642168554476156,13.690925598144531,23718100
2015-12-14,14.071231614019107,14.119987735316682,13.17410521868535,13.320375442504883,35155800
2015-12-15,13.42764080127839,14.012722611705415,13.398386013284505,13.827446937561035,26455800
2015-12-16,14.002967350632776,14.09072983171711,13.437387950270542,13.72017765045166,21968200
2015-12-17,14.285759665170682,14.402776948006563,13.895705155595431,13.963964462280273,29024400
2015-12-18,14.02247102203779,14.363768434759109,13.905454686536494,14.002967834472656,38534200
2015-12-21,14.080981522788477,14.422279933291154,13.97371675975555,14.402777671813965,22217300
2015-12-22,14.432028343211165,14.578298526873391,14.158990233058873,14.24675178527832,27101100
2015-12-23,13.378881419033288,13.94446086883545,13.213108035819218,13.94446086883545,59121400
2015-12-24,13.846946501767267,14.227250301922071,13.837194907669225,14.11998462677002,14284200
2015-12-28,14.090730301000264,14.149238933659461,13.700675849816177,13.837194442749023,17658500
2015-12-29,13.993219651236332,14.149241459562768,13.876202365028172,13.983468055725098,16104200
2015-12-30,13.915209037048415,14.08098151437724,13.749435629756237,13.807943344116211,10943700
2015-12-31,13.749435629756237,13.934711298513955,13.681175389718465,13.807943344116211,13249400
2016-01-04,13.486146269423232,14.002968681645587,13.46664401064139,13.973714828491211,22622300
2016-01-05,14.06147787321888,14.7050682478105,14.00296923463634,14.451532363891602,29806700
2016-01-06,14.139488446960183,14.32476409328825,13.759184629806901,13.866450309753418,26835100
2016-01-07,13.515402717585394,13.915209793954697,13.291121583733657,13.320375442504883,26029200
2016-01-08,13.437390586826492,13.603163988076007,12.959573573795922,12.998579025268555,29064200
2016-01-11,13.037585067772424,13.125347570055203,11.906425993824085,12.218469619750977,43159100
2016-01-12,12.40374755859375,12.910818505442473,12.091702969031076,12.40374755859375,25671300
2016-01-13,12.462252819618415,12.647529403402666,11.613883590086694,11.760154724121094,35319800
2016-01-14,11.779657155072837,11.955182146477695,11.243331515751665,11.721149444580078,35810400
2016-01-15,11.067807132778825,11.370099131457193,10.638746261801234,10.804519653320312,37164600
2016-01-19,10.999548139508143,11.087310642556785,10.443720193484559,10.531482696533203,38131300
2016-01-20,10.121924134784019,10.131675729866528,9.078527640001212,9.800128936767578,65210400
2016-01-21,10.190182928259288,10.62899445532055,9.87813934100919,10.580238342285156,52299100
2016-01-22,10.902034982043542,11.282337922371237,10.609493614893749,10.794769287109375,35091300
2016-01-25,10.785019047693634,10.892283816906453,10.209687886537758,10.219438552856445,23874800
2016-01-26,10.287697792053223,10.453471192803871,10.102421200643292,10.287697792053223,26179500
2016-01-27,10.238939512359444,10.560734679779399,10.063414537416486,10.131674766540527,23013500
2016-01-28,10.219438019785342,10.287698260235974,9.46858281453526,9.644107818603516,37390400
2016-01-29,9.741619539500412,10.775265288869722,9.692862497838641,10.755762100219727,38448100
2016-02-01,10.726511180047533,10.824025290033354,10.248694087036649,10.687505722045898,25824800
2016-02-02,10.531482892878765,10.794769476969956,10.219438328447778,10.326704025268555,22090300
2016-02-03,10.404712075395395,10.589987699968852,9.926895158896839,10.492474555969238,18098100
2016-02-04,10.443719540425061,11.262834944374212,10.433967945148687,10.950790405273438,26164100
2016-02-05,10.872777367452892,11.097059364941412,10.492474526003207,10.726507186889648,22658100
2016-02-08,10.443718793112108,10.492475836041795,9.692862749899362,9.917144775390625,27424400
2016-02-09,9.7611235292725,10.08291872870229,9.507587635793481,9.731868743896484,30178600
2016-02-10,9.829381241407683,10.024408462474671,9.575845389039024,9.65385627746582,22090500
2016-02-11,9.478333343904323,9.7026144416792,9.215045867424333,9.449078559875488,27105700
2016-02-12,9.634356377654356,9.985405461468874,9.244300910119298,9.770875930786133,23857000
2016-02-16,10.10242059869008,10.599740771309175,10.053664484873636,10.54123306274414,27494100
2016-02-17,10.697255552405966,11.36034822892526,10.648498505465188,11.145818710327148,34404700
2016-02-18,11.282336573885175,11.457861559188649,11.0385522853918,11.204325675964355,21616100
2016-02-19,11.106812235685304,11.106812235685304,10.677751378084526,10.882530212402344,17907100
2016-02-22,11.08730830278928,11.155567599660777,10.628993622455802,10.775264739990234,20001700
2016-02-23,10.7265081100502,10.804519003726236,10.131674813279625,10.229187965393066,22686800
2016-02-24,9.995156764244097,10.40471448166385,9.809881096822469,10.375460624694824,18551800
2016-02-25,10.404713187907873,10.472972489002467,9.956150073650772,10.453470230102539,16153900
2016-02-26,10.521732008300106,10.726510889757654,10.307201530115188,10.433969497680664,16418800
2016-02-29,10.385208700247555,10.61924228752054,10.258441708343708,10.365706443786621,20720000
2016-03-01,10.502228849922952,10.824024074798713,10.326703843640404,10.794769287109375,15638700
2016-03-02,10.736260670333793,11.399353326247308,10.697255219985939,11.389602661132812,18197500
2016-03-03,11.438358540574454,11.555375819166755,11.311591527032126,11.496867179870605,16323300
2016-03-04,11.506618163893249,11.984435127919982,11.311590926531647,11.58462905883789,35279500
2016-03-07,11.17506932682645,11.487112848843939,10.775263331750777,11.292085647583008,27748800
2016-03-08,11.15556905963923,11.165320654743727,10.385210715686517,10.394962310791016,29648400
2016-03-09,10.492476018964439,10.638746220340286,10.26819398956311,10.54123306274414,15133800
2016-03-10,10.677752564652092,10.785018255953828,10.394962802975103,10.609493255615234,17739000
2016-03-11,10.716757058999534,11.1165631418431,10.580238453129,11.106812477111816,17261200
2016-03-14,11.058054502586936,11.058054502586936,10.736259344466209,10.872777938842773,13531300
2016-03-15,10.872778740350501,10.872778740350501,10.453470402473993,10.580238342285156,15156500
2016-03-16,10.44371863567096,10.619243615586461,10.287696844618617,10.453470230102539,20471800
2016-03-17,10.45347265879998,10.726510856577645,10.336456288323838,10.599742889404297,19976800
2016-03-18,10.570488114135184,10.892283337575988,10.482725611385263,10.863029479980469,44827100
2016-03-21,10.863030830612315,11.311594066022678,10.804522178183364,11.24333381652832,18083000
2016-03-22,11.165321626165321,11.311592775568998,11.048305264620407,11.155570030212402,13463400
2016-03-23,11.145817666353242,11.175071519792315,10.365707778259807,10.385210037231445,29424300
2016-03-24,10.238940238952637,10.336454327499398,10.073166846401103,10.238940238952637,22822800
2016-03-28,10.238941719199145,10.326704225586425,9.995157392551546,10.121925354003906,22898800
2016-03-29,9.926898005931678,10.26819550275916,9.848887096373202,10.190184593200684,30891600
2016-03-30,10.24869334170273,10.67775334851741,10.141427642526503,10.219438552856445,35166700
2016-03-31,10.053666361399456,10.229190449819548,9.761124974081389,10.209688186645508,48134200
2016-04-01,10.02440926518282,10.7947675475565,9.985403817846048,10.755762100219727,28458300
2016-04-04,10.78501860979298,10.94104042411796,10.511979504760896,10.531482696533203,22475200
2016-04-05,10.365706167152604,10.45346864379243,10.12192192313668,10.141424179077148,20760300
2016-04-06,10.160931133765258,10.21943885325081,9.995157711950469,10.209688186645508,18413000
2016-04-07,10.160932849523954,10.385214028696055,10.131678984841418,10.248695373535156,19470200
2016-04-08,10.375459334576368,10.619243615586461,10.307199103518544,10.453470230102539,18950000
2016-04-11,10.482725969026665,10.648499384329275,10.180432997015025,10.190184593200684,18258000
2016-04-12,10.248691551356604,10.277945405129119,9.800128430337322,9.917144775390625,25679600
2016-04-13,10.043913732261254,10.628995516784334,9.946399636525738,10.609493255615234,26108900
2016-04-14,10.5217279345287,10.5217279345287,10.131673516088458,10.141424179077148,17778100
2016-04-15,10.463221721291765,10.511978767338825,10.199935160578924,10.424216270446777,25325200
2016-04-18,10.365707746235525,10.824022455193505,10.297448445100825,10.619243621826172,26372800
2016-04-19,10.804519259970311,10.804519259970311,10.336453886813281,10.453470230102539,21005700
2016-04-20,10.36570784528217,10.502227378819276,10.23893990627555,10.4827241897583,19268600
2016-04-21,10.531481164353282,10.619243654633738,10.336453924820733,10.385210037231445,15629500
2016-04-22,10.394962310791016,10.541233447468596,10.238940508972233,10.394962310791016,18715200
2016-04-25,10.404714146118977,10.609492998224876,10.219437554709046,10.287697792053223,22500000
2016-04-26,10.5509840881701,11.360347880702744,10.443719332158972,11.22382926940918,47098100
2016-04-27,11.058057306387749,11.321343897987575,10.921537747433097,11.272587776184082,24353400
2016-04-28,11.243331294174121,12.101452114183953,11.233580629259682,11.331093788146973,41186400
2016-04-29,11.340844979213173,11.399352686469621,10.385210104379905,10.4827241897583,40162100
2016-05-02,10.531482026174624,10.589989737840627,10.170681371023248,10.35595703125,23794800
2016-05-03,10.229188751339173,10.355956695793578,9.995156052329474,10.102420806884766,27847600
2016-05-04,9.995157623291016,10.229190359084168,9.556346011187998,9.751373291015625,40867200
2016-05-05,9.809880256652832,10.141426110487611,9.761123212571366,9.809880256652832,26456300
2016-05-06,9.731870374371253,9.956152450013706,9.605103336356526,9.741621971130371,20963300
2016-05-09,9.751369276323512,9.819628563669603,9.51733663688288,9.624601364135742,20476700
2016-05-10,9.69286402199713,9.858637431736328,9.595350853303307,9.83913516998291,19608200
2016-05-11,9.770878423475088,10.073170534721283,9.761126825057183,9.848889350891113,17808400
2016-05-12,9.897641462804845,10.004907141905148,9.117532505511184,9.390570640563965,41066600
2016-05-13,9.41982359304667,9.546591518973438,9.176039334717457,9.322310447692871,21517300
2016-05-16,9.371066065179553,9.449076949367031,9.27355292492675,9.439326286315918,16247600
2016-05-17,9.41007463494283,9.67336215405797,9.254052814710187,9.429577827453613,22112100
2016-05-18,9.439328288384395,10.024410043885519,9.439328288384395,9.800128936767578,26916900
2016-05-19,9.75137132120358,10.00490719874605,9.66360883051863,9.81963062286377,18852900
2016-05-20,10.05366565767211,10.541234292419356,10.024410870013648,10.531482696533203,31189700
2016-05-23,10.570488114135184,10.892283337575988,10.550984922429262,10.863029479980469,28369200
2016-05-24,11.028801620624142,11.214077270695272,10.882530489550161,11.204325675964355,25437300
2016-05-25,11.301839553826328,11.487115200462702,11.136066166326986,11.311591148376465,29175600
2016-05-26,11.41885935251783,11.730903032803301,11.399356157518227,11.652892112731934,23644100
2016-05-27,11.672391896534538,12.120955020836378,11.535872361325021,12.003938674926758,29838400
2016-05-31,12.345238907437167,12.589023248989918,11.955184332938149,12.40374755859375,49604300
2016-06-01,12.296477287744763,12.764543533325195,12.003936930465496,12.764543533325195,35762100
2016-06-02,12.628025338580985,12.881561209369773,12.43299810334469,12.78404712677002,31941900
2016-06-03,12.696285898169258,12.715788157217847,12.31598208210777,12.540263175964355,28326000
2016-06-06,12.569517638187214,12.715787832184091,12.442749702740421,12.45250129699707,24861200
2016-06-07,12.511010163810239,12.823053769279374,12.491507903450069,12.676783561706543,21409500
2016-06-08,12.754795823378137,12.764547419579884,12.19896785936613,12.267227172851562,25869800
2016-06-09,12.159958676073657,12.384239740165086,11.935676682019116,12.19896411895752,21881700
2016-06-10,12.01369127267728,12.062448323809024,11.750404684507298,11.838167190551758,21439300
2016-06-13,11.7016454086993,12.052694436173518,11.643136772471983,11.750402450561523,15538900
2016-06-14,11.769906463146521,12.013690778820399,11.448111240854072,11.623636245727539,21913200
2016-06-15,11.857668055705375,11.945430551407803,11.652889209054138,11.721149444580078,17491700
2016-06-16,11.574881192660566,11.691897572767617,11.292091374910978,11.652892112731934,22453100
2016-06-17,11.672392101408764,12.042944334941469,11.652888911766548,11.896673202514648,20604200
2016-06-20,12.198966583412568,12.345236791286018,11.984436139229983,12.013689994812012,21481700
2016-06-21,12.228221694548361,12.511011474112713,12.111205330242086,12.433000564575195,25060500
2016-06-22,12.462255279786872,12.715791218192964,12.354990504290507,12.40374755859375,26968200
2016-06-23,13.076590637979017,13.807943590259393,13.076590637979017,13.700678825378418,71203000
2016-06-24,13.164351979025806,13.505650365282161,12.803551332677731,12.881562232971191,77486100
2016-06-27,12.803553222289521,12.910817993532874,11.799162035305729,11.925929069519043,45700500
2016-06-28,12.325734773413265,12.725540884099896,12.306231582665955,12.667032241821289,34838100
2016-06-29,12.96932432153819,13.086340668308424,12.618274351264231,12.862058639526367,36879800
2016-06-30,13.00832907715945,13.437388992449458,12.891312736625812,13.417886734008789,48486100
2016-07-01,12.267224646367103,12.57926822084919,12.003938112888646,12.189213752746582,68847100
2016-07-05,12.07219673666144,12.14045603226827,11.506617324585294,11.613882064819336,37298900
2016-07-06,11.467612134803355,11.55537461965572,11.214076274110562,11.43835735321045,35747800
2016-07-07,11.604131867624275,12.237971581547296,11.594381202766433,11.896673202514648,33457100
2016-07-08,12.081950386434077,12.403745591862968,12.072198791126942,12.306231498718262,27955700
2016-07-11,12.472003376713994,12.657279015117629,12.296478402463984,12.325733184814453,22797100
2016-07-12,12.676782823193244,13.125345944904767,12.657279634005974,12.901063919067383,35226800
2016-07-13,12.910818598421796,13.05708976238492,12.745045170575006,12.959575653076172,23067400
2016-07-14,13.164354538653768,13.213111593308144,12.940073389192502,12.959575653076172,18698900
2016-07-15,12.979075702460467,13.16435134930388,12.715788229092032,12.803550720214844,18046200
2016-07-18,12.920565954227637,13.027830695287316,12.764544174517862,13.008328437805176,17180500
2016-07-19,12.891312599182129,12.93031804561081,12.725539219369438,12.891312599182129,30569900
2016-07-20,12.998579343865817,13.28136910646445,12.910816843410492,13.252115249633789,35666000
2016-07-21,13.144847706673266,13.164350895122455,12.75479323732159,12.852307319641113,16734700
2016-07-22,12.881561616776622,12.901063875935446,12.696285969933209,12.803550720214844,18755900
2016-07-25,13.651920660326287,13.973715858636913,13.534904309119083,13.573909759521484,51357000
2016-07-26,13.65191966772869,14.32476387074007,13.583660366978277,14.305261611938477,38959800
2016-07-27,14.480785682147518,14.519791127265927,13.710427443586571,13.837194442749023,35035800
2016-07-28,13.778686897958385,13.837194601324919,13.359377660657783,13.466643333435059,25504200
2016-07-29,13.564157482606447,13.593411336446934,13.28136774891309,13.398384094238281,21792900
2016-08-01,13.466645598252256,13.573910359106117,13.213109694455857,13.222861289978027,16363900
2016-08-02,13.213108439844818,13.24236229367028,12.696286015766509,13.066837310791016,23707600
2016-08-03,12.940071033104553,13.24236304298704,12.940071033104553,13.174103736877441,17316600
2016-08-04,13.271614740908024,13.846945741624237,13.261864077308454,13.681172370910645,23400100
2016-08-05,13.866450483715006,14.412526764979338,13.846947294402511,14.158991813659668,29098400
2016-08-08,14.168742411959146,14.35401898970665,14.02247221265385,14.061477661132812,16163500
2016-08-09,14.197996449591148,14.334515047110925,14.04197373391209,14.11998462677002,12573700
2016-08-10,14.119986790500024,14.13948998168475,13.681175218440407,13.846948623657227,15003200
2016-08-11,13.895703059529897,14.129735729972925,13.856697614456058,14.07122802734375,14451300
2016-08-12,14.100482195249123,14.61730458657221,14.071228343277713,14.558796882629395,24909900
2016-08-15,14.714819947638231,15.30965328265231,14.705068352810967,15.143879890441895,29105200
2016-08-16,15.192635186975592,15.20238678068111,14.851336846987731,15.104872703552246,21872700
2016-08-17,15.143880189287371,15.368162224924026,15.075620884076047,15.134129524230957,22552100
2016-08-18,15.163383039231311,15.407167329476307,15.124377589990644,15.377913475036621,16590700
2016-08-19,15.758215295917426,16.041005946043878,15.631448292019419,15.845977783203125,35059400
2016-08-22,15.748463487882686,16.021502540165965,15.514430811608321,15.787469863891602,22145800
2016-08-23,15.865481990603854,16.128769469373424,15.738713118636348,15.777719497680664,23741400
2016-08-24,15.797222397431549,15.836226915833876,14.99760931099247,15.124377250671387,26686900
2016-08-25,15.504680820592604,16.13851961685733,15.485178560535049,15.797223091125488,34837800
2016-08-26,15.933742511168418,16.392056340390162,15.884986393565113,16.099515914916992,24243700
2016-08-29,16.499320304812898,16.821115483136715,16.197028315460578,16.48956871032715,34467800
2016-08-30,16.577333132343906,16.587084727965898,16.09951610642637,16.32379722595215,23620900
2016-08-31,16.284793067939123,16.323797591373555,15.738714860443237,16.080013275146484,21963700
2016-09-01,16.197027290722318,16.38230199445034,15.894733460568766,16.226280212402344,15719500
2016-09-02,16.53832404404728,16.54807563807383,16.15802117664373,16.2847900390625,16099500
2016-09-06,16.38230403957221,16.65534312220483,16.333547924068014,16.58708381652832,22998600
2016-09-07,16.78211068557511,16.91863116130533,16.596835952677868,16.733354568481445,23023500
2016-09-08,16.752850691726138,17.415944020048492,16.460308532799644,17.016138076782227,39212100
2016-09-09,16.899129258935204,17.298935401350885,16.2750419849062,16.392057418823242,31389600
2016-09-12,16.197023642065158,16.77235453123638,15.962991021713023,16.723596572875977,28239200
2016-09-13,16.499320985405983,16.723602088050328,16.050756920190743,16.333547592163086,24345800
2016-09-14,16.460311477575466,16.655339618417305,16.236030417555686,16.509069442749023,18591300
2016-09-15,16.479811715379917,17.0258878081465,16.431055618855098,17.016138076782227,24303700
2016-09-16,17.63047946230489,17.63047946230489,16.908878200033712,17.04539680480957,37447400
2016-09-19,17.191665631495248,17.328186085296824,16.43105991141742,16.528573989868164,23999900
2016-09-20,16.626087997565943,16.840619365229085,16.304292805997783,16.49932098388672,17775800
2016-09-21,16.821116374620555,17.259928850103023,16.80161318461543,17.220922470092773,31384900
2016-09-22,17.44520073257245,17.60122250733563,16.977135408282898,17.152660369873047,25278000
2016-09-23,17.01614388088703,17.298932685055092,16.996640691654335,17.04539680480957,17947600
2016-09-26,16.918629371813893,17.162413651350327,16.752855987332058,16.928380966186523,19567200
2016-09-27,17.094153590614347,17.630478237777425,16.918628619564213,17.552467346191406,28621000
2016-09-28,17.708493539074166,17.708493539074166,16.72360462509291,17.00639533996582,42715600
2016-09-29,17.01613844583504,17.328181934183668,16.91862439074462,17.103900909423828,31870200
2016-09-30,17.308689238531315,17.552473594003587,17.14291580241309,17.33794403076172,21363100
2016-10-03,17.542712760313158,17.571967537140853,17.1624099611834,17.28917694091797,26856100
2016-10-04,17.532962084073688,17.591471640785997,17.220918554645973,17.357437133789062,54502800
2016-10-05,17.113655693848024,17.874263316213487,16.85037008527184,17.25992774963379,67739500
2016-10-06,17.20141447036094,17.445198697480233,17.103902267454064,17.28917694091797,21606800
2016-10-07,17.279428733184858,17.35743962674608,16.869871077006845,17.172164916992188,23849000
2016-10-10,17.27943280210602,17.39645009996602,17.055151662795105,17.064903259277344,18857600
2016-10-11,16.967386162269587,17.03564546568122,16.1190178771157,16.440813064575195,38070200
2016-10-12,16.460314735286836,16.616338394795143,16.255536820808253,16.362802505493164,17901800
2016-10-13,16.148270134362573,16.577330986558795,15.767967253965042,16.431060791015625,28593700
2016-10-14,16.606585525491855,16.97713680608189,16.567579148626365,16.704097747802734,23539800
2016-10-17,16.596839784421373,16.743110029398697,16.509077265449562,16.567584991455078,12657800
2016-10-18,16.782110335131733,17.22092281951803,16.772360599857908,16.97713851928711,20185700
2016-10-19,16.57732920007988,16.82111345302223,16.43105902029972,16.791858673095703,18629500
2016-10-20,16.626087786499394,17.064900251215548,16.626087786499394,16.77235984802246,17129700
2016-10-21,16.57733133110524,16.64559063311567,16.382303159709878,16.518823623657227,18710300
2016-10-24,16.64559105709107,16.73335355046171,16.548076968909633,16.635839462280273,13838700
2016-10-25,16.674840182981512,17.172160190009354,16.674840182981512,17.103900909423828,27444000
2016-10-26,16.86987302933598,17.484210514662706,16.7723607960443,17.201419830322266,23610500
2016-10-27,17.37694315513047,17.45495405021812,16.967385490938693,17.094154357910156,21198300
2016-10-28,17.162414338922083,17.2306736423387,16.674845760315925,16.77235984802246,20832400
2016-10-31,17.10390775412922,17.318437273238647,16.733354568481445,16.733354568481445,23267600
2016-11-01,16.772362205642327,16.97714014467695,16.167776264818936,16.557830810546875,27146100
2016-11-02,16.528574867104798,16.5968341676652,16.089762420750123,16.265287399291992,24949700
2016-11-03,16.24578973277923,16.392059977974846,16.148275616006458,16.206785202026367,17255100
2016-11-04,16.050756043329066,16.5968341676652,16.041006308900247,16.265287399291992,18026600
2016-11-07,16.596837348861275,16.996643494427666,16.596837348861275,16.947885513305664,21673200
2016-11-08,16.86987283200899,17.11365713223991,16.6358401269785,16.97713851928711,18062700
2016-11-09,16.528575558719382,16.918630049619004,16.33354738330631,16.77235984802246,33873300
2016-11-10,16.91863506734232,17.31844127157964,16.333552227505944,16.567584991455078,30282200
2016-11-11,16.655343635330162,17.24042633903893,16.47981863822487,17.230674743652344,31043300
2016-11-14,17.32818577045928,17.532963657551498,17.094153102385473,17.269676208496094,26313300
2016-11-15,17.22091973276482,17.71823983928525,17.22091973276482,17.649980545043945,25153900
2016-11-16,17.493960537355775,17.87426342080053,17.4842089429179,17.786500930786133,21629000
2016-11-17,17.89376514200357,18.859150593053183,17.796251065549544,18.703128814697266,45958100
2016-11-18,18.430099239078242,18.849408681256943,18.3813431057712,18.732391357421875,29121600
2016-11-21,18.907912301524277,19.18095142447991,18.868907775345964,19.00542640686035,22744000
2016-11-22,19.151688663523032,19.30771042315012,18.966413986419667,19.249202728271484,22219100
2016-11-23,19.14194087117731,19.434483123499128,18.985919080576256,19.414979934692383,20041300
2016-11-25,19.453985856796447,19.931802811815036,19.297964069848597,19.62950897216797,16308000
2016-11-28,19.678268989867462,19.775783081834348,19.453987880292257,19.492992401123047,22205900
2016-11-29,19.424734858160015,19.697773968469278,18.898159829690748,18.937166213989258,37924400
2016-11-30,19.093189718504714,19.268714743504788,18.878660165686256,19.04443359375,26031700
2016-12-01,19.210207123639268,19.33697416462963,17.727997860145322,18.020538330078125,40713100
2016-12-02,18.001029367791954,18.72263243425693,17.845007585833674,18.322826385498047,25887600
2016-12-05,18.52760746130983,18.52760746130983,17.942524748441027,18.14730453491211,26635500
2016-12-06,18.15705025602484,18.615363938529807,18.118043886487698,18.586109161376953,22267800
2016-12-07,19.015173359229976,20.029316831153583,18.82014519619039,19.93180274963379,44735700
2016-12-08,20.23409427250713,20.468126946925686,19.78553211151982,20.146331787109375,36257400
2016-12-09,20.21459368564559,20.33161096787453,19.629510994354106,19.990312576293945,23978000
2016-12-12,19.795284541835343,20.000064322298627,19.00542392559495,19.522247314453125,28676100
2016-12-13,19.63926056634301,19.96105573441375,19.30771380409723,19.62950897216797,26252400
2016-12-14,19.434484817101232,19.824539327594845,19.288214608156956,19.522247314453125,19489100
2016-12-15,19.600262991977285,19.99031759750415,19.48324568035569,19.785539627075195,19453100
2016-12-16,20.019569089376258,20.477882942808336,19.688022264365223,19.766033172607422,36643400
2016-12-19,19.922054638559032,20.185342146716394,19.68802191795029,19.844043731689453,23555900
2016-12-20,20.214598061341174,20.282857382447528,19.961062111569703,20.136587142944336,23018500
2016-12-21,20.23409653074784,20.312107430927156,19.834290434838035,20.068323135375977,32034500
2016-12-22,22.340392848086424,22.90597234323064,22.20387423682193,22.613431930541992,85870000
2016-12-23,22.496411745965265,22.90596938682493,22.48666015214404,22.68168830871582,27780100
2016-12-27,22.769453470444617,23.052242284805427,22.632933000821566,22.72069549560547,24214100
2016-12-28,22.818208945873,22.82796054056754,22.194121764834556,22.213624954223633,24026900
2016-12-29,22.018602576500573,22.233132136475014,21.599293193886304,21.716310501098633,19890500
2016-12-30,21.794320815081967,21.843076940111406,21.209238015093984,21.375011444091797,20268900
2017-01-03,21.521278222349746,22.174620236409634,21.501775031499804,21.989343643188477,24962900
2017-01-04,22.106357678371438,22.2721310563713,21.696800030367445,21.804065704345703,20426800
2017-01-05,21.843074408501348,22.00884781828604,21.414013490248017,21.560285568237305,19759400
2017-01-06,21.716304563935953,21.726056158531513,21.433513900444225,21.492023468017578,17782200
2017-01-09,21.394512341132863,21.98934481432322,21.394512341132863,21.78456687927246,21537200
2017-01-10,21.804064235459943,22.125859375789798,21.745554675453604,21.921079635620117,20644300
2017-01-11,22.04785034548871,22.311135947981096,21.999092374711296,22.22337532043457,20907700
2017-01-12,21.901582184410117,21.92108537618628,21.16047949618336,21.755311965942383,27592300
2017-01-13,21.716308267509252,21.755312792616962,21.443269152048064,21.6285457611084,14025700
2017-01-17,21.336004412715702,21.521281030108845,21.043463951507068,21.199485778808594,20053800
2017-01-18,21.140973257331897,21.78456361376983,20.99470305994627,21.765060424804688,19493400
2017-01-19,20.965451026910923,21.74556008859274,20.95569943114906,21.170228958129883,31259000
2017-01-20,21.3555032931468,21.77481256680841,21.345751698419026,21.414011001586914,19978700
2017-01-23,21.41401010903862,21.75530847057906,21.1994806137489,21.34575080871582,16070300
2017-01-24,21.71630751064237,22.515919776713414,21.70655591472361,22.28188705444336,29461400
2017-01-25,22.81820991806364,23.38378941495839,22.61343200053309,22.974231719970703,31611800
2017-01-26,23.208263654767748,23.39354023587324,22.710945340101556,22.935226440429688,19379100
2017-01-27,22.94497778258288,23.500805659852915,22.866966885070006,23.37403678894043,18626100
2017-01-30,23.227767386720156,23.637325077717115,22.84746448076818,23.57881736755371,30508100
2017-01-31,23.354531590804772,23.549557872317397,23.09124415784022,23.51055335998535,22712500
2017-02-01,23.82260185870109,24.23215955305998,23.70558457748716,24.134645462036133,28728200
2017-02-02,23.920118635119806,24.680724538656833,23.851857461791155,24.173654556274414,45499700
2017-02-03,24.280915116576995,24.612461902564338,23.89086062127616,23.988374710083008,25054400
2017-02-06,23.92012083253682,24.11514719446864,23.608075305577373,23.734844207763672,18900000
2017-02-07,23.97862311520967,24.07613720401651,23.608069949728968,23.988374710083008,19879300
2017-02-08,23.64707102222861,23.773838007279245,23.31552431064863,23.608064651489258,21559200
2017-02-09,24.13463856563643,24.271157138104094,23.81284345915832,23.842098236083984,27887400
2017-02-10,24.0956377081978,24.144395680893798,23.305777149787428,23.45204734802246,28578400
2017-02-13,23.471557663106402,23.59832657067678,23.2277733053925,23.305784225463867,16876400
2017-02-14,22.779208284893212,22.788959881239276,22.116114612775498,22.545175552368164,60685200
2017-02-15,22.496414654301322,22.681691241004437,22.223377431714194,22.44765853881836,28215800
2017-02-16,22.467160920314214,22.75970132253566,22.281884340279824,22.40865135192871,23819800
2017-02-17,22.437906265647047,22.798705973141157,22.437906265647047,22.769453048706055,22108700
2017-02-21,23.032742086731275,23.38379022319245,22.993735704943003,23.179012298583984,20256300
2017-02-22,23.266775351357154,23.461801685159568,23.061995561948923,23.159509658813477,16013300
2017-02-23,23.325283995594003,23.374040116007066,22.652438746318442,22.896223068237305,20172900
2017-02-24,22.38914849949768,22.681690766049368,22.07710490311711,22.662187576293945,22019600
2017-02-27,22.779203642952577,23.179009712034667,22.574423881268864,23.16925811767578,17999800
2017-02-28,23.198512328434255,23.354534114474408,22.74019670450571,22.857213973999023,21447500
2017-03-01,23.55931424986273,23.968871942117236,23.471551754384866,23.939617156982422,27989300
2017-03-02,24.261407187894143,24.62220868802681,23.773838699022324,24.08588409423828,45941900
2017-03-03,24.57346155015637,25.041527023891746,24.358930146415847,24.934261322021484,37862400
2017-03-06,24.86599807084031,25.2755557605218,24.544202876085322,25.070775985717773,25527800
2017-03-07,24.924510599866665,25.10978722052581,24.651473327239422,25.002521514892578,20313000
2017-03-08,25.002517372641897,25.18779396260565,24.41743653684329,24.748981475830078,24921100
2017-03-09,24.6027168065076,24.85625276040639,24.23216540307216,24.52470588684082,21786600
2017-03-10,24.651467255522537,25.109781035925117,24.19315161519349,24.553953170776367,28919000
2017-03-13,24.758731762405805,25.178041036510802,24.661219534878008,25.061025619506836,23768200
2017-03-14,24.953759468089874,25.061025148265276,24.622212692935435,24.944007873535156,14587500
2017-03-15,24.524700580659342,25.49983779547623,24.31992265831258,25.470584869384766,29779900
2017-03-16,25.548592279854926,25.577845201947714,25.18779074132407,25.39257049560547,19147300
2017-03-17,25.21704838904682,25.265804504693104,24.768484313409342,25.158538818359375,19126500
2017-03-20,25.34381627458184,25.948402172927224,25.1682912763549,25.558345794677734,26918800
2017-03-21,25.64610965504035,25.782630138644592,24.797741265149153,24.8855037689209,28397500
2017-03-22,25.090276073064988,25.49983371210129,24.992761995213232,25.412071228027344,25092500
2017-03-23,25.704620087040734,25.831387118974238,25.392576445425817,25.8118839263916,47118300
2017-03-24,28.971322656892255,29.127346305686814,27.459860879759894,27.723148345947266,107481800
2017-03-27,27.401354390545343,28.454502442128526,27.372099606361235,28.044944763183594,48190000
2017-03-28,28.015689088057723,28.33748426414327,27.908425269313515,27.9766845703125,24776400
2017-03-29,27.88892645305717,27.966937360705057,27.645142134166683,27.791412353515625,23060600
2017-03-30,27.69389553944787,28.27897821942121,27.62563623443752,28.249723434448242,25092700
2017-03-31,28.376491415399396,28.630027297397714,28.18146324157715,28.18146324157715,32337800
2017-04-03,28.230222796917154,28.31798529406241,27.59638212643993,27.927928924560547,21629100
2017-04-04,27.762152195312165,27.9669319507291,27.459860219143376,27.879169464111328,13957900
2017-04-05,27.927924304692844,28.19121175257532,27.528118266023736,27.557373046875,22389900
2017-04-06,27.547628483285344,28.06445191732416,27.32334735263571,27.908430099487305,19423700
2017-04-07,27.742651877605766,28.142457949015178,27.64513779337571,27.810911178588867,20325500
2017-04-10,27.74265759993693,27.781662125718334,26.894287310050995,26.952795028686523,27422100
2017-04-11,26.81627411869687,26.855280501088874,26.016661878927636,26.504230499267578,38619300
2017-04-12,26.738260729697434,26.748012324389453,25.997156272442492,26.026411056518555,24621900
2017-04-13,25.889886338706948,26.55297978944846,25.704611649766857,26.075162887573242,26077500
2017-04-17,26.240939635581977,26.543231620679816,26.162928740720393,26.455469131469727,14108600
2017-04-18,26.328706595518952,26.66025341996037,26.23119249540205,26.465225219726562,14407100
2017-04-19,26.767519573090965,26.86503181494596,26.377463165963807,26.582242965698242,21231900
2017-04-20,26.816271260184465,27.381850725093113,26.816271260184465,27.264833450317383,23633000
2017-04-21,27.303844550246907,27.333099338981537,26.484729064945356,26.640750885009766,28361700
2017-04-24,27.050301838525677,27.06980502612048,25.860635294137566,25.909391403198242,44041000
2017-04-25,26.045913477386524,26.34820734572674,25.714368543597555,26.318952560424805,22881400
2017-04-26,25.91914638605098,26.396963385042614,25.733869799527174,26.123926162719727,24670700
2017-04-27,26.494476739128306,26.962542130032322,26.426217435445622,26.943038940429688,24626900
2017-04-28,27.32334451587577,27.4988695077006,26.826024325680955,26.982046127319336,28105100
2017-05-01,27.15756713862423,27.674388583327715,27.030798280919605,27.586627960205078,23938000
2017-05-02,27.57687755760479,27.57687755760479,26.767513847805734,27.079557418823242,25335300
2017-05-03,26.865024415320345,27.401350897432554,26.865024415320345,27.303836822509766,15061300
2017-05-04,27.24533024705736,27.46961132669665,27.030798901379466,27.09906005859375,15544600
2017-05-05,27.10881258625865,27.518370272119608,26.933289457969565,27.498868942260742,15639600
2017-05-08,26.87477622324323,27.372096335384008,26.601739043192346,27.36234474182129,32326800
2017-05-09,27.411109250693034,28.18146672671356,27.362351271244435,28.093704223632812,31073400
2017-05-10,28.200967982280194,28.688536583730453,28.083950699564422,28.591022491455078,29267500
2017-05-11,28.44474995582016,28.581268557880556,27.9766845831047,28.308231353759766,22494600
2017-05-12,28.37649346399456,28.395996654770087,27.96693575734169,28.21072006225586,15902700
2017-05-15,28.356987328302857,28.464253006501913,28.015688964882045,28.113203048706055,21899900
2017-05-16,28.200964998243105,28.35698678540388,27.859666641356505,28.298479080200195,14940800
2017-05-17,27.63538885231699,27.80116225344655,26.289698452576648,26.328704833984375,38027900
2017-05-18,26.474973006341475,27.196574267495112,26.4164652986605,26.796768188476562,26863000
2017-05-19,27.089306644223118,27.45985788742386,27.04054867806103,27.128311157226562,19173200
2017-05-22,27.498865191773028,27.547621299660314,26.962538705381384,27.36234474182129,18032700
2017-05-23,27.381848213115415,27.6061292876066,26.874776502149537,27.586627960205078,21800800
2017-05-24,27.762159923524237,28.396000694413203,27.732906993126036,28.26923179626465,22216800
2017-05-25,28.474004962820924,28.92256715021619,28.464253368321923,28.698286056518555,20714000
2017-05-26,28.542263606527012,29.029832160680492,28.161958869537326,29.02008056640625,17784800
2017-05-30,29.19560592253971,30.102483742627513,29.137096356134627,29.936710357666016,34690000
2017-05-31,30.239003243335436,30.326765735625624,29.56615808908618,30.00497055053711,26402900
2017-06-01,29.985462869050412,30.063473754963088,29.527149146804224,29.995214462280273,20534800
2017-06-02,30.03422255504229,30.599802010301968,29.77093694615998,30.43402862548828,20206300
2017-06-05,30.5217911150912,30.970355157497952,30.29751002385105,30.43402862548828,24360800
2017-06-06,30.268260325047933,30.98011005216962,30.102486922574577,30.78508186340332,33125800
2017-06-07,30.91184663489604,31.740711677153236,30.91184663489604,31.69195556640625,32635800
2017-06-08,32.02350858867939,32.043011780762114,31.08737582790329,31.643205642700195,29156500
2017-06-09,31.85773093795918,32.11126869625628,28.81530387736673,29.83919906616211,53064200
2017-06-12,29.312624376012806,30.902099089620013,28.48375736522929,30.42428207397461,46550900
2017-06-13,30.9606048611143,31.43842370672984,30.004970889736292,30.755826950073242,33767900
2017-06-14,30.989859729034503,30.999611323861767,30.082981869290855,30.28775978088379,28935000
2017-06-15,29.712429383750433,30.19999797668322,29.332126476439363,29.80019187927246,33670600
2017-06-16,29.868447902316333,30.229249439804178,29.078587389345994,29.11759376525879,42881700
2017-06-19,29.751436869935446,30.473038191109726,29.57591187236639,30.42428207397461,24915000
2017-06-20,30.61930635163827,30.794831337451104,29.965964382182996,30.063478469848633,25793300
2017-06-21,30.40477800178391,31.350662270169956,30.287760720154388,31.214139938354492,30579000
2017-06-22,31.24339616478892,31.594446145044344,30.970357084598415,31.097124099731445,23050800
2017-06-23,31.097124785136064,31.282403234272962,30.853340484569173,30.941102981567383,45323800
2017-06-26,31.643199455659264,32.14051773704302,31.155630908483783,31.69195556640625,34750700
2017-06-27,31.701703981774138,31.85772576158543,30.824082865280367,30.872838973999023,33221500
2017-06-28,31.272651702530517,31.47742963483663,30.658316045685467,31.438426971435547,28415900
2017-06-29,31.487176902742746,31.5846891218626,29.87819924829612,30.687562942504883,53948400
2017-06-30,31.321401926393175,31.350658568254143,28.971321715512186,29.11759376525879,73308000
2017-07-03,29.34187592148633,29.527152494004234,27.849915466860665,28.415494918823242,36830400
2017-07-05,28.815301705818968,29.80019043913832,28.815301705818968,29.751434326171875,40444600
2017-07-06,29.19560935564357,29.722182495723736,29.1761061645485,29.35163116455078,27143800
2017-07-07,29.468643785366236,29.74168285491936,29.234611094289196,29.449142456054688,22023100
2017-07-10,29.410137170301674,29.82944645486642,29.0103310756996,29.741683959960938,24907900
2017-07-11,29.790437666515537,30.609552979460492,29.75143314967009,30.590051651000977,28530500
2017-07-12,30.980105781148392,30.989857375234983,30.385271561351004,30.668062210083008,22258600
2017-07-13,30.76557380269716,31.05811603954046,30.073227376028083,30.356016159057617,23773000
2017-07-14,30.570550033966416,31.155632696133175,30.482787541645077,30.999610900878906,28887600
2017-07-17,30.882592688592194,31.067869262314357,30.658311597201735,30.93134880065918,22320500
2017-07-18,30.8533348021593,31.116622244662988,30.61930213990922,31.106870651245117,14045000
2017-07-19,31.25314500563899,31.545685407530566,30.86309051647472,31.02886390686035,19984100
2017-07-20,31.136135977071717,31.223898487630777,30.638815703879345,31.204395294189453,23179300
2017-07-21,31.106876111781244,31.301902434594982,30.833838887856686,31.214139938354492,21146600
2017-07-24,31.204392189663327,31.21414192548709,30.716823561699837,30.882596969604492,17415500
2017-07-25,30.034227960912116,30.06348274935415,28.912820442942433,29.156604766845703,51216400
2017-07-26,29.10784640844634,29.302872736620742,28.94207300653844,29.06884002685547,26387400
2017-07-27,29.517404429448625,30.52179458704925,28.932321718849494,29.488149642944336,38967000
2017-07-28,29.215106978285778,29.23461016690514,28.23996986643496,28.55201530456543,31854900
2017-07-31,28.698287571144025,28.815302991454892,27.177074087616738,27.42085838317871,41112700
2017-08-01,27.51837204169218,28.220472039703342,27.138069116053916,27.63538932800293,28221600
2017-08-02,28.23997184607271,28.6982875111237,27.518370555909627,27.918176651000977,27226000
2017-08-03,27.684147428921946,27.693899025140322,26.92354152315686,27.138071060180664,30288400
2017-08-04,27.167328077986745,27.596387187239788,26.5919968733829,27.2258358001709,23947500
2017-08-07,27.235579135531903,27.898672652232253,27.10881027267228,27.879169464111328,16589300
2017-08-08,27.898674226002406,28.610523893234273,27.898674226002406,28.122955322265625,21903300
2017-08-09,27.801159796396224,28.171711087387326,27.654889598897803,27.86941909790039,14181800
2017-08-10,27.59638104547766,27.67439194433699,26.748012752873272,26.806520462036133,26147600
2017-08-11,26.757765010142858,27.342847696035538,26.182433919339825,27.3135929107666,23375900
2017-08-14,28.103452347882808,28.630027301319092,28.005938260958327,28.513010025024414,25254600
2017-08-15,28.766545028207936,29.068837014504613,28.415495069975375,28.94207000732422,23973600
2017-08-16,29.27361988490595,30.09273530113379,29.215110312370644,29.92696189880371,37879500
2017-08-17,29.56615695074527,29.77093671151355,28.873810493697402,28.883562088012695,26152500
2017-08-18,29.215106649870183,29.839195659189112,29.02008034564823,29.624664306640625,31178100
2017-08-21,29.770938412125748,29.839197716305556,28.552016951981948,28.825054168701172,26247700
2017-08-22,29.107840016272565,29.780685071542976,29.02982913014891,29.692922592163086,18821200
2017-08-23,29.22485541549493,29.97571135688899,29.12734320278504,29.692922592163086,21200400
2017-08-24,29.790438364680316,29.868449260125878,29.36137936969295,29.468643188476562,18056800
2017-08-25,29.54665120754493,29.634413688868285,29.302866950519224,29.536901473999023,13929800
2017-08-28,29.67342364779457,30.43402943125564,29.66367205314424,30.307262420654297,22531000
2017-08-29,29.985469311378065,30.746077007386607,29.936713194679808,30.69731903076172,23151900
2017-08-30,30.86308593406039,30.892340713876532,30.59979849549382,30.824081420898438,17467900
2017-08-31,30.824088428195164,31.223894543606587,30.69731954676618,31.17513656616211,25694000
2017-09-01,31.331156846323072,32.062509689571534,31.331156846323072,31.78946876525879,26034000
2017-09-05,31.643201013318915,31.925991677365946,30.86309018348078,31.272647857666016,28866600
2017-09-06,31.272654226039403,31.886991792384404,31.262904489365752,31.448179244995117,29290200
2017-09-07,31.662705015473964,32.08201429503948,31.643201825743812,31.974748611450195,25353300
2017-09-08,31.984502204513955,32.199033597570335,31.506687017974695,31.643205642700195,19649300
2017-09-11,32.08201787037851,32.60858917236328,31.994255366738795,32.60858917236328,31012100
2017-09-12,32.85237718961434,33.68124619948595,32.725612007750684,33.437461853027344,38685800
2017-09-13,33.700742802038874,33.93477364574672,33.17416782391643,33.72999572753906,41588100
2017-09-14,33.573973296857964,33.98352912560942,33.447204422307365,33.720245361328125,23007000
2017-09-15,33.7787406582682,34.129790527441045,33.525206708227785,33.78849411010742,37417300
2017-09-18,34.25657000402798,34.909910125838486,34.149304319586705,34.549110412597656,41330100
2017-09-19,34.61737038014439,35.20245120848725,34.61737038014439,35.056182861328125,26392200
2017-09-20,35.134193261632866,35.69002118601607,34.46134991102513,35.075687408447266,42243000
2017-09-21,35.03667695583693,35.34872053608448,34.519855473524345,35.017173767089844,22464900
2017-09-22,34.71487925808548,35.31946693813616,34.71487925808548,35.173194885253906,21559800
2017-09-25,35.14394512794966,35.2512108137441,33.68123934679601,34.00303268432617,35607200
2017-09-26,34.35408203522884,34.490600643782855,33.24242625717125,33.3301887512207,55112600
2017-09-27,35.35847711466021,36.22635244255684,35.02693028149004,36.167842864990234,84593900
2017-09-28,36.226346133587356,37.503773402566424,35.90454909279378,37.016204833984375,52569900
2017-09-29,37.035716123078785,38.381406708235964,36.86994455903492,38.35215377807617,48711400
2017-10-02,38.61542981647079,39.36628587155005,38.381398982592046,39.015235900878906,54244800
2017-10-03,38.9372282079439,39.53206248770135,38.85921544738738,39.36628723144531,27322300
2017-10-04,39.142008949859104,39.424799647508344,37.94259056862832,38.57643127441406,37908400
2017-10-05,38.810464588065386,38.86897416640674,38.2741398060909,38.39115524291992,22501000
2017-10-06,38.03035275998697,38.683692932128906,37.845078021585536,38.683692932128906,25150300
2017-10-09,38.732451796262225,39.970876519318956,38.634935841777455,39.941619873046875,27279300
2017-10-10,40.419442451479405,40.95576723076874,39.45405487287568,40.93626403808594,48214100
2017-10-11,39.82460245400437,41.024020735227495,39.78559607416302,40.57545852661133,53023600
2017-10-12,40.18541316543725,40.711988277843815,39.288288502689,39.57107925415039,66789800
2017-10-13,39.76610698388155,40.14641002254377,39.317544616221205,39.39555740356445,35371200
2017-10-16,39.863615938277675,40.53645937111504,39.502812440223025,40.45845031738281,33696800
2017-10-17,40.11714469464036,40.37068245533118,39.249273162740145,39.38579177856445,41233700
2017-10-18,40.01962954917253,40.90700420733092,39.795348450940516,40.614463806152344,43528000
2017-10-19,40.15615195428511,40.46819557437879,38.81046151772272,40.282920837402344,47676000
2017-10-20,40.9557577845562,41.121529304345295,40.40967967494844,40.46818923950195,36293700
2017-10-23,40.80948599703437,41.14103275860965,40.370677279529794,40.52669906616211,26844200
2017-10-24,40.70221901763349,40.96550272770061,40.3999252159069,40.565696716308594,26299400
2017-10-25,40.282923118438724,40.5559603715182,39.30778582046508,40.03913879394531,31061100
2017-10-26,40.14640804958671,40.15616150745251,39.30779294598641,39.590579986572266,27453500
2017-10-27,39.5808127764604,39.92210925402029,39.044488146072304,39.834346771240234,31094700
2017-10-30,39.71733569337129,40.819241714992046,39.66857957981703,40.614463806152344,29119500
2017-10-31,41.19954075127064,43.4618584310303,41.15078464228109,43.20832443237305,61972200
2017-11-01,43.67640222882003,44.2029772837075,42.69151143506529,43.27659606933594,38842900
2017-11-02,42.9840491276947,43.63738925957105,42.63299914406131,43.23758316040039,25813000
2017-11-03,43.6568998034781,43.88118094861076,42.27220282588685,42.623252868652344,27694600
2017-11-06,42.75976343145002,42.91578522991023,41.39457362488644,42.1746826171875,28841000
2017-11-07,42.49648100836245,43.14007141227759,42.252696708093794,42.85728073120117,32422900
2017-11-08,42.759766542300056,43.04255723503682,42.36971387769904,42.99380111694336,19519600
2017-11-09,42.60374320539727,42.60374320539727,41.52134403104803,42.4184684753418,32501100
2017-11-10,42.67200833224928,43.73490818091074,42.623252209253636,43.666648864746094,33840800
2017-11-13,43.227837916001064,44.72954651776248,43.09131557051951,44.46625900268555,30522300
2017-11-14,44.44675773443768,44.85631359477337,43.68614814833033,44.661285400390625,29899200
2017-11-15,44.06644445380372,44.60277283765509,43.5106166013149,44.23221969604492,22434500
2017-11-16,44.59302874455977,45.13910697736392,44.16396966726241,45.03184127807617,24192600
2017-11-17,45.382886093102904,45.39263582834866,44.59302362348145,45.012332916259766,22613300
2017-11-20,45.353622356141514,46.670059599671745,45.24636040579694,46.455528259277344,26975000
2017-11-21,47.15762483885861,48.396049246975316,46.95284696629702,48.17176818847656,35756600
2017-11-22,48.61059382608249,48.649600211576775,47.411175371035654,47.91824722290039,28711800
2017-11-24,48.09375902665138,48.63983711400543,47.810968389279495,48.44480895996094,14203300
2017-11-27,46.76756894338763,47.18687814484457,45.91920080735137,46.85533142089844,44469700
2017-11-28,47.24539882469961,47.645204934173776,46.631061337508925,46.73832702636719,30633200
2017-11-29,46.319014163305845,46.416526389392665,42.19418450630328,42.65250015258789,81370100
2017-11-30,43.06205659489601,43.43260975517322,40.8192418834661,41.336063385009766,63895700
2017-12-01,40.69246147410109,41.49207341650325,39.01522485352484,40.94599914550781,73138600
2017-12-04,40.90700869154317,41.238555507850414,38.098612348696754,38.90797805786133,73640500
2017-12-05,38.78120941107855,41.00452118123606,38.439909136982834,40.18540573120117,56540700
2017-12-06,39.805101057023705,40.702229234518484,39.29802925580549,40.546207427978516,39735300
2017-12-07,41.13129032486601,42.15518371386453,40.86800281572008,42.12593078613281,43189000
2017-12-08,42.945039107715864,43.47161403853853,41.80412675760007,42.13567352294922,44717800
2017-12-11,42.34045705844412,42.66225413228583,41.277561040836105,41.940650939941406,32824000
2017-12-12,41.62861022862582,41.7846320486966,40.67297611571058,40.81924819946289,28492300
2017-12-13,41.17028802202673,42.028405959835894,40.92650375608835,41.004512786865234,28565600
2017-12-14,41.23854874395862,41.66760772768995,40.83874268279791,41.18979263305664,24582800
2017-12-15,41.24830922824133,41.50184702277258,40.84850306288402,41.3458251953125,58721700
2017-12-18,42.29170601935758,42.64275606212307,41.92115650297515,42.623252868652344,35075500
2017-12-19,42.99380133679739,43.23758564836466,42.22344201948001,42.88653564453125,51048300
2017-12-20,45.49014699925564,45.636415331689015,43.744650705306555,44.61252212524414,84338200
2017-12-21,44.417503736280615,44.44676038508751,43.24733822005299,43.31559753417969,50486100
2017-12-22,43.081557966828896,43.82266053626436,42.847523422881814,43.023048400878906,30372500
2017-12-26,42.11617444535324,42.12592790049801,40.487697102378135,41.199546813964844,41966200
2017-12-27,41.17029408780512,41.99915922617444,40.985015637688434,41.423828125,24175100
2017-12-28,41.76512133992591,41.97964895990004,40.71197154788841,40.77048110961914,28999700
2017-12-29,40.78024166109553,40.79974485351273,39.75634823824134,40.0976448059082,44642100
2018-01-02,40.507200391219854,42.6329997958527,40.165900137534706,42.5842399597168,37097000
2018-01-03,43.39359848334827,43.929923113891036,42.954786069321415,43.861663818359375,43376700
2018-01-04,44.8465565306589,45.81194016932834,43.89091890632857,45.71442794799805,52229500
2018-01-05,44.983082479100155,45.499904032339025,44.25172954005494,44.661285400390625,47381100
2018-01-08,44.18346110380483,44.94406681295393,43.793404795606364,44.4174919128418,32217400
2018-01-09,44.14445238439404,44.41748955371971,41.70660988726505,41.90163803100586,62982900
2018-01-10,40.907012678749744,42.291705933682046,40.36093442223703,42.23320007324219,53348000
2018-01-11,42.437971697355444,42.90603711035878,41.5603467230659,41.755374908447266,39402200
2018-01-12,41.755366646247715,42.27218807336883,41.618848059449874,41.7456169128418,28458500
2018-01-16,42.06742907378368,42.769529229404775,41.365328918162575,41.85289764404297,38174800
2018-01-17,42.135675519192596,43.276587923360886,41.91139442022087,43.159568786621094,38077100
2018-01-18,43.11081749374576,43.53988027006529,42.818277058889194,42.89628982543945,25152100
2018-01-19,42.857284004918476,43.10106832380897,41.589606290658644,41.68711853027344,41469200
2018-01-22,41.41407484834772,41.813880920410156,40.64371562759112,41.813880920410156,37879400
2018-01-23,42.17468394647828,43.5496272511994,41.66761215553708,42.85728073120117,41334100
2018-01-24,42.6720087369736,42.85728721390956,41.67737191489686,42.00891876220703,31305700
2018-01-25,43.13031955981194,43.60813844282901,41.79438258625701,41.940650939941406,40519200
2018-01-26,42.14543119331954,42.720762293102794,41.960152743650866,42.5842399597168,27177500
2018-01-29,42.17468532933905,42.340456873427655,41.32631697814596,42.21369171142578,29455000
2018-01-30,40.946011858696394,41.73587059444165,40.43894007829593,40.63396453857422,38861900
2018-01-31,41.91139250791039,42.86702642856404,41.7066146077388,42.63299560546875,45114600
2018-02-01,41.9699108994902,42.99380433551625,41.05327944335817,41.43358612060547,35713500
2018-02-02,40.95576166010542,41.160539575641195,39.600321571768916,39.80509948730469,40657400
2018-02-05,39.14200188457032,40.49744183366015,38.04009594011883,38.42040252685547,45796800
2018-02-06,39.5418048900799,42.8377690153153,39.5418048900799,42.78901290893555,66972800
2018-02-07,42.18443672602648,42.476980883343124,40.702231346899346,40.96551513671875,51354800
2018-02-08,41.46283967978088,41.96015808088705,39.0054931640625,39.0054931640625,53794100
2018-02-09,40.029375823479704,40.16589441757107,36.587143170151705,39.40528869628906,65189300
2018-02-12,39.99037108967029,41.61885199139434,39.86360594415472,41.14103317260742,47941100
2018-02-13,41.00451752903731,41.85288583105791,40.93625822426859,41.570098876953125,30296800
2018-02-14,40.88750013187498,42.545233995766566,40.88750013187498,42.36970901489258,36765900
2018-02-15,42.64274958641524,42.82802431647072,41.20929670275755,42.4184684753418,35072300
2018-02-16,42.21368499992961,43.988434184324305,42.05766321624171,43.110809326171875,49404600
2018-02-20,42.92553912834589,44.144460603867344,42.80852370825471,43.783660888671875,36215900
2018-02-21,44.24198311571398,44.41750814656898,43.41311780767405,43.432621002197266,31618700
2018-02-22,43.66663605357536,43.7153958821193,42.945036717297874,43.14981460571289,24359600
2018-02-23,44.05670082621859,45.636422114371484,43.90067901652266,45.37313461303711,48476700
2018-02-26,45.80220320012149,47.03087464263443,45.53891566532861,46.78709030151367,41966100
2018-02-27,46.47503754587871,47.77197177232123,46.24100298747483,47.37216567993164,44731100
2018-02-28,47.58668209432368,48.23027232817864,47.14786972581978,47.596435546875,45031400
2018-03-01,47.55744449021154,47.596450873272715,45.60716997539386,46.43603515625,61278800
2018-03-02,45.207368396615365,48.02551475886236,44.807562229650465,47.88899612426758,52492900
2018-03-05,47.58669991453563,51.05819007221332,47.50869086417344,50.736392974853516,70984100
2018-03-06,52.07232665516787,53.28149466956625,51.88704821113279,52.403873443603516,73096300
2018-03-07,52.01381729015039,53.63254485891628,51.80903937527201,52.62815475463867,61670000
2018-03-08,53.232738949390324,54.090860711676896,52.94994827365849,53.847076416015625,51685900
2018-03-09,54.37365499620813,54.441918030458886,52.28686173925954,53.23274612426758,65504600
2018-03-12,55.09525511920881,59.64914433202792,54.948983042455374,57.893898010253906,138651600
2018-03-13,60.62428584495335,61.843207503922365,57.06503683267603,57.95241165161133,142315800
2018-03-14,57.84513894843662,58.56674211993365,56.12889909709039,58.293701171875,80306900
2018-03-15,58.28394537366808,58.65449851615325,56.782233335043934,57.37706756591797,50963700
2018-03-16,58.508221686169186,59.18106489641321,57.73786254120335,59.07380294799805,69323100
2018-03-19,58.85927239775092,59.47360977522121,57.28930116635607,58.64474105834961,71373300
2018-03-20,58.60573793137401,59.72714707875294,58.31319754679558,59.629634857177734,53890500
2018-03-21,59.824661504448045,60.185464921245575,59.093308656130326,59.5516242980957,51220200
2018-03-22,58.57649509486328,58.80077621898635,56.66522695201624,57.45508575439453,74274700
2018-03-23,56.25566342305598,57.33806630434872,52.345364909047156,52.862186431884766,118369500
2018-03-26,54.86121238857974,55.30002483378372,51.40922983263175,54.178619384765625,70260700
2018-03-27,53.6910676896893,54.09087388313491,50.39510216820224,51.09720230102539,67785100
2018-03-28,50.63886731253398,52.02356013823566,49.439449187216255,50.209808349609375,62987500
2018-03-29,50.86315782357207,51.370229630108426,49.868517401503055,50.84365463256836,61458800
2018-04-02,50.258575162274326,50.43410016627532,48.327803838116786,48.815372467041016,59875500
2018-04-03,49.536961571481925,50.482845703684944,49.06889623220642,50.268314361572266,52436400
2018-04-04,48.38630493246147,52.16983816223474,48.03525495899705,52.06257247924805,60272800
2018-04-05,50.76564744469266,50.902166066857184,47.967000810906136,48.6008415222168,89203500
2018-04-06,46.53355036554876,49.22492751597883,46.08498440726594,47.255149841308594,79392200
2018-04-09,47.90848274111295,48.591079397757746,46.72856412211662,46.76757049560547,50532900
2018-04-10,48.025507670995054,49.48821348838577,47.430673376746306,49.22492599487305,50346500
2018-04-11,49.029897808583634,50.51210681658861,48.86412626814225,49.22492599487305,38942200
2018-04-12,49.849017683244064,51.60426407747064,49.829514490881664,51.282470703125,46656300
2018-04-13,52.07233191741584,52.1600944208664,50.29758237639656,50.931419372558594,43598900
2018-04-16,50.95091020225059,51.175191274461916,50.04403245991419,50.36582946777344,30879500
2018-04-17,50.5608643520129,51.389733237038925,50.453602380404384,50.960670471191406,33325300
2018-04-18,50.170811111839285,52.9206977965132,49.41995500008743,52.66716003417969,55393600
2018-04-19,51.584758270194286,52.75491990941015,49.71249295171327,50.14155197143555,52635000
2018-04-20,50.21956431815601,50.77539220816677,48.9031306249417,49.36144256591797,38510800
2018-04-23,49.54672806200411,49.614987376118236,47.596453441934955,47.801231384277344,43693000
2018-04-24,48.42530007135872,49.01038074475678,45.28535794848705,45.93870162963867,61915400
2018-04-25,46.377524135570305,47.13812992127306,44.93432160174438,46.416526794433594,43781200
2018-04-26,48.05475686471442,48.932381774927535,47.615948129460826,48.893375396728516,39041400
2018-04-27,49.83925863335442,50.112295835697445,46.016719201287664,46.33851623535156,50049800
2018-04-30,45.88995329038792,46.50428698543178,44.19321309871941,44.8368034362793,54743800
2018-05-01,44.456505444285185,45.70467987968843,44.28098044932495,45.626670837402344,34154900
2018-05-02,44.768541883700564,45.57790742194102,44.54426080824725,44.74903869628906,31640800
2018-05-03,44.60278121735287,45.704683675177634,44.20297507782054,45.460899353027344,30489600
2018-05-04,45.16835863221841,46.51404912375868,44.992833623763,46.39703369140625,28632200
2018-05-07,47.060119201355484,47.88898804562498,46.91385085461605,47.27465057373047,33996900
2018-05-08,47.3234051199119,47.64520216780252,46.68956819868809,47.36241149902344,25205500
2018-05-09,47.84023417403722,49.76125200093183,47.77197486505308,49.74174880981445,36489100
2018-05-10,50.51210470451963,51.37022645640034,50.31707652638495,51.35072326660156,37146300
2018-05-11,51.07768674377604,51.487242575560984,50.395089970947986,50.53160858154297,27646400
2018-05-14,51.67252412905427,52.37462041432034,51.545755245940285,51.682273864746094,33376300
2018-05-15,52.46238210911645,52.82318184182596,51.37997919113459,52.66716003417969,43307300
2018-05-16,54.207867008567725,55.495047575431784,54.10060134135363,55.09524154663086,59011900
2018-05-17,54.61743518591604,55.03674449678301,52.589151660659084,53.34000778198242,54832200
2018-05-18,52.26735039048461,53.291247386373534,51.535997519051406,52.06257247924805,46088800
2018-05-21,54.78320557705229,55.06599624431052,53.174227785958436,54.100608825683594,70858100
2018-05-22,57.58185441837528,58.99580418834769,56.85050147389163,57.56235122680664,111262700
2018-05-23,57.5818490737483,58.50823012808019,56.704227853738956,58.47897720336914,64066800
2018-05-24,58.68375070633901,60.44875018838797,58.07916674867172,59.961181640625,74725000
2018-05-25,59.337096474979255,60.55601796148132,59.10306563268863,59.82466506958008,54715900
2018-05-29,59.83441254971417,62.389270688743544,59.824659095678335,61.06308364868164,75591900
2018-05-30,62.11623396664903,63.052368409024005,59.40535030121431,61.01432800292969,84737600
2018-05-31,57.75737408144204,58.75201444034139,55.74859017387827,56.15814971923828,101882200
2018-06-01,57.34781939471794,57.8646409142689,55.46580432332843,57.27956008911133,74761500
2018-06-04,56.00212654341612,57.68911335813914,55.212264116699465,57.6306037902832,64350500
2018-06-05,58.313206218285266,58.64475302873772,57.367325624819195,57.93290328979492,41711300
2018-06-06,57.78663564910015,58.108432748573975,56.85050471948226,57.942657470703125,36749000
2018-06-07,58.36195806756817,58.771517612807635,57.104033946843536,58.147430419921875,42264700
2018-06-08,57.172286106760914,60.06844060683047,56.77248006628787,59.86366271972656,57144900
2018-06-11,60.175706277176126,60.99482154544439,59.551619162277,59.86366271972656,42251500
2018-06-12,60.30247962644708,60.312229360908056,58.449717611217096,59.044551849365234,43633300
2018-06-13,58.800760569243344,59.74664465302594,58.527723398606085,58.556976318359375,33281400
2018-06-14,59.044551145774236,59.064054334316694,57.21129234116473,57.708614349365234,43421900
2018-06-15,57.074774584648715,57.630602446837536,55.87535637045953,56.78223419189453,45854100
2018-06-18,56.167903875196615,57.14304112108442,55.456054132080915,56.99677276611328,36975600
2018-06-19,56.206910600988905,57.98166010175284,55.690089047865804,57.77688217163086,43486600
2018-06-20,58.63499511890972,59.60037876897985,57.338060984754435,57.48433303833008,57497600
2018-06-21,59.93193199782663,60.292735443604194,57.62085785307409,57.962154388427734,70419900
2018-06-22,58.70325971141557,58.90803762900236,55.60232314278953,55.68033218383789,63497500
2018-06-25,54.15913060215977,54.25664285154158,51.10694958237948,51.83830261230469,72196300
2018-06-26,53.05722111014539,53.40827113838976,52.27711200285437,53.23274612426758,42277100
2018-06-27,53.63254814267085,53.973844688364686,50.86315823523698,50.960670471191406,53007500
2018-06-28,50.70712715246127,51.984558041026006,50.50234926249482,51.818782806396484,36878900
2018-06-29,52.35510988976093,52.51113167794996,51.09718584992246,51.13618850708008,32582200
2018-07-02,50.23906786772612,53.17422913740078,50.044039688113635,53.12547302246094,38934200
2018-07-03,53.1937326561125,53.42776721706456,48.854371442290905,50.2000617980957,52190200
2018-07-05,51.321471016086896,51.984564598544594,50.64862397867512,51.526248931884766,51136400
2018-07-06,51.23370804971163,52.0820763501121,50.6876298927516,51.906551361083984,31841000
2018-07-09,52.46237949360824,53.14497626297487,51.78953617915073,52.95970153808594,32579700
2018-07-10,53.30099142745943,54.5101630157964,52.998697600412015,54.35414123535156,34852800
2018-07-11,53.03770559948914,53.63253981810273,52.43312164673476,52.83292770385742,38699200
2018-07-12,53.2912449622807,54.27613181427521,52.99870085113211,54.071353912353516,29647700
2018-07-13,54.12985928894388,55.183009152292264,53.944584577363486,54.948974609375,28799000
2018-07-16,55.192756919237034,55.75833820787877,54.66618572618595,54.75394821166992,25735200
2018-07-17,54.44191322347359,55.70959087587275,54.12011615271165,55.54381561279297,24729100
2018-07-18,55.826604963302884,56.70422993538343,55.50480790025561,56.02163314819336,33729700
2018-07-19,55.82659453256593,56.12888834865773,54.285876251640126,54.82220458984375,39392100
2018-07-20,54.685696805408355,54.744202657605136,53.46677528659865,53.65205001831055,32588100
2018-07-23,52.17958748123837,53.22298765843181,50.92166337948747,52.9401969909668,42781500
2018-07-24,53.63254434074539,54.02260069661932,51.623760431744905,51.84804153442383,39011500
2018-07-25,51.32146987293109,52.87193810916359,50.99967282397101,52.06257247924805,39749200
2018-07-26,52.26735237299582,53.37901190441633,52.12108402507304,52.42337417602539,28862500
2018-07-27,53.10597300667452,53.27174827120216,51.78953922534955,52.618404388427734,30109700
2018-07-30,52.84269038861554,52.9011999673581,51.11669687417367,51.6920280456543,25747800
2018-07-31,52.442880909850516,52.87194368706267,51.45799390915194,51.47749710083008,29301700
2018-08-01,51.350721267422244,52.24784936397364,50.87290243558733,50.98992156982422,28200000
2018-08-02,50.41458902456369,52.21859117915829,50.10254544884844,52.072322845458984,28708000
2018-08-03,51.97481683715301,52.0723327981104,50.96067316231745,51.49700164794922,22958900
2018-08-06,50.92166487643274,51.496995963081844,50.2195649144601,51.3604736328125,28776900
2018-08-07,51.62375557517149,52.1113241142187,51.38972475954636,51.72127151489258,21918600
2018-08-08,51.526247784167644,52.19909108673909,51.15569462108264,52.06257247924805,18074700
2018-08-09,51.34097711906171,51.53600159097056,50.638877116659124,50.960670471191406,34538400
2018-08-10,49.9757809046365,50.65837768047534,49.751499797690755,50.092796325683594,31340800
2018-08-13,50.32682505438515,50.76563748226664,50.005028033987806,50.06353759765625,24609500
2018-08-14,50.44384542115569,50.48285180076949,48.76660829629341,49.36144256591797,32050200
2018-08-15,48.59108622865798,48.62033915296071,45.96796490049035,46.30926513671875,57746200
2018-08-16,47.001615907903044,47.10888159992673,45.79244408852698,45.92896270751953,33663000
2018-08-17,45.06107689968938,46.1824858635299,44.485745958912005,45.93870162963867,34464200
2018-08-20,46.22149971565832,47.401414705921866,45.31462192119716,46.874839782714844,33022900
2018-08-21,47.68421663840088,49.11766597538658,47.65495998917617,48.69835662841797,38572900
2018-08-22,49.127412929761846,49.390700418816216,48.63009087715252,48.99089431762695,26740400
2018-08-23,48.8056176794664,48.99089613410766,48.17178071107402,48.46432113647461,26832000
2018-08-24,48.67884739180128,49.556472362506945,48.67884739180128,49.439456939697266,24785500
2018-08-27,50.07329821715398,51.1459514651441,49.89777320784385,50.77539825439453,29134100
2018-08-28,51.116686251167486,51.253208573194904,50.19030895931114,51.03867721557617,26198800
2018-08-29,50.79489296338556,50.8631522645115,50.02453374227516,50.541358947753906,31450800
2018-08-30,50.278072950329644,52.345362673233694,50.122051154636004,51.44823455810547,32416600
2018-08-31,51.389727863104994,51.90654935535435,50.92166248373433,51.214202880859375,29937300
2018-09-04,50.84365196898615,50.99967376898884,49.449205504026345,50.63887405395508,28975100
2018-09-05,50.11230639107864,50.31708433596921,47.8499881012353,48.30830383300781,39125100
2018-09-06,47.00161527074745,47.245399578458944,42.964547730221575,43.539878845214844,94413400
2018-09-07,44.017692836163185,45.30487364910591,43.53987768885661,43.74465560913086,47114300
2018-09-10,44.12495741387663,44.251726288889735,43.286338843541365,43.783660888671875,33078300
2018-09-11,42.564739601965364,42.662251832498384,41.29705828591718,42.5159797668457,48980700
2018-09-12,40.21465617496819,41.131283721998145,39.66857805256678,40.70222473144531,66916000
2018-09-13,41.24829978736726,43.38385247927006,41.24829978736726,42.53548049926758,59922100
2018-09-14,43.013303149155135,43.452115639879146,42.379462471458986,43.198577880859375,40610300
2018-09-17,42.50622876924629,43.218078446583355,42.17468198748695,42.49647903442383,28205300
2018-09-18,42.837778802455894,44.72954368910982,42.78902268493684,44.202972412109375,36507400
2018-09-19,44.64178211199113,44.91482307147519,43.72515443619288,43.9396858215332,29264700
2018-09-20,45.24636842785105,46.04598064945947,44.76854955403467,44.91482162475586,75144100
2018-09-21,43.29610054660491,44.46626241014517,42.71101589498094,43.627647399902344,97053400
2018-09-24,43.10106626595784,44.51501599198464,42.769519459302266,44.03719711303711,36918900
2018-09-25,43.978683036248825,44.3297329979155,42.92553687110173,43.530120849609375,32547500
2018-09-26,43.18882386551752,43.64713578165299,42.86702683092495,43.24732971191406,30299800
2018-09-27,43.13031174999038,44.388239451105036,42.954786781469615,43.87141799926758,26952400
2018-09-28,43.53987210450768,44.4760028084262,43.38385032052126,44.10544967651367,28080400
2018-10-01,44.310229872899235,44.93432076112566,43.89092060917588,44.027442932128906,26693400
2018-10-02,43.783665188019484,45.52915808527692,43.76416199611364,44.62228012084961,32397000
2018-10-03,45.129345211352664,45.26586381445274,43.59838021398243,44.027442932128906,29505100
2018-10-04,43.39360812744752,43.637392442770256,42.42822060203396,43.06206130981445,34579600
2018-10-05,42.98404761231385,43.52037230402227,41.74562297809083,42.49647903442383,35367100
2018-10-08,42.20393869490663,42.75976662593662,41.550598527499005,41.99916076660156,27426600
2018-10-09,41.74561863377668,41.96989970988361,40.9362530931775,41.21904373168945,31576400
2018-10-10,40.46819284197417,41.68711431311797,40.292667852541214,40.57545852661133,48452000
2018-10-11,40.916756401968705,41.85288722996046,40.3999348714874,40.926509857177734,48197000
2018-10-12,42.496480637717966,42.662252174925285,40.87774932699317,41.41407775878906,32851100
2018-10-15,40.985006305248035,41.4920779840289,40.59495374300671,41.28730010986328,27697300
2018-10-16,41.638355234851936,42.272192122824826,41.248298903904875,42.13567352294922,28827400
2018-10-17,42.252703621754925,42.31120948268645,41.06303485142952,41.29706573486328,27759000
2018-10-18,40.99477760596817,41.160549180125315,40.117152449095,40.27317428588867,33560800
2018-10-19,40.633966493542154,40.946013828677444,39.26877660664684,39.44430160522461,28641400
2018-10-22,39.551574384702654,39.688093025876555,37.67930863757124,38.771461486816406,34441200
2018-10-23,37.20148972776637,38.13762064916224,36.479886484281884,37.71831130981445,46364200
2018-10-24,37.05521265510465,37.34775306367432,34.519857487696626,34.549110412597656,53096500
2018-10-25,34.70512410779035,36.23608881766561,34.18830271600572,35.865535736083984,39625700
2018-10-26,34.402836366697805,35.01717379320395,33.44720243649541,34.51985549926758,41257400
2018-10-29,35.24145458306599,35.29996414885095,32.979136783987855,33.79825210571289,34176400
2018-10-30,33.77875562277496,35.15369907292168,33.63248725905512,35.11469268798828,35319500
2018-10-31,35.67052483997353,37.09422442997213,34.909915203243244,36.78218078613281,44055400
2018-11-01,37.03571930343345,39.20052559764647,36.58715697647976,39.12251281738281,43981400
2018-11-02,39.19076270820126,39.922115607815876,38.65443799245452,39.31753158569336,33645700
2018-11-05,39.102999967988836,39.23952229974358,37.806069435070924,38.92747497558594,22904000
2018-11-06,38.75195709563932,39.55156936665449,38.5764320878698,38.810462951660156,19316600
2018-11-07,39.31754195999292,40.02939185706365,38.96649188037356,39.912376403808594,22957200
2018-11-08,39.65882469979011,40.39993099064913,39.337031386015376,39.43454360961914,15609300
2018-11-09,38.898221003910244,38.99573695254079,37.45501844285595,38.13761520385742,26102800
2018-11-12,37.28924505610206,37.57203199343897,35.924051601970696,36.509132385253906,24822400
2018-11-13,36.72366464361478,37.77681454321224,36.509133281877595,36.908939361572266,25870500
2018-11-14,37.65979997427599,38.001100247501945,36.67491297750573,37.084468841552734,23706400
2018-11-15,37.00645663403623,39.171258638816624,36.68465957989746,38.917724609375,30046100
2018-11-16,37.49402783122385,38.72269912374556,37.377012403329736,38.45941162109375,25445700
2018-11-19,38.2253768173785,38.34239223318724,35.758277311712085,35.914302825927734,31039100
2018-11-20,33.25217677079723,36.070326381331796,33.20342065515095,35.221954345703125,38728600
2018-11-21,36.080074561705665,36.29460592512823,35.4657371154475,35.47549057006836,22728400
2018-11-23,35.0366719177718,36.56763667567173,35.02691846487429,35.49498748779297,11257800
2018-11-26,36.81142877886084,36.8504351590734,34.64662303515495,35.6607666015625,26569700
2018-11-27,35.19270710024481,36.51889449104272,35.1244477833526,36.080081939697266,21397300
2018-11-28,36.36286561123889,38.0303492630864,35.09518804643995,37.74755859375,42293700
2018-11-29,37.34774822741461,37.747554268653616,36.79192040715193,36.967445373535156,23631300
2018-11-30,36.81143665688491,37.669558605942264,36.02157402788115,37.60129928588867,28176000
2018-12-03,39.200523366088746,39.23952975400007,38.17662986246689,39.03474807739258,35830000
2018-12-04,38.576438558882835,38.87872878530759,35.80704807378816,35.963069915771484,36616300
2018-12-06,34.77339332383018,36.74317096636235,34.25657178450037,36.73341751098633,37494400
2018-12-07,36.68465497615026,36.68465497615026,34.334574821842864,34.432090759277344,30619800
2018-12-10,33.96402531782721,34.831896699215385,33.671481226249156,33.93476867675781,33979700
2018-12-11,34.70513649632705,35.35847669879528,34.227317584787,34.3345832824707,26238800
2018-12-12,35.04643092038181,35.69977480278247,34.51985964006508,35.134193420410156,26642500
2018-12-13,35.387720156974574,35.465729177215685,33.895758121433715,34.149295806884766,23825400
2018-12-14,33.58372030396129,34.568610855706616,33.21317088514785,33.34968948364258,28922100
2018-12-17,33.310684455356174,34.34433115985451,32.764606319419755,33.03764724731445,30891000
2018-12-18,33.53496576816342,34.07129045309183,33.125409953442706,33.26192855834961,46135400
2018-12-19,30.872839289127675,32.74510438582662,30.492536429446574,30.62905502319336,106669600
2018-12-20,30.814336243023195,32.082015733420604,30.092734929993885,30.50229263305664,60427600
2018-12-21,30.892345423016547,31.253145129450385,29.361380384527692,29.566158294677734,54630500
2018-12-24,29.11759439275747,29.595411348428147,28.278975891823492,28.298479080200195,23771800
2018-12-26,28.610520906230725,30.141485761647818,27.68413997413598,30.12198257446289,45711000
2018-12-27,29.653922287049543,31.214140328781053,29.478397292373096,31.136131286621094,39858300
2018-12-28,31.20439116730221,31.477428399663047,30.61930846092996,30.78508186340332,29873400
2018-12-31,31.194638877348144,31.594446841410324,30.677815490572755,30.941102981567383,21392100
2019-01-02,30.229253230204108,32.25754039376025,29.98546892996053,31.93574333190918,26004300
2019-01-03,31.028864032580447,31.35066107986213,30.092733254793263,30.229251861572266,29145500
2019-01-04,30.872836702673844,32.21852677945127,30.765571039472782,31.886980056762695,28557300
2019-01-07,32.8621302471087,33.59348327759396,32.48182726643298,33.15467071533203,44841500
2019-01-08,33.69098161288596,33.729987984500724,31.994245366019765,32.901123046875,33434100
2019-01-09,34.100548827624806,35.38772962472339,34.051788992095034,34.558860778808594,54147900
2019-01-10,34.38333315229475,35.05618014458401,34.2078118932768,35.017173767089844,24437400
2019-01-11,34.539361529708245,35.81679273737507,34.1395553837749,35.11469268798828,30469800
2019-01-14,33.856773764846125,34.05179828075131,33.40820770664326,33.808013916015625,34612000
2019-01-15,34.14930277431275,34.354080679059905,32.81336594638943,33.14491271972656,30633600
2019-01-16,33.193671785512954,33.47646247142983,32.696349721334556,32.74510955810547,24890900
2019-01-17,32.40380662024277,33.34969083360584,31.847978749670418,33.03764724731445,29398500
2019-01-18,33.378944358807246,35.29021228924356,33.21317282803866,34.87090301513672,44872400
2019-01-22,34.373579357475215,34.373579357475215,32.71584570832152,33.027889251708984,37021900
2019-01-23,33.261929703309455,33.82750733165711,32.60858586038281,33.38869857788086,31011600
2019-01-24,34.43209669323377,36.50913630053,34.22731504925604,35.68027114868164,65094800
2019-01-25,37.14298358775949,38.33265240204391,36.567652374933054,37.99135208129883,61032300
2019-01-28,36.03132956985756,37.99135421025386,35.73878907843554,37.133235931396484,44213000
2019-01-29,37.32824428557326,38.01084094994995,36.32385433589986,36.46037292480469,30331000
2019-01-30,37.347747632064845,37.79630977462598,36.6554012311745,37.289241790771484,32848100
2019-01-31,36.69441002200662,37.854821828932764,36.35310980595576,37.26974105834961,34130500
2019-02-01,37.35750116141671,38.86896282215823,37.279488413063625,38.61542510986328,36839900
2019-02-04,38.56666793136408,38.62517749100453,37.552524550044545,38.4886589050293,30851500
2019-02-05,38.26439006962751,39.3272898971131,38.19612703496911,38.39115524291992,25094000
2019-02-06,39.39554867419339,40.916760491768095,39.36629202549523,40.487701416015625,47472600
2019-02-07,39.79535216196616,40.029383016791826,37.942589915304985,38.40090560913086,40396400
2019-02-08,36.86017915785591,37.815813005224655,36.518882683742994,37.62078857421875,35573200
2019-02-11,37.64028804143728,37.903575487118346,36.4311202018493,37.62078857421875,30356500
2019-02-12,38.4106664225554,39.75635724539086,38.26439802606848,39.39555740356445,43587900
2019-02-13,39.834349320695964,41.228795680863165,39.7855932093316,40.643714904785156,50101700
2019-02-14,40.36092315595282,42.08691623435976,40.282914123857054,41.18003845214844,41759200
2019-02-15,41.219036281005536,41.345805116708895,40.39016770276291,40.94599914550781,28968400
2019-02-19,40.66321785206996,41.43357705455643,40.46818968791666,40.916751861572266,25575900
2019-02-20,41.258049841744935,42.1844270615014,41.082524875509414,41.1605339050293,28048700
2019-02-21,41.414071542263954,41.80412412883047,40.39017466787687,40.497440338134766,24048800
2019-02-22,41.03377014908064,41.5115852355957,40.789985878859916,41.5115852355957,22834300
2019-02-25,42.720765381516365,42.89629038870579,41.63836241046604,41.68711853027344,25233700
2019-02-26,41.29706097755011,42.07717375207257,41.238555123358296,41.89189529418945,18051500
2019-02-27,41.560341025634195,41.696859620730095,39.99036974232588,40.29266357421875,29522200
2019-02-28,39.200511976844666,40.1268929613931,38.81045565076549,39.86360549926758,25777900
2019-03-01,40.604713280522695,41.50184145801747,40.08789174383155,40.546207427978516,26755800
2019-03-04,40.83875108069542,41.102038597530736,39.62957919447252,40.03913879394531,27047800
2019-03-05,39.249269183590904,39.65882498954245,38.52766607615109,38.99573516845703,28798800
2019-03-06,38.40091131903532,38.46917063849687,36.58715518510538,36.986961364746094,44890400
2019-03-07,36.606647974697886,37.357503995216845,36.216591643049405,36.88943862915039,31567800
2019-03-08,35.972812744439274,37.85482794431702,35.660769120404424,37.689056396484375,34080900
2019-03-11,37.9425892195084,38.56667644740341,37.86458017594818,38.05960464477539,25164700
2019-03-12,38.19612282707214,38.42040765941199,37.86457974589015,38.27413558959961,18623500
2019-03-13,38.420402267895845,38.73244583451031,37.679296007296955,37.86457443237305,22786300
2019-03-14,37.77681412892043,38.64468558118962,37.386757788194686,37.45501708984375,19757300
2019-03-15,37.620792162999194,38.84946330686556,37.47452010593878,38.556922912597656,30702000
2019-03-18,38.61543346458536,39.40529597321608,38.1766246796439,38.625186920166016,22296600
2019-03-19,38.9372282079439,40.02938081676314,38.89822182766564,39.36628723144531,32407300
2019-03-20,39.49305526443894,39.73683955619473,38.63493351589967,39.13225555419922,41714400
2019-03-21,40.66322460095987,43.11081749374576,40.614468481792684,42.89628982543945,84985400
2019-03-22,42.38921094582274,42.39896068009174,40.516945778683485,40.585205078125,46605600
2019-03-25,40.31216829199795,40.93625544746615,39.063993981061536,39.54180908203125,34516000
2019-03-26,40.146396717315305,40.61446584653948,39.10300021145338,39.31753158569336,24689600
2019-03-27,39.3760363584796,39.83434825688842,38.04009587968583,38.2546272277832,26856700
2019-03-28,38.420409904905064,38.94698120332811,38.04985670094898,38.361900329589844,24584500
2019-03-29,39.249271626369755,40.487696295497216,39.22001870122485,40.30242156982422,35716900
2019-04-01,41.21905000440118,41.6968651506051,40.68272528688826,41.199546813964844,28073000
2019-04-02,41.033776566119336,41.726123109053646,40.71197949357465,41.384822845458984,21438100
2019-04-03,42.46722104512759,43.734898563518136,42.46722104512759,42.80852127075195,39097200
2019-04-04,41.30681356098496,42.25269786221701,41.1995478707603,41.82363510131836,37038400
2019-04-05,42.22344343279526,42.45747801646899,41.65786574535178,42.24294662475586,21119400
2019-04-08,41.131289275745615,42.067420137817955,41.07277970192108,41.83338928222656,24546800
2019-04-09,41.48232840298526,41.54083424161713,40.243903980627884,40.682716369628906,29055900
2019-04-10,40.65347081889866,41.38482376009642,40.47794581542293,41.12153625488281,23252200
2019-04-11,41.150788874162586,41.667610378335716,41.082529570587006,41.228797912597656,18163900
2019-04-12,41.78463059352769,42.12593087044594,40.7704906583123,40.96551513671875,21740400
2019-04-15,41.12153565150097,41.1800452250855,40.1756550575979,40.78023910522461,16932300
2019-04-16,41.209296481243115,41.86264034029574,41.03377520731223,41.69686508178711,19337500
2019-04-17,42.28194540999081,42.954788672371045,41.69686091588149,42.07716751098633,22092000
2019-04-18,42.12592519714607,42.44771851906205,41.72611911849107,42.320953369140625,16193600
2019-04-22,42.06741562959181,42.48672489743156,41.47258137894225,42.320953369140625,19447900
2019-04-23,42.29170010558841,42.389216059306115,41.6578631457631,41.70661926269531,21489400
2019-04-24,41.755369961211905,42.32095125982168,41.326310980091,41.960147857666016,19637000
2019-04-25,42.53548691845336,43.53988084178255,41.62860895459246,41.68711853027344,28346200
2019-04-26,40.45844171454427,41.22879723070664,39.75634178097554,41.05327224731445,26092400
2019-04-29,41.08252198479894,41.550587288541394,40.69246570508737,41.063018798828125,13452800
2019-04-30,40.819246400710256,41.30681503192781,40.54620915758153,41.01427459716797,16342700
2019-05-01,41.37506732063318,41.86263586910178,40.84849239552242,40.858245849609375,17673300
2019-05-02,40.9557643022685,42.125929740589704,40.59496456306937,41.5018424987793,17046800
2019-05-03,41.433581587786165,42.3014531073763,41.35556882564837,42.2526969909668,16577000
2019-05-06,40.37068876815845,41.2385604357691,39.980632330649584,41.08253860473633,25776000
2019-05-07,40.64371455836932,40.88749883296613,38.74219647254359,39.25901794433594,35094100
2019-05-08,38.86896917780967,39.483306652059454,38.595931953633404,38.76170349121094,26190100
2019-05-09,38.127857274035726,38.6446824414856,37.25023615848493,38.29363250732422,27844400
2019-05-10,38.040095387262035,38.31313629581133,36.71391209941239,37.97183609008789,30368100
2019-05-13,36.431126997279286,37.035711029845196,36.138586576350825,36.45063018798828,33092100
2019-05-14,37.07471704784457,37.650048148634035,36.47013302120499,37.55253219604492,24004000
2019-05-15,36.95769878927873,37.737807750877266,36.82117646612765,37.45501708984375,17532300
2019-05-16,36.7431735673481,37.04546746789734,36.17759215080829,36.38237380981445,29479200
2019-05-17,35.69977304309811,36.353113173441514,34.90991058177625,35.163448333740234,31096300
2019-05-20,33.88601186721283,34.32482427565085,33.47645609923906,33.75924301147461,34489500
2019-05-21,34.412583109981355,34.98791404676518,34.27606453512624,34.75387954711914,32501300
2019-05-22,34.32483567565824,34.568620014661704,33.76900768031865,33.866519927978516,20902400
2019-05-23,33.04739672212807,33.05715017654028,32.140518894144634,32.9791374206543,32186700
2019-05-24,33.31069254637473,33.505720765141575,32.75486454079424,33.15467071533203,19706000
2019-05-28,33.3009323192776,33.45695410117204,32.062507798054945,32.12101364135742,26758400
2019-05-29,31.516430438443212,32.58907974906752,31.37015838706136,32.46231460571289,28796100
2019-05-30,32.59883520064891,33.46670666840165,32.20877885296423,32.49156951904297,20957600
2019-05-31,31.789465678055976,32.66709049266563,31.711456650008763,31.799219131469727,18607300
2019-06-03,32.130765491031795,32.39405293230656,31.662700168716388,31.877227783203125,21174500
2019-06-04,32.53058571263759,33.700751388891184,32.277047894191334,33.63249206542969,25076000
2019-06-05,34.32482580737816,34.519853966481705,32.21852987273589,32.511070251464844,27070300
2019-06-06,32.4330586507518,32.97913677164846,32.12101507305453,32.637840270996094,21088100
2019-06-07,32.71585000137678,33.18391537787868,32.39405668246739,33.14491271972656,21430400
2019-06-10,33.73974607604031,34.65637743680832,33.66173703333746,34.071292877197266,21728000
2019-06-11,34.90990852338965,35.09518695886644,33.88601528046839,33.973777770996094,19208600
2019-06-12,33.164411407955726,33.252173896474105,31.91623710000801,32.14051818847656,28746500
2019-06-13,32.25754650336857,32.80362105863515,32.18928346410633,32.550086975097656,16586700
2019-06-14,31.643204477071286,32.02350740904141,31.43842654752636,31.84798240661621,19715000
2019-06-17,31.730959132240066,32.03324922400643,31.340902841109457,31.623693466186523,20050000
2019-06-18,32.082021481894124,34.02254279658643,32.082021481894124,33.437461853027344,33727300
2019-06-19,33.82750221676025,33.82750221676025,32.871868374160464,33.09614944458008,20436400
2019-06-20,33.97378099729447,34.38333684541501,33.17416877204202,33.30093765258789,21691500
2019-06-21,32.862129507958365,33.04740426569995,31.916245086119453,32.423316955566406,38858200
2019-06-24,32.37454913793,33.23267073932858,32.19902418037456,32.36479568481445,27306000
2019-06-25,32.520823259988745,33.037648491629874,31.799223834456768,31.867483139038086,39590500
2019-06-26,34.97816723231338,36.67490744715117,34.81239570848792,36.11907958984375,100271600
2019-06-27,35.93381289271565,37.37701956600741,35.60226601693578,37.12348175048828,51612400
2019-06-28,38.38139102513989,38.42039739598367,37.103960278898256,37.63053512573242,61402700
2019-07-01,40.13664816750828,40.67297289909559,38.75195508887,39.112754821777344,60928000
2019-07-02,38.63492829695155,39.03473433262967,38.05959729733158,38.61542510986328,29774500
2019-07-03,38.63493529905472,38.781207368800466,38.19612280967074,38.605682373046875,13479700
2019-07-05,37.98159511428236,38.57642940819804,37.83532304468389,38.43990707397461,18408000
2019-07-08,38.059598503376314,39.600316853499315,37.97183601862434,39.40528869628906,28148500
2019-07-09,39.1322500266278,40.38042423375538,39.083493919134234,40.32191467285156,28254700
2019-07-10,41.180045394006044,42.906038763369445,40.99477065667507,41.83338928222656,51625500
2019-07-11,42.14543748319738,42.45748113780043,41.38482782023039,42.39897155761719,30392400
2019-07-12,42.66225576744796,43.588636922368956,42.28195282549755,43.403358459472656,33257800
2019-07-15,43.57887610717786,44.14445741651275,42.62324218575089,43.29608917236328,26623300
2019-07-16,42.954786368731625,43.00354247732943,41.862633912759684,41.989402770996094,31238900
2019-07-17,41.930891176456356,42.662243929534085,41.54083488687392,42.291690826416016,19539300
2019-07-18,42.52572901536396,43.81290967431432,42.41846334047597,43.55937194824219,26456600
2019-07-19,44.00794929006244,44.85631773612133,43.520380619017644,44.38825225830078,39328400
2019-07-22,45.3438802965909,46.25075820011098,45.15860556570899,46.0167236328125,46042800
2019-07-23,45.61692049931643,45.96797051322495,45.08059574244663,45.78269577026367,29354400
2019-07-24,45.782685786788704,47.03086003530288,45.65591692722002,46.79682922363281,33169900
2019-07-25,47.19663953945423,47.48917994043102,46.40677710894918,46.58230209350586,28127800
2019-07-26,46.74807388067192,46.933352320864,45.91920878670145,46.30926513671875,19676200
2019-07-29,45.704681869265286,45.80219782618442,44.71004142781054,45.65592575073242,21939500
2019-07-30,45.714425050392485,46.494533931146094,45.05133157178877,46.28000259399414,21301600
2019-07-31,45.548652079741984,45.62666483161257,43.33509046342623,43.773902893066406,34493900
2019-08-01,43.88117331342691,44.817304118015265,41.774877143176546,42.5159797668457,37906500
2019-08-02,41.57984707309857,43.305840258056136,41.17029125964405,42.984046936035156,31954100
2019-08-05,41.34581704959629,41.45307901246176,40.33167351097964,40.89725112915039,35172900
2019-08-06,41.60909699087654,42.11616871365284,40.65346310867021,41.560340881347656,26857000
2019-08-07,40.96550911422373,41.88214039533192,39.68808185713488,40.71197509765625,35604600
2019-08-08,41.043523908863186,41.69686403160753,40.63396436039775,41.570098876953125,18567500
2019-08-09,40.99477326182507,41.18980146711387,39.85386067879042,40.487701416015625,22900300
2019-08-12,40.02938845537473,41.34582614207673,39.951379399785274,41.08253860473633,23969200
2019-08-13,41.560349642875636,43.95919016784579,41.453083947387306,43.07181167602539,33040200
2019-08-14,41.81389714496038,42.07718471699398,40.62422820166507,40.994781494140625,24657200
2019-08-15,41.287304854860594,41.50183620665267,40.46818954420782,41.18979263305664,16104000
2019-08-16,41.579841951986786,42.789013493939585,41.492079471362366,42.46721649169922,17914100
2019-08-19,43.559371972691736,44.24196867884619,43.237578667699914,43.89091873168945,22613400
2019-08-20,43.734893970982256,43.85191309197554,42.945035363466516,43.13031005859375,13191000
2019-08-21,43.69590265706174,43.881177400271184,42.80852788509484,43.07181167602539,14973800
2019-08-22,43.3936116000875,44.31999281641967,42.954799053419244,43.666648864746094,20599000
2019-08-23,42.798773232696426,43.85192324638972,41.59935486367023,41.89189529418945,27519900
2019-08-26,42.65249830732933,42.68175122991922,42.08691700490595,42.35020446777344,12282800
2019-08-27,42.62324757823276,42.711010078031,41.29706034566074,41.384822845458984,19122100
2019-08-28,41.05327057625823,42.18442946771283,40.7217238122188,42.07716751098633,11545700
2019-08-29,42.89628215047173,44.095700322682156,42.81826939787944,43.55937194824219,18674100
2019-08-30,43.99819051387944,44.788053004620274,43.92993120577443,44.14446258544922,16391500
2019-09-03,43.49111142090412,44.20296474871208,43.335089639980396,43.87141799926758,17108100
2019-09-04,45.29511781344864,46.319010996775226,45.246361703738366,45.64616775512695,26978100
2019-09-05,46.70906807358858,48.40580452615007,46.69931461957631,47.810970306396484,33075500
2019-09-06,47.645194813662805,48.269281903706045,47.48917304115199,47.75246047973633,19565700
2019-09-09,48.30828761698946,48.7568497418499,47.64519416291211,47.90848159790039,19474400
2019-09-10,48.14251463507852,48.69834245042698,47.29414645162865,48.162017822265625,23111300
2019-09-11,48.77636377030468,50.112300708629284,48.60083877462953,49.22492599487305,31012900
2019-09-12,49.53696687262175,49.84901046553173,48.85437011818628,49.185916900634766,19671300
2019-09-13,49.254172646736215,49.68323534588839,48.81536393329826,49.244422912597656,14733000
2019-09-16,48.298530563521076,48.990880605332116,47.80121236996174,48.90311813354492,17495300
2019-09-17,48.932386897196096,49.644236634506676,48.688602587712204,49.57597732543945,13776500
2019-09-18,49.731997791284215,49.897769331725605,48.45456670494916,49.22492599487305,15247100
2019-09-19,49.89777076050288,50.02453964319889,48.5130776659198,48.581336975097656,16633600
2019-09-20,49.088402416847366,49.195668094453026,47.55743744703703,47.937740325927734,23195000
2019-09-23,48.308296365995645,48.942133295521,48.24978679656201,48.36680221557617,16198500
2019-09-24,48.503319733035276,48.65934151619549,46.85533569606199,47.303897857666016,24959000
2019-09-25,47.26489512295634,48.464313276472964,46.67006091319587,48.24003219604492,23571800
2019-09-26,48.15226820569543,48.503318136211846,46.93334690243154,47.391658782958984,33341000
2019-09-27,44.75879472286982,44.7782941915496,41.84313313466535,42.13567352294922,75941400
2019-09-30,41.930894241631925,42.38920985741659,41.521338455498785,41.78462219238281,31423100
2019-10-01,42.02841146900739,42.262446031721154,40.711977748320336,41.2483024597168,28087300
2019-10-02,40.780242216477156,41.60910744630125,40.72173263842874,40.93626403808594,26408500
2019-10-03,40.95576373032109,42.40871984225127,40.72172915798379,42.37946319580078,23627100
2019-10-04,42.62323707199378,43.510611586844846,42.21368132045594,43.442352294921875,21860000
2019-10-07,43.19857993121864,43.617889251162026,42.964549071626735,43.06206130981445,14911600
2019-10-08,42.515980054076756,42.75001461673152,41.56034605295507,41.57984924316406,20664600
2019-10-09,42.10642131365169,42.30144948243034,41.76512480817872,41.813880920410156,12784000
2019-10-10,41.804127642074434,42.70125573429259,41.55059362549168,42.20393371582031,15572600
2019-10-11,43.28634075054383,44.6807872775617,43.179075060795796,43.97868728637695,27483700
2019-10-14,43.842167841684336,44.20297128580932,43.68614603768683,43.74465560913086,12443300
2019-10-15,44.08595660529946,45.39264074098602,43.920185049208506,45.30487823486328,17767700
2019-10-16,44.846562798640214,45.392637266176465,43.95918806904049,44.03719711303711,16646900
2019-10-17,44.63202755722623,44.973324069914156,44.154208719610125,44.36874008178711,11718700
2019-10-18,43.715404629659716,43.86167298500219,42.155182800366276,42.389217376708984,26215300
2019-10-21,42.86702823255778,44.173712162697036,42.82802185378275,44.095703125,15473700
2019-10-22,44.173712583664305,44.563768935425706,43.51061901758176,43.549625396728516,13802400
2019-10-23,42.954791134226255,43.70564719346246,42.857278906212436,43.549625396728516,13959200
2019-10-24,44.75880099052425,45.987472281310644,44.446757370011724,45.92896270751953,25760200
2019-10-25,46.104481665985716,47.06986904780929,45.753431708958956,46.83583450317383,19855300
2019-10-28,47.29414501537983,47.537929268036436,47.03085757612841,47.47941970825195,15240000
2019-10-29,47.58669217123829,47.94749187514312,46.865092763428635,46.913848876953125,12183600
2019-10-30,47.021114344166605,47.1381297600623,46.08497985744205,46.68956756591797,12932800
2019-10-31,46.10448366947033,46.68956819655759,45.3048714969855,46.36777114868164,15445800
2019-11-01,46.299514304897066,47.333161087101445,46.07523319288025,47.17713928222656,18311700
2019-11-04,48.16202747296431,48.65934954625736,48.025508855151585,48.3570556640625,16021500
2019-11-05,48.38631622245352,48.48383219330989,47.40142909585486,47.469688415527344,13682600
2019-11-06,46.95286068673015,47.09912904422241,45.93871704076199,46.494544982910156,21803600
2019-11-07,47.31365925640181,47.859737449085934,46.806587446020856,47.1966438293457,19253600
2019-11-08,46.377527079058204,46.81633584798133,45.78269278536727,46.0167236328125,18518800
2019-11-11,45.55839857874455,45.57790176373486,44.71002677100105,45.109832763671875,14635900
2019-11-12,45.63642035760002,46.494542137820936,45.51940493479592,45.73393630981445,15170700
2019-11-13,45.34387383090444,45.39262994051551,44.671030590625094,45.14884567260742,15423600
2019-11-14,44.973320077135476,45.66567021546099,44.63202359474821,45.63641357421875,11797400
2019-11-15,46.41652658578456,47.31365469296165,46.162992564974324,46.5237922668457,17859200
2019-11-18,46.75782660902221,47.206388800677175,46.28976122818403,46.63105773925781,12631200
2019-11-19,46.9138449688012,46.98210426601976,45.12934234760919,45.4218864440918,18384000
2019-11-20,45.00257388891999,45.34387034984884,44.10544591756746,44.43699264526367,24660700
2019-11-21,44.173707650180916,45.03182929630595,43.92017365374876,44.4174919128418,14192900
2019-11-22,44.788047529313005,45.22685997052451,44.6125225528284,44.72953796386719,11253700
2019-11-25,44.9538195952129,46.36776915850177,44.79779780532362,46.33851623535156,18803600
2019-11-26,46.465288527572966,46.48478799787537,45.382885652984264,45.55841064453125,12849300
2019-11-27,46.17274960108097,47.06987785012291,45.938718732533395,46.96261215209961,15409400
2019-11-29,46.74806745644368,46.757820909772946,46.260498945851374,46.328758239746094,7343600
2019-12-02,46.38727251206503,46.75782565931374,45.197604035023495,45.236610412597656,16053800
2019-12-03,43.998184002550616,44.271224914416415,43.4423561646082,44.10544967651367,20321400
2019-12-04,45.031830265570306,45.44138605012659,44.5930178393652,45.14884567260742,16921700
2019-12-05,45.548661857795594,46.221508967636666,45.100099597803904,45.460899353027344,13003800
2019-12-06,46.260508154140375,47.12838340042391,46.14349272986466,46.73832702636719,20468100
2019-12-09,46.387264965286334,46.582293101574955,45.27560942424919,45.29511260986328,16540500
2019-12-10,45.87044682654321,46.7285647354459,45.55840327424176,46.28000259399414,19263100
2019-12-11,46.56279993987553,48.11326819137965,46.504290370437474,48.035255432128906,22081300
2019-12-12,48.13277576080191,50.05379735383496,48.093769377627346,49.7027473449707,36590800
2019-12-13,49.75150365091434,51.01918135002266,49.439460024052394,49.92702865600586,30039700
2019-12-16,51.44824283939311,52.949955189573416,51.3799835252807,51.6237678527832,38629600
2019-12-17,52.647661371785325,52.65741110747715,51.34097731773157,51.682273864746094,28344800
2019-12-18,51.68226513900414,52.384365025585,51.067927738245885,51.72127151489258,39099100
2019-12-19,53.64228636668879,53.915327264502636,52.55988738840548,53.17422103881836,55792900
2019-12-20,53.53502588821573,54.53941586602832,53.271738436586155,53.69104766845703,44285000
2019-12-23,53.85682302086338,54.714944733274564,53.76906053073209,54.02259826660156,23693800
2019-12-24,54.07135564298644,54.25663036210469,53.671549560786936,54.04209899902344,8621900
2019-12-26,54.07136157404216,54.26638976915827,53.544786563184665,53.73981475830078,13537400
2019-12-27,53.86657958421216,54.14936653997621,52.5501421562631,52.68666076660156,17176700
2019-12-30,52.433128811485275,52.5403945009553,51.35072590116528,51.88705062866211,15271500
2019-12-31,51.5945066267269,52.559894045124786,51.46773775525276,52.442874908447266,13296400
2020-01-02,53.486269151988616,54.110360028890284,53.15472238482483,54.01284408569336,20173200
2020-01-03,52.81342137939058,53.93483045147881,52.657399603433774,53.17422103881836,16815800
2020-01-06,52.41363078857348,52.79393374702561,51.83829962275127,52.23810577392578,18768700
2020-01-07,54.00310108829503,56.94801598287431,53.98359789722259,56.82124710083008,49908200
2020-01-08,56.645717406379624,56.93825780851464,55.641327328436624,56.08988952636719,29730800
2020-01-09,56.869995789202086,57.02601757754594,55.07574336332131,55.885108947753906,22376100
2020-01-10,56.04113722702584,56.0703901532745,54.870971818986845,55.261024475097656,19122800
2020-01-13,55.59257039746366,56.34342649138741,55.446302048685716,56.02163314819336,16163000
2020-01-14,56.36292673904613,56.850495315888836,55.056242804313555,56.08988952636719,26454300
2020-01-15,55.61207131565532,55.699833809277436,54.45165942874333,54.77345275878906,21638600
2020-01-16,55.3877889180676,56.4019324384471,55.34878253962539,56.24591064453125,22732700
2020-01-17,56.57745605520797,56.67496827910553,55.59256548251927,56.22640609741211,20549200
2020-01-21,55.94362337229603,57.708623145974855,55.84611113457267,57.50384521484375,24821700
2020-01-22,58.04016422113406,58.752013901693374,57.38682038948044,57.6988639831543,22604400
2020-01-23,58.830024896021925,59.054305989759136,57.56234364989856,57.728118896484375,26146100
2020-01-24,58.50823009731507,58.527733287063214,55.81685314957394,56.32392120361328,28555300
2020-01-27,53.77881081703421,54.597926103388396,53.261985641216704,54.032344818115234,27310100
2020-01-28,54.85146290630882,55.36828438867311,53.86657605352637,55.06599426269531,18544900
2020-01-29,54.59793789307437,55.76809965210149,53.91534105373955,53.92509078979492,19278300
2020-01-30,52.83293522992886,53.7008067663467,51.89680438524354,53.661800384521484,30783800
2020-01-31,53.77880689993942,53.827563005843814,51.38972051209955,51.770023345947266,28550800
2020-02-03,51.92605340760715,52.764671954530904,51.68226911930852,52.442874908447266,20471900
2020-02-04,53.9153316579476,54.62718130124844,53.57403143783161,54.12010955810547,19998600
2020-02-05,55.602323882579945,55.83635472869201,54.432158492459926,55.35853958129883,19795300
2020-02-06,56.63596566422098,57.698861553006786,55.98262186008474,57.221046447753906,23358700
2020-02-07,56.52870086416549,56.55795378784073,55.35853555906716,55.46580123901367,20891100
2020-02-10,54.90021972063863,55.914363229445854,54.802707495498794,55.90461349487305,15929000
2020-02-11,56.440940393935875,57.377071183587894,54.92947852567111,55.826602935791016,26776900
2020-02-12,57.57210179205374,59.66864456240249,57.435583177780735,57.796382904052734,47180800
2020-02-13,57.54283781151542,59.1225625692225,57.396569480518465,57.85488510131836,23679700
2020-02-14,58.664248231948406,59.05430456284661,56.811486239961205,57.0455207824707,20920200
2020-02-18,55.65108104259052,56.59696533965417,55.21226854808402,56.31417465209961,21513200
2020-02-19,57.12353473433228,58.75201195229384,57.104031545393156,58.498477935791016,23335500
2020-02-20,58.391218113609376,58.49848380360764,56.25566520872506,57.53309631347656,20797100
2020-02-21,57.17229101048501,57.269803235606986,54.50041363581934,55.57306671142578,27038900
2020-02-24,51.98456557012851,54.08110832220851,51.30196878485816,53.642295837402344,33321100
2020-02-25,53.4765150149114,54.07134919995527,50.26831328499277,50.80463790893555,41894200
2020-02-26,51.340973063747754,52.920694224521405,50.59011700267648,51.06793212890625,28075600
2020-02-27,49.37119721684611,51.535999259914334,48.74711000731822,49.32244110107422,36349200
2020-02-28,47.44041865439763,51.60425055668827,47.1868809399692,51.253204345703125,40121300
2020-03-02,51.87730585287687,53.33025836773383,50.804652575479786,53.23274612426758,33272700
2020-03-03,53.24248331163153,54.02259595490675,49.82950351678713,50.51210021972656,36893200
2020-03-04,51.70177472145537,54.00309910556384,50.91191225136124,53.91533660888672,28222000
2020-03-05,52.12108141956114,54.22737751509397,52.01381573786801,52.384368896484375,26223000
2020-03-06,50.902164989845,51.86754878035575,48.756862304477316,50.19031524658203,30313700
2020-03-09,44.34924180887784,47.391668995911935,43.80316360818827,44.82706069946289,31260800
2020-03-10,46.95285367551777,47.06011563372054,44.16396092548214,46.67006301879883,31652900
2020-03-11,45.051335189952994,45.16835060150064,41.784623642152944,42.63299560546875,38483800
2020-03-12,38.42041250607639,41.48234314432476,37.055218748454976,37.8450813293457,40117200
2020-03-13,40.5364497491793,41.95039931604651,37.39650703487661,41.921146392822266,35264800
2020-03-16,36.421372297707954,38.16686874807143,33.59347669887332,33.612979888916016,36879100
2020-03-17,34.6076214443004,38.157120316566434,33.174168545941704,36.45063018798828,34869000
2020-03-18,33.40820527403565,35.651024242177236,30.356026068156158,33.8275146484375,36519000
2020-03-19,33.79825862117258,36.37262049433738,32.81337158630785,35.387733459472656,31015200
2020-03-20,36.830935531032566,37.63054780345787,34.94892028207085,35.21220779418945,37667400
2020-03-23,36.07032479993616,38.48866448452806,34.80264352959143,37.29899597167969,45286000
2020-03-24,40.78023747785876,43.31559271435942,40.11714388310876,42.19418716430664,45588000
2020-03-25,42.818276030800014,43.76416034331675,39.03474250058643,41.44333267211914,54091000
2020-03-26,43.783653453672606,44.61251842833454,42.25268863798244,43.676387786865234,62450700
2020-03-27,42.17469041336211,44.15421804472277,41.25806264294738,42.39897155761719,39791500
2020-03-30,43.0718085719218,44.437002147262504,42.077171896001644,43.413108825683594,33763900
2020-03-31,43.29609594006026,44.04694835866427,40.86800251986132,41.01427459716797,36723700
2020-04-01,39.54181042822497,41.24830042949112,38.35214564255661,38.89822006225586,37452800
2020-04-02,38.80070112505354,40.55594693594912,38.53741369544135,40.06837844848633,31457700
2020-04-03,39.95136042562158,40.81923168105274,39.54180098876461,40.19514465332031,28522400
2020-04-06,42.272194970700056,45.52915327801464,42.262445235703325,45.21710968017578,37899100
2020-04-07,46.89435079700578,47.16738803837444,44.89532016587075,45.38288879394531,34646400
2020-04-08,45.90945574745061,47.479423329628425,45.63641483415,47.08937072753906,27694400
2020-04-09,48.0742650756728,48.571587150028364,44.22247224270432,44.98308181762695,39799400
2020-04-13,43.783654877444704,45.23660699366711,43.28633290059345,45.02207565307617,30449900
2020-04-14,45.831451098215474,47.177141554998634,45.46089789884116,46.43603515625,25738000
2020-04-15,45.24636276959395,45.49989677797142,44.50525649306999,45.27561569213867,22389400
2020-04-16,45.850954982026586,46.026479988598616,43.549630424618634,44.39799880981445,26589000
2020-04-17,45.6169204291386,45.72418612431824,43.73490519513264,44.56377410888672,23388300
2020-04-20,43.41310592451597,43.959184062130134,42.22343742321686,42.320953369140625,30463300
2020-04-21,41.930896496236016,41.99915579759514,40.16589695573577,40.380428314208984,32482200
2020-04-22,42.038166414707035,43.10106614000983,41.687116418114805,42.818275451660156,21346600
2020-04-23,42.730503543124264,43.60812834134918,42.34044725061264,42.68174743652344,22273100
2020-04-24,42.71101130057316,43.21808312282687,41.911399043902854,43.06206130981445,16581800
2020-04-27,43.881179506448255,44.26148246699422,43.4716236165845,44.15421676635742,16667200
2020-04-28,45.061073551079886,46.50427566208544,44.154195970808864,44.18345260620117,25234900
2020-04-29,45.42188438257931,48.89336980877575,45.178100126476636,48.59107971191406,35743000
2020-04-30,48.249790104511185,48.34730606025281,46.19224993652977,46.69932174682617,28585400
2020-05-01,45.20736350248711,45.75343798174845,43.41311081379971,43.9396858215332,28194000
2020-05-04,43.091307717232745,43.57887627410511,42.5257301255843,43.35459518432617,21377100
2020-05-05,44.3199817183674,45.782687361086765,43.98843495722356,44.280975341796875,21007500
2020-05-06,44.924565088538934,45.94845828108745,44.77829303823796,44.93431854248047,22011900
2020-05-07,45.94846598972149,46.3190191847585,45.18786012819854,45.431644439697266,16372100
2020-05-08,46.114234717341425,47.25514334785677,46.114234717341425,47.05036544799805,17437100
2020-05-11,46.55304762101065,47.518431284110726,46.260503509910855,47.001609802246094,17353500
2020-05-12,47.31364394658961,47.35265031627103,44.50524856701375,44.55400466918945,26738900
2020-05-13,44.72953666759671,44.73929012148145,41.88213818910305,42.447715759277344,35117500
2020-05-14,41.98940339764873,44.641773687450446,41.45307503551074,44.593017578125,27543500
2020-05-15,42.20394469952732,43.666650772420596,42.16494203133914,43.305850982666016,28803900
2020-05-18,44.69052722769999,45.00257074729477,43.832405688888265,44.77828598022461,20307800
2020-05-19,44.64178227197005,45.08059477998716,43.90067959609381,43.998191833496094,17389500
2020-05-20,45.35362739916371,45.870452620322055,44.94407157998284,45.48039627075195,17876500
2020-05-21,45.343877486976716,45.412136789906505,43.647137208793225,44.095703125,17445300
2020-05-22,44.027440150382894,44.18346193261848,43.14006556644562,43.82265853881836,13385400
2020-05-26,45.07084498057972,45.52915695954774,44.31998885011089,44.661285400390625,24303900
2020-05-27,44.80755153402176,48.347300331138484,42.80852117636873,48.22053146362305,56071500
2020-05-28,47.4891801957969,47.57694268854717,44.924568436408414,45.31462478637695,38289300
2020-05-29,45.46089461528366,46.826088164991965,45.06108851741743,46.71882247924805,26337000
2020-06-01,46.309267863995736,46.4847891400021,45.168355390908204,45.18785858154297,21809100
2020-06-02,45.33413239253279,45.68517867788146,44.43700418814377,45.65592575073242,23035600
2020-06-03,46.84559810812935,48.191284941849744,46.27026693608239,47.70371627807617,34662100
2020-06-04,47.64519768587775,50.68762429317262,47.391659965355764,49.9465217590332,34830800
2020-06-05,51.35072217817684,53.45701827370967,51.28246287525448,52.384368896484375,34110700
2020-06-08,53.144973305288794,53.281491907593804,50.9314115854568,52.364864349365234,22850600
2020-06-09,51.34097600777393,52.16984115500561,51.14594782023316,51.82854461669922,17840800
2020-06-10,51.60425982228786,51.97481300691122,50.28782606513178,51.16545104980469,18766700
2020-06-11,49.1664221693222,49.81976611177287,47.00161983607437,47.313663482666016,29897600
2020-06-12,49.03964115716567,49.22491585003779,46.18248941844215,47.47941970825195,24293600
2020-06-15,46.18249582389988,48.49356981806896,45.92895808285424,48.01575469970703,18092300
2020-06-16,49.888017785516666,50.853405226688466,48.620340200429354,49.75149917602539,20987200
2020-06-17,50.02453997650109,50.22931790539902,49.28343730626663,49.6929931640625,13905100
2020-06-18,49.24442918548731,49.77100417251275,48.77636377030468,49.22492599487305,13220200
2020-06-19,49.88801646986675,51.43848468792731,49.48821038696324,49.56622314453125,28081500
2020-06-22,49.82951317071294,50.12205732854478,48.99089824046927,49.878273010253906,15952200
2020-06-23,49.42970671098908,49.62473490830416,48.33755401381945,48.6008415222168,23194200
2020-06-24,48.41555775831901,48.85436647068795,46.826083268206034,47.08937072753906,19346500
2020-06-25,47.04062166038364,48.08401819997,46.10448709153097,47.96699905395508,14971900
2020-06-26,47.92799129517113,48.12301574475055,46.94310071347155,47.284400939941406,16929700
2020-06-29,47.479427845560124,47.92799377441406,46.397028702932886,47.92799377441406,24666200
2020-06-30,50.49260110324854,51.165448126337374,49.702742382026784,50.23906707763672,47852100
2020-07-01,50.2390705997386,50.278076981752896,48.3765586368691,48.46432113647461,25218400
2020-07-02,49.244419732740006,49.48820398884268,48.24977952145879,48.59107971191406,18562400
2020-07-06,49.48820873062273,50.15130226834541,49.22492126242229,49.65398025512695,16321000
2020-07-07,49.26393040204439,49.33218970653247,47.79147118842289,47.869483947753906,19797900
2020-07-08,48.32780314800901,48.51307788520731,47.74271856974272,48.47407150268555,15311900
2020-07-09,48.61058160281397,49.137156515017104,47.51842912257443,48.73735046386719,18510800
2020-07-10,48.76660988887185,49.44920667499256,48.17177931967492,49.439456939697266,18128700
2020-07-13,50.034295677214,50.98017631878987,48.152280410370814,48.230289459228516,23296400
2020-07-14,47.85973771730801,48.55208426772907,46.75783159011521,48.47407150268555,17455200
2020-07-15,48.961632892811565,49.39069559746985,48.18152395686855,49.254173278808594,15911400
2020-07-16,48.58133669673781,49.03965238703735,48.00600557992576,48.854373931884766,14014000
2020-07-17,49.059147486233435,49.1761628934453,48.05475377145235,48.24003219604492,15003800
2020-07-20,48.425309589582156,50.04403707199433,48.30829417587305,49.936771392822266,17604200
2020-07-21,50.336579305982866,51.35072284813628,49.956276407638605,50.23906707763672,16650200
2020-07-22,50.29757017274619,50.48284487069835,49.75149209267561,50.36582946777344,11412600
2020-07-23,50.45359752086244,52.85243400488459,50.287822271882874,51.33121871948242,33399900
2020-07-24,50.005030701873395,50.005030701873395,48.41555986253239,48.77635955810547,25348000
2020-07-27,49.341939825466625,50.42434269056176,49.2346778603315,50.30732727050781,15991700
2020-07-28,49.98552452150978,49.995277975317556,48.79585982679857,48.8446159362793,15614400
2020-07-29,49.13715744018555,49.37119197885543,48.54232321925854,49.13715744018555,14714800
2020-07-30,48.50331381932442,49.4882005079697,47.88897649559788,49.478450775146484,17644300
2020-07-31,49.361446950729956,49.439459716887484,48.035259684879506,48.815372467041016,17433200
2020-08-03,49.13715744018555,49.36143852482392,48.776357757928416,49.13715744018555,15143500
2020-08-04,49.09814758819953,50.2000534650321,49.039641747563174,50.02452850341797,15753100
2020-08-05,49.81975665303987,50.00503137057329,49.37119446120969,49.7807502746582,13198600
2020-08-06,48.75686302800951,48.786115955473214,47.11863213268012,47.48918533325195,32204700
2020-08-07,47.479423784801305,47.95724259776851,46.85533663959314,47.537933349609375,13637300
2020-08-10,47.635449645206194,48.43506183337395,47.069872016434104,47.92799377441406,15881500
2020-08-11,47.7914810744822,48.50333463114457,46.4457941763338,46.57255935668945,21532800
2020-08-12,47.17713834257084,47.5184348714827,46.4750383746914,47.27465057373047,17176600
2020-08-13,45.98746482858061,46.05572412701479,44.78804665914083,44.99282455444336,41051700
2020-08-14,44.46625900268555,44.93432817605802,44.173718559217924,44.46625900268555,18167300
2020-08-17,44.75879668476338,44.79779934368539,43.62763773925873,44.095703125,17303800
2020-08-18,43.93967951617544,44.03719173923525,42.95478895194823,43.29608917236328,20118100
2020-08-19,43.19857631763513,43.588632677464474,42.759763842790406,42.95479202270508,19455500
2020-08-20,41.61885254671111,42.57448647718304,41.19954328785009,41.921146392822266,22445400
2020-08-21,41.78462852353228,41.98941016747982,41.34581974900271,41.5993537902832,15476700
2020-08-24,42.04790993302755,42.73050663437775,41.82362885055657,42.6719970703125,14972200
2020-08-25,43.764159626734184,44.4077500453691,43.49111867468828,43.97868728637695,21524900
2020-08-26,44.466246365231164,44.680777698735234,43.578871830990465,43.842159271240234,15328900
2020-08-27,43.44236462059494,43.71540558560772,42.58424278171121,43.510623931884766,13777000
2020-08-28,43.51060845925038,44.65152059339301,43.30583059820114,44.55400466918945,13459100
2020-08-31,44.22246485014134,44.680780465607754,44.017686957216974,44.37848663330078,13241800
2020-09-01,44.3979989937127,44.65153676863512,43.93968700341271,44.62228012084961,14079800
2020-09-02,45.27561100882384,46.9918504845543,45.129338971525,46.640804290771484,24636200
2020-09-03,46.57254705520155,46.64081007563278,44.71003531116485,45.178104400634766,20632800
2020-09-04,45.04158448091391,45.782690812207576,43.773906905636224,45.32437515258789,20608500
2020-09-08,43.871420621136274,45.08058856559494,43.42285471930202,43.910423278808594,20893600
2020-09-09,44.73929259104571,44.73929259104571,43.34484619677556,44.027442932128906,17529100
2020-09-10,44.33949827007363,44.807563770431116,43.57888857712053,43.75441360473633,13744700
2020-09-11,44.10544666733863,45.324367934023385,43.842159227352425,44.94406509399414,18365500
2020-09-14,47.14787678796817,48.35704841564709,47.099120677465194,47.810970306396484,26715400
2020-09-15,48.142526112592044,48.42531681444547,47.4891859253998,47.830482482910156,14456000
2020-09-16,47.8889824774534,49.94652230642346,47.74271042786821,48.961631774902344,23542200
2020-09-17,47.93774449411152,50.014787766943584,47.59644796282951,49.712493896484375,20556900
2020-09-18,50.21955322483625,50.87289319970794,48.72759487278122,49.478450775146484,25549000
2020-09-21,48.376555983414875,48.542327518103086,46.699318847329764,47.92799377441406,21257500
2020-09-22,48.04501182945421,48.54233018064988,47.56719294941237,48.46432113647461,10845300
2020-09-23,49.74174317676848,50.326827684471304,48.40580635527103,48.6105842590332,19160000
2020-09-24,48.2887883057288,49.10790359591732,47.86947906671249,48.24003219604492,13842300
2020-09-25,48.33755656732981,48.36680949652369,46.592059874923955,47.91824722290039,17773000
2020-09-28,48.4058129173831,48.532581802548684,46.933357293764765,48.48382568359375,18904000
2020-09-29,48.47406635092351,50.10254730952707,48.357050935647855,49.44920349121094,35676600
2020-09-30,47.73297097568433,48.045014610152194,45.66568096737136,45.79244613647461,55392600
2020-10-01,45.928964388348405,46.982114436009574,45.880208268331536,46.72857666015625,24460000
2020-10-02,45.694933052907786,46.33852350210986,45.34388304064238,45.39263916015625,20277500
2020-10-05,45.8216962583486,46.54329566533506,45.811942803743015,46.416526794433594,16933700
2020-10-06,46.367774769961436,47.615952959983964,46.04598141680678,46.14349365234375,17926200
2020-10-07,47.216136300365726,47.781717600348166,47.11862407891838,47.20638656616211,13889300
2020-10-08,47.77197658036746,48.756863588111784,47.02112043472812,48.65935134887695,14569700
2020-10-09,48.99089359845169,49.34193985885105,48.08401572275046,48.649593353271484,13933700
2020-10-12,49.322440162889166,49.57597419199233,48.834871574738116,49.419952392578125,13108800
2020-10-13,50.5998736941751,51.43849236391021,50.356089370175525,50.56086730957031,22179400
2020-10-14,50.716885834869494,50.95092040744778,50.07329541009587,50.346336364746094,15899400
2020-10-15,49.497962235862516,50.67788106543012,49.06890321047178,50.648624420166016,14000600
2020-10-16,50.853410656460106,51.2434633366747,50.29758270426784,50.32683563232422,14225400
2020-10-19,50.67788929484011,52.65741692596291,50.02454533569401,51.32147979736328,24176200
2020-10-20,51.81878995406579,52.85243672005142,51.43848704314136,52.199092864990234,17343400
2020-10-21,51.974812279696,52.61840268616679,51.85779685666129,51.98456573486328,12922200
2020-10-22,51.96505830087087,53.48626983565844,51.76028039731915,53.027957916259766,14842600
2020-10-23,52.74517496154194,52.774427889221414,51.07769112644952,51.53600311279297,16175700
2020-10-26,51.0971923957632,51.57500755586734,50.122055164697905,50.84365463256836,11678900
2020-10-27,50.7363882749741,51.01917896103016,50.258573121151514,50.668128967285156,8964800
2020-10-28,49.48820783615112,49.58572005823196,48.33754576030362,48.75685501098633,15463700
2020-10-29,48.474069895563424,49.64423529344664,48.15227655006116,49.22492599487305,12420700
2020-10-30,48.76659718631648,49.17615663924956,48.074250845240456,49.08839416503906,15955700
2020-11-02,49.52722151165283,49.52722151165283,48.210784000443724,48.47407150268555,13103200
2020-11-03,48.88362419279735,50.307323475592376,48.76660506171756,49.81000518798828,11429500
2020-11-04,50.44384785347103,51.19470395790266,49.66373882284507,50.668128967285156,13554400
2020-11-05,51.565254208009094,53.41801258533052,51.467738259821814,53.22298812866211,16373600
2020-11-06,53.105966054501685,54.03234705186747,52.97920090864693,53.7885627746582,13922600
2020-11-09,55.0660018919411,56.39218915179198,54.48091730796685,54.56867980957031,20968500
2020-11-10,53.75930762928141,54.54916627408004,53.00845164013568,54.032344818115234,14502100
2020-11-11,54.57842969618566,55.52431024066545,54.46141055513097,54.95873260498047,14765500
2020-11-12,55.192763662340845,55.55356710221825,54.50041714774341,54.85146713256836,13785600
2020-11-13,55.37804446473325,56.74323436173049,55.339038082571044,56.48970031738281,14318800
2020-11-16,58.23518679578466,60.37073563205456,58.12792112330418,60.32197952270508,31397200
2020-11-17,59.483369698800146,60.65353509258326,58.80077290910557,60.44875717163086,17703600
2020-11-18,59.97093814984173,60.49751313367828,59.12256982245165,59.229835510253906,18734500
2020-11-19,58.54722842541381,60.42924319898491,58.1669255772569,60.292724609375,12723600
2020-11-20,59.951429750685904,61.08258866221383,59.82466088340134,59.87342071533203,14115700
2020-11-23,61.053350891371394,62.896359912227496,60.75105696970013,62.58431625366211,20612600
2020-11-24,62.69156261906934,62.69156261906934,61.326369244103425,62.360015869140625,22625600
2020-11-25,62.07723980979567,62.40878663760208,61.053346397993224,61.85295867919922,12468500
2020-11-27,62.243000328663044,63.18888446726656,61.930953047181866,62.633056640625,7500200
2020-11-30,62.954859590218035,63.62770668529751,61.999229234590445,62.496543884277344,20373500
2020-12-01,63.627683339190725,66.92364341471276,63.52041768397897,65.41218566894531,36160400
2020-12-02,65.92901056119018,67.66475316228109,65.10014563186868,67.39171600341797,23298900
2020-12-03,68.81542657466677,69.35175496899521,67.82078998120097,68.1620864868164,20462300
2020-12-04,69.3419892894409,72.53068385073739,68.78616152408813,71.51654052734375,31860800
2020-12-07,71.46779625939692,71.57506193153242,69.70280055559446,70.80470275878906,17460600
2020-12-08,70.20985452134646,71.72131964317367,70.19035505744912,71.37026977539062,15431100
2020-12-09,71.33128085539268,72.75498013865642,69.0202032338196,69.6345443725586,18367300
2020-12-10,68.396103590587,70.16109905100268,67.9377880437001,69.50775909423828,15610600
2020-12-11,68.63015614897903,69.54678753363001,67.67452582174039,68.77642822265625,15322000
2020-12-14,69.62480339723095,70.4049087587209,69.26399992472862,69.76132202148438,13573700
2020-12-15,70.9997482596047,71.54583023604268,70.5316864966094,71.331298828125,11538300
2020-12-16,72.34543156003133,72.50144964405538,70.82421246248468,71.17526245117188,13889300
2020-12-17,71.7603516613947,71.90662374703787,69.97585602361151,70.46342468261719,11988100
2020-12-18,70.89247188506994,71.62382478941264,69.29324746275041,69.68330383300781,23912500
2020-12-21,68.25958643494316,69.9173162724814,67.91828999070934,69.69303894042969,13180400
2020-12-22,69.73205606682248,69.99533981021118,68.02556614273517,68.68865966796875,11154200
2020-12-23,68.71791378464603,69.29324111227653,68.15233247159159,68.2108383178711,8524000
2020-12-24,68.5618812635722,68.88367826461288,68.02556036820943,68.8251724243164,4848500
2020-12-28,70.00510060179829,70.31714420874954,68.71791979316112,68.9031982421875,8345200
2020-12-29,69.23473759761545,69.62479394526153,67.4209819048113,68.4643783569336,9403400
2020-12-30,68.66914569750253,70.84370447916865,68.62039331136592,70.13185119628906,11620300
2020-12-31,70.59018760974706,73.79839017669617,70.57068813747846,73.31082153320312,23214500
2021-01-04,74.57849162517323,76.65553105186243,71.91636396362536,72.20890808105469,31155900
2021-01-05,74.53949147593558,76.73355022088936,74.13968164468484,75.33910369873047,33418200
2021-01-06,74.46148757415209,76.49952103538767,74.20794978366713,75.19284057617188,22390900
2021-01-07,76.11920751646348,78.08898882838551,76.10946150104375,77.14310455322266,27945300
2021-01-08,80.48782212802503,82.06754700647821,75.15382066923404,75.4951171875,51272100
2021-01-11,74.68575547758532,77.80619901903897,74.51998393711581,76.71404266357422,19920800
2021-01-12,77.22110652482274,77.6404157601805,75.88516606805373,77.48439025878906,18231000
2021-01-13,76.98708704562188,78.3912871417299,76.5970380764427,77.92322540283203,15067700
2021-01-14,78.0207056211854,80.16600382995253,77.57214353897787,79.27863311767578,17639300
2021-01-15,78.9081058373242,79.84423672060903,77.55266563176215,78.71308135986328,14322600
2021-01-19,79.25915656732232,83.54976206773631,78.94711293673078,83.37423706054688,26602500
2021-01-20,83.79353371415354,85.0807144256409,81.16066644419944,81.4239501953125,21191700
2021-01-21,81.91151751354799,82.98416685018901,80.45856529791338,82.89640808105469,14696200
2021-01-22,81.98954108803902,82.8379057271165,80.18553867838709,80.23429107666016,14229500
2021-01-25,81.12167101041511,81.42396118019828,76.92857781806705,79.2591552734375,19283400
2021-01-26,79.75645317738481,79.9417315812481,77.04557360784949,77.53314208984375,13678000
2021-01-27,75.40737364542777,75.66090400180315,72.48196157275618,73.22306060791016,23513400
2021-01-28,75.28057876959173,78.18649050940294,74.81251714259065,76.44099426269531,18351400
2021-01-29,76.4117713663187,77.39666227637494,75.0368239873553,76.32400512695312,17934400
2021-02-01,77.61116350433318,79.07386925396364,76.52876809413631,78.43028259277344,14900200
2021-02-02,79.23965586266395,79.7077175814168,77.93296806508957,79.59070587158203,11386200
2021-02-03,79.81497840039239,80.47807199454836,77.00658594028229,77.14310455322266,17456000
2021-02-04,77.18210250581973,79.31764768344851,76.99682407718724,79.22988891601562,11519700
2021-02-05,79.73695824248925,79.98074252008483,78.7130687404113,79.0836181640625,10958000
2021-02-08,79.7174602835127,81.97002467045102,79.61019460416269,81.92127227783203,12394800
2021-02-09,81.27768890148465,81.9115296066201,80.35131148300681,81.2484359741211,10362500
2021-02-10,81.91152144211958,82.34058417323664,79.2786540859339,80.30254364013672,9869200
2021-02-11,82.30157743248236,84.48588257822452,81.91152108224475,84.32986450195312,18750400
2021-02-12,83.96907596650166,86.12412857008596,83.33523521492808,85.82183837890625,14273900
2021-02-16,87.0017312334293,87.0017312334293,84.88568556106267,85.55852508544922,10312800
2021-02-17,84.53464783242565,85.1489816016406,82.78915131895977,83.91056060791016,10033500
2021-02-18,84.36885722985073,86.52391673232026,83.82278284354472,86.33863830566406,19168100
2021-02-19,88.00613975027824,89.2153078975242,86.60193968269773,88.698486328125,21886500
2021-02-22,87.3040459426462,88.2694298381014,83.78379950640931,84.13484954833984,16077000
2021-02-23,83.12069599910508,86.98223856487621,80.39031619931784,86.03636169433594,23203200
2021-02-24,86.10459393039802,90.29767826730497,85.54876617765694,90.21966552734375,21281700
2021-02-25,89.24454499876865,90.78526341749445,85.40250984587362,85.92908477783203,22546200
2021-02-26,87.5088065710314,90.6292499438508,86.03635481743744,89.25430297851562,22787600
2021-03-01,92.18948318650735,93.36939845172246,90.26846147448427,92.40401458740234,19908900
2021-03-02,91.24358453970773,92.5405187590686,88.63997008589148,88.82524108886719,18679600
2021-03-03,88.31814626812266,91.00952612005241,86.19234758792162,86.89444732666016,26424100
2021-03-04,86.60193264830156,87.51856400015126,79.81497860578997,82.23332214355469,31971100
2021-03-05,85.35376235486774,87.09925892621071,81.22893595105575,86.71895599365234,30329100
2021-03-08,86.3678887077774,87.48929780953996,82.75988457832078,82.93540954589844,22708300
2021-03-09,85.81207631444724,87.93787577527976,84.15434599789171,87.07975769042969,22301400
2021-03-10,87.77208991896362,87.77208991896362,83.18894121751701,83.28646087646484,23407800
2021-03-11,85.41225578052385,87.97687113783302,84.69065640319882,87.08949279785156,20716500
2021-03-12,85.39277458467416,86.32890551658636,84.28111863804672,85.58779907226562,21916400
2021-03-15,85.58778031825616,86.6994434610031,83.99830951751962,86.64093017578125,16144400
2021-03-16,88.49369811429706,92.32598748724826,87.86961092111929,89.15679168701172,28539000
2021-03-17,89.059293280003,93.11586066523681,87.85987110213888,92.40401458740234,24616700
2021-03-18,90.65848246941366,91.1558043917513,87.18699734497271,87.58679962158203,27081000
2021-03-19,88.11339438091636,90.37571229473711,86.67994156523096,88.2596664428711,24963400
2021-03-22,89.54684936195969,90.12217672926606,87.4210500039705,89.0105209350586,19365800
2021-03-23,88.75697629574387,89.00076057274127,82.85740125623015,83.2767105102539,32043800
2021-03-24,84.89543268413856,84.98319889089522,80.85836572626589,80.9363784790039,24232800
2021-03-25,79.12263109875782,82.33083335056922,78.48879043653683,81.99928283691406,23630200
2021-03-26,82.06753787363745,85.94857917465846,81.94076529545639,85.80230712890625,23949100
2021-03-29,85.57802686724052,86.05584192341459,83.6374988429181,84.4371109008789,21772800
2021-03-30,84.11533710248796,85.05146792336328,83.13044644564462,84.38837432861328,13897000
2021-03-31,85.26599338336541,86.86521768805584,84.55414000202722,86.016845703125,25372300
2021-04-01,90.68774642175549,92.03343288391342,88.9812565697332,90.11241912841797,39700600
2021-04-05,91.59461522190459,92.31621449132636,90.17091614884883,91.4190902709961,19795100
2021-04-06,91.50687730404997,93.71068960432207,90.35622247438013,91.16558074951172,22847000
2021-04-07,91.90667677585812,92.70628894464869,90.23919313507677,91.62388610839844,17621500
2021-04-08,92.63803907668715,93.99347926379055,91.4483704371387,92.92082977294922,17815600
2021-04-09,91.99443430749879,93.00857782686622,90.99004424265867,92.93057250976562,14080200
2021-04-12,92.82329191731657,94.54928110607781,92.39422926351398,93.21334075927734,18818300
2021-04-13,93.89596175558593,94.4127832805439,89.12754144911953,89.85889434814453,27102100
2021-04-14,89.38108645201709,90.22945112226981,87.28453981685706,88.41569519042969,19117400
2021-04-15,89.4688411442013,89.67361907040416,87.22602253200623,88.025634765625,16017000
2021-04-16,88.19141344331092,89.05928498265139,87.8403634454084,88.40594482421875,12358700
2021-04-19,88.41568826344839,88.42544171857998,84.36886738978681,86.21188354492188,21361600
2021-04-20,86.18261777966312,86.73844565203456,84.37861555808608,85.30500030517578,17396900
2021-04-21,84.8954461060453,87.33328921673768,84.18360008395891,87.26502990722656,14781300
2021-04-22,86.00708518293898,86.16311068263032,81.81400031475614,82.6038589477539,34044100
2021-04-23,83.12070052355784,84.31036920781226,82.46736032473194,83.89105987548828,18118600
2021-04-26,84.32011086724671,86.10461364397214,83.96906089675298,85.65604400634766,14757700
2021-04-27,87.10899078755133,87.94760921035271,85.84130970014323,87.23575592041016,17681000
2021-04-28,85.48053841973613,85.57805066080302,83.22796622064355,83.89105987548828,19433500
2021-04-29,85.53903949154349,85.8998355072794,83.42299347596065,85.8705825805664,16463300
2021-04-30,84.76868766145121,86.28015348576378,83.43274685260909,83.93006896972656,14548100
2021-05-03,84.80768038174841,84.84668676109077,81.7847566599239,82.90615844726562,16300400
2021-05-04,82.04804910353423,83.31573052734099,79.99050887365028,82.31134033203125,17850500
2021-05-05,83.36447152137292,83.81303371034954,81.94077219817605,83.03292846679688,13172100
2021-05-06,82.75990970764792,83.00369404554516,81.20943744997358,82.691650390625,13716900
2021-05-07,83.77403348488603,84.17383583512702,82.87690168100968,83.84229278564453,12746100
2021-05-10,82.8379129311077,82.8866727733279,78.79109897688171,78.83985137939453,24862900
2021-05-11,75.34885072963019,78.75208502980412,74.91004195060933,78.674072265625,23227800
2021-05-12,77.17236645021136,77.98173220652292,74.51024574869524,74.89054870605469,23472600
2021-05-13,76.03142621867998,76.89929747518008,74.6272266847004,75.27082061767578,20153800
2021-05-14,76.83107369289067,78.15726110121832,75.16358969559067,77.71844482421875,18241100
2021-05-17,77.13335321161958,78.42053405440326,75.78766651588876,78.39128112792969,15011500
2021-05-18,78.54730809625315,78.90810411565444,76.84081791672926,76.9188232421875,20893800
2021-05-19,75.29034406983514,78.27426159050911,74.2664544498522,77.94271850585938,27300000
2021-05-20,78.49854314576508,79.46392687276294,77.54290543399804,79.11287689208984,17123000
2021-05-21,79.73697102609346,79.95150241512462,78.37178480445323,78.71308135986328,13076900
2021-05-24,79.39566849726148,81.54097478646162,79.33716264636634,80.83887481689453,15730400
2021-05-25,81.49220537690405,81.62872397275822,77.72817565759766,79.21038818359375,26272100
2021-05-26,79.55170286131705,80.39032153598833,79.00562091334288,80.1952896118164,12609800
2021-05-27,80.40982390204911,82.64288929614949,80.28305872655619,81.84327697753906,22286500
2021-05-28,82.12605505783222,82.62337710618883,81.15091787108942,82.04804229736328,11330300
2021-06-01,82.80864499563222,83.62776407031065,81.54097116440745,82.05779266357422,11067200
2021-06-02,82.29183234839488,82.71114166560321,81.37520094805417,82.24307250976562,10314200
2021-06-03,81.59947145023601,81.97977431764959,79.85397517789153,79.99049377441406,14742100
2021-06-04,80.90714610357567,82.27233986436893,80.79012694475082,81.67750549316406,12591100
2021-06-07,81.12166587556969,82.13580945416999,80.59509089592878,81.95053100585938,9006400
2021-06-08,82.85739718217795,82.86715063589587,78.02071825713098,78.52778625488281,29666500
2021-06-09,78.17675959871735,78.55706257020978,76.5677814825607,76.70430755615234,21434900
2021-06-10,77.42590282085288,78.83009546864537,76.57753069470398,77.30888366699219,22683300
2021-06-11,78.07923933041575,78.75208641379861,77.24062070001898,77.36738586425781,12675700
2021-06-14,77.52341619443061,78.92761630243228,77.3966510223444,78.48880004882812,14303000
2021-06-15,78.6350450628227,80.8486101621384,77.93294525052352,80.13675689697266,22308600
2021-06-16,80.67311298121012,81.04366248095178,78.12800400531071,78.48880004882812,18116400
2021-06-17,77.71843182316368,79.41517590685821,77.38688874639747,78.63506317138672,16003900
2021-06-18,76.93831054833068,77.30885992888291,74.23717690050813,75.03678894042969,39881500
2021-06-21,74.93928487015296,75.3683475761361,73.82762916802002,75.15381622314453,19810100
2021-06-22,75.68038903508223,76.33372909022728,75.1343146534333,75.7291488647461,16771800
2021-06-23,76.15821158651661,77.8842085458608,76.12895866173217,77.05533599853516,16662200
2021-06-24,78.43028128426265,78.88859693518675,77.93295925456776,78.57655334472656,15721000
2021-06-25,79.54193160873922,80.78035243139526,79.073862535158,79.99049377441406,19603800
2021-06-28,80.5755852613692,81.52146954867823,80.11727702044503,81.30693817138672,18365500
2021-06-29,81.46296787072514,81.75550458589774,79.83449042650625,80.86813354492188,18530800
2021-06-30,82.74039962894153,83.2767281276799,81.35570642818992,82.86717224121094,40670800
2021-07-01,80.19527987876899,80.20503333372064,77.92321589565009,78.11824035644531,53299000
2021-07-02,78.60581617676853,78.878853422873,76.92857887674741,78.33277893066406,22685500
2021-07-06,78.78134198559748,79.51269494784064,77.77695177447,79.06413269042969,21126500
2021-07-07,79.65895756820649,79.77596926685696,76.01193920633891,76.27523040771484,23026900
2021-07-08,74.35422187201259,75.94369305144092,74.07143115180003,75.19284057617188,23114500
2021-07-09,75.48538350454987,76.98708843025405,74.82228982942931,76.78231048583984,15441100
2021-07-12,76.79205046984644,77.74768814916406,75.77790694230534,77.5819091796875,12639300
2021-07-13,77.30889281483879,77.52342423578166,76.15823037136087,76.49952697753906,14263400
2021-07-14,77.37712401876145,78.75207084078978,76.37273403996619,76.53850555419922,15952300
2021-07-15,76.39223839580949,76.50925752848224,74.44196415616516,75.0075454711914,16616800
2021-07-16,75.2415888576892,75.68039761559339,72.97926344360403,73.1450424194336,19132100
2021-07-19,72.00413159750244,72.82325076330049,71.380044347231,72.72573852539062,23436900
2021-07-20,72.80374847745917,74.03241601910328,71.93586950639957,73.51559448242188,14855800
2021-07-21,73.47656483095696,75.31957299945304,73.46681137871983,75.27082061767578,15945800
2021-07-22,74.33470770286303,74.35420717225725,72.60871079308806,73.65210723876953,19042200
2021-07-23,74.0421645751045,74.14943025747348,73.03777449447313,74.05191802978516,12345200
2021-07-26,73.9251392080521,75.5536237760025,73.63260254964048,74.40296173095703,12023900
2021-07-27,72.93050743644552,72.93050743644552,70.70719595238221,72.37467956542969,23940500
2021-07-28,72.6964859665245,74.12018547840539,72.53070697755975,73.67162322998047,14348300
2021-07-29,74.18844458734257,75.20258823134144,74.06167198202591,75.16358184814453,14529400
2021-07-30,74.23717755439587,76.16795209885942,74.16891826159541,75.65113067626953,12528900
2021-08-02,77.07484940447276,77.51365819263694,75.543884214164,75.70965576171875,14904200
2021-08-03,76.90908806618339,79.05438733264025,76.00221000251499,78.849609375,25807600
2021-08-04,78.44978343272115,81.02414500185432,77.56241246442833,79.9417495727539,29176900
2021-08-05,80.0977688896226,81.00464678181596,79.14213860132809,79.46392822265625,14821000
2021-08-06,79.18113757021833,80.81936836186384,79.03487294215692,79.96125030517578,14612600
2021-08-09,79.69796431514324,80.00025445765907,78.08898649392462,78.21575164794922,13363300
2021-08-10,77.83545746003117,77.83545746003117,73.8861484966971,74.02267456054688,40705000
2021-08-11,74.14942607792214,74.15917953205305,71.88710830042403,73.16453552246094,31624900
2021-08-12,70.38540252144001,70.40490199172757,67.09918751986532,68.50338745117188,72492400
2021-08-13,68.30834341470742,69.4687512767964,68.14256448609112,69.15670776367188,25301400
2021-08-16,68.45464269935373,69.97586210669374,68.18160541692828,69.16649627685547,18135900
2021-08-17,68.42538353878312,69.67355811036697,67.87930902364201,69.02021789550781,17545800
2021-08-18,69.47851518505495,70.0928488515552,68.82517514358089,68.86418151855469,14004300
2021-08-19,68.39611994231154,69.05921351000946,67.3234705521342,68.53263854980469,18022600
2021-08-20,68.39613574404169,69.26400742348588,67.85006118790812,68.48390197753906,14603100
2021-08-23,69.078712053195,70.09285558075962,67.18695104343378,69.95633697509766,22265000
2021-08-24,70.3463943592056,70.8827227748567,69.90758561164098,70.19037628173828,18092700
2021-08-25,70.98023623959256,75.11481580052687,70.38540196449347,72.19915771484375,36552100
2021-08-26,71.40928581469505,71.41903182811178,69.91731995469056,70.9607162475586,20315100
2021-08-27,70.65845146805844,72.30643596979428,70.35616127035118,72.16016387939453,14994200
2021-08-30,72.27714920145466,72.89148276587021,71.0192217164765,71.34101867675781,12810700
2021-08-31,71.84810001926542,72.76473125092633,71.49705007691466,71.86759948730469,14807400
2021-09-01,72.47218861830505,72.47218861830505,71.2045074186518,71.8871078491211,14007100
2021-09-02,71.38979998920927,72.16991279579256,70.51217494172985,72.15040588378906,14803300
2021-09-03,72.16016250683245,72.8622625756305,71.7701060864216,71.97488403320312,9222500
2021-09-07,71.92611642333353,72.63796235835038,71.34103563627293,71.80909729003906,12028400
2021-09-08,71.38003765299419,71.41904403244138,69.34200454489533,70.47315979003906,17375500
2021-09-09,69.8490824424811,71.44830702667173,69.64430450130261,71.05825805664062,14638100
2021-09-10,71.93585299060531,73.74960840008535,71.63356290226025,71.67256927490234,18240600
2021-09-13,72.70624280679748,73.34983706755358,71.6920990090566,72.50146484375,15796700
2021-09-14,71.95537831733486,72.27717539423335,71.09726021864569,71.66283416748047,13945100
2021-09-15,71.13626227941818,72.09190009641493,69.97585396413788,71.98463439941406,15258800
2021-09-16,71.47754848006467,73.0962721085113,70.97047304968001,72.77447509765625,12867700
2021-09-17,72.55995580160405,72.64771457029465,71.49705248488162,72.45269012451172,20449600
2021-09-20,70.79496374439144,70.95098927739528,69.42002407340281,70.57068634033203,23228300
2021-09-21,71.10699551784874,71.31177341600164,69.87832812893139,70.34638977050781,16026800
2021-09-22,71.22401212448742,72.72572409743898,70.83395581052376,72.13088989257812,16996100
2021-09-23,71.77984842976909,72.93051059999448,71.42879844972025,72.19915771484375,17304500
2021-09-24,71.47755522718731,72.64771681749274,71.25327041186402,72.20890808105469,14804300
2021-09-27,71.81886267446752,73.99341465821055,71.68234404946604,73.31082153320312,18435200
2021-09-28,72.647725381034,73.12554055210006,71.24352535537896,71.28253173828125,27311500
2021-09-29,69.39075643383872,71.49704860487162,68.4741252210502,69.85881805419922,38169200
2021-09-30,70.50332060032105,70.89392222098142,69.19481373873094,69.31199645996094,16923300
2021-10-01,69.66353573876047,69.8881341113184,68.45267731525345,69.32176208496094,17813800
2021-10-04,68.9409150420076,69.88812146116426,68.70655707183762,68.96044921875,19525700
2021-10-05,69.53658364898548,69.53658364898548,67.97418469989982,68.84326934814453,14512100
2021-10-06,68.15973066499171,68.7260952329574,67.40782118752487,68.29644012451172,17899300
2021-10-07,68.7456376310708,69.98579000499974,68.47221867934522,68.8823471069336,15236100
2021-10-08,69.2631690023858,69.2729360917575,68.06207031328037,68.47220611572266,13666200
2021-10-11,68.25735837770414,68.70654752901827,67.55427711474132,67.59333801269531,12700200
2021-10-12,67.75936149308248,67.79842240271084,64.12677884881842,65.15210723876953,36911700
2021-10-13,65.17163197334499,65.83565251648521,64.6736221535697,64.8200912475586,17532400
2021-10-14,65.69893415415619,66.48013731667369,65.23997785493506,66.20671844482422,15541600
2021-10-15,66.48989981087956,66.85120759283195,65.89424150025336,66.08953857421875,11786100
2021-10-18,65.43530296672273,66.04072853063445,64.73222138917946,65.67942810058594,11849300
2021-10-19,65.78683485737565,66.29461178908336,65.0739862848653,65.98213195800781,16930300
2021-10-20,65.62083229733128,67.57383334725313,65.43530226366198,66.66568756103516,19457800
2021-10-21,66.35319752542696,67.0855728069443,66.07977861234423,67.02698516845703,11140700
2021-10-22,66.90002303606795,67.46638742436113,65.50362761386941,65.92352294921875,17892100
2021-10-25,67.98394819733332,69.44869853161862,66.92932616862258,67.14415740966797,23341300
2021-10-26,67.73981109061712,68.17923313268676,66.86095955637369,67.31991577148438,14267900
2021-10-27,66.90978664638999,67.07579733309248,65.8649317894154,66.63636779785156,13541900
2021-10-28,67.6617069013658,68.69679483870283,67.5542912720075,67.94489288330078,16966000
2021-10-29,66.78285148813572,67.9155953539599,66.4410778907252,67.47616577148438,11440900
2021-11-01,67.34924016797328,69.30224115321197,67.3199463452119,69.03858184814453,11988400
2021-11-02,68.83350109764677,69.18504178652121,68.39407896160657,69.09716033935547,9761100
2021-11-03,69.0580939140563,69.65375961979949,68.60890472531808,69.57563781738281,10266900
2021-11-04,70.66932345362493,70.77673907360564,69.37057637575285,70.54237365722656,15936600
2021-11-05,71.28452745776472,72.00713565007386,70.65956781304764,71.20640563964844,13019300
2021-11-08,71.59698801477808,73.26680231463973,71.40169097214458,72.80784606933594,18742300
2021-11-09,73.33516899097287,74.47767252202554,72.80785794969337,73.81365203857422,20127300
2021-11-10,72.41725055890069,73.38398356608911,71.47980391241587,71.68487548828125,15228300
2021-11-11,72.28053674388316,73.19844925518788,71.88994264980904,72.79808807373047,12192600
2021-11-12,73.25704783178846,76.18654867595674,73.18869311009543,75.48347473144531,26553200
2021-11-15,75.93265860587289,76.44043543829872,74.79991478338431,74.9756851196289,12650700
2021-11-16,74.76086453611804,75.33700361763015,73.99919545387019,75.00498962402344,11807600
2021-11-17,74.68273321820296,74.77061465385005,73.42304715652823,73.68669891357422,11600500
2021-11-18,75.09286960064635,75.6787682519305,73.96989283979013,75.21004486083984,16848200
2021-11-19,77.07516225471652,81.8893086118439,77.07516225471652,81.07881164550781,47216100
2021-11-22,81.69403089375977,85.60979231839897,81.69403089375977,81.88932800292969,34775200
2021-11-23,83.04158527827478,85.64883925584178,82.34827096870299,83.40289306640625,31823300
2021-11-24,82.75839262169133,85.1117616988425,82.62168318859017,84.18408203125,21666100
2021-11-26,81.17647737480424,82.07486342485973,80.05350784992206,81.45966339111328,16487200
2021-11-29,82.39708777296406,84.2426726351205,82.1822639777214,84.11573028564453,18889800
2021-11-30,83.5688727829561,84.87737922248475,81.97717299593968,82.0260009765625,27301000
2021-12-01,84.51610398587705,86.95735473705656,83.00252554010333,83.14900207519531,31633400
2021-12-02,80.68819463410571,81.62563376700231,79.43827579024357,80.93231964111328,22994500
2021-12-03,81.74283976727497,82.44592118000783,78.74498412417118,79.70195770263672,19167200
2021-12-06,79.90703329275335,81.27413540732103,78.6375797327747,80.51245880126953,15094900
2021-12-07,82.43614986118781,84.9945832151157,82.34826841415838,83.81301879882812,21716900
2021-12-08,83.4321859173661,84.31103020517465,82.0553169529492,83.99855041503906,12908500
2021-12-09,83.29548138925134,84.50633971620421,82.6412205040267,82.93417358398438,11964300
2021-12-10,82.3580261814418,83.66654036940515,82.15296202625986,83.52983093261719,11955900
2021-12-13,84.57469058977924,85.32659253393794,82.22132131825455,82.3677978515625,13054400
2021-12-14,81.26434792065177,82.77791876216494,80.96163524237019,81.33270263671875,12082500
2021-12-15,81.51824750202698,83.77396078830205,80.13161142789502,83.64701843261719,13971500
2021-12-16,83.86184175471347,84.2915042639473,80.19996568766854,80.74681091308594,16503200
2021-12-17,79.70196221205293,81.3327160282313,79.03794166802552,81.04953002929688,23165900
2021-12-20,80.2097257986278,81.29364161618537,79.00863472518637,80.10231018066406,22346800
2021-12-21,86.89874647704383,88.9982232947489,85.29728682309785,88.54903411865234,58363600
2021-12-22,87.8850268608072,88.35375028211149,86.83040475045206,88.21703338623047,18593900
2021-12-23,88.56857430511157,92.76752857871698,88.22680068984278,92.20115661621094,36400100
2021-12-27,91.5176003606124,92.69916471408163,90.55086724415673,92.2109146118164,17110100
2021-12-28,91.54692157550687,91.68363104905103,89.89663335187132,90.7559585571289,13683800
2021-12-29,91.79102281170762,94.4763984790714,91.70314136591732,93.91002655029297,32234600
2021-12-30,92.18162622846918,93.26554211536406,91.23441978225424,91.68360900878906,19327800
2021-12-31,91.88888440234814,92.2994499682568,90.94066812533403,91.05797576904297,13660600
2022-01-03,91.80089897436987,93.68754635741277,91.38055595408397,93.59957122802734,18705500
2022-01-04,93.45296719350175,94.42073120355596,91.43923406238598,94.17634582519531,19725000
2022-01-05,93.23790130547754,96.2389532744071,92.23103479998072,92.27991485595703,28613100
2022-01-06,92.96418033221357,94.538022492857,92.00619399150368,93.5018310546875,22320300
2022-01-07,93.93194064598951,95.00724205054283,91.83023280156769,92.32877349853516,14857900
2022-01-10,92.14304979614425,93.52137922230997,88.99536545391304,91.78135681152344,20290000
2022-01-11,90.38349140137004,92.15283923171337,89.59168512733577,92.08441162109375,14924900
2022-01-12,93.02284092848883,94.06880990258206,91.67382905633481,92.97396087646484,13339200
2022-01-13,94.3327527376496,95.90659511571964,93.15970594589349,93.47251892089844,23679800
2022-01-14,92.31901969611724,95.24186663111121,92.2799171419774,95.1734390258789,18385000
2022-01-18,93.3845274498835,93.79509304224143,90.46168079278932,90.78427124023438,19900500
2022-01-19,91.61518458358736,92.65137611926636,87.75389143620463,87.97872924804688,19043800
2022-01-20,88.2524365224856,88.30131657577375,83.02259151676057,83.1594467163086,24701300
2022-01-21,82.32855216798906,83.22788862190316,79.68918545578423,80.08998107910156,29716300
2022-01-24,78.46726244361076,81.17505690364565,75.89633067158671,81.08707427978516,29757100
2022-01-25,79.10264793504332,80.568960028314,77.86117364428237,78.90714263916016,22128400
2022-01-26,81.38033371177809,82.88574858771875,78.79962462675131,80.12908172607422,21018700
2022-01-27,81.63448897755822,81.82021678249424,76.62947404414841,76.95206451416016,22694000
2022-01-28,75.63238514654847,77.4994854495926,73.82392748624756,77.48970794677734,24434600
2022-01-31,77.18668023481501,80.46144295020557,76.26778878717013,80.4223403930664,21898200
2022-02-01,80.35391423564487,80.53964952090205,78.61389143076285,79.62075805664062,15237400
2022-02-02,81.05772027387788,82.79774254023299,80.68625727637951,82.61201477050781,19862800
2022-02-03,80.81335782511536,83.26698919404883,79.87491883583745,80.12908172607422,19598200
2022-02-04,79.39589542282584,80.3441115558161,78.0468838282429,79.34701538085938,15657500
2022-02-07,79.53276514780069,80.19749356675669,78.67253144128944,79.05377197265625,11799800
2022-02-08,79.32749725449366,82.50450725115876,79.18086453226834,82.23079681396484,18315700
2022-02-09,82.70000307113504,86.78612652633967,81.68335909407392,86.14095306396484,22386900
2022-02-10,87.18692720401148,92.5145253000048,86.49287364645608,88.97582244873047,33820700
2022-02-11,89.22997737623982,92.45586696418597,86.95230413509204,87.7441177368164,31000000
2022-02-14,89.92403372218473,91.07753290360613,86.7176990370267,87.84187316894531,23499100
2022-02-15,88.96604915112766,94.33274960517883,88.96604915112766,93.84397888183594,27069700
2022-02-16,92.31900621604561,94.32296148126747,91.46854256829724,93.90261840820312,15573600
2022-02-17,92.90555421652007,93.84399325409497,91.39036175888481,91.6249771118164,17943300
2022-02-18,92.40699044328274,92.55362314980304,86.90343486187462,88.7607650756836,19530500
2022-02-22,87.82231829500132,91.8595691650272,86.67859661439005,88.53592681884766,24825700
2022-02-23,89.41570412085714,89.80672213341386,85.11452089882981,85.34912872314453,19135400
2022-02-24,82.24054308262258,86.94252158975152,81.90818263584873,86.83499145507812,24472300
2022-02-25,85.98453908937059,88.44794754919455,85.31981065110607,88.07647705078125,15008700
2022-02-28,86.46353853086903,87.73434540293351,85.20251661963738,86.86433410644531,17269800
2022-03-01,86.57106413747985,87.82231593821629,82.75865863775131,84.32272338867188,20794800
2022-03-02,85.21227936543171,91.95731630469557,85.07542417038408,91.2046127319336,28398700
2022-03-03,89.56234260085786,90.11954088092597,86.40488070843939,87.17713928222656,22099800
2022-03-04,85.45666703269931,85.45666703269931,78.71162990992784,80.07041931152344,28211500
2022-03-07,79.9237918797809,81.10661615173946,73.93145795518524,73.99988555908203,26715500
2022-03-08,74.53753484445963,78.44770060679194,72.26963900062887,75.4271011352539,28343200
2022-03-09,78.17397948831402,78.68229768624525,75.79855381476496,77.6558837890625,19647900
2022-03-10,75.99407014232236,75.99407014232236,72.1523319501727,74.01943969726562,21692000
2022-03-11,74.9383254441346,74.97742053608125,71.00860493715022,71.18456268310547,22786500
2022-03-14,70.13859814495784,70.85220667591861,67.41125663919844,67.84137725830078,24893400
2022-03-15,68.47678128643658,71.87862134255127,66.80517885042664,71.46805572509766,22851000
2022-03-16,74.75259252912237,77.91982459711427,74.43977957744477,77.88072204589844,35742800
2022-03-17,76.44372857161473,78.77028169643458,75.46618724738411,78.71162414550781,21612200
2022-03-18,77.32352112871293,79.37635652082855,76.3068772056164,77.6265640258789,28601200
2022-03-21,77.2159884102044,78.09577710840499,73.8336962664987,76.59036254882812,30878200
2022-03-22,75.95497913562805,77.93939484313518,75.76925130359429,77.34309387207031,16768000
2022-03-23,76.11137735187108,76.46329286801004,73.39381333350305,73.95101165771484,28059800
2022-03-24,74.19539578966895,76.77610455991403,73.62841997216304,76.4535140991211,23348000
2022-03-25,76.51215802242278,76.54149052762209,73.44267878650697,76.34597778320312,22491000
2022-03-28,76.82497785584967,78.37927261688024,75.53462345897961,78.06645965576172,26605300
2022-03-29,80.25614798612305,80.69604609389987,77.47993397138536,80.207275390625,41290700
2022-03-30,82.40674135938067,84.3031665660777,76.8347510157006,77.3821792602539,70087000
2022-03-31,75.9256409863176,78.16421175327541,75.1045097659746,76.14070129394531,34588600
2022-04-01,76.66855329822724,77.13777633547313,72.396695754098,74.46908569335938,33536100
2022-04-04,75.17294027315813,76.42419215711836,74.79169969782807,75.92564392089844,24305700
2022-04-05,74.9871919193942,76.26776863054803,72.63132127427582,72.93435668945312,21171400
2022-04-06,71.53648533548453,73.20808036035388,69.86489031061517,72.12300872802734,28080100
2022-04-07,72.0154721112501,73.00279099928925,70.51005748195792,71.63423156738281,22658600
2022-04-08,70.96860737849391,71.31121295494869,69.33388400780862,70.6162109375,20562600
2022-04-11,69.05979546310117,71.36994645379787,68.60950533982485,70.50852966308594,21127900
2022-04-12,71.25248774486631,72.03558519384202,70.05825610681823,70.44001770019531,18658500
2022-04-13,70.83156099421733,72.1921998239484,70.3421223513431,70.85113525390625,18892000
2022-04-14,71.02733076515435,71.27205007729255,68.6095027663104,68.6486587524414,18543500
2022-04-18,68.76611153306006,70.57703254953552,68.57033911385587,69.64710235595703,17476700
2022-04-19,69.46113149137088,71.85938532898857,69.27514241673053,71.1937484741211,15139000
2022-04-20,72.25093198069084,74.61982075066983,71.35036664638012,71.65381622314453,19042600
2022-04-21,72.4075448848216,72.91655772315382,69.15767300495882,69.42196655273438,17645300
2022-04-22,69.14790085640132,69.48072306511813,67.845992085914,67.94388580322266,18682400
2022-04-25,66.97478200427726,68.68781725192629,66.495134226043,68.63887786865234,20072100
2022-04-26,67.23907886462004,67.69915235453269,65.62392995237546,65.6630859375,18628700
2022-04-27,64.73314163886933,67.03350885903009,64.46884810093586,65.06596374511719,17123600
2022-04-28,66.2210432288711,69.31429125792577,65.64350180475377,68.69760131835938,21058400
2022-04-29,67.6404235550214,69.82332333682962,66.58323422208535,66.74964904785156,16843500
2022-05-02,66.72027865793461,69.24577635191896,66.15252804597868,69.10873413085938,15342800
2022-05-03,68.98147737672245,70.44000231145435,68.71717635089941,69.75479125976562,13539100
2022-05-04,70.25401263041199,72.33902582449308,68.67802722551428,72.06494140625,17201900
2022-05-05,70.7826082617994,71.02732756290449,68.87380070047585,69.7841567993164,16603600
2022-05-06,69.05978595352006,70.39105947562936,67.43484629897137,68.86400604248047,15159800
2022-05-09,67.7382955061092,69.89182970794177,66.05463308855421,66.49512481689453,21770900
2022-05-10,68.10048467764153,69.0989361088201,66.18188631332025,67.45442962646484,17662700
2022-05-11,67.20972751028026,69.38282911803272,65.40858916680365,65.5456314086914,17237300
2022-05-12,64.6058908932341,67.4446360776454,64.47863955428349,66.27976989746094,27022900
2022-05-13,67.64042223690934,71.0958580285156,66.58323292457479,70.4008560180664,22872000
2022-05-16,69.99950898993328,70.51831269861404,68.83464275993975,68.98147583007812,13394700
2022-05-17,70.72386960660577,73.1514880708233,70.6259833914556,72.90676879882812,17671500
2022-05-18,71.63422264708825,72.65225567285188,68.60948868630913,69.5492172241211,20635100
2022-05-19,69.26533233999534,70.18547155828581,67.59145371773282,67.9340591430664,17558000
2022-05-20,69.10874501457488,69.19684786669733,64.71358744814836,67.44465637207031,20313300
2022-05-23,67.31739228039518,68.71718719392756,67.07267294214296,68.12007141113281,12356200
2022-05-24,66.91605106781452,66.9649979188253,64.61569096688496,65.21280670166016,18764500
2022-05-25,64.53738453163719,67.39570462550356,64.50801940580675,66.43640899658203,16241200
2022-05-26,64.98766169873134,69.53944252175573,64.94850571153704,69.10873413085938,14902500
2022-05-27,70.24423228862982,71.88874633780311,70.12676433217436,71.77127838134766,13078700
2022-05-31,71.91811650396487,72.9067846691453,70.41064456414001,72.2802963256836,15453000
2022-06-01,72.92635990450965,73.79756011664786,71.01755212920489,71.99642944335938,13595400
2022-06-02,71.58528669242409,73.81713297379545,71.58528669242409,73.7779769897461,11373200
2022-06-03,70.17568872224656,70.17568872224656,67.65018447851469,68.46265411376953,30306600
2022-06-06,69.24577410045897,70.61620373473748,68.53119789505935,68.96189880371094,13198700
2022-06-07,67.1999041207535,69.37301214498228,66.68110053209749,69.26533508300781,14328000
2022-06-08,68.36479155876728,68.91296796134645,66.32873231626711,67.15098571777344,16363000
2022-06-09,66.50491517471268,67.23907302853453,64.60589113632338,64.6254653930664,15073700
2022-06-10,63.47039570294027,64.17518850006635,60.964472396039106,61.29729080200195,26626900
2022-06-13,58.75220512073547,59.67234826815979,57.34262341389228,57.597129821777344,24278600
2022-06-14,58.10615713534668,58.60538291541858,56.5007989605328,57.46009826660156,17036000
2022-06-15,58.076786687131225,58.810944594952986,56.33438271336583,57.871219635009766,19726200
2022-06-16,55.796005156810686,55.796005156810686,53.10409262731544,53.84803771972656,22706200
2022-06-17,54.719236025204594,55.130362649700885,52.46781551693211,54.57240295410156,24139800
2022-06-21,55.619805349158085,56.69656883637365,55.149944714693824,55.60022735595703,15502800
2022-06-22,54.77796611663307,55.93304148818487,54.425569734245045,55.149940490722656,13513800
2022-06-23,55.414247531995265,55.62960174450087,53.79909840644474,55.03248596191406,13366600
2022-06-24,55.94283665779471,57.753758087220405,55.923258664585944,57.20558547973633,15647600
2022-06-27,58.321515064253894,58.78158488553818,57.1370706174102,57.53841018676758,16159900
2022-06-28,57.734181783934595,59.310174809226474,56.588897153601785,56.637840270996094,19393600
2022-06-29,56.02114093900767,56.30501621930029,54.15148566203376,54.836700439453125,17351400
2022-06-30,53.82845224585631,55.21845590639825,53.074716446531,54.11232376098633,29572400
2022-07-01,52.16436161125,52.82020747657734,50.31428448772088,52.51675796508789,43681700
2022-07-05,51.07781687708267,55.68832797943807,50.98971777233165,55.531707763671875,33745900
2022-07-06,55.64916745821313,56.892341953253265,55.267405946767774,56.15818405151367,23565000
2022-07-07,57.851641451456445,58.05720850289833,56.618257813406196,57.6069221496582,22945500
2022-07-08,57.10181053644194,59.2693637202504,56.984112598353555,58.0041389465332,19283000
2022-07-11,56.993929168572905,57.48432607590335,56.601610146135954,56.69969177246094,13941800
2022-07-12,57.29797154532232,58.92609283217362,56.98411783112798,58.04337692260742,21523100
2022-07-13,56.2779520730065,58.27876868040428,56.25833574706524,57.72952651977539,13987600
2022-07-14,56.82720179410689,58.51416863517875,56.21911057475183,58.210121154785156,14803800
2022-07-15,60.299208581315135,60.51498443678189,58.2591592128877,60.34824752807617,20317800
2022-07-18,60.89749528252643,61.132887472030575,58.98494637013802,59.28899383544922,13233000
2022-07-19,60.28940701660326,61.55462840456036,60.20113540893815,61.20154571533203,19103700
2022-07-20,61.02499971627581,62.30003108105151,60.662103267188684,62.08425521850586,15176200
2022-07-21,61.397690527641046,62.45694963001616,60.74056047598463,62.41771697998047,12924700
2022-07-22,60.112857818603516,61.711549149583824,59.83823298795931,60.112857818603516,22201700
2022-07-25,60.17170448229759,60.64248884843091,58.55339678640467,58.994754791259766,14479400
2022-07-26,59.151681503027746,59.52438049149369,58.406276043232246,58.514163970947266,11044800
2022-07-27,59.328219189005125,61.19172518238848,58.465119588955275,60.70132827758789,14589800
2022-07-28,61.05441948075621,61.103458426831914,59.03398272612419,60.87787628173828,10120300
2022-07-29,60.17170236390585,60.897491473163576,59.60284386545559,60.67190933227539,14199700
2022-08-01,61.299619274431656,62.761003844164115,60.8092223202362,61.33885192871094,13347200
2022-08-02,60.5640184442777,62.08424811847934,59.710728867643354,61.27019119262695,11535800
2022-08-03,61.29961347765496,63.29062372615112,61.240764501801074,63.0160026550293,12290100
2022-08-04,62.88850918305176,63.741795109016145,62.42753484090999,63.60448455810547,11338400
2022-08-05,61.6526988074558,62.00578517374594,60.613056033538314,61.260379791259766,15047100
2022-08-08,60.79941644684551,61.41731391956382,59.80881249733456,60.2697868347168,11454300
2022-08-09,57.86684120760349,59.37726474045747,56.63104251617961,58.01396179199219,33107200
2022-08-10,58.84762844501636,60.37766813150211,58.24934362386299,60.220741271972656,17418400
2022-08-11,60.80922363442468,62.868889389985654,60.80922363442468,61.123077392578125,18298500
2022-08-12,61.45654212292396,64.16353148646623,61.034800470637684,63.79083251953125,16194000
2022-08-15,63.45735168457031,63.86929074039641,62.66291115344563,63.45735168457031,9689100
2022-08-16,62.88849616440205,63.32004031384504,62.00578031780598,62.633487701416016,9275400
2022-08-17,61.60366288062057,61.60366288062057,59.59303250100664,60.43651580810547,14728400
2022-08-18,60.56402492115454,62.201948981434484,60.07362795823021,61.77040100097656,11303900
2022-08-19,60.65228149061762,61.05440675088589,59.12224199862002,59.34782409667969,14050300
2022-08-22,58.416086376391206,58.465125323394865,56.85662391651119,57.190093994140625,13096800
2022-08-23,57.229324265252465,58.15127295310421,56.65065569743792,56.74873733520508,12769100
2022-08-24,56.768352315331875,57.44509876341874,56.258339035343816,57.190093994140625,9961300
2022-08-25,57.474515758792656,60.09323717655246,57.454903175055975,60.02458190917969,12171600
2022-08-26,59.89708094102668,60.044201517115496,56.50353507146446,56.52315139770508,15754000
2022-08-29,56.20929929672805,56.88604573528409,55.434471224114176,55.91505813598633,11607600
2022-08-30,56.3760298170942,56.68988354848846,54.512523754619735,55.218692779541016,12743700
2022-08-31,54.91465284739069,56.06217992997023,54.738109643696625,55.444278717041016,14172200
2022-09-01,54.1986631059217,56.29756495610018,53.737692569503096,56.209293365478516,17594500
2022-09-02,57.180280694150014,57.670677619042266,54.92445558793199,55.24811935424805,12809700
2022-09-06,55.24812609962571,55.60120878585429,54.071172587900875,54.16925048828125,12133300
2022-09-07,54.24770433458616,54.649829627433796,52.972669450572,53.94365692138672,17030600
2022-09-08,53.443459636626194,54.84599142897897,52.70786423393218,54.326171875,18415300
2022-09-09,55.09118347321818,56.57218413983412,55.09118347321818,56.3367919921875,13925600
2022-09-12,56.356417398830196,57.02335755964502,55.93467571650811,56.82719802856445,10711500
2022-09-13,54.63021714947864,55.15984671630271,52.11938359453721,52.59016418457031,22361800
2022-09-14,52.85497614112718,53.18844617557785,51.452440738122725,52.08995819091797,19984900
2022-09-15,51.687834325253945,52.42342967976487,50.98166158766539,51.67802429199219,15620800
2022-09-16,50.89339211309748,51.99188017394013,50.50107681922661,51.83495330810547,24901700
2022-09-19,50.97185709951751,51.75649142380782,50.88358550419537,51.09935760498047,19251400
2022-09-20,50.54030073528419,50.59914970719366,49.61835595728987,49.82432174682617,19373800
2022-09-21,48.78468516720921,51.50148069568066,48.76506884227404,49.13776779174805,31117300
2022-09-22,48.84353690026385,49.40258914030017,48.40217888406888,48.70622634887695,21317000
2022-09-23,48.3335171765631,49.18681047480169,47.51946026962628,49.13776779174805,24591700
2022-09-26,48.97104075406891,49.490860334720175,47.87255261061587,47.94120788574219,19266800
2022-09-27,48.86315317459391,49.67721393040383,48.451221520881845,49.608558654785156,17297500
2022-09-28,49.147586517579235,50.20684206140725,49.137776482660854,50.02049255371094,17784300
2022-09-29,49.078922054838046,49.33392679351616,48.27467144790449,49.049495697021484,25582100
2022-09-30,49.56931945745899,51.06012647964927,48.853340433766604,49.13776779174805,38917700
2022-10-03,50.03029140762846,52.07034436117145,49.667398739684735,50.72665786743164,24632400
2022-10-04,52.531322079116755,53.757314441238705,51.64860608181625,52.92363739013672,24275500
2022-10-05,51.86438109655976,54.13982258456717,51.168014602641236,53.67884826660156,20418300
2022-10-06,53.355185088485186,54.05154779992137,52.27630964599571,53.57095718383789,17149400
2022-10-07,52.64216239054468,53.71348359231866,51.61015287329388,52.003299713134766,21977700
2022-10-10,52.16055309916963,52.219526244742774,49.8999683427607,50.499515533447266,17227400
2022-10-11,49.77219518705131,53.841248508129674,49.46750997418001,52.78958511352539,32813700
2022-10-12,52.681471119493565,52.84855982931596,51.492207432218706,51.846038818359375,18131900
2022-10-13,50.47002057419684,54.961704809359794,49.870477210191055,53.91987228393555,27605000
2022-10-14,54.2933750170971,54.489944694563654,51.69861253221917,51.816558837890625,20403000
2022-10-17,53.664335244916764,54.04765508538379,51.9443244518191,52.583187103271484,18261700
2022-10-18,54.067302384286556,54.19507564868448,50.7747122004344,51.64945983886719,19774800
2022-10-19,51.19734107788466,52.51437783456532,51.16785638348874,52.12123107910156,14786100
2022-10-20,52.58318504911476,54.15576478449814,52.25883836969616,52.77975845336914,15711800
2022-10-21,52.57336125397133,55.3155470994902,52.42593025450936,55.0894889831543,20199200
2022-10-24,55.26639531242993,55.83645774774836,54.1262741911185,55.27622604370117,15293600
2022-10-25,55.708679957886396,56.05268053790721,54.39164327401007,54.912559509277344,17313000
2022-10-26,55.11897605133022,56.45566699929742,54.01816644807351,54.49977111816406,23511300
2022-10-27,54.421136212950216,55.266399194023016,51.226830702674356,51.31528854370117,27335800
2022-10-28,50.94179925549058,53.50706894726264,50.578137187682806,53.11392593383789,19171100
2022-10-31,52.986162284212845,53.98868333667083,52.25884176600079,53.17290496826172,15932500
2022-11-01,54.145930355477134,54.48993095362187,53.18272493134655,53.91987228393555,11729700
2022-11-02,53.801940779126056,55.305720486685814,52.50455772340996,52.5340461730957,17302700
2022-11-03,51.806717241465606,53.438269967883485,51.020427448491716,52.56352233886719,12769200
2022-11-04,54.31301911845695,55.934744908224545,53.880560657537536,55.19759750366211,18882700
2022-11-07,55.46297075256702,55.84628680120447,54.50959224746576,55.59074401855469,11411300
2022-11-08,56.39669477501593,56.87829567165265,55.51211634338105,56.50481033325195,14190100
2022-11-09,55.25656477443544,55.679196208090104,54.55872912277821,55.01084899902344,19952500
2022-11-10,57.59578381364106,59.345282913656945,57.06504051860263,59.23716735839844,24982500
2022-11-11,59.610651543176324,62.097294112723105,58.853846467808744,61.448604583740234,17579400
2022-11-14,60.878552383508726,61.67467301844441,59.944835233686305,60.72129440307617,13988200
2022-11-15,62.411804408677774,63.33569808610654,61.35031050252346,62.01865768432617,16325000
2022-11-16,59.492713174120986,60.328149212215095,57.12401281788038,57.86116027832031,25901900
2022-11-17,56.31806528310111,57.97910662849363,55.54160239083632,57.73339080810547,14212300
2022-11-18,58.53933543048817,58.637620253929036,57.10435226270201,57.57612991333008,9703700
2022-11-21,57.02573260251157,57.02573260251157,55.846295820534806,56.18046951293945,9968400
2022-11-22,56.563788268218495,57.67442496686453,56.003556426717026,57.61545181274414,8955700
2022-11-23,57.241953619861974,58.04790113268259,56.76034900887136,57.920127868652344,8996800
2022-11-25,57.664585154032835,58.11670509911792,57.38938464345337,57.40904235839844,4360500
2022-11-28,56.33771927881831,56.770177744390054,54.5194238277336,54.79462432861328,15512600
2022-11-29,54.75530829515345,55.55142884160682,53.831418231460795,54.175418853759766,12874200
2022-11-30,52.66181077208217,56.691548294129966,51.708432291535914,56.66206359863281,31461400
2022-12-01,56.83898165176449,56.927435741962086,54.15576176933528,54.53908157348633,21764200
2022-12-02,53.40879581628722,54.470286309030286,52.465247878443115,53.74296951293945,15946500
2022-12-05,53.43826882618017,54.3228471677053,52.77975231029789,53.11392593383789,13806900
2022-12-06,52.93701318171302,53.69381830463622,52.327639040274114,52.76009750366211,17988000
2022-12-07,52.209699984806605,53.31050963384649,51.54135260836315,52.897705078125,11367300
2022-12-08,53.625008027895824,54.74547127721715,53.12374578520477,54.2540397644043,13609100
2022-12-09,53.74296770343727,54.9027467439854,53.58570971909139,53.929710388183594,9932200
2022-12-12,52.602843756486386,54.43097007667403,52.425928064253654,54.40148162841797,13250600
2022-12-13,56.20994969173995,56.89795473831868,53.71347980743843,54.29336929321289,14210500
2022-12-14,54.29336545589205,55.13862466839414,53.13358656631344,53.654502868652344,11235300
2022-12-15,52.642161330417075,52.79941931332128,50.961462185803654,51.14820861816406,17785000
2022-12-16,50.853345679134286,51.639635521142836,50.735399390838715,51.17768859863281,22951400
2022-12-19,51.275968429311874,51.393914706121095,50.22430516504443,50.833683013916016,16470000
2022-12-20,50.46019775249452,51.07940262952791,49.585450088533015,49.81150817871094,16942000
2022-12-21,50.05722424056644,50.86317178337139,49.88030856050431,50.312767028808594,20400800
2022-12-22,48.65173164720062,49.11367858181689,47.60006825295467,48.58293151855469,40959600
2022-12-23,48.16030026378403,49.68373758348754,48.1504732807805,49.33973693847656,17425700
2022-12-27,48.75984513687121,49.44785014345647,47.68852407286257,49.162818908691406,15159100
2022-12-28,48.98590679100233,50.214485910209525,47.99321651238632,48.27824401855469,12518700
2022-12-29,48.55344161847457,50.057221053947096,48.49446847909952,49.782020568847656,13204300
2022-12-30,48.713185030072786,49.27469160585968,48.397953400082166,49.235286712646484,11989800
2023-01-03,49.80665151615194,50.200689215260994,48.81169852834656,49.61948013305664,12422800
2023-01-04,52.25954399739573,53.70764191585702,51.944312359859026,53.39241027832031,25077300
2023-01-05,53.08703193655609,54.56468175668449,53.08703193655609,53.894813537597656,18030900
2023-01-06,54.60408038911183,56.436366557112265,53.224939212076094,55.92411422729492,21069800
2023-01-09,55.97337437844542,56.662945039826056,54.82080933296484,55.52022933959961,15715900
2023-01-10,55.32320890030014,56.42651970950822,55.02767968899449,56.35756301879883,10571300
2023-01-11,56.495476740369504,57.5987913140783,56.071883490399806,57.19490051269531,12143000
2023-01-12,57.24415194902033,57.3722159796271,55.589183927444516,56.41666793823242,14888100
2023-01-13,55.8847129857569,56.12113859875609,55.28380148733086,56.08173370361328,12520600
2023-01-17,56.30830051306058,57.726842773864924,55.70738907547279,56.0029182434082,10962700
2023-01-18,56.65309538397869,57.18505024865744,55.520232717930995,55.66799545288086,10035300
2023-01-19,54.87991292020521,56.23935179460043,54.45631967497958,55.52022933959961,12034200
2023-01-20,56.613689113029984,57.69729743591035,55.91426536935211,57.58893585205078,13826400
2023-01-23,58.042084945480404,60.987535332479375,57.982981355856474,60.89887619018555,20175400
2023-01-24,60.28811397149062,60.80036636482503,59.96302920427811,60.34721755981445,10183200
2023-01-25,59.7660035220515,60.75110332963059,59.51972857015673,60.623043060302734,10787200
2023-01-26,61.64754984693826,62.11054421681538,60.376770150298746,61.8642692565918,12219500
2023-01-27,61.2140975931254,63.38131402725864,61.03677933828071,62.91831970214844,15895800
2023-01-30,61.824858437835886,62.337110756966666,60.77080200969323,60.790504455566406,16169000
2023-01-31,58.21939921233726,59.44092467099253,57.776107289317714,59.401519775390625,23856300
2023-02-01,59.71676164449576,62.28787327574941,59.49018909279541,61.667259216308594,20902200
2023-02-02,62.612948050449425,62.96758084116083,60.93827754768287,62.228755950927734,15877600
2023-02-03,61.07619645403687,62.83952625354742,60.97768796289939,61.48008728027344,12187100
2023-02-06,60.031983404663514,60.26840902172113,58.849866592948516,59.08628845214844,11484300
2023-02-07,59.19464957362456,61.46037845549642,58.81046123703703,61.204254150390625,12713100
2023-02-08,60.53438494483365,61.40127384227496,59.33256195687121,59.352264404296875,9510500
2023-02-09,60.28811224570187,60.89887310733113,58.800609351168575,59.28330993652344,10094700
2023-02-10,59.59854484794586,59.85466917234731,58.36716995439326,58.92867660522461,11429700
2023-02-13,58.92867579825578,59.381820850991865,57.96327834587365,59.224205017089844,11466200
2023-02-14,58.633145289350836,61.38157485553708,58.150444694851394,61.14514923095703,12496200
2023-02-15,60.41617223018307,61.017079948523445,59.55913270288899,60.91857147216797,10457400
2023-02-16,59.87437305340505,60.4358797176641,58.9582298100649,59.155250549316406,12683400
2023-02-17,58.94837193908544,59.283306020017754,57.63818740671983,58.1307373046875,10874900
2023-02-21,57.47072820252587,58.82031401065356,56.63339479232689,56.74175262451172,12667500
2023-02-22,56.86981396316329,57.6972979885486,55.9832263517304,56.13098907470703,12260300
2023-02-23,58.25879920602757,58.85971066089387,56.58412886243066,57.874610900878906,16094600
2023-02-24,56.84026665131234,57.50028179992917,56.49547942146913,57.313114166259766,9867400
2023-02-27,58.28835449988036,58.6725465859792,56.96832434965968,57.03728103637695,8514000
2023-02-28,56.78115873420161,57.86477089989843,56.54473685802417,56.95847702026367,10493300
2023-03-01,56.99788244902638,57.677600046680745,56.36741909621224,56.48563003540039,9141400
2023-03-02,54.673044415027704,55.85516504584312,53.904667696033734,55.58918762207031,16625500
2023-03-03,55.6187359428502,56.0226267260524,54.61393365730525,55.93396759033203,13769200
2023-03-06,56.42652639607746,57.776116092134686,55.69755450566387,55.98323440551758,14472200
2023-03-07,55.65814745095357,55.88471998963395,54.48587985747037,54.732154846191406,13278300
2023-03-08,55.007977570846705,56.07188348950732,54.52527697512456,56.04233169555664,11515700
2023-03-09,55.79605395330619,56.70234775397052,54.712445639888166,54.771549224853516,10200000
2023-03-10,54.830656545684256,55.667989900457094,53.717492682372395,54.111534118652344,14180700
2023-03-13,53.16584619261408,53.73720221692803,51.97387238170359,53.09688949584961,17365200
2023-03-14,54.15094306159426,54.5942350132229,52.89986572942462,53.46137237548828,14657000
2023-03-15,52.53537292560473,53.46136536341028,52.09207727426154,53.32345199584961,14643600
2023-03-16,52.8900116422271,55.865013755398934,52.81120560526077,55.72710037231445,14791800
2023-03-17,55.95367113019788,56.85996495279144,55.382315167181325,55.815757751464844,26655200
2023-03-20,55.85516588084377,57.00773097656487,55.244404986304154,56.781158447265625,10610200
2023-03-21,57.51012611740226,58.633139263564225,56.741745734877675,57.75640106201172,14613700
2023-03-22,57.52983709276806,59.5098862875151,57.22445476335042,57.303260803222656,16949300
2023-03-23,58.298206169031,60.85946413290129,58.24895193085224,60.426021575927734,23903100
2023-03-24,59.60839041047534,60.48513243564134,59.59854106540952,60.24870681762695,18735600
2023-03-27,60.278257851986474,60.50483036422557,58.288355724401505,58.89912033081055,15901000
2023-03-28,58.90896943716075,58.977926125047375,56.95847221295835,58.3967170715332,20496300
2023-03-29,60.002436413984704,63.46013550491545,59.963031515011735,62.5932502746582,51939800
2023-03-30,63.07594060294568,63.14489729007878,61.54903662550794,62.14994812011719,23038300
2023-03-31,59.4507749432698,60.74125711042834,59.00748301333584,59.44092559814453,35416500
2023-04-03,58.91882630385404,58.91882630385404,57.00773009502982,58.721805572509766,23610800
2023-04-04,58.79075838761023,59.20449851407537,56.10143629201394,56.41666793823242,21303200
2023-04-05,55.97337417238353,56.25905403585288,55.17544192685604,56.17039489746094,19456200
2023-04-06,56.21481478041462,58.38641502183012,56.06674967275707,57.80403137207031,21496500
2023-04-10,60.39020462900926,62.94676949373215,60.21252801559594,62.453224182128906,43280100
2023-04-11,62.81845136372596,63.46006182304997,62.22619845162087,62.74935531616211,23090200
2023-04-12,63.529152334705664,63.529152334705664,61.0416835428075,61.160133361816406,16694100
2023-04-13,60.71595109532941,62.55194051456263,60.00524830741351,62.18671798706055,23286500
2023-04-14,62.36438267386328,62.40386720047301,60.972585117209995,61.82148361206055,14953000
2023-04-17,61.41678963734823,61.95968881414879,61.1798861929603,61.73265838623047,11546800
2023-04-18,62.51245208484332,62.63090190740436,60.686332140221765,61.130523681640625,12175200
2023-04-19,60.19278813140182,60.41981853186225,59.600535240240006,59.86705017089844,11652600
2023-04-20,59.106990344498676,61.15026772914521,59.09711732915043,60.66659164428711,14382200
2023-04-21,60.36060072628037,60.65672719749128,59.94602065422319,60.340858459472656,9606200
2023-04-24,59.3241477140626,60.09408099656318,58.58382971214608,58.741764068603516,13402600
2023-04-25,58.36667147838916,58.57395961220905,57.280869498731185,57.38945007324219,15987300
2023-04-26,58.81086761803371,60.390211283000596,58.57396418556252,60.232276916503906,25385000
2023-04-27,59.96575448054362,61.16013321340239,59.35375935745554,61.10091018676758,13524600
2023-04-28,61.624070448634264,63.60812479173032,61.495747608000435,63.52915573120117,18094700
2023-05-01,63.065217777479894,63.27250589959381,61.50561658885143,61.54509735107422,12823400
2023-05-02,61.426648129614584,61.77213210194232,60.45929978491024,61.10091018676758,12237600
2023-05-03,60.69620979635216,61.377301034972,60.034857058458456,60.123695373535156,10818100
2023-05-04,59.76833584657627,60.17304284716981,59.12672920758507,59.728851318359375,13357900
2023-05-05,59.82757234111647,60.94298596869292,59.33402695472277,60.43956756591797,12312700
2023-05-08,60.45930879840167,60.55801636780994,59.5314448434258,60.08421325683594,11510400
2023-05-09,59.10698445585439,60.59748956151901,58.78124275995219,60.143428802490234,11895200
2023-05-10,61.12064999390673,61.50561850253422,59.01814966341682,59.21556854248047,14548700
2023-05-11,59.80782989624138,61.01208184041146,59.29454224406155,60.81466293334961,15536600
2023-05-12,61.189754514878956,61.38716964369505,59.37350746542449,60.13356399536133,12131400
2023-05-15,61.4266572377233,64.03257999415479,61.00220791179615,63.805545806884766,22227200
2023-05-16,63.716705406774054,64.3780543445818,62.482838310678844,62.90728759765625,15259000
2023-05-17,63.74631722577507,64.4767622123462,62.621030699882226,64.08192443847656,15947700
2023-05-18,65.12825267071132,67.70455266592327,64.23986946672187,66.69772338867188,30688000
2023-05-19,66.69770992904691,67.50712390025168,65.57242727471109,67.28996276855469,16812100
2023-05-22,64.90122359446873,65.88831444761655,63.924005758505956,65.37503051757812,37491000
2023-05-23,64.99992167399013,66.68784588247738,64.86172957721838,65.1578598022461,15896200
2023-05-24,64.1115449245019,65.86857288753106,64.04244886922416,65.67115020751953,15806600
2023-05-25,68.84957973665273,68.97789882288565,66.63849856774186,68.71138763427734,29021500
2023-05-26,68.97789606921357,73.62709240728233,68.89893453594041,72.97561645507812,33410000
2023-05-30,73.42967584799587,73.80476759917947,70.65595341817809,70.76453399658203,24454700
2023-05-31,68.01054035177042,68.94827336122785,67.04318829987578,67.31957244873047,30403600
2023-06-01,68.05003202638548,68.88905757523835,67.22087196181151,68.19808959960938,18153000
2023-06-02,69.08646781000137,69.63924365761164,67.40841683091095,68.27705383300781,13468200
2023-06-05,68.60281203487794,68.60281203487794,66.63850341044643,66.8951416015625,12441100
2023-06-06,66.1646877187538,67.9513194570353,65.95739957764691,66.66810607910156,12476600
2023-06-07,67.52686843415367,67.78350655602,66.07584411439551,66.19429016113281,14610800
2023-06-08,65.64152813082286,65.66126663019678,63.18367452450231,64.47676086425781,25856800
2023-06-09,65.07889542662097,65.54282929816567,63.637743791529914,64.5853500366211,14649300
2023-06-12,64.9900377727956,66.66809621538019,64.94068776415979,66.57925415039062,14731100
2023-06-13,67.67493048527761,67.9907991823853,66.72732439395456,66.99384307861328,11911900
2023-06-14,66.66809445473993,68.3165338115255,66.64834842708451,68.22769927978516,11085800
2023-06-15,67.70454542220715,68.62254004629574,67.4775187854747,67.93157958984375,11842600
2023-06-16,69.24440587106014,69.58988606876693,65.2072014724193,66.78655242919922,32259700
2023-06-20,66.45093025565153,66.74706040953168,64.92093701210841,66.0363540649414,13261600
2023-06-21,65.88829453821178,66.33248227554628,64.496493240998,64.9505615234375,10427200
2023-06-22,64.68405360923201,65.79947094144826,64.66431510845058,65.39476013183594,8639500
2023-06-23,64.60509000594708,65.1085084238341,64.0029640139992,64.43728637695312,12663600
2023-06-26,64.78275626807202,65.8389429561356,64.56560265230618,64.6050796508789,13815900
2023-06-27,64.42739081013569,65.97712252627757,62.96650115118671,65.92777252197266,18305200
2023-06-28,64.80250329807045,66.85565367711166,64.54585761796429,66.20417022705078,27100100
2023-06-29,66.96422091350897,67.07280147910208,62.729605213539564,63.49953842163086,51141900
2023-06-30,63.66734341124238,64.25959626237554,62.087999964586075,62.2952880859375,31549600
2023-07-03,62.62102398011582,63.48966473014527,62.4433473774859,63.07508850097656,12921300
2023-07-05,62.68025544456435,62.927028103794925,61.219361753773626,61.258846282958984,16553000
2023-07-06,60.20266788910237,60.9923397542418,59.71899175363746,60.43956756591797,15607300
2023-07-07,60.7510802837692,60.81041852612359,59.959922581731476,59.97970199584961,15028100
2023-07-10,60.15771616179113,62.135612408740755,59.910479130922425,61.78947830200195,16953100
2023-07-11,61.90814291782624,62.966316969644986,61.62135086668321,62.897090911865234,13454500
2023-07-12,63.757476371613414,63.984930177825454,62.43228595050412,63.084991455078125,13953600
2023-07-13,63.47069171318311,63.93549854462935,62.84765333077142,63.81682205200195,11384700
2023-07-14,63.5893654421201,64.81565896567123,62.97621490780694,63.371795654296875,13860200
2023-07-17,63.094883781239915,64.94421554752896,62.639968591250074,64.43985748291016,11333600
2023-07-18,63.65858994132679,64.40030099335141,63.04543942209277,64.2222900390625,10393100
2023-07-19,64.90465111467255,65.03321917676719,64.08383005204256,64.24205780029297,9463900
2023-07-20,63.68824844428394,64.82554007714282,63.53990474520253,63.97504425048828,12745100
2023-07-21,64.56842417630531,65.42881176380953,63.62891892775061,64.92444610595703,24540200
2023-07-24,64.63764828009548,65.90350063815129,64.49919615000032,64.7563247680664,10272700
2023-07-25,64.67719734411814,65.27056460423272,64.36073430238542,64.9541015625,8610900
2023-07-26,64.2816213675594,67.12978895192593,64.2816213675594,66.63531494140625,14920600
2023-07-27,69.70105496966369,71.54049121872738,69.18679780943478,70.28453063964844,25068300
2023-07-28,70.78889863032458,71.3328154954388,69.87906829425857,70.41309356689453,11932900
2023-07-31,70.33399288212024,70.97680312288546,70.08675585257197,70.60100555419922,11193800
2023-08-01,70.2153193838477,70.29443704749274,69.1175863222688,69.97797393798828,13141100
2023-08-02,68.97913539047572,69.07802869922467,66.59576666072397,67.41659545898438,14004400
2023-08-03,66.82322115653623,68.62310635205716,66.41775636903965,68.4154281616211,11075200
2023-08-04,68.73189489442822,70.1460910192389,68.36598137084943,69.13736724853516,11255500
2023-08-07,69.07801937340186,69.45382445901879,68.06929568822311,68.61321258544922,10537500
2023-08-08,67.94071928318074,68.00006128920322,66.21995201000658,66.90232849121094,14767800
2023-08-09,67.03089525698104,67.21879779427591,65.88371948289158,65.96282958984375,10043200
2023-08-10,66.318849639217,66.71443034330281,64.2123931416911,64.71675872802734,12775300
2023-08-11,64.18272582025669,64.58819057120338,63.361897180805094,63.65858459472656,11823100
2023-08-14,63.65859220116027,67.72316951415071,63.49046528914265,67.52537536621094,21954000
2023-08-15,66.84298811927943,66.8825469425702,64.59807959931504,64.60797119140625,13808500
2023-08-16,64.28162842544602,64.50908981509232,63.38168200585355,63.510250091552734,9895400
2023-08-17,63.77725835683525,63.99482813752034,62.699308591718115,62.857540130615234,9933300
2023-08-18,61.621350988884416,63.154219628177245,61.067538753010915,62.887203216552734,9576500
2023-08-21,62.9762085618513,63.48057415142918,62.16527150854687,63.25311279296875,11311900
2023-08-22,63.58936496373862,64.36074326379958,62.590525284007704,62.709197998046875,8876000
2023-08-23,62.867429581266784,64.89477617740432,62.47184883749908,64.46952819824219,10747400
2023-08-24,65.4090187316808,65.50791202057232,62.66963237696932,62.9860954284668,12661600
2023-08-25,62.75864895519762,63.67837104033447,61.93782394899571,63.015777587890625,9409000
2023-08-28,64.99366045234217,65.37934954906493,63.94537804023152,64.58818817138672,9904900
2023-08-29,64.18271308140326,66.2891691579226,64.15304585491427,65.94303894042969,9955000
2023-08-30,66.44741624562376,67.94072224173279,65.78481537419063,67.33746337890625,16892200
2023-08-31,67.21879401756044,69.76038997179096,67.21879401756044,69.16702270507812,18420900
2023-09-01,69.43403435607266,69.83950663540948,68.78133263540664,69.61204528808594,10772000
2023-09-05,69.13735556726144,70.37354051837046,68.76155051327682,69.51315307617188,11144300
2023-09-06,69.35493174423232,69.87908060689333,68.87034925845589,69.63184356689453,9192800
2023-09-07,68.6824373038264,69.51315756809113,68.33630700416387,69.0978012084961,12043200
2023-09-08,68.99889326947593,69.82961344825358,68.84066552523068,69.40436553955078,9805000
2023-09-11,70.04719635613317,70.0768635921847,68.54399100553623,69.25603485107422,9310400
2023-09-12,69.18681337357131,70.89769703506613,69.01869399474647,69.53294372558594,11062100
2023-09-13,70.2647649706856,71.0658105109646,69.58238837262563,70.06697082519531,14525500
2023-09-14,70.8779055479928,71.43172159145152,70.49221640875051,70.99658203125,11170300
2023-09-15,70.50209374732673,70.83833239762657,68.87032827156825,69.10767364501953,16416100
2023-09-18,69.86918417684873,70.26476492248278,69.1373647017246,69.72084045410156,12735700
2023-09-19,69.83951087437055,70.27464286620052,69.19669316169104,69.92851257324219,10399000
2023-09-20,70.16585748909064,71.51082737091623,68.88022961783712,68.90989685058594,15522100
2023-09-21,68.2374311346033,68.52422704043329,67.08036346096536,67.14958953857422,14978600
2023-09-22,67.83194043855137,68.97912375270526,67.04078655696293,68.11873626708984,15487200
2023-09-25,67.53524859484148,68.42530315584747,66.86276376486731,67.8220443725586,14900000
2023-09-26,67.21879229184802,68.2868578715551,66.84298724802112,67.18912506103516,12752500
2023-09-27,67.3671445365059,68.08907239477546,66.01228297862036,67.45614624023438,20852300
2023-09-28,65.24090246926832,66.34851942931705,63.12455429766131,64.47940826416016,46749800
2023-09-29,65.6265957111936,67.97040539554877,65.6265957111936,67.27813720703125,24315500
2023-10-02,67.48581232581756,68.51431919570449,66.31885333354919,67.20890808105469,14880500
2023-10-03,66.42762829212009,68.88022239139698,66.36829383284743,67.08033752441406,12481500
2023-10-04,67.55504827719471,67.74295084725372,66.37820506466046,67.35726165771484,12912800
2023-10-05,67.85173326278306,68.77145534527453,67.58471303669567,68.28687286376953,14045000
2023-10-06,68.0639759193942,69.66874712303157,67.36065236776778,69.3022232055664,15113400
2023-10-09,68.95551908332845,69.29231873510425,67.93520447538621,68.82674407958984,8588700
2023-10-10,68.83662719369816,69.45080044506601,68.24227012722032,68.42057800292969,9007600
2023-10-11,69.06449767950372,69.60932207575269,68.2819243082766,69.54988861083984,11165300
2023-10-12,69.72818215455239,70.0550812593491,68.6484341242177,69.09420013427734,11408700
2023-10-13,69.21307094117122,69.4012793837831,68.44039830946781,68.55927276611328,10287900
2023-10-16,68.36116229543394,69.37156881476447,67.49933941301813,68.43050384521484,11294100
2023-10-17,67.42997083867954,68.97530050455268,66.98420499126507,68.35122680664062,11843000
2023-10-18,67.3705789542131,68.89610093642496,67.34086222041412,68.48995208740234,11201000
2023-10-19,69.02486774086803,69.12392602761123,66.5483727839736,66.89508056640625,18111000
2023-10-20,66.92478178613699,67.87575472226686,66.50873254364161,66.58798217773438,11506100
2023-10-23,66.1917491026452,67.51915417304599,65.60729998939325,66.25118255615234,9762000
2023-10-24,66.65732759261824,67.70735885356679,66.49882831521994,67.42999267578125,8450700
2023-10-25,67.84604342984862,68.5493669839842,65.28039867142425,65.874755859375,11924300
2023-10-26,65.82523274568418,66.80593018736786,63.27940001830914,63.92328643798828,16697900
2023-10-27,64.30961320564364,65.64691884562541,64.26998838312377,65.03275299072266,9980300
2023-10-30,65.73607341446457,66.91488726516052,64.55725956376864,65.44879913330078,10667700
2023-10-31,65.45870640955906,66.43939614495379,64.64641649139806,66.24127960205078,8268400
2023-11-01,66.37005365970725,69.00504747745676,66.37005365970725,68.74748992919922,16777500
2023-11-02,69.65884312311391,70.36216671608139,69.09420262973653,69.77771759033203,11926000
2023-11-03,70.62962665362615,72.50185590401689,70.48103547106182,71.89759063720703,14457900
2023-11-06,71.89759063215098,72.30373180295935,71.34285072112723,72.23439025878906,10073900
2023-11-07,71.79853329201765,72.44241582864666,71.03576873861351,72.11552429199219,8248400
2023-11-08,71.93720999076461,72.09570169783962,71.04567052077738,71.60040283203125,9917600
2023-11-09,72.85847200880313,75.38449189179471,72.80893909519757,72.87828063964844,22435900
2023-11-10,73.74011048129238,75.09722477450798,72.87828758301286,74.65145874023438,12306000
2023-11-13,73.45283038659757,74.49295357039328,72.6999739219014,74.076904296875,9116000
2023-11-14,75.28544494981921,76.7218089685599,75.19629476110934,76.44444274902344,12972700
2023-11-15,76.7713267985996,76.7713267985996,75.5925130396276,76.41471099853516,9954000
2023-11-16,76.16707521268354,76.75153192888479,75.76093398614456,75.94914245605469,12989000
2023-11-17,75.87979930184994,77.20720444710764,75.75102429276845,76.83077239990234,9376900
2023-11-20,76.61282686303868,78.16807259615936,76.40480224108484,77.88079833984375,11424100
2023-11-21,77.11803512925455,77.19728476494633,75.59251365166324,75.98875427246094,12016700
2023-11-22,76.47414982468356,77.71239711820282,76.12744209403053,76.37509155273438,8579500
2023-11-24,75.9590465555712,76.28594567331697,75.65196362792878,76.14726257324219,4349600
2023-11-27,76.1472603437792,77.55390749344612,75.93923569975763,76.78124237060547,11005600
2023-11-28,74.37408944823652,75.52317904057386,73.2943338464157,75.40431213378906,19225700
2023-11-29,76.72180496232136,78.27704337579351,75.66186550291883,75.96895599365234,14062900
2023-11-30,76.09772761557349,76.27603553341262,74.26512307857584,75.40431213378906,21701600
2023-12-01,75.29534461245545,75.82036026315647,74.38398884762728,75.21609497070312,14354700
2023-12-04,74.7108874280783,74.88919534194065,72.64054156602369,73.59151458740234,11659300
2023-12-05,72.7792215108069,73.27452041036851,72.35326415487748,72.99715423583984,8800500
2023-12-06,74.59203197992043,74.69109026779934,72.24431201310937,72.44242858886719,8883900
2023-12-07,73.32404349808178,73.51225949254601,72.30372900576533,72.95752716064453,10641300
2023-12-08,72.7891453085482,74.64155875564683,72.73961238484118,74.2552261352539,12007100
2023-12-11,76.46425937045456,77.77184838252353,76.2463266088326,77.0586166381836,18547600
2023-12-12,76.69208488989193,77.52419102642656,76.37509387541729,77.42513275146484,10262100
2023-12-13,77.56382137291084,79.51529295741429,77.29635569803418,79.03981018066406,11629900
2023-12-14,80.05020651500374,81.62526096106487,80.03039788419773,81.417236328125,17342800
2023-12-15,82.11064988816292,82.20970815524421,80.34738703806747,80.64456939697266,19547800
2023-12-18,80.82288384380057,81.09034952501062,80.05021864503844,80.79316711425781,12416600
2023-12-19,80.90213903591032,81.49649634046499,80.40684002250424,81.3974380493164,14316400
2023-12-20,80.69409443830662,80.8525937111502,77.89070090059128,77.95014190673828,29085000
2023-12-21,84.20082497064674,85.211231544923,82.32859546708889,84.67631530761719,53969700
2023-12-22,85.34000395674936,86.66740141179484,84.81498831982356,85.67680358886719,22531800
2023-12-26,85.88484680948412,87.04385225693083,85.61738866478919,86.24146270751953,11203900
2023-12-27,86.65751249455465,86.66741303259508,85.40935695416162,85.84522247314453,9186300
2023-12-28,85.93436995217967,85.93436995217967,85.03292221318779,85.19142150878906,9606200
2023-12-29,85.14678770539233,85.44436805544782,84.34333135513822,84.65082550048828,8549200
2024-01-02,83.32163134511957,83.4009870960014,81.08980193408959,81.67503356933594,13597100
2024-01-03,80.54425058560395,81.9230247649311,79.92926235952764,81.59569549560547,12915600
2024-01-04,82.79591776624392,83.57953882627376,81.94286231192189,82.04205322265625,19134200
2024-01-05,80.82198536705577,82.85542539163424,80.35577979247127,82.77606964111328,15483700
2024-01-08,83.21253204560307,84.8194521963327,83.15301900705897,84.26396942138672,16219800
2024-01-09,82.4586616921143,83.51010656251117,82.23052334838309,82.65705108642578,12138700
2024-01-10,82.29004727707868,82.3495603193602,81.00055009835604,81.71472930908203,10748600
2024-01-11,82.13132870464098,82.77607339546904,81.15923963612185,82.71656036376953,10579300
2024-01-12,82.08173323473181,82.37931354245374,81.05013108715245,81.72463989257812,10187500
2024-01-16,81.87342912573014,84.53178643865654,81.6651259397799,83.92671203613281,13713500
2024-01-17,83.0141296438608,83.29186717865113,81.96268496072278,82.60743713378906,10245400
2024-01-18,84.53178095646645,85.12693395883811,83.36131010576374,84.135009765625,15077700
2024-01-19,85.36500415235253,87.081036547632,84.92856259971569,86.80329895019531,18156800
2024-01-22,87.55715744359681,89.22359062383552,87.29926256611589,88.51932525634766,14371200
2024-01-23,88.28127310914262,88.45981980690613,86.17839062079273,86.8231430053711,16850900
2024-01-24,87.69603497022085,87.85473893016731,85.91056812218463,87.36869812011719,19752800
2024-01-25,88.43006072604216,89.31287282616204,87.78530836012317,88.47965240478516,15892400
2024-01-26,86.5354720394266,87.78529875078958,85.59314700085282,87.33893585205078,14934500
2024-01-29,87.78529622856765,88.84665487460856,87.30916925818208,88.35069274902344,12108100
2024-01-30,87.36870355477087,88.07296897536467,85.06743923403387,85.4642105102539,12980400
2024-01-31,84.27388925563257,86.21806001323533,84.10526393762716,85.05751037597656,11396700
2024-02-01,85.37492440770414,85.49395804839759,83.93663719628891,84.91864013671875,10459000
2024-02-02,84.38300682990774,85.91057128552292,84.25405938471684,85.78162384033203,10450000
2024-02-05,86.03952058513501,86.51564762833237,84.91864873430447,86.277587890625,8409300
2024-02-06,86.12878049988305,86.48587381895406,83.04389561821912,83.91678619384766,12990300
2024-02-07,83.46050461153555,84.59129763515193,81.8039929536847,84.48218536376953,16374800
2024-02-08,84.81944378624243,85.3352410606401,83.84735470230896,84.19452667236328,12524500
2024-02-09,84.3730944580688,84.92857731698373,83.2819790357245,84.86905670166016,12161500
2024-02-12,84.83928636303403,86.20814677582823,84.7004175628639,85.0079116821289,10366000
2024-02-13,81.80400095537786,82.87528105131204,80.11772504856691,80.87158966064453,21207900
2024-02-14,81.51633089127758,82.50825508924017,80.83190077299345,81.16915893554688,12870900
2024-02-15,81.57584617242655,82.04205176917817,80.8517457258908,80.97077178955078,11527600
2024-02-16,80.30619510454301,80.68312363612975,78.61000536072929,78.85798645019531,15553100
2024-02-20,78.68935942048465,80.11772531876535,78.5108127372268,80.05821228027344,12627200
2024-02-21,80.1375576321546,80.8418229113467,79.29442356933481,80.83190155029297,9913300
2024-02-22,84.31356987800429,85.61298835678676,83.20261187991605,85.21622467041016,17510900
2024-02-23,85.85104997077724,86.11886619814322,84.36316354194423,85.30548858642578,10232800
2024-02-26,88.95577338953994,91.60420950973338,88.18207363018294,88.737548828125,28920100
2024-02-27,91.1479313626381,92.00098694131712,89.75923570657116,91.1082534790039,21422700
2024-02-28,89.72947025516135,90.0568070867273,88.57884201541977,88.98552703857422,14190700
2024-02-29,89.91793562997543,90.09648229938227,88.10271241896933,89.87825775146484,17027000
2024-03-01,91.17768058138441,95.28424661136523,91.17768058138441,94.38159942626953,23446200
2024-03-04,96.14721779304108,96.59358067813987,93.85587519871275,94.99658203125,20913200
2024-03-05,93.48887533422513,94.59983339416357,92.5267074488526,93.70709991455078,12887500
2024-03-06,94.28240076559895,95.65125347390797,93.79635244576163,94.78827667236328,14232400
2024-03-07,98.1310800747421,98.88494472911738,96.6828713754044,98.18067932128906,24843300
2024-03-08,99.0734009834903,101.02749315653556,96.53407707866675,96.83165740966797,22379000
2024-03-11,95.12553927042075,95.68101444147143,92.77467601959842,93.74676513671875,15673300
2024-03-12,94.5601444981651,96.71261839384248,92.88379002431499,96.63326263427734,14993700
2024-03-13,94.55021771516952,94.57005287003267,92.34814470407593,93.39958953857422,16732600
2024-03-14,92.54654400250212,92.69532659936223,89.57077098078541,90.69164276123047,16718900
2024-03-15,91.73317736739995,93.93524331110467,91.27688545626638,92.49695587158203,29579500
2024-03-18,96.03811794753611,96.29602040472076,92.93339736969367,93.02266693115234,23140300
2024-03-19,91.83234468969873,93.39958674943153,90.26510262996592,93.24087524414062,21054700
2024-03-20,94.22289050353521,95.89924505210251,92.83419492037652,95.47271728515625,39807400
2024-03-21,112.45446077450322,112.58340820928419,107.90152429581512,108.96288299560547,89554100
2024-03-22,108.42724341808835,110.44084854751176,106.18549993634608,109.31997680664062,37281400
2024-03-25,109.34972470986949,120.42952408146884,109.27037652319106,116.18408203125,55766100
2024-03-26,118.03898851699087,121.47104559430907,117.21568955392411,117.84060668945312,44295100
2024-03-27,118.33656365511182,119.14001985964711,116.13449065387152,118.2869644165039,29320700
2024-03-28,118.58978901454304,118.7784313806664,116.51466238649819,117.05081939697266,21047800
2024-04-01,118.35149651115839,126.47326918200545,118.15292319968083,123.41519927978516,44309400
2024-04-02,121.83652740943742,122.79962398832362,120.05926803991012,121.8762435913086,25026400
2024-04-03,121.330152229134,127.36687535628535,120.46634991617918,127.09879302978516,40130100
2024-04-04,129.253341917242,129.61077996147418,122.7698327276466,123.20669555664062,36009900
2024-04-05,123.51449540119184,124.79531381111195,120.33726914845678,122.70033264160156,23326500
2024-04-08,128.1413382421288,128.77678206527364,121.73725288461776,122.0748291015625,27955800
2024-04-09,124.00101037993568,125.24211265980138,120.4067754504132,121.75709533691406,19212900
2024-04-10,119.14581746217362,123.59393131379976,119.07631603832418,121.33015441894531,22242300
2024-04-11,122.02517776862757,126.65200313260766,121.21101497539054,126.60236358642578,21745300
2024-04-12,124.35843573060018,125.09316608415199,120.9627820580129,121.64786529541016,24808200
2024-04-15,122.74996498460759,123.89178048383893,119.75146550692693,120.50605773925781,17732600
2024-04-16,118.67914541101888,121.67765231182685,117.51747566918888,120.9031982421875,17452400
2024-04-17,121.15142997393475,123.53434773167243,115.37285838834141,115.50193786621094,25546500
2024-04-18,115.17428343981064,116.782754607984,110.6864612457113,111.13325500488281,32146900
2024-04-19,108.87941442410717,110.09072377470808,104.96745797395349,106.00997924804688,33787500
2024-04-22,106.83406965970882,109.44535338499011,105.87097319639871,108.34325408935547,19820900
2024-04-23,108.92905994887788,112.0864243347187,108.13475906428539,111.65948486328125,17887500
2024-04-24,111.91764056347309,113.13888096658303,108.4524851140877,110.98432922363281,20505900
2024-04-25,108.59149098611962,112.25521987251138,107.30074154722652,110.78575897216797,18342800
2024-04-26,111.20275668023801,114.24097242979536,110.80560246279126,114.02253723144531,20630700
2024-04-29,112.99987147080749,113.93318275575383,111.31197549705323,113.54595947265625,14419100
2024-04-30,113.36724659878584,115.45229690739026,112.12614432282045,112.15592956542969,14845600
2024-05-01,109.73329117592573,112.92044836112787,107.97589375542734,108.91912841796875,16686200
2024-05-02,110.94461417402536,111.60985076085437,108.6510595581252,111.5304183959961,15439200
2024-05-03,114.21119009835162,114.65799144501777,112.64243506577478,113.88353729248047,15564400
2024-05-06,118.92737997237326,120.50606596253864,117.17990589539198,119.27488708496094,22538700
2024-05-07,119.29475391425116,120.54578714657842,118.3316573229009,118.36144256591797,12508300
2024-05-08,117.45792123476642,119.61247294594473,117.37848887189024,118.47065734863281,10867900
2024-05-09,118.4706587015862,118.77844964238753,116.60404360320165,116.97140502929688,11524800
2024-05-10,119.18553610280269,120.98264979590877,118.33165712069889,120.37699127197266,13922400
2024-05-13,122.05495689174859,123.22655768913683,120.78406943188747,122.12445831298828,16643200
2024-05-14,122.11451780905024,124.14992831820214,120.80391427184149,123.92156219482422,13887700
2024-05-15,125.33147526240545,127.03922562688128,124.54709771690446,126.90022277832031,14265100
2024-05-16,127.0193609538924,129.20370532097164,126.14562775211262,126.97964477539062,15874700
2024-05-17,127.44629406178403,128.11152297464034,123.97120815421765,124.39814758300781,13774700
2024-05-20,126.22506483510143,130.0873821386165,125.73855485744384,128.08175659179688,19123200
2024-05-21,123.31591712880021,127.90304136919406,122.40246768638528,126.5924301147461,15717800
2024-05-22,126.88038020918457,126.95981258001895,124.34852830822491,125.3811264038086,11190100
2024-05-23,130.83203497944012,131.01074642582637,123.77264499388659,125.37117767333984,20747400
2024-05-24,126.91014948388137,129.47177873268424,125.69883249389846,128.56826782226562,14048900
2024-05-28,130.8221207587929,132.35116745151183,128.3498543903185,131.72564697265625,14143000
2024-05-29,129.07464688103423,132.15258682826752,128.97535263105553,130.64340209960938,11242500
2024-05-30,129.37249492172634,130.7327380697693,124.80523281636329,125.39103698730469,12639700
2024-05-31,125.45061074389378,126.41370727756293,120.14862570195692,124.11022186279297,24153800
2024-06-03,127.21794367872764,127.92288123825647,124.25915272596421,127.25765228271484,16134300
2024-06-04,126.44349343508733,126.94986526498133,124.52723129263588,125.7385482788086,12995500
2024-06-05,127.88315679596279,132.9170587749642,126.74134140803558,132.75820922851562,22301800
2024-06-06,132.88730345472527,133.1752476759445,128.26047038769877,129.14414978027344,15505000
2024-06-07,129.283135158269,131.59653622890337,128.69732343055665,130.0079345703125,12139500
2024-06-10,128.7867241998988,134.7042921285792,128.7867241998988,133.8603515625,14652100
2024-06-11,134.35675618655884,134.8829822648545,130.84194655586737,134.10853576660156,14125000
2024-06-12,137.5240623266163,140.70129642999345,135.85602805750082,139.7481231689453,16973600
2024-06-13,141.77359429729268,143.1934232369259,139.26160440042423,142.12110900878906,16312900
2024-06-14,140.79064545031022,141.47573633181335,138.65594044198568,140.35377502441406,14028500
2024-06-17,144.54374106459,147.69117470069477,141.12822508781994,146.77772521972656,23909000
2024-06-18,150.65990745773271,156.41861045306126,150.43153370882035,152.35772705078125,42192600
2024-06-20,155.89235597763732,156.2895177622999,141.8927325845428,143.1636199951172,41285000
2024-06-21,136.670161327346,141.58493791219678,134.73404502279672,138.5467071533203,49893500
2024-06-24,141.42606934558182,141.81329259593133,136.908454658056,138.02047729492188,32410100
2024-06-25,139.07294957262224,140.12540177013076,136.7694567137809,140.11546325683594,31160600
2024-06-26,142.02181683209358,143.04449910221157,138.54673026719146,141.34666442871094,55490300
2024-06-27,134.82341413921316,136.41203109322535,130.14694930426714,131.28875732421875,68172700
2024-06-28,131.87454526824231,134.45602841417335,129.8192730236254,130.59371948242188,38140600
2024-07-01,129.57104258526945,131.1397972560464,126.36403183805254,130.5837860107422,24749000
2024-07-02,128.98527850140098,131.76535057633615,128.4987609644808,131.6461944580078,20776000
2024-07-03,131.71569299155897,135.84608459472656,131.48731928717518,135.84608459472656,14507100
2024-07-05,135.84611396904614,136.15390494566157,129.9781780820242,130.66326904296875,30104600
2024-07-08,130.46944040862033,132.43707647076974,129.27694335373818,129.87319946289062,20500700
2024-07-09,130.92657696746633,134.36495901931517,130.0620192242271,130.3203887939453,21850900
2024-07-10,132.2681659654872,135.6469107916301,131.87065676254795,135.53759765625,22460200
2024-07-11,135.50776987882873,135.57732450374172,129.25708816174492,129.41607666015625,25401500
2024-07-12,130.92659382932527,133.5898371881684,129.90303229747175,132.71534729003906,20726900
2024-07-15,133.07307160385483,134.50407408876626,129.21731659322367,130.05206298828125,20416000
2024-07-16,129.6048950824264,130.15146070747528,126.44476924512571,126.69320678710938,21312600
2024-07-17,121.81390342812996,122.26108799312676,118.48484171728582,118.7531509399414,31414100
2024-07-18,119.74689094856924,120.87976549291503,113.37694896096309,116.71595001220703,30404900
2024-07-19,115.96070390242156,116.47745062875018,113.13844961977705,113.54589080810547,18038900
2024-07-22,114.63901873892364,114.85764498657736,112.92976725549859,114.55951690673828,23837800
2024-07-23,114.41045475979764,115.612891560076,113.11858408311504,113.53595733642578,14707700
2024-07-24,110.77331660496922,113.32725386837497,109.31250285375887,109.59075164794922,25261000
2024-07-25,106.13251848354047,110.00813798238757,104.38351610604029,106.77845001220703,29068400
2024-07-26,109.3125128481482,109.93857269231684,107.10638637577534,108.72620391845703,18547900
2024-07-29,109.8491393498931,110.33607478659081,106.47038742015923,107.17594909667969,13517700
2024-07-30,108.31876743319668,108.56720497318108,101.53145202121209,101.91901397705078,23915100
2024-07-31,109.16345539623153,110.64414103666331,107.07658154146421,109.1336441040039,26503600
2024-08-01,106.51014136401359,107.18589176917894,99.32532444465683,100.87557983398438,31643700
2024-08-02,96.55276833272006,97.079454699798,90.50082596923967,92.12063598632812,36039400
2024-08-05,87.08232502067159,91.67345355409807,84.37933091595319,89.85488891601562,36977600
2024-08-06,88.64250308454685,90.29213183760915,86.60531999298706,88.44375610351562,26460000
2024-08-07,92.79639330294688,92.99514789702123,86.03889632038229,86.25752258300781,29483800
2024-08-08,87.9270234528779,92.26970709415059,87.47983130153781,91.49458312988281,24760700
2024-08-09,91.21632949162498,93.93920284879988,90.87845048956588,92.4982681274414,21627200
2024-08-12,92.518139150862,95.92670253134328,92.05107535869476,94.04851531982422,18886600
2024-08-13,96.01614929020705,97.168895606571,94.3168373184254,96.83102416992188,23565500
2024-08-14,100.36876438916977,101.31282399182868,97.45707616847291,99.78245544433594,22459000
2024-08-15,102.863082621376,107.37470932060444,102.10783036634648,106.28157806396484,29128000
2024-08-16,106.16234002808447,108.78584005685936,104.69158633597121,107.3150863647461,18383300
2024-08-19,106.57970779060018,108.04052178178307,104.10527194239715,107.95108032226562,15744600
2024-08-20,107.65296538905714,108.50759120255182,105.49652918646105,107.3150863647461,16075500
2024-08-21,107.48402601539834,107.72252394217016,105.54620856295426,107.65296173095703,13658900
2024-08-22,108.26907376815346,110.30626456992235,103.31026273604257,103.60839080810547,17967000
2024-08-23,102.39600640356292,103.7574467060229,99.68306542205526,102.20719146728516,25465100
2024-08-26,100.04083455822934,101.55133916451605,96.99996125857832,98.29183959960938,26752300
2024-08-27,96.48319833718593,97.87445006227247,96.06582509417355,97.2483901977539,17234600
2024-08-28,96.75151088402137,97.06951061453263,92.12063175288239,94.26713562011719,25564300
2024-08-29,95.95651255710654,97.36764353954963,94.39632511675747,94.97270202636719,18984300
2024-08-30,96.3142543750511,97.7949474291169,94.3963164484263,95.63850402832031,18819400
2024-09-03,93.04482378239324,93.29326131980595,87.75807328951916,88.0263900756836,28897200
2024-09-04,87.80776849043485,90.16295919953484,87.26120284643093,88.7319564819336,16356500
2024-09-05,87.54939068404185,90.13313967531572,87.21151925688316,88.83132934570312,13890700
2024-09-06,88.81145202030561,89.08970084417308,84.72713837152233,85.84013366699219,23587100
2024-09-09,87.30095448388427,87.41026761358603,84.47870752503401,85.73082733154297,20526400
2024-09-10,86.42645795616316,86.64508421791463,84.33958400785707,86.30720520019531,17019000
2024-09-11,87.64875053972793,90.26231799854737,85.54200530615554,90.08344268798828,20879600
2024-09-12,86.55563438945558,87.47982230916942,83.59426326208813,86.66494750976562,30900000
2024-09-13,87.53945172723155,90.89833226506057,87.32083305124944,90.64989471435547,21267200
2024-09-16,86.69476204893094,87.68851221137719,85.38301213777038,86.63513946533203,26494300
2024-09-17,87.50963483067869,89.01019966373072,86.99288809425457,88.17545318603516,17744800
2024-09-18,87.44008434563126,88.64252126543019,86.16808521003281,86.80408477783203,20130600
2024-09-19,88.79157320436622,89.82507425641604,87.03263879823042,88.69219970703125,25208900
2024-09-20,87.84751844222528,90.40145613103279,87.77795623209092,90.33189392089844,28711000
2024-09-23,92.1007619691199,94.20751496538557,92.00138847287502,92.98519897460938,23394100
2024-09-24,94.1379546755126,94.40626387900494,92.18026567463195,93.41251373291016,23043200
2024-09-25,93.57151700062057,95.57888895130738,93.34295113203011,95.17144775390625,54762900
2024-09-26,112.39313678462867,114.08251653358188,106.85794893284489,109.1932601928711,107965900
2024-09-27,109.80939068461574,110.27645446440249,106.36107647900232,106.82814025878906,42960200
2024-09-30,105.41703483919842,106.08284572813858,101.62090895341319,103.06184387207031,39544700
2024-10-01,102.75377471636514,103.5487703468349,98.32164962547334,99.6830825805664,34309800
2024-10-02,99.9613251453572,101.48176926168799,98.70920540020767,99.2259521484375,26334900
2024-10-03,98.8483282004424,101.88920121997013,98.77876599351568,101.18363952636719,22176700
2024-10-04,103.00219829696911,103.58850721057509,100.76626059550833,101.61094665527344,21911200
2024-10-07,101.63584423190498,104.05336917539688,100.29276469852077,102.38199615478516,21749300
2024-10-08,101.65571678477606,102.41181936537623,100.74043910787748,102.01387023925781,18858300
2024-10-09,101.72536555078455,101.76516122564405,99.80526788274413,101.17818450927734,18442700
2024-10-10,100.84989333452552,106.03316094531543,100.33255710102175,105.1477279663086,27605600
2024-10-11,104.50104781048559,107.09765668510934,104.4513013209876,106.37139892578125,19133900
2024-10-14,107.25683163213589,108.15221531004939,106.25201933993444,107.78411102294922,15021900
2024-10-15,107.30656601278628,108.92819967572703,102.18298938034151,103.78472900390625,23419100
2024-10-16,105.47602450017777,109.06750275785984,105.06813209345381,108.67950439453125,20450900
2024-10-17,110.76871867791212,113.55435511170737,110.44041765320124,111.47508239746094,26584800
2024-10-18,111.17663190962129,112.32073299542122,109.29632974897383,110.5797119140625,16700400
2024-10-21,110.52996474698944,110.56976042515153,107.13746477885363,108.52033233642578,14829400
2024-10-22,107.68463552200663,107.96319767176885,105.82423505455918,107.26679229736328,13758100
2024-10-23,106.01325619618497,106.55048645815542,103.00875464618284,104.5110092163086,15174700
2024-10-24,106.23211728173335,106.97826907862537,105.00843258536965,106.3017578125,13206300
2024-10-25,107.78411730849174,109.31621667110112,107.16730330904122,107.35633087158203,12265000
2024-10-28,106.23212218540598,107.62494045527994,105.77448330635077,105.84412384033203,12381000
2024-10-29,106.04309315739151,108.19201404519481,105.05817487893941,107.62493896484375,15164600
2024-10-30,105.71478960983747,106.25201981900786,103.1082299113253,103.54597473144531,14321800
2024-10-31,101.67562174163157,101.96413469928673,98.56168410666234,99.13871002197266,19830300
2024-11-01,99.4869035361665,100.09377425495698,98.86013877637807,99.21829223632812,13623400
2024-11-04,100.97920748195115,103.25745849262006,100.48177296233563,101.2080307006836,15765800
2024-11-05,101.47664710198357,105.07807593750432,101.26772550407405,104.94873809814453,12071900
2024-11-06,107.82390007490677,111.74368638514012,106.4509835799168,111.2562026977539,20304500
2024-11-07,111.98246492301752,113.27579780593183,110.79857583999487,112.82810974121094,13569800
2024-11-08,111.56460260256665,113.71352316164385,110.00265866648185,111.32583618164062,13045700
2024-11-11,110.38071588317676,110.93784770155143,106.2221630326306,108.09252166748047,14479700
2024-11-12,104.46125590389455,104.55079047992128,101.54628912601402,103.56587219238281,21859700
2024-11-13,102.27254596557023,102.80976859725938,99.30783272381967,99.40731811523438,18416200
2024-11-14,100.7702863500327,101.76515539376064,98.05429052094611,98.67111206054688,18459700
2024-11-15,97.04948618696841,97.69614504606659,95.14928251475948,95.84568786621094,18518300
2024-11-18,96.05461589343257,97.56681360543868,95.03984514766292,97.00968933105469,14236400
2024-11-19,96.50229603938963,97.67624179997358,96.01481233930555,97.22855377197266,14160300
2024-11-20,97.47727419437605,98.02444762522451,96.03470949796045,97.86527252197266,10490600
2024-11-21,99.58639451300208,102.76002934287126,97.55686065608485,102.23274993896484,18915200
2024-11-22,101.83479542749724,103.17786711194242,101.12843932071863,102.11335754394531,12063700
2024-11-25,103.31715157726957,105.85407074618621,103.27735590357202,103.94392395019531,22837900
2024-11-26,103.46639626534404,104.18270330008251,99.79532650743418,101.2776870727539,19275700
2024-11-27,100.42209094539747,100.52157633889564,96.1441507127353,97.6961441040039,17046400
2024-11-29,96.74106211415653,97.69613546977932,95.60691202996396,97.44741821289062,13729400
2024-12-02,97.09921950182571,99.57644135544432,97.02957897068781,98.04434967041016,16525600
2024-12-03,100.6011671077397,103.14802959975243,99.11880666927229,99.32772827148438,23479700
2024-12-04,100.25295427205342,102.87941563728981,99.28793763621793,102.67048645019531,16306200
2024-12-05,103.34700585286683,103.71511017542767,100.09378703167825,100.35245513916016,13448900
2024-12-06,100.36238885386503,101.66567249439869,99.51675166405987,100.6509017944336,12381000
2024-12-09,100.13357815922109,103.96382274219971,99.85501602085887,102.29244232177734,14141900
2024-12-10,104.42145940507996,104.46125507974972,96.77091362797866,97.5966567993164,23548500
2024-12-11,98.98947631673217,102.13326634357801,97.79563642237868,101.53633880615234,15248400
2024-12-12,100.87973692467746,101.45676287390977,97.25841369678771,97.73594665527344,19334900
2024-12-13,100.25294856012164,102.67048060052416,99.15859414793597,101.97407531738281,23926000
2024-12-16,105.06812422652396,110.5597982126223,104.00361461371828,107.70452880859375,42741200
2024-12-17,109.18687894813269,109.9230799246546,107.12750030483936,108.04277801513672,35811500
2024-12-18,109.68431464063167,111.46513118145452,102.2029025962363,103.36689758300781,63024300
2024-12-19,89.61781454274933,90.53309233591413,84.17587909668912,86.64315032958984,91396800
2024-12-20,84.97176814647015,89.78693064523324,83.11136031363075,89.65760040283203,49578400
2024-12-23,89.53821329990868,90.63256772219121,87.94642435929332,89.25965118408203,26041500
2024-12-24,89.12037079278859,89.23975022032246,87.77729910129347,88.82190704345703,13021300
2024-12-26,88.04591163577804,90.16497999689543,87.64796249451577,89.35913848876953,14468200
2024-12-27,88.54335149851798,89.03083524104909,87.1306391726733,88.17524719238281,19422600
2024-12-30,86.65610352249679,86.71587839213575,84.25535779507652,84.98255157470703,22022900
2024-12-31,85.11205315445258,86.06836741909574,83.76722885719141,83.83696746826172,18691500
2025-01-02,84.65381844834478,87.31356816972283,84.41473418566737,86.99479675292969,18860000
2025-01-03,87.61241868692903,89.85378251735189,87.1741127059438,89.52505493164062,17484600
2025-01-06,95.20315924295747,101.13031743870339,95.11350835130901,98.87899780273438,42903300
2025-01-07,103.01308718554075,106.33029993938435,100.77172331396791,101.51884460449219,53570000
2025-01-08,102.42534207858918,103.08281242546059,97.92269469739631,99.02843475341797,33516900
2025-01-10,97.74337609591927,100.39316192308443,96.49817413199908,98.95868682861328,20512600
2025-01-13,95.47212661764208,95.63151612590475,92.52348911577323,94.69512176513672,22699100
2025-01-14,96.67748993191996,97.03610872932677,95.01389422168444,96.98629760742188,18613400
2025-01-15,99.05830890907222,103.5310722283655,98.96865041575482,102.79391479492188,27568100
2025-01-16,103.91958365157198,104.39774459050814,101.4789906343772,102.20618438720703,16243800
2025-01-17,104.23836084478368,105.47359923855566,102.1065753909713,105.34410095214844,18908900
2025-01-21,105.02533115070473,109.81686662412908,104.82610184540769,108.96016693115234,23533600
2025-01-22,108.75095511910318,110.24519745138032,107.34637127881963,108.81072998046875,20004300
2025-01-23,104.38778040081759,105.77244448876675,102.9533051902359,104.43758392333984,22677600
2025-01-24,105.09504558857017,105.31420234989089,102.32571764121117,102.79391479492188,19743800
2025-01-27,94.49589838534374,95.73113675113416,88.0208474096672,90.76029205322266,50696200
2025-01-28,92.25452776104555,93.0912998694829,87.7020694850977,87.91126251220703,34793600
2025-01-29,89.53500598749262,90.10281782158805,87.42314816249008,88.66835021972656,25342800
2025-01-30,90.31201711372799,92.80242119120635,89.95339831856231,92.14495086669922,22497100
2025-01-31,91.29820802275135,93.90814643240904,90.79016350174314,90.88977813720703,20492100
2025-02-03,88.30973758471046,91.04918230188918,87.68215083997683,89.57485961914062,18607900
2025-02-04,88.70819098065274,91.09897267212551,88.45915058778185,90.31201171875,12827500
2025-02-05,90.0430596220679,93.2905490423885,89.87371394925735,93.24073791503906,15660000
2025-02-06,94.51581533897546,96.23917835070714,93.22080974413524,94.1771240234375,16141100
2025-02-07,95.22309757012046,95.56179651552662,91.23845058955037,91.94573211669922,15602800
2025-02-10,92.8323021739496,95.89051798978292,92.812374685837,95.56178283691406,16217900
2025-02-11,93.88823298100907,95.47212631374994,93.20087902900679,93.71888732910156,12124000
2025-02-12,89.25606910380517,92.2844009834124,87.01470572318452,91.32808685302734,22874700
2025-02-13,91.70662855316337,95.70123843972806,91.66678117971848,95.29281616210938,16579900
2025-02-14,98.03226808876379,100.31347149688924,97.62383817894197,99.13800048828125,21284500
2025-02-18,102.24602434316174,107.46590891372935,101.65829265683024,106.38009643554688,29641900
2025-02-19,105.35405466265513,106.77856607789737,103.22226941188845,103.95942687988281,17875900
2025-02-20,103.58089078800093,104.44754655170729,101.94717870445812,102.7839584350586,14488000
2025-02-21,103.24219618221122,103.26212367192616,97.37480447939029,98.46061706542969,18650800
2025-02-24,99.83532012005885,100.31347344805167,94.91427921879628,95.04378509521484,14883700
2025-02-25,95.13344540899021,95.56179525776811,92.40396439125546,92.86219787597656,18608200
2025-02-26,95.63151780914333,99.33724034026527,95.1334369872207,97.33495330810547,21335200
2025-02-27,97.4644575635549,99.506592098732,91.13883225718996,91.46756744384766,22386300
2025-02-28,90.65070474731205,94.09742293887798,89.52504488593989,93.2706069946289,23359100
2025-03-03,95.44224278061246,95.8307452060337,89.04688697740582,90.19247436523438,20281800
2025-03-04,89.85378335664441,93.23077095134926,86.46683961690215,90.84994506835938,23611500
2025-03-05,91.79630108561403,94.685171501352,90.08290176593039,93.97789001464844,14010300
2025-03-06,90.58098499932048,92.93192725344115,88.68827622183545,88.92735290527344,18708100
2025-03-07,89.94343773679316,92.98172625808233,89.14650536393448,92.60318756103516,19133900
2025-03-10,89.24611831887294,91.01929243486785,85.43082498642534,86.74575805664062,21897900
2025-03-11,87.56261112241795,90.75032538302989,85.7396334670788,88.70819854736328,21962100
2025-03-12,92.1150727084865,96.61772020412596,91.88595217569267,95.27290344238281,23584700
2025-03-13,93.8882290452377,97.74337710122488,93.63918864989223,94.51580810546875,18824700
2025-03-14,98.37095150637583,102.38548127335271,98.37095150637583,100.40312194824219,24623600
2025-03-17,100.67209139760413,104.04907869858481,100.57247675511908,102.71422576904297,17095100
2025-03-18,101.50886871845613,102.91345262459127,99.90504793194411,101.32955932617188,18434100
2025-03-19,100.43301277465895,103.20234082226648,100.1042776207778,101.66825103759766,16633100
2025-03-20,101.190104651969,104.28816806559803,100.96098412293884,102.60465240478516,29204400
2025-03-21,97.8230603325803,98.12191183506589,93.34033339595292,94.3564224243164,63239600
2025-03-24,95.7311370966445,98.04223191845347,94.96409593772923,96.56791687011719,35406600
2025-03-25,95.81081983852707,96.01004911192578,92.89206614258931,93.81849670410156,22191700
2025-03-26,95.63151538760232,96.26905821551087,90.620823661957,91.7763671875,27107200
2025-03-27,90.74035813136028,91.85606187950816,89.26604319285023,90.81009674072266,15658700
2025-03-28,90.12274712682104,90.54113320245783,87.26376040974885,88.10054016113281,17118000
2025-03-31,85.78145178185744,86.8686781574524,83.88627865072212,86.669189453125,21089500
2025-04-01,88.30502285356468,88.66410861616187,86.0308180971201,88.48456573486328,15337100
2025-04-02,86.90856676525983,89.70145394347078,86.4796592545347,88.37483215332031,14520400
2025-04-03,82.70926636745803,83.13817387546845,74.02140276101908,74.15106964111328,44839500
2025-04-04,70.4704569869439,71.1586982986341,63.6977116631705,64.55552673339844,50737700
2025-04-07,63.777504968778274,72.27585315770102,61.38360648211167,68.19625091552734,50181800
2025-04-08,71.41803250854382,72.78455349705409,63.358569194312686,65.3734359741211,40822100
2025-04-09,66.0317627282051,78.36035283767754,63.53811978954464,77.67211151123047,63132600
2025-04-10,72.31574141701321,72.86434663728198,67.32844890549507,69.8719711303711,44882300
2025-04-11,68.864546821092,69.99167236764173,66.66016409500473,69.37325286865234,30807800
2025-04-14,74.48023355257027,74.58995460990005,69.79218106850001,70.83950805664062,32634700
2025-04-15,70.93926507467582,72.61499598541637,70.37071392335343,70.85946655273438,19132700
2025-04-16,67.75736499076972,70.2709573881299,66.99929430172234,69.15380859375,28475000
2025-04-17,70.26099184342922,70.30089110382369,66.82973154956323,68.62516021728516,20694100
2025-04-21,67.58779314208482,67.82718106209086,65.48315500326956,66.57038116455078,19826100
2025-04-22,67.36836502255505,70.22109766204483,67.2686206693574,70.03157806396484,20351200
2025-04-23,73.50273783518452,75.20839138709395,72.31575948566604,72.74466705322266,26385500
2025-04-24,74.38048819858878,77.39280985057572,73.41295212986954,77.2232437133789,23875600
2025-04-25,77.35292657103581,80.09593804362565,76.70457688278609,79.57725524902344,19746200
2025-04-28,78.56981697235834,79.40768622179748,76.72451993407756,78.3603515625,16882400
2025-04-29,77.74193513715193,77.9912998173609,76.27566959992218,76.68462371826172,17098000
2025-04-30,73.43290877658995,76.95393660422904,73.31321099862284,76.75444030761719,19779300
2025-05-01,79.19821967521277,79.68697229120052,77.44269029063722,77.57235717773438,15349200
2025-05-02,79.37776734955375,81.46245243692907,78.89898381201918,80.5148696899414,18899700
2025-05-05,79.2081942017263,80.943770103353,78.84910848276829,80.21562194824219,12513600
2025-05-06,78.83913161900634,81.01359175309604,78.34040230027023,80.3053970336914,13173800
2025-05-07,80.78417175363967,82.65939883546118,79.9961785281942,82.4100341796875,14889700
2025-05-08,84.03589466543605,85.99091278540156,83.14815703978859,84.93360900878906,17580500
2025-05-09,85.35253600631037,86.05075401428313,84.46479842045694,85.64179992675781,13017600
2025-05-12,92.5741332091324,93.96060009893799,91.716318176734,92.05545806884766,27765300
2025-05-13,92.3148110548904,97.16246122536477,92.3148110548904,96.68367767333984,28009100
2025-05-14,96.05527162038139,97.40183928403044,94.08030013302533,95.0777587890625,28044400
2025-05-15,93.77109265387037,95.3670250201461,91.93576472514894,95.20742797851562,24196100
2025-05-16,95.65628443738892,97.94046562041478,95.45678814476337,97.75094604492188,22609300
2025-05-19,95.46676128549727,98.76834680220963,95.45678456873839,98.3992919921875,14380100
2025-05-20,97.67114988632775,98.37934461973694,96.72356720599286,97.85069274902344,12331300
2025-05-21,96.91308056608179,98.56885787355638,95.0179077170405,95.59642791748047,15764300
2025-05-22,95.16753235334049,96.9729300538475,94.13017445608618,94.58900451660156,13245200
2025-05-23,92.02554118873284,93.60152014078336,90.69891930003955,93.13272094726562,16545000
2025-05-27,94.93812335455279,96.45425729377592,93.950641330914,96.13507080078125,17612600
2025-05-28,96.45424489386805,96.96295091762003,95.35704194087783,95.9355697631836,10500300
2025-05-29,98.339452920732,99.37681091717117,95.8657595223054,96.55400848388672,14628700
2025-05-30,95.79592662909849,96.36447773721454,91.9856350110213,94.21994018554688,23758200
2025-06-02,94.33963904084393,98.98779229890124,94.16009618306457,97.93048858642578,16850300
2025-06-03,98.11003677921897,102.66842266126459,96.71359309944447,101.99015045166016,22757600
2025-06-04,102.11981806236142,103.64593625225615,101.44154584796573,102.98760986328125,14595900
2025-06-05,106.0298589195799,108.75291680793276,105.26181148747631,106.01988220214844,28833700
2025-06-06,107.80533512187823,110.76778859602584,107.76543586178802,108.28411102294922,20710100
2025-06-09,109.23169456091533,112.24401621606468,108.30405774879887,110.66802978515625,20159700
2025-06-10,111.24656957675042,114.6279540212347,110.94733652741913,113.84993743896484,22949400
2025-06-11,115.30622276997023,116.96200784426675,114.43843858212125,115.7351303100586,21614100
2025-06-12,113.82001119197501,116.18399101581271,113.23150661042641,115.88475036621094,17076500
2025-06-13,113.5107999639708,116.80240901691197,113.37115635863422,115.30622100830078,17453000
2025-06-16,117.51059873678636,120.65259494253044,117.02184613900565,119.53543853759766,21374100
2025-06-17,119.2960471945438,123.19611397846411,119.04668254421658,120.03416442871094,20837700
2025-06-18,120.15386218770422,122.66746212433851,119.87457499696824,121.51040649414062,20180000
2025-06-20,122.45799615889665,123.84447069545367,120.07407057381874,123.285888671875,29290400
2025-06-23,123.3557080859994,124.19357730014748,119.50551712980777,121.7697525024414,23399200
2025-06-24,124.79205828108068,127.77446526648045,124.64243795442086,127.58494567871094,26420600
2025-06-25,126.2882399286074,127.17597751579959,125.30075799869803,126.9266128540039,39407000
2025-06-26,129.20081440887657,129.52000847430935,123.47540403526999,125.6797866821289,62678100
2025-06-27,124.82197129489676,127.21587350867402,123.07641870714328,124.44293975830078,36888600
2025-06-30,124.5825834564367,124.76212631286411,121.54033161419572,122.93677520751953,22799700
2025-07-01,122.03905996527712,123.67489148429964,118.77737364417884,120.58277130126953,24825800
2025-07-02,120.19376409478022,122.68741065276322,117.7599626189871,121.43061065673828,29303800
2025-07-03,122.01911678794396,123.31580844894964,121.52038746986359,121.97921752929688,13247900
2025-07-07,120.98581969925434,121.31529273054547,118.71946053202949,119.72783660888672,19148400
2025-07-08,122.2537748433161,125.24896744168727,121.7545760769209,124.22061920166016,26238200
2025-07-09,124.61998843097138,125.94785907032757,121.08566000429907,122.04412078857422,20464000
2025-07-10,124.08084300092852,124.15073052288626,121.82446246502775,122.9127197265625,15378400
2025-07-11,121.9342962008174,124.61000207471105,121.04572294579015,124.33045196533203,15820600
2025-07-14,120.18709749227783,120.24700652653048,116.83248102655125,118.41993713378906,32117700
2025-07-15,120.74620569355781,121.19548155743294,118.92912240368499,119.91753387451172,24958900
2025-07-16,118.83925548832825,118.89915690198464,114.62601673867431,116.24342346191406,30614800
2025-07-17,113.74743098723327,114.01699496899151,110.77220299393423,113.07850646972656,34702400
2025-07-18,114.05693440015412,114.61604220989247,113.0984736626769,114.20669555664062,19349900
2025-07-21,113.40796956278606,115.73423759039883,112.48944568123572,113.04855346679688,22189800
2025-07-22,112.67914942545524,112.81892447472298,107.95672560695013,109.04498291015625,27917600
2025-07-23,109.26462491271869,110.11326126486925,108.70551713265922,109.65399932861328,17810000
2025-07-24,110.88202460783144,112.54935423233503,110.0733250652541,111.55095672607422,20293100
2025-07-25,110.81214682882081,111.32133173458458,108.65561198663933,111.08171844482422,16372300
2025-07-28,111.54097965207745,111.82052975772471,109.68395953065601,111.07173156738281,12932300
2025-07-29,111.87044598106066,113.35805616393347,110.49265251839591,111.78058624267578,16653300
2025-07-30,112.4195668565619,114.70589824655639,112.22987649456549,114.55613708496094,16378800
2025-07-31,112.01021858829448,112.09008459969269,106.76863168400975,108.96510314941406,29224300
2025-08-01,105.32095241882728,106.32933604843181,103.21433303891678,104.71192932128906,24003300
2025-08-04,105.85010950926048,107.70712964250797,105.29100929440547,107.59730529785156,14780600
2025-08-05,109.12485190706133,110.46270092669104,106.65880881562745,108.8852310180664,17836000
2025-08-06,107.72709528657548,108.78539423359429,106.57893660069861,108.60568237304688,13021900
2025-08-07,113.95709391375526,115.09526649306555,110.61246369851297,111.69073486328125,18986500
2025-08-08,111.9902457315835,119.13877548684796,111.49104698165168,118.69947814941406,28962200
2025-08-11,124.76974839484744,127.07604439679312,121.45506869133501,123.5217514038086,35065800
2025-08-12,124.50017248594189,128.34400917952718,122.84283649992132,127.5452880859375,25961200
2025-08-13,127.37555509737471,128.39392481474198,123.15233031355108,124.07085418701172,18438200
2025-08-14,123.00256349629244,125.53849394784956,121.20545264631986,125.08921813964844,12235900
2025-08-15,122.9726173410059,123.18227990040123,119.24859895905308,120.67630767822266,18986700
2025-08-18,121.15554108489653,123.48180920290093,120.4666519555499,123.35202026367188,12208800
2025-08-19,122.74298904439057,124.04090120248529,121.11559627149134,121.85441589355469,11491200
2025-08-20,118.50978890127986,118.71945909477704,113.2781877501083,117.02217864990234,25795000
2025-08-21,116.81250646133083,117.54133998140432,115.42473455804404,115.60444641113281,13174900
2025-08-22,117.46146622519845,120.50657399948207,116.32329369594028,117.49141693115234,17038300
2025-08-25,117.49142729507604,117.89078784974842,115.91395729356309,116.23344421386719,8674800
2025-08-26,115.90396968724383,118.17033642585102,115.62441958773626,116.31331634521484,12584300
2025-08-27,116.66275808007867,118.53975044376703,116.25341902485398,117.56131744384766,15349300
2025-08-28,118.68950121209681,122.37359070873697,118.53974766928138,121.80450439453125,17295500
2025-08-29,122.40354143628785,122.57326719628436,117.87081552192467,118.81929779052734,16774000
2025-09-02,115.67434153318575,118.37001188951425,114.06692085746202,118.29014587402344,13771900
2025-09-03,119.16872844126564,119.24860207088201,117.11203199024,118.52975463867188,14101300
2025-09-04,118.65955176110931,124.21064752775997,118.3300787290855,124.0109634399414,18589100
2025-09-05,127.56524026756098,131.199414034169,125.45862863219739,131.1594696044922,28416000
2025-09-08,130.3407984782381,132.04804969566996,128.19423468288713,131.2493438720703,19492600
2025-09-09,131.54885060407466,137.77885655892658,131.34917414868275,135.02328491210938,20705000
2025-09-10,139.79562224003186,142.01206590916595,138.11830651788372,139.77565002441406,25791300
2025-09-11,147.48329607119376,156.0096049518913,147.3734717247923,150.3287353515625,52446400
2025-09-12,153.3039618307647,158.0263784381412,152.96451028683336,156.97805786132812,32288300
2025-09-15,156.70849702117212,160.08307061489938,156.2991503410368,157.51719665527344,20101400
2025-09-16,157.72685564060723,159.30432574731907,156.91815598591234,158.56552124023438,16911600
2025-09-17,157.1577748602493,160.33267201653447,155.01121081151678,159.733642578125,18843600
2025-09-18,162.7288150539684,170.17685192055103,162.33944063584235,168.61935424804688,28212800
2025-09-19,162.4891799776702,163.43765447905983,159.12458554989416,162.46920776367188,37309900
2025-09-22,164.11658027131574,166.99195461291254,161.33104281104642,164.35618591308594,25851200
2025-09-23,165.4144846874973,168.7191930934654,164.96520887511787,166.14332580566406,43316500
2025-09-24,164.81546140488084,165.7339852783028,158.04632756226096,161.45086669921875,57096400
2025-09-25,157.137805078906,158.69530297099885,154.40219004129474,156.57870483398438,32209200
2025-09-26,158.2659716948387,158.6653245903275,154.9313125567278,157.01797485351562,24045000
2025-09-29,159.7436001992301,165.53430875331955,159.71364949293968,163.63734436035156,26506500
2025-09-30,163.84701714963748,168.67925747642548,163.6972636157991,167.0518798828125,20092500
2025-10-01,165.33462730297458,182.09771413913674,165.234781462133,181.85809326171875,41674800
2025-10-02,184.66360353559105,185.88163443855487,180.9196130072508,183.45553588867188,25122200
2025-10-03,185.0290190063793,191.66252977109554,184.7392938585731,187.64645385742188,29399300
2025-10-06,194.8194216803748,200.80357346188558,189.2448728863467,190.7733917236328,36392300
2025-10-07,194.659597366786,195.1091545749832,183.06094212713188,185.508544921875,27828200
2025-10-08,188.80532109762163,196.75753390743984,188.61550432998132,196.34793090820312,26833900
2025-10-09,192.78141800674848,196.42784488465193,189.31480790372422,192.1420440673828,19721500
2025-10-10,192.7714297792327,193.2509564141112,179.43447043743328,181.4225311279297,26990300
2025-10-13,190.60354324747644,193.21099322764917,187.80629175017626,192.5816192626953,20928400
2025-10-14,186.77728888413273,192.27191368073386,186.06797606672038,186.87718200683594,15912400
2025-10-15,192.29189171692144,192.69150995714887,187.23683911809295,191.75242614746094,17793100
2025-10-16,199.7646115421119,206.13836682363421,195.00925312122828,202.33209228515625,42041300
2025-10-17,199.08525899267423,203.19124324088818,195.3589082800716,202.18223571777344,23283100
2025-10-20,209.4551226526565,214.54014501568494,205.2991841710047,206.5679473876953,23268400
2025-10-21,204.10034584918608,205.66880360125717,200.64372051197603,202.09230041503906,13717300
2025-10-22,202.05235153491253,205.3790991273979,192.21197133294183,198.2760467529297,21949800
2025-10-23,196.50776830369242,208.79575095407105,195.0092342059359,206.50799560546875,19397900
2025-10-24,212.18245825606303,219.60520580985403,209.77480957720812,218.8059844970703,25821800
2025-10-27,224.59030693239927,224.7601389743725,215.52917831725236,219.88491821289062,23873100
2025-10-28,218.71604693246775,222.68216853461456,217.34739062053072,221.69314575195312,14957500
2025-10-29,228.83615687073262,232.17288931669233,225.87905796140856,226.40853881835938,23217300
2025-10-30,225.8790611560944,227.17777860086846,220.52429833884793,223.7910919189453,14795100
2025-10-31,227.52743694148873,231.0240166529935,218.60617088033933,223.55133056640625,16320000
2025-11-03,233.65146654717591,237.3878022102938,231.57349721204508,234.4706573486328,21199300
2025-11-04,221.92290908729885,228.4465263080595,217.18753584959745,217.81692504882812,23696200
2025-11-05,225.44947232395214,239.64559294855908,224.51038845760846,237.26791381835938,28617400
2025-11-06,237.60758027137086,246.1692130268753,234.65048130528328,238.09710693359375,32016800
2025-11-07,233.80128695335694,242.31296483285828,226.1787386887463,237.68748474121094,30613800
2025-11-10,247.71768201485662,256.8187796646657,247.5678194595284,253.05245971679688,27870600
2025-11-11,248.09730455970475,249.7457012334536,238.556634306757,240.87437438964844,22622500
2025-11-12,244.66067504882812,248.9464913523168,240.6046449625146,244.66067504882812,17263100
2025-11-13,243.3619554618112,249.25618377004466,229.93508685096947,236.71844482421875,32324600
2025-11-14,231.22381589110122,254.92063709442598,231.0040296633094,246.5887908935547,36171100
2025-11-17,246.67870651848116,260.3253463021206,239.22600501020358,241.71356201171875,30304400
2025-11-18,235.2498775452143,238.69650305197035,225.29961929538163,228.27670288085938,33843900
2025-11-19,226.68825676423654,234.12098849287156,216.14856366096723,225.69921875,35256600
2025-11-20,230.01501657820896,230.3746653984946,199.40495838058808,201.1732177734375,47420700
2025-11-21,204.3301372331983,211.79283895748407,192.40180226044018,207.1673583984375,36679700
2025-11-24,213.20145759092787,225.88904399410598,212.15248061108522,223.71116638183594,33052800
2025-11-25,219.00578391391085,225.96897419180982,215.78892921261985,224.3105926513672,17441600
2025-11-26,229.3955991936823,233.6014916824619,225.77914171330642,230.03497314453125,17817600
2025-11-28,235.38975637494494,237.86734399049777,233.24186336930518,236.24891662597656,12914700
2025-12-01,232.06299193783067,242.123158522861,231.27377065887114,240.2250213623047,18238200
2025-12-02,238.51668385661696,244.13118688757797,234.10100508841109,239.25596618652344,18166200
2025-12-03,236.1589994404211,237.56762524908828,227.86710713906936,233.93118286132812,19188200
2025-12-04,230.05497023211262,233.93118359214208,223.1117647886667,226.4285125732422,23513900
2025-12-05,228.72625215096468,240.33490669859188,226.46846625744834,236.98817443847656,21161000
2025-12-08,243.25207000901648,248.98645119445882,241.3739022442043,246.6787109375,20495400
2025-12-09,244.25108137328118,255.26030127117303,242.59269992437095,252.17332458496094,17067100
2025-12-10,254.88066906443308,264.491262663534,250.33511268187462,263.4522705078125,21960700
2025-12-11,261.2744353346599,262.59315276624574,251.304191918892,258.2074279785156,18867000
2025-12-12,255.42015800645552,255.57002057311084,239.08614433698853,240.90435791015625,25936900
2025-12-15,246.86852348830158,249.8655918733756,235.76937962582238,237.26791381835938,27483600
2025-12-16,235.56958476264143,239.16605777988477,230.35468440595395,232.2827911376953,22577300
2025-12-17,236.3288263643656,237.21795602868477,221.4733625059069,225.29962158203125,41957100
2025-12-18,256.2793111195796,263.3923483958844,244.76057974925737,248.30711364746094,65006100
2025-12-19,251.50396087548447,268.1177130002352,251.50396087548447,265.6601257324219,62312100
2025-12-22,276.8791524562695,279.71637344249024,268.0278254169774,276.3197021484375,30961900
2025-12-23,275.6503664329825,281.584533429657,272.05387848972947,276.0,20767600
2025-12-24,277.7283605477154,289.01730689286074,276.9790933879643,286.3998718261719,18592600
2025-12-26,290.55579464363353,290.5857641088608,283.14306235836034,284.51171875,17878500
2025-12-29,280.16918631071405,294.33107166805104,278.3402494382078,294.2011413574219,26642900
2025-12-30,294.53094747936166,298.6585525437395,291.8424882497347,292.4621276855469,23056400
2025-12-31,293.00183505456795,293.00183505456795,284.01697147079557,285.24627685546875,17573800
2026-01-02,294.96070539878707,315.4189641311382,294.6908407625547,315.23907470703125,42604300
2026-01-05,324.9435130260007,325.3432774893249,309.3724325039071,311.970947265625,34608600
2026-01-06,318.09740553134617,344.3523237814261,317.8775305225872,343.23297119140625,48732400
2026-01-07,340.5145629025716,346.1013528628384,336.9865889026152,339.355224609375,32781100
2026-01-08,342.7032929471581,343.4628667412315,321.1756405999752,326.8323974609375,33897700
2026-01-09,332.55914097380867,345.6016435437512,326.00290610415817,344.8920593261719,33387500
2026-01-12,340.3546446314014,348.27011505365033,339.1253696927705,345.6716003417969,23152600
2026-01-13,346.07134975032386,351.0285263851163,335.027700830214,337.93603515625,23881300
2026-01-14,334.64791847425715,338.9054845247233,328.0117433088152,333.1587829589844,20277200
2026-01-15,345.1318804013174,347.57048308145306,336.0770803103486,336.4368896484375,25370200
2026-01-16,352.89747237125545,365.60017353473944,351.83808281395886,362.54193115234375,47901900
2026-01-20,364.4708256342844,381.34114876665075,361.14274901993673,364.7906494140625,49744900
2026-01-21,372.6361277659507,393.9738868432153,366.5196432679402,388.88677978515625,56712800
2026-01-22,396.412465523718,397.5517956550272,376.70377750604916,397.3518981933594,39607600
2026-01-23,396.93218392852526,412.19341373986845,390.5158531620237,399.4207458496094,35404200
2026-01-26,395.2731172676128,397.77168311633346,384.07953006531557,388.8667907714844,29193900
2026-01-27,404.37789377881177,416.2111289816921,399.3707883450681,410.0046691894531,36212100
2026-01-28,422.1977027938172,438.6882388600938,416.7608205840813,435.03033447265625,42725700
2026-01-29,439.11797215172794,444.4549054636323,417.4604191603535,435.5400390625,42675700
2026-01-30,446.213872214534,455.2386907026428,406.896444277963,414.6419982910156,51022900
2026-02-02,411.9435595687579,442.17620767974205,409.7648173720168,437.5488586425781,37771200
2026-02-03,441.9063703526014,442.04627418529253,407.2962300497463,419.19940185546875,42763300
2026-02-04,410.3544851484294,412.7631064514113,363.6912637248487,379.182373046875,58074900
2026-02-05,369.4079721128486,390.70574573939183,365.7900535127613,382.6703796386719,38899500
2026-02-06,377.7531825675145,396.42245965517907,372.65610203071327,394.4635925292969,37196000
2026-02-09,380.47161322303185,391.5852291681203,370.46734586775284,383.2799987792969,31009600
2026-02-10,375.7743071367975,382.57042468123126,365.8500107072858,373.035888671875,35433800
2026-02-11,395.16320828074083,413.9224303228854,386.34826035041203,410.1046142578125,48475000
2026-02-12,422.00779323564984,438.51830622069866,410.9241582290314,413.7325439453125,45639100
2026-02-13,404.95756887926956,420.63857089338137,392.4847169378131,411.4238586425781,33807600
2026-02-17,400.72000141223486,413.42270159621324,395.07321821669467,399.5506591796875,28549500
2026-02-18,399.27084855466524,427.60459321919745,394.37366527315834,420.70855712890625,32306600
2026-02-19,415.57147057513606,420.0788931999249,407.5060925636198,417.110595703125,21651300
2026-02-20,414.94180890810406,430.3229944902613,414.91182733874604,427.92437744140625,29894900
2026-02-23,422.0677739009512,431.4524027339767,415.06178485521286,420.7285461425781,25426600
2026-02-24,428.9737943955014,436.0197382131025,411.0440825999938,417.7702331542969,33389200
2026-02-25,426.25534036276224,436.63939483015685,422.7573481206294,428.75390625,27296300
2026-02-26,424.5963003584035,433.7510496751504,401.7294198641812,415.3216247558594,35433500
2026-02-27,401.57951318695996,417.72024319947496,400.94986968460194,412.1334533691406,28653900
2026-03-02,401.2397011646354,417.37042672265255,396.77226412439063,412.43328857421875,30049200
2026-03-03,386.3282739254194,389.86625202405895,374.3351567775591,379.46221923828125,39010900
2026-03-04,393.41418564005653,407.6460064740802,387.3876157362462,400.5400695800781,32644900
2026-03-05,398.3713643086784,404.2979554687848,380.08184311044465,396.8222351074219,29960100
2026-03-06,379.9219681112347,390.9556136587371,367.23924459596833,370.08758544921875,34458800
2026-03-09,363.75121121460063,389.7762822955878,357.46484133968016,389.0966796875,35547200
2026-03-10,393.7839979982904,415.0717677060177,393.414215117463,402.8787536621094,33745400
2026-03-11,410.53435883479557,422.507497721878,405.55723503454624,418.4498291015625,30191400
2026-03-12,409.7647884145985,413.49265954288353,396.4424490795891,405.1174621582031,31720900
2026-03-13,413.51268551318486,429.1037439249959,412.76311569050233,425.8855895996094,39261000
2026-03-16,445.90408477349564,454.5990761239972,437.4989051179596,441.54656982421875,43067600
2026-03-17,452.2803956477197,462.464552294265,444.88464697556566,461.4251403808594,43017900
2026-03-18,464.4934096077029,471.0696217040618,458.03709329569284,461.46514892578125,58973700
2026-03-19,424.7262202254473,456.95772024409706,420.8684186267436,444.01513671875,74591900
2026-03-20,443.6653716790131,448.8423930033044,415.1217262287037,422.65740966796875,64224900
2026-03-23,425.90552375147496,444.0151239422344,401.2896484027503,404.1180419921875,54807300
2026-03-24,401.0498330246347,404.7477229826018,388.68693307608254,395.3031311035156,44975100
2026-03-25,382.78030075097894,388.6969182975011,371.1669711800078,381.8708190917969,55328700
2026-03-26,369.80774961984406,374.0353343184194,349.79924385156124,355.256103515625,54515900
2026-03-27,359.6535760842338,368.48853245801337,353.8569150607854,357.0151062011719,45806700
2026-03-30,362.6042190325812,362.75418985689373,318.3510173743371,321.75048828125,73833200
2026-03-31,321.6205585497994,337.7880554199219,311.442100475299,337.7880554199219,73551800
2026-04-01,348.85633726392524,377.831890789038,342.94724262880413,367.7934265136719,74429800
2026-04-02,341.28749103387474,366.88355931551865,340.1476822566628,366.18365478515625,51498700
2026-04-06,373.742491438278,385.0207551752209,370.55297966973916,377.701904296875,41414900
2026-04-07,374.07246056759936,379.1916681868341,364.04400448577076,377.52191162109375,40224100
2026-04-08,415.06615180551705,415.9360131047082,398.8186512936144,406.6674499511719,49216600
2026-04-09,407.5473035457694,423.87480942392403,398.378730785287,421.4451904296875,43101000
2026-04-10,420.2253879207372,423.7948158346493,409.98694159720065,420.52532958984375,36377600
2026-04-13,416.4059702509256,426.8143734072892,408.43719439316766,426.4944152832031,37015800
2026-04-14,434.2832257109763,465.7083860920208,424.79466402959326,465.5884094238281,52534900
2026-04-15,457.5596296769996,463.87866509856457,439.25244786438594,456.15985107421875,40370100
2026-04-16,452.89033559558965,462.2688980280435,444.31166844744615,457.1596984863281,33626400
2026-04-17,466.77821786855947,470.8975794478363,452.1304767239016,455.0000305175781,33405000
2026-04-20,458.17951836169027,464.4885454042651,435.83294982510625,448.3510437011719,32013600
2026-04-21,451.250617253604,457.7496178840842,441.232138291909,449.3109130859375,27734000
2026-04-22,462.85881612563526,491.90436792911254,458.4894929052389,487.4050598144531,45998100
2026-04-23,482.2058465155727,493.54409928872667,471.7274468681773,481.64593505859375,38178000
2026-04-24,495.8437509516432,506.9120254195625,489.28473167521884,496.64361572265625,35379600
2026-04-27,510.4814625795857,531.2782508923513,509.9415370994553,524.4793090820312,41298800
2026-04-28,503.4625787071371,518.7502360925458,488.15493538178663,504.21246337890625,44816600
2026-04-29,525.9191288334299,530.938376549403,508.72176108467283,518.3803100585938,36248500
2026-04-30,529.6585268720199,535.4176508639232,502.5026998725388,517.0804443359375,36554400
2026-05-01,511.701303890077,545.8260301905997,510.13153798121783,542.1266479492188,40215300
2026-05-04,560.5137893132991,592.7088511115685,557.6742601074695,576.3613891601562,46043700
2026-05-05,609.6862575628963,651.6397659140443,605.3768617682681,640.1015625,64268500
2026-05-06,660.2684733246462,667.567338856077,627.4835362552068,666.487548828125,55725800
2026-05-07,649.7300987842582,682.9849944681508,635.3222803012311,646.5305786132812,47527500
2026-05-08,676.3459662365216,747.0950922801325,676.1060129154682,746.6951293945312,65130900
2026-05-11,792.858027429677,818.5440789846186,767.8818886525323,795.2077026367188,70972900
2026-05-12,774.5809049006259,782.6396632639393,706.491338412229,766.462158203125,73743000
2026-05-13,813.0349112689491,814.8246750281264,779.3500902617413,803.5064086914062,54875100
2026-05-14,787.4988861690728,811.8751422431137,775.5107395840645,775.8906860351562,42142700
2026-05-15,732.4573405930316,749.474742504196,718.8894202889641,724.5485229492188,48519000
2026-05-18,750.3446270815475,756.8835994856332,663.1480150050809,681.4351806640625,60042500
2026-05-19,665.4776931146919,725.8384071571451,652.1097534544188,698.632568359375,61792100
2026-05-20,734.8470164803746,735.566876482725,700.5522415362531,731.87744140625,48827400
2026-05-21,736.2467558691484,764.7824063528074,732.0874224003402,761.9827880859375,42461500
2026-05-22,756.703633887413,780.0800437126234,747.0851180015923,750.884521484375,36002900
2026-05-26,820.373834573117,916.6590146524127,820.1738531212661,895.7422485351562,76560800
2026-05-27,955.5130216924548,956.0129448076547,888.0134539398174,928.2672119140625,72295700
2026-05-28,929.6870178621832,949.3439674852925,904.6408825248693,923.3779907226562,49694300
2026-05-29,956.8528605185135,980.849170500169,940.3654056327412,970.8507080078125,60498600
2026-06-01,1009.5647539871434,1046.8090278226243,1009.344817098473,1035.3408203125,46552100
2026-06-02,1049.8384727869006,1076.3944455023225,1017.0435307945203,1063.936279296875,47555400
2026-06-03,1078.844080247331,1089.1225286874078,1038.3403000869419,1079.4039306640625,40324200
2026-06-04,1006.9451317330635,1036.2106509339512,971.5305947237666,995.8468627929688,54917200
2026-06-05,944.2547879371384,961.7420884378228,863.8771362304688,863.8771362304688,77250500
2026-06-08,938.1257167401803,962.8019137156274,916.3590453651269,949.134033203125,54097800
2026-06-09,988.0280306394972,988.9979132065755,854.218593891356,935.74609375,73448600
2026-06-10,904.9908214103338,957.3327470461569,883.1141810553139,891.7428588867188,55712600
2026-06-11,904.2309280744469,996.616743925406,895.3622969166971,995.7168579101562,59418900
2026-06-12,971.6605645390866,1012.4642868369024,960.0423562021971,981.4590454101562,40785200
2026-06-15,1055.7275939797146,1097.3011540611717,1051.338254618575,1087.8226318359375,44994600
2026-06-16,1099.5308285965202,1110.2292562771695,1019.8431344598333,1020.60302734375,45499800
2026-06-17,1061.136863835972,1093.5018817580628,1013.9840809607729,1043.029541015625,46149200
2026-06-18,1107.8994950196334,1149.2532401330302,1092.6219382580323,1133.8155517578125,64642500
2026-06-22,1196.036022632204,1213.3734440603093,1168.390250085504,1211.1937255859375,53140800
2026-06-23,1079.833915576653,1124.8269953923468,1038.3402975244019,1051.6082763671875,60243300
2026-06-24,1082.05353141983,1083.1533378357715,990.9475500402298,1048.3487548828125,68935700
2026-06-25,1232.810364629667,1254.8069810301963,1136.1352941340788,1213.3734130859375,82143900
2026-06-26,1138.9048461164418,1198.525684121708,1121.187599491604,1132.1558837890625,86405300
2026-06-29,1128.526353776065,1148.6133517516635,1023.492584008156,1145.1038818359375,60694100
2026-06-30,1144.55396024363,1168.500350785656,1124.4871000242297,1154.112548828125,42152600
2026-07-01,1081.8436734177803,1096.8313592555164,1032.0412720759573,1032.121337890625,51328100
2026-07-02,1041.3398351432643,1064.47629125389,950.1338925088278,975.4099731445312,61316900
2026-07-06,1007.0,1019.0,980.8499755859375,984.75,37115800
2026-07-07,923.010009765625,942.02001953125,891.6599731445312,938.3800048828125,52367500
2026-07-08,902.6400146484375,959.0,900.4099731445312,948.7999877929688,42979000
2026-07-09,1016.510009765625,1035.5,987.1300048828125,991.6400146484375,41110700
2026-07-10,964.97998046875,998.0,954.1300048828125,979.2999877929688,31768100
2026-07-13,929.0,943.5,902.5999755859375,937.0,35536200
2026-07-14,988.3800048828125,994.7999877929688,950.0700073242188,983.1199951171875,30835200
2026-07-15,975.8099975585938,978.4000244140625,873.6300048828125,904.280029296875,54779200
2026-07-16,866.77001953125,887.7100219726562,840.510009765625,853.2000122070312,46718000
2026-07-17,822.530029296875,903.9600219726562,804.0,848.9500122070312,63346300
2026-07-20,885.5700073242188,901.0,858.9000244140625,865.4600219726562,37705200
2026-07-21,925.3499755859375,982.8800048828125,916.5700073242188,970.8200073242188,49369000
2026-07-22,938.25,982.6199951171875,936.0599975585938,959.47998046875,31588600
2026-07-23,975.1300048828125,1011.77001953125,964.4000244140625,990.2100219726562,40196300
2026-07-24,959.030029296875,967.1400146484375,904.0,920.9500122070312,40803100
2026-07-27,932.4500122070312,935.0,854.7899780273438,900.2000122070312,47591200
2026-07-28,839.6099853515625,848.3599853515625,789.0900268554688,820.530029296875,61039300
2026-07-29,833.0,841.7999877929688,737.8800048828125,739.0,69846000
2026-07-30,793.1400146484375,882.5,789.0,874.6599731445312,63075300
2026-07-31,919.6500244140625,930.8800048828125,818.0,823.030029296875,54538600
2026-08-03,786.3599853515625,836.6199951171875,770.0999755859375,829.5,42607100
2026-08-04,866.8200073242188,902.4299926757812,858.5,892.6699829101562,37478600
2026-08-05,885.2999877929688,928.97998046875,881.2000122070312,893.1900024414062,34720300
2026-08-06,843.1099853515625,913.3300170898438,827.0,881.469970703125,35784100
2026-08-07,903.5999755859375,904.7999877929688,847.02001953125,877.5700073242188,34568500
2026-08-10,863.6699829101562,894.989990234375,854.4000244140625,861.0,27818600
2026-08-11,871.7999877929688,879.0,844.6199951171875,868.52001953125,29438300
2026-08-12,912.9400024414062,935.7999877929688,899.5399780273438,911.2899780273438,36804900
2026-08-13,912.8900146484375,978.0,906.5,949.8300170898438,36704700
2026-08-14,979.3200073242188,984.0,956.2000122070312,971.6599731445312,27881100
2026-08-17,999.5499877929688,1036.1300048828125,995.260009765625,1011.75,33430500
2026-08-18,957.0999755859375,978.6699829101562,926.6400146484375,940.760009765625,37306000
2026-08-19,959.3599853515625,960.0,915.1799926757812,937.1099853515625,26901900
2026-08-20,935.010009765625,977.280029296875,929.0700073242188,974.3300170898438,25055000
