Date,open,high,low,close,volume
2010-01-04,40.16852008052306,40.30724135895276,40.11649836084587,40.24654769897461,62822800
2010-01-05,40.2205384928241,40.31590999187754,40.02112686179242,40.24654769897461,62935600
2010-01-06,40.22921982094223,40.35926918941906,39.94310525701472,40.0037956237793,96033000
2010-01-07,40.06448538375567,40.116507114784675,39.81305197818079,40.02980422973633,77094100
2010-01-08,39.94309671566927,40.35926055908203,39.82171600809591,40.35926055908203,88886600
2010-01-11,40.411305709401084,40.437314931138914,39.98646967920709,40.19455337524414,104673400
2010-01-12,39.951790158981446,40.003808600295244,39.474932397751516,39.69168472290039,90673900
2010-01-13,39.81305316122645,40.307251352244926,39.54428247803226,40.18586730957031,100661000
2010-01-14,40.10784603909217,40.333270293915646,40.07316818305438,40.220558166503906,75209000
2010-01-15,40.28990925852064,40.3592682586333,39.57896214363734,39.75236129760742,126849300
2010-01-19,39.84773103014696,40.4372973878673,39.839062395787856,40.39394760131836,84388200
2010-01-20,40.10783249110859,40.40261566581093,39.38821678389141,39.81304931640625,145680000
2010-01-21,39.92577343734315,40.18587553872637,39.27551653019627,39.440250396728516,204939600
2010-01-22,39.310183964250044,39.431564682014525,38.18307304695293,38.287113189697266,171098700
2010-01-25,38.52122311134608,38.66861310345688,38.25244904014771,38.41718292236328,154218700
2010-01-26,38.373823749556294,38.92004044333607,38.19175262075552,38.45185470581055,140816500
2010-01-27,38.382503411733595,38.88536710297924,38.15707913394428,38.75531768798828,161632700
2010-01-28,38.49519157211103,38.52120077743256,37.55882049202338,37.75823211669922,221439800
2010-01-29,38.07036479042767,38.1657363089384,36.96059433657953,37.09931564331055,212099600
2010-02-01,37.19469254453502,37.524153628589374,37.17735196526206,37.506813049316406,136827100
2010-02-02,37.56750517283199,37.95765661447655,37.307399801899386,37.844947814941406,110727700
2010-02-03,37.66286203128191,38.12237895588765,37.64552145795941,38.053016662597656,93581600
2010-02-04,37.77557479835196,37.853605726049004,36.9519157409668,36.9519157409668,151652500
2010-02-05,37.04731243199132,37.29874595968152,36.5184361521528,37.26406478881836,213618600
2010-02-08,37.20335721178866,37.43745004593567,36.96926437764166,36.99527359008789,94354400
2010-02-09,37.43744512004929,37.72355634144326,37.07329965683015,37.37675476074219,118956000
2010-02-10,37.376744597312616,37.5501469942001,37.064620944390285,37.29871368408203,94102900
2010-02-11,37.30740408084987,37.96633291196806,37.07331120458769,37.86228942871094,93050800
2010-02-12,37.52413620065936,38.04434341510821,37.42009608071991,37.94029998779297,93938500
2010-02-16,38.2177619574152,38.45185149927959,38.01834695787902,38.42584228515625,83861400
2010-02-17,38.59922454034985,38.642574310302734,38.373800444794156,38.642574310302734,82691700
2010-02-18,38.61658240983788,38.95471539727783,38.53855146601505,38.885353088378906,65752600
2010-02-19,38.781308598175706,39.05875118801034,38.68593708778695,38.868011474609375,80416500
2010-02-22,39.02408286098558,39.04142344197054,38.633931364645875,38.78999328613281,72055000
2010-02-23,38.76396742693338,38.78997994315184,38.105042113050544,38.287113189697266,95814400
2010-02-24,38.48652595855166,38.833330854268524,38.42583559790769,38.677268981933594,86591000
2010-02-25,38.269774848436285,38.755301055210275,38.00100418837755,38.66859817504883,97961300
2010-02-26,38.65993350548558,38.894026344863796,38.49520297734997,38.80732345581055,66222400
2010-03-01,38.980736730610886,39.440253901512285,38.97206809299144,39.37089157104492,77290100
2010-03-02,39.50961582192557,39.75237738160766,39.40557562597299,39.49227523803711,76368500
2010-03-03,39.58761665223965,39.72633791034159,39.38820505042909,39.53559494018555,65735500
2010-03-04,39.561628315942244,39.717690227040826,39.362216608955706,39.66566848754883,54470900
2010-03-05,39.960437541892105,40.35059218111348,39.87373798089902,40.26388931274414,68136300
2010-03-08,40.28122097517383,40.43728279633748,40.263880405336145,40.34191131591797,58712400
2010-03-09,40.25524744946767,40.792792361321666,40.22923822534877,40.5673713684082,98002800
2010-03-10,40.59336440204393,40.992187780564144,40.57602382375473,40.89681625366211,102578900
2010-03-11,40.80144541816859,41.05287551879883,40.73208310945893,41.05287551879883,67510300
2010-03-12,41.182919403244746,41.208928609770616,40.83611454847746,41.06153869628906,64068300
2010-03-15,40.97483390835356,41.07887734433279,40.67138215518761,40.957496643066406,60150500
2010-03-16,41.08756053285573,41.2783035923485,40.94883920978206,41.217613220214844,74950600
2010-03-17,41.278292406587504,41.52972577007948,41.208930110158136,41.3303108215332,75643500
2010-03-18,41.36501168155699,41.51240497801907,41.269640132207044,41.46905517578125,77829400
2010-03-19,41.59141707887539,41.61745736368214,41.07065773544054,41.21820831298828,86337100
2010-03-22,41.0532857012308,41.756313572953275,41.00988965478262,41.59140396118164,71902800
2010-03-23,41.65216904131206,41.92122655873937,41.46122243340366,41.877830505371094,59182600
2010-03-24,41.80840704173526,41.80840704173526,41.582745508207616,41.678218841552734,62995700
2010-03-25,42.02539684773268,42.18162535958291,41.57407371450773,41.617469787597656,76294800
2010-03-26,41.79106114024702,41.94728966611365,41.43520801153045,41.66086959838867,78067900
2010-03-29,41.869170092442154,42.0080395077194,41.74765645703003,41.86048889160156,57993300
2010-03-30,41.99067742684748,42.138224721550664,41.71293861607038,41.99935531616211,49437300
2010-03-31,41.869160926749565,42.05142637360547,41.721610342932415,41.79972457885742,59947400
2010-04-01,41.973312137680466,42.268409994407456,41.47858974712454,41.79972457885742,83728600
2010-04-05,41.89520210148429,42.285773320261605,41.78236968030247,42.19029998779297,56220300
2010-04-06,42.09482969626402,42.442004873792236,41.99935635689837,42.31181335449219,54097100
2010-04-07,42.25106056164086,42.415966959204226,41.98199961844038,42.207664489746094,77211500
2010-04-08,42.08615505791985,42.37257178723483,41.86917138292954,42.303138732910156,68314300
2010-04-09,42.3118270011795,42.57220681285113,42.207675738692636,42.554847717285156,54227300
2010-04-12,42.57219474236366,42.70238626674077,42.47672139927486,42.58955383300781,44280600
2010-04-13,42.54613893207829,42.832555523676454,42.40726957929295,42.8065185546875,59376000
2010-04-14,43.032202058112645,43.327296664219816,42.962765696034744,43.31861877441406,69004800
2010-04-15,43.28389479572904,43.56163358502308,43.28389479572904,43.509559631347656,72254200
2010-04-16,43.353330458595416,43.50087773953781,42.70237956075136,42.98879623413086,127388000
2010-04-19,42.83256561317037,43.10162649609265,42.441997742708985,42.9627571105957,98251700
2010-04-20,43.19710380911281,43.29257714125502,42.902005923813064,43.179744720458984,69543700
2010-04-21,43.47483726933474,43.56162939104272,43.15370244592654,43.422760009765625,74748700
2010-04-22,43.00615465612129,43.70918280683354,42.754452851567926,43.66578674316406,110477200
2010-04-23,43.65709872570771,43.891441406013165,43.474833300216886,43.848045349121094,77205200
2010-04-26,43.89143281798937,43.96086914415593,43.6570901835366,43.7525634765625,67361000
2010-04-27,43.578992814952485,43.76993947480349,42.711058267858874,42.823890686035156,112608000
2010-04-28,43.0495582005621,43.075598492014784,42.51143963355478,42.84993362426758,130082100
2010-04-29,43.09295131112207,43.68314706423226,43.05823313484323,43.596351623535156,84180200
2010-04-30,43.5789968456774,43.64843320510285,42.702384328832196,42.73710250854492,110897000
2010-05-03,42.91937120657627,43.5442819337627,42.90201211541719,43.33597946166992,74169700
2010-05-04,42.80651471500168,42.80651471500168,41.730278155178844,42.034053802490234,141136500
2010-05-05,41.59141284951255,42.09481636642883,41.348392288742936,41.81707763671875,128560200
2010-05-06,41.5306672404507,41.938597541852566,37.008728991752335,40.41971206665039,274356800
2010-05-07,40.11593480388584,40.619335106700106,38.43213970645143,39.412906646728516,288200400
2010-05-10,41.16612579580181,41.48726057286861,41.061974602600344,41.46122360229492,136041600
2010-05-11,41.04463069784675,41.99935749557178,40.96651644633049,41.417842864990234,113016100
2010-05-12,41.64348199925957,42.233677512770385,41.574048985796864,42.19895935058594,85462400
2010-05-13,42.016714744245725,42.34653082629142,41.42651893886197,41.530670166015625,102844300
2010-05-14,41.21821852193256,41.24425550228101,40.254810518144374,40.732173919677734,147386100
2010-05-17,40.81027702118846,41.027260627227804,39.98573865605755,40.86235427856445,120969600
2010-05-18,41.20952145179482,41.29631687104546,40.11592565649035,40.29819107055664,153072100
2010-05-19,40.150638805250765,40.47177687645667,39.53440625386628,39.977054595947266,159000300
2010-05-20,39.19589804000118,39.30004918957949,38.40607825797951,38.49287033081055,189289800
2010-05-21,37.89400456039003,39.6125137666497,37.746457345278124,38.91816711425781,190631100
2010-05-24,38.900832307756296,39.3434808511116,38.74460379962008,38.761962890625,113038000
2010-05-25,37.91139041648512,38.84875823152847,37.52081911400525,38.79668426513672,155643000
2010-05-26,39.06572616605337,39.55177062544929,38.29326507428463,38.362701416015625,140203200
2010-05-27,39.2306383619863,39.829511949105395,39.13516504137879,39.81215286254883,110671600
2010-05-28,39.881602790749355,39.91632097568602,39.23065172227437,39.577823638916016,128535300
2010-06-01,39.43025567058896,40.14196153454513,39.1698760417354,39.21327209472656,104242700
2010-06-02,39.43893968645181,40.168004747097555,39.16988212954555,40.1419677734375,97249300
2010-06-03,40.254810932002975,40.593304923644716,39.99443119311764,40.523868560791016,98928400
2010-06-04,39.664614467866215,40.17669604768445,39.00498227475731,39.13517379760742,112849900
2010-06-07,39.334792505384314,39.456302809439556,38.38006584988669,38.4234619140625,88436600
2010-06-08,38.492896190800586,38.60572861000738,37.83326738578426,38.354026794433594,133030100
2010-06-09,38.62309380481669,38.97894689620002,37.92006551217288,38.03289794921875,101949200
2010-06-10,38.50158032395304,39.16120917922749,38.397429096469246,39.11781311035156,76892300
2010-06-11,38.718555278447965,39.525734559601496,38.718555278447965,39.49101638793945,74346800
2010-06-14,39.85556210668812,40.133304272555996,39.41291684125517,39.48235321044922,68085000
2010-06-15,39.690668573692804,40.59332180062774,39.44764782448316,40.54124450683594,76332600
2010-06-16,40.42839598402225,40.91443724977892,40.35895962553827,40.70613479614258,78399700
2010-06-17,40.93178465052934,40.94914373519311,40.48045838199189,40.83631134033203,77111900
2010-06-18,40.91370611604361,41.16588491357106,40.74848724034382,40.8702278137207,75921400
2010-06-21,41.39196374163252,41.46153166172563,40.28760120619296,40.52238464355469,95488100
2010-06-22,40.69633606410253,40.99199334395577,40.13111115541924,40.209373474121094,94493400
2010-06-23,40.25283275617985,40.40935731951966,39.73108310598641,40.044132232666016,92397600
2010-06-24,39.87022222196467,39.99196614900538,39.304997488026935,39.43543243408203,114145900
2010-06-25,39.652367727456316,39.78306242935033,39.16444793095457,39.443260192871094,88740300
2010-06-28,39.44327351814227,39.687233498811075,39.042481171699116,39.30386734008789,71350000
2010-06-29,38.70267598617184,38.737528362052565,37.52643655169427,37.78782272338867,136384200
2010-06-30,37.66582012460243,38.04918605807881,37.15175952186865,37.21274948120117,101313200
2010-07-01,37.32602616872715,37.430579932868056,36.393747072852165,37.10820388793945,158695000
2010-07-02,37.1691982363339,37.30860437950117,36.67256364356898,37.00365447998047,78565300
2010-07-06,37.55256895273575,37.78781747167777,36.811974348577735,37.11692428588867,88591900
2010-07-07,37.23891282104755,38.3454475055794,37.20406044510964,38.301883697509766,72448400
2010-07-08,38.606828679442025,38.66781866233381,38.0579155097112,38.510986328125,78264600
2010-07-09,38.493567892777655,38.88564880722669,38.4064402778803,38.87693405151367,47851200
2010-07-12,38.842074841998425,39.234152330207905,38.73751774301828,38.99019241333008,60927500
2010-07-13,39.33000874028578,39.643673501984516,39.03377016798206,39.49555587768555,93310500
2010-07-14,39.573962433434,39.913768086888396,39.417133401300376,39.695945739746094,87687100
2010-07-15,39.6175315807466,39.85278012649324,39.19931305176549,39.730796813964844,95992500
2010-07-16,39.59139365173195,39.75694078377089,38.598124154321,38.63297653198242,98831900
2010-07-19,38.74623560092557,39.04247409102905,38.423856172130264,38.96405792236328,81800800
2010-07-20,38.33673933724226,39.43456268310547,38.214759334780325,39.43456268310547,89061200
2010-07-21,39.85276041150106,39.870183266680684,38.824639123306895,38.89434051513672,83577000
2010-07-22,39.44325411304854,40.061868516090456,39.41711650618035,39.87889862060547,82890300
2010-07-23,39.60879356172736,40.166417939526234,39.53909217635423,40.131568908691406,81056100
2010-07-26,40.18385709362056,40.480095555455286,40.00088715876207,40.462669372558594,64850900
2010-07-27,40.636947690551445,40.7066524561231,40.26229288486918,40.44526290893555,67655600
2010-07-28,40.401702913657594,40.58467627873645,39.97477281712203,40.12289047241211,51988200
2010-07-29,40.358128194015684,40.436544379670984,39.42584872217236,39.82664108276367,85669500
2010-07-30,39.49555025350199,40.15772873768921,39.26901314733154,39.91376876831055,98958100
2010-08-02,40.41910694262745,40.76762396492604,40.26227461496355,40.66306686401367,68706800
2010-08-03,40.63693289496929,40.68921145011383,40.297130595792154,40.48881530761719,60856600
2010-08-04,40.6717892785115,40.941890187854106,40.51495692130679,40.89832305908203,43820600
2010-08-05,40.69793690275931,40.88090692324784,40.532393073322936,40.802494049072266,39150200
2010-08-06,40.358108169569505,40.81989029835896,40.12285972932659,40.74147415161133,71339200
2010-08-09,40.95060088771924,41.116144673497416,40.76763091548464,41.02030563354492,26927600
2010-08-10,40.689207801094085,40.90703010910455,40.32326459531011,40.66306686401367,86694500
2010-08-11,39.99219001448561,40.00961287990126,39.39099812276814,39.55654525756836,92219700
2010-08-12,38.798499618130954,39.41711735824918,38.728798223741116,39.24285888671875,66000200
2010-08-13,39.09474932100299,39.260296412466765,38.95534316823105,38.96405792236328,46387300
2010-08-16,38.77237773405446,39.30386479208939,38.59811919185699,39.03376388549805,55472900
2010-08-17,39.31255041580333,39.88760090095473,39.234134289478,39.530372619628906,56927100
2010-08-18,39.45198063357196,39.922477679416325,39.30386303971637,39.68722915649414,61835400
2010-08-19,39.45198427627607,39.608816639371604,38.82465814759936,39.08604431152344,82969500
2010-08-20,39.025051882534164,39.23415947114456,38.80722953890364,39.1383171081543,65806700
2010-08-23,39.382292527678004,39.50427254590295,38.737536729438126,38.75496292114258,69612200
2010-08-24,38.31058103213435,38.44127239691314,37.87493650213038,38.031768798828125,79095800
2010-08-25,37.76168703069651,38.563271774633165,37.700697031645056,38.397727966308594,87247900
2010-08-26,38.528416823524324,38.6155444306319,37.90108741649327,37.93593978881836,91199000
2010-08-27,38.21475796915423,38.476144154189846,37.43931084660944,38.397727966308594,109568800
2010-08-30,38.21475917981035,38.55456156349227,37.988222041551886,37.9969367980957,49373200
2010-08-31,37.79653240698146,38.20603613565598,37.62227387466856,37.866233825683594,72066900
2010-09-01,38.42386192946771,39.129607553206846,38.39772431056435,38.9989128112793,83523100
2010-09-02,39.06862267571966,39.451988872558,38.972780295583625,39.43456268310547,41816800
2010-09-03,39.870190405822484,40.09672744816655,39.68722048033992,40.0880126953125,64041100
2010-09-07,39.92248211700551,40.10545210282579,39.75693831893556,39.817928314208984,51195200
2010-09-08,39.93119066992045,40.47138911144575,39.92247591554628,40.2971305847168,66879800
2010-09-09,40.65435271512631,40.68920507976615,40.35811426309658,40.453956604003906,61476400
2010-09-10,40.4975237053769,40.66306746537939,40.297127577888176,40.60207748413086,66995700
2010-09-13,40.91575177547537,41.272980317037316,40.89832558763022,41.168426513671875,64523400
2010-09-14,41.116137196339636,41.56049656090655,41.02029817381591,41.342674255371094,91405800
2010-09-15,41.238125023163896,41.647628742572486,41.11614172671146,41.60406494140625,67108200
2010-09-16,41.52564381287484,41.80445609550267,41.421090037815546,41.76960372924805,66885800
2010-09-17,42.042092124436934,42.042092124436934,41.70149406718811,41.911094665527344,76372600
2010-09-20,42.06827936930499,42.73201163842565,42.01588173276065,42.64468002319336,84475000
2010-09-21,42.67089743385065,42.94162755792468,42.452564969151446,42.635963439941406,82272000
2010-09-22,42.46128616754401,42.81061935616858,42.286619573231725,42.52241897583008,88315900
2010-09-23,42.242968419181345,42.932899873857224,42.199302588319824,42.504966735839844,85040000
2010-09-24,42.98529252592478,43.39575525413556,42.92415970828724,43.36955642700195,79495900
2010-09-27,43.34335916402074,43.44815780782576,43.09882455315726,43.133758544921875,43859800
2010-09-28,43.23854903337449,43.2647511880003,42.43508736326461,43.11628341674805,104922900
2010-09-29,43.05516051297843,43.256025976713616,42.88922904245517,43.04642868041992,81679200
2010-09-30,43.26474449807671,43.526742683405246,42.57481338923766,42.854278564453125,122458600
2010-10-01,43.21234968965782,43.256015504857196,42.601018282402116,42.801883697509766,77675400
2010-10-04,42.67962548651139,42.836825113691,42.094496132056314,42.339027404785156,71359900
2010-10-05,42.81935773677544,43.45688807177309,42.79315890964184,43.36955642700195,99301300
2010-10-06,43.31716881134985,43.413235649142926,42.7145722808611,42.99403762817383,81831200
2010-10-07,43.23852711330052,43.264729254642965,42.79313068831699,43.15119552612305,75693300
2010-10-08,43.168681619604044,43.55294543737048,42.863017597686195,43.44814682006836,83223900
2010-10-11,43.4743537798653,43.68395438519448,43.33462115347537,43.46562194824219,46880000
2010-10-12,43.39574637702601,43.84987816621307,43.02021438464995,43.76254653930664,88571700
2010-10-13,44.04200949065628,44.32147468024917,43.91100872550868,44.120609283447266,71122900
2010-10-14,44.14680938189682,44.22540917696321,43.81494321034006,44.03327560424805,68464000
2010-10-15,44.57474393056483,44.97647475013511,44.21667892503687,44.967742919921875,104654000
2010-10-18,44.97647781783252,45.168611410509214,44.80181121826172,44.80181121826172,72399400
2010-10-19,44.38261413574219,44.80181198297432,44.03328093063791,44.38261413574219,105739800
2010-10-20,44.504891660479736,45.03762344156791,44.426291834884935,44.70575714111328,80861400
2010-10-21,44.98521729948011,45.15988392875725,44.356422098166824,44.793087005615234,85885400
2010-10-22,44.801799850149294,45.14239780056967,44.72320006686094,45.098731994628906,47406900
2010-10-25,45.28213221386341,45.61399834914192,45.28213221386341,45.31706619262695,51413900
2010-10-26,45.09000505251377,45.54413681278509,44.9066033173071,45.439334869384766,60498300
2010-10-27,45.203542830207745,45.614008846422145,45.11621119468859,45.57907485961914,57483400
2010-10-28,45.77119570797645,45.80612968505012,45.27339819488269,45.67512893676758,61220000
2010-10-29,45.67514546994326,45.841080255363394,45.561611669101374,45.57034683227539,46668700
2010-11-01,45.736267819977584,46.068133983385394,45.39566982688255,45.60527038574219,60555600
2010-11-02,45.98081081383124,46.225342067883055,45.919678000318285,46.09434127807617,48137500
2010-11-03,46.137989375102805,46.32138773195248,45.727523530402806,46.30392074584961,126225800
2010-11-04,46.810472104970785,47.037539699965684,46.72314046473491,46.871604919433594,84201000
2010-11-05,46.89780707669518,46.99387387984775,46.73187229616309,46.871604919433594,77937100
2010-11-08,46.792999033244094,47.01133142142126,46.67946525857537,46.93273162841797,39623500
2010-11-09,47.116134883546394,47.19473468463822,46.46986948218159,46.67947006225586,66828700
2010-11-10,46.74060515568059,46.95893757699926,46.373804955491266,46.9152717590332,83553700
2010-11-11,46.207881082586916,46.70567881820412,45.989548625509585,46.61834716796875,85163600
2010-11-12,46.37378493291093,46.6095842459038,45.50919078342401,45.8585205078125,99164300
2010-11-15,46.094334866321944,46.18166982454101,45.666405231256576,45.68387222290039,56723400
2010-11-16,45.36073370337927,45.631467051729885,44.40880440100233,44.932804107666016,101097000
2010-11-17,44.95900601053947,45.299604010912894,44.845472233252345,45.063804626464844,77836200
2010-11-18,45.55287020268558,46.103068764176385,45.526671381682,45.78866958618164,71488300
2010-11-19,45.727549216048004,45.92841467182878,45.53541559247994,45.82361602783203,54506100
2010-11-22,45.640212428280385,46.20787811279297,45.56161261552462,46.20787811279297,69918900
2010-11-23,45.736268068324655,45.8061360321532,45.21227166556207,45.47426986694336,76818300
2010-11-24,45.91967798466576,46.50480729422986,45.90221099059823,46.391273498535156,53444200
2010-11-26,46.09433745190559,46.40000482558619,45.99827065821992,46.08560562133789,23640300
2010-11-29,46.02446417610985,46.199130738080285,45.500464490198574,46.050662994384766,89269100
2010-11-30,45.57034862402793,46.05941450485496,45.30835035381259,45.49174880981445,118862100
2010-12-01,46.16420317199968,46.68819959921107,46.14673618022756,46.45240020751953,81758800
2010-12-02,46.52226139919512,46.99386011389546,46.46986043151034,46.92399215698242,56844600
2010-12-03,46.723126052060174,47.107389814648165,46.723126052060174,47.04625701904297,38014200
2010-12-06,47.055018386917034,47.11615121657062,46.88035173155421,47.02881622314453,39312000
2010-12-07,47.59646373039295,47.613930722366156,47.00259932925616,47.05500030517578,59067300
2010-12-08,47.17726287633523,47.29079665109837,46.889062524587516,47.22966384887695,48066900
2010-12-09,47.51785423382177,47.54405305069035,47.116123494895795,47.27332305908203,51679800
2010-12-10,47.41305622355718,47.64012041270805,47.23838966879404,47.58772277832031,44696200
2010-12-13,47.77114342245806,47.80607741598701,47.395611320744266,47.421810150146484,53110200
2010-12-14,47.54408594293242,47.701285615873495,47.36068743499773,47.5091552734375,69884800
2010-12-15,47.48291695350041,47.77111724495349,47.18598483419443,47.29951858520508,76951900
2010-12-16,47.34319788689544,47.73619688207894,47.212200442826344,47.66633224487305,65519400
2010-12-17,47.725837500614894,47.84834553157175,47.61207861268632,47.708335876464844,36844200
2010-12-20,47.7958563489545,47.9183644201268,47.39332887564708,47.74335479736328,48159600
2010-12-21,47.92710951119987,48.0321159362793,47.79584897628004,48.0321159362793,35775400
2010-12-22,48.01460491042586,48.09336054834286,47.94460175344042,48.02335739135742,35766500
2010-12-23,47.935848297405926,48.01460393372089,47.787089505529515,47.900848388671875,21664800
2010-12-27,47.76084831602132,48.00586441675476,47.43707322508754,47.92710876464844,29263700
2010-12-28,48.02334970169608,48.058349605537785,47.73457796287505,47.83958435058594,24160500
2010-12-29,47.97086136715233,48.04086787514224,47.89210571471069,47.944610595703125,24132700
2010-12-30,47.944603769390085,47.95335291259612,47.7345876134163,47.83084487915039,27553300
2010-12-31,47.769604564960865,47.79585534020244,47.437080280158,47.655845642089844,38540100
2011-01-03,48.10211816994435,48.73216000251944,48.08461654430423,48.39963912963867,90994300
2011-01-04,48.574655959762644,48.609659216267204,48.05836960965035,48.36464309692383,43851500
2011-01-05,48.21585617740661,48.79339626091275,48.18960541754941,48.77589797973633,43787400
2011-01-06,48.82839664375661,48.96840625162754,48.723390272376506,48.93340301513672,46139600
2011-01-07,49.02094332383667,49.0471940994111,48.40839963504165,48.88968276977539,72261700
2011-01-10,48.784657336394524,49.16093388424287,48.635898548595215,49.073429107666016,55551800
2011-01-11,49.274708420641375,49.31846082283154,48.95968578392128,49.14344787597656,56663800
2011-01-12,49.37969891473866,49.49345779418945,49.17843525915232,49.49345779418945,51979300
2011-01-13,49.52846172611571,49.64222061480974,49.36220130271175,49.510963439941406,47364500
2011-01-14,49.52846840631601,49.89599588932367,49.40596035801144,49.87849426269531,43867400
2011-01-18,49.502199905655054,50.0797400251627,49.43219676230798,50.01848602294922,65805600
2011-01-19,50.105999067092206,50.105999067092206,49.28344280279633,49.449703216552734,67767200
2011-01-20,49.23970298200159,49.30970615478538,48.72341664760624,49.099693298339844,92357800
2011-01-21,49.344700394463175,49.43220851707203,48.69715697762545,48.72340774536133,59673300
2011-01-24,48.819661324851324,49.4059506806394,48.72340406629667,49.39720153808594,64103300
2011-01-25,49.152197665546545,49.48472193512085,49.04719123129468,49.467220306396484,55305100
2011-01-26,49.53721796995264,49.860989698265854,49.39720830326906,49.729732513427734,60547700
2011-01-27,49.88723715943155,50.184758098666315,49.80848151851371,50.0359992980957,53656100
2011-01-28,50.02724930219118,50.07100503450319,48.53964787020665,48.76716232299805,123359900
2011-01-31,48.83717278080231,49.14344290323684,48.469645295786904,49.00343322753906,70571300
2011-02-01,49.37096680593601,50.036015396117065,49.318465253828556,49.92225646972656,76952900
2011-02-02,49.8172322045293,50.02724501401299,49.738476566449556,49.843482971191406,48661000
2011-02-03,49.74722294107835,50.000991465002286,49.353448110685,49.93098831176758,45341900
2011-02-04,49.92223819598183,50.24600988847663,49.79098102566451,50.21100997924805,47647800
2011-02-07,50.307286437954915,50.727315551824546,50.22853077047344,50.447296142578125,45627100
2011-02-08,50.464770266587024,50.81479602956049,50.36851635295774,50.77979278564453,38099900
2011-02-09,50.70103658690263,50.858547844663754,50.53477618730723,50.69228744506836,62540800
2011-02-10,50.35976968129592,50.84105265732455,50.307268147459666,50.77104949951172,70194700
2011-02-11,50.62229403030334,51.173583574827724,50.55229086327304,51.138580322265625,47853500
2011-02-14,51.13857033551431,51.33108484891616,51.08606880501798,51.26108169555664,48506100
2011-02-15,51.138592368310455,51.252351296887014,50.95483025621387,51.191097259521484,39723800
2011-02-16,51.322356866701035,51.66363030800693,51.30485523662193,51.52362060546875,53061700
2011-02-17,51.26983279041693,51.60235696129436,51.23482954335754,51.506099700927734,38361900
2011-02-18,51.506092853146974,51.602350100716116,51.19981948923672,51.392333984375,44334300
2011-02-22,50.692299673364744,50.8673125951051,49.82598754670161,49.90474319458008,92598100
2011-02-23,49.90473424773838,50.0797471381027,49.1171812482388,49.49345779418945,97842900
2011-02-24,49.59847776409091,49.904747902458844,49.125943832242534,49.75598907470703,98716100
2011-02-25,50.036016174831026,50.50855017971986,49.98351128381182,50.447296142578125,54094600
2011-02-28,50.64853385968963,50.79729263399889,50.254755724616636,50.552276611328125,51402800
2011-03-01,50.77105211542329,50.77105211542329,49.6159715782032,49.73847961425781,91993900
2011-03-02,49.71221580240391,50.32475582195758,49.6947141821177,50.00098419189453,61552900
2011-03-03,50.46476095196147,51.0773042550572,50.46476095196147,50.98979949951172,64146600
2011-03-04,50.97231097079799,50.981060113362396,50.39477075684144,50.727294921875,62328400
2011-03-07,50.93731306293783,50.98106545653202,49.58971797643745,50.04475021362305,98470000
2011-03-08,49.98349594302191,50.473531427850205,49.67722585131274,50.24601364135742,62399100
2011-03-09,50.06225449033701,50.11475936828727,49.63347633707168,49.90474319458008,84764200
2011-03-10,49.3446998980109,49.458458787211114,48.924670927994946,49.12593460083008,102894400
2011-03-11,48.84590119302472,49.58095251297731,48.84590119302472,49.432193756103516,81679400
2011-03-14,49.1609410625945,49.51971603989621,48.88092173094896,49.257198333740234,73565800
2011-03-15,47.81334019260591,48.8459126056546,47.66458140097528,48.55714416503906,101276500
2011-03-16,48.15461486824111,48.42588503125393,47.0520392684959,47.38456344604492,176507700
2011-03-17,48.13712469824619,48.33839175171916,47.367073092821705,47.822105407714844,94434500
2011-03-18,48.38904629196897,48.38904629196897,47.67924562043182,47.714298248291016,94887200
2011-03-21,48.441632335558786,48.87978024986103,47.758122658944345,48.63441848754883,57423000
2011-03-22,48.70452842303735,48.73081623071613,48.44163697503505,48.54679489135742,36162100
2011-03-23,48.37152630509328,48.95864285591879,48.038532982480135,48.81843566894531,60365100
2011-03-24,49.186474437462984,49.79111721616738,48.91482158991621,49.68596267700195,69502400
2011-03-25,49.84371123778163,50.14165197456359,49.71226551695295,49.808658599853516,74131100
2011-03-28,50.02774484523117,50.03650633546075,49.51073000877252,49.537017822265625,37824000
2011-03-29,49.42308148452302,50.01896286010742,49.27410946922542,50.01896286010742,47994800
2011-03-30,50.26433428914004,50.32567473585104,50.01897250229603,50.25556945800781,44935900
2011-03-31,50.16793482267935,50.369482456638444,50.080306579324336,50.32566833496094,50004300
2011-04-01,50.5797941917433,50.737527701751894,50.20298673370089,50.35195541381836,68031800
2011-04-04,50.492176671309124,50.54475563689211,49.96640038669566,50.18547439575195,48659100
2011-04-05,50.08907256559027,50.37825181168196,49.94886535794677,50.054019927978516,55349400
2011-04-06,50.4395996995153,50.58856841714342,49.887532275473426,50.17670822143555,49532100
2011-04-07,50.159177472241545,50.47464118001874,49.78236997769278,50.14165115356445,60697000
2011-04-08,50.36949564286508,50.44836241965241,49.64217167276341,49.905059814453125,42782200
2011-04-11,50.09783710862426,50.202995027872184,49.56329939506401,49.738555908203125,42451700
2011-04-12,49.510724226075595,49.63340513178715,49.20402196179672,49.39680480957031,50422800
2011-04-13,49.764849155135586,49.94887050736347,49.42309426019698,49.81742477416992,49979800
2011-04-14,49.47567831466922,49.79991028707942,49.27413060746539,49.72980499267578,53544100
2011-04-15,49.53701583173424,49.83495662963333,49.31794181394974,49.642173767089844,68530000
2011-04-18,49.14267634955442,49.30917136942528,48.476689584463735,49.29164505004883,69065000
2011-04-19,49.42308640285072,49.59834289550781,49.16019497825844,49.59834289550781,38608400
2011-04-20,50.474639922835955,50.77258064731867,50.41329948039569,50.72000503540039,67397500
2011-04-21,51.21073235031858,51.23702350101938,50.9653705624688,51.123104095458984,43666800
2011-04-25,51.16692314244638,51.280842558959804,51.070530047150704,51.254554748535156,25376800
2011-04-26,51.38600574429088,51.72776070822906,51.272086308709966,51.543739318847656,49400000
2011-04-27,51.64010714207284,51.955574136701955,51.403506896101014,51.89423370361328,56465500
2011-04-28,51.73651332777598,51.903008353700066,51.59630611047051,51.81538009643555,48100000
2011-04-29,51.71898552510893,51.95558582430488,51.683932886086495,51.77156448364258,44831200
2011-05-02,51.85042357861419,51.99939561062109,51.54372136978141,51.675167083740234,48149400
2011-05-03,51.6488720712268,51.70145102143738,51.11433445336655,51.4297981262207,38100000
2011-05-04,51.45609862387728,51.58754100908618,50.921557566071435,51.3509407043457,53097200
2011-05-05,51.09680582427214,51.675160879202956,50.89525820512383,51.07051467895508,72200000
2011-05-06,51.57876574601057,51.87670641950854,51.096803776682265,51.23701095581055,72507000
2011-05-09,51.32464356860265,51.631345754489935,51.12309594033343,51.4297981262207,40022000
2011-05-10,51.57879351278943,51.94683630258121,51.508688214083584,51.86796951293945,38053600
2011-05-11,51.78908299333403,51.973107660927106,51.14062594136927,51.49114227294922,61900000
2011-05-12,51.33341202130854,51.86794967689462,51.0354713013605,51.797847747802734,66100000
2011-05-13,51.675179047432316,51.76280731515674,51.16692573477905,51.184452056884766,63506600
2011-05-16,50.947857608393285,51.10559118276267,50.185480894144284,50.299400329589844,73115300
2011-05-17,50.036484253151876,50.44834431106996,49.93132970278234,50.43958282470703,63136000
2011-05-18,50.369498665498305,50.947853949043946,50.308158206849846,50.860225677490234,42351100
2011-05-19,51.01794680702024,51.12310137581848,50.69371492712016,51.00918197631836,35015800
2011-05-20,50.95659328845985,51.00916888796696,50.55349474969056,50.623600006103516,44703300
2011-05-23,49.931340249195756,50.080312291254195,49.642164338899576,49.878761291503906,43700000
2011-05-24,50.00144994816023,50.01021143714859,49.56330195705656,49.57206344604492,39314800
2011-05-25,49.51072776953129,50.00145477030254,49.48443995722712,49.764854431152344,41369000
2011-05-26,49.6158741812131,50.21175567576023,49.607112692824316,50.07154846191406,40564100
2011-05-27,50.159173335465134,50.37824728665587,50.115355870984416,50.32566833496094,30127200
2011-05-31,50.79886637310398,51.140621185302734,50.53597497036366,51.140621185302734,47590100
2011-06-01,51.0179403674332,51.1406212393467,49.98391110015789,50.02772521972656,51795000
2011-06-02,50.124131119607235,50.308152474584645,49.852478160256844,50.13289260864258,50198100
2011-06-03,49.5545323089057,49.940104642996445,49.30917052743236,49.3792724609375,57773700
2011-06-06,49.26536797819134,49.537017630714615,48.94990084627651,48.97618865966797,50175600
2011-06-07,49.10762378300985,49.30040661082705,48.853497165883056,48.8885498046875,46311100
2011-06-08,48.78337899412043,48.87101056796925,48.397810097593855,48.53801727294922,46426400
2011-06-09,48.55555085835317,48.86225305574231,48.397817344609265,48.62565612792969,45307500
2011-06-10,48.3978129562804,48.49420602180632,47.83698422173276,47.88079833984375,53740600
2011-06-13,47.90708614214975,48.13492490481156,47.71430335390084,47.88079833984375,37736800
2011-06-14,48.248843741957025,48.60812485489956,48.22255259714462,48.494205474853516,40565300
2011-06-15,48.029778569557934,48.32771930360744,47.4777112270655,47.57410430908203,59022400
2011-06-16,47.60039628614355,47.75812982638895,46.98698844550073,47.39008712768555,66316200
2011-06-17,47.777393114131954,47.953042609532204,47.10113183588299,47.24165344238281,70337000
2011-06-20,47.10989651439476,47.628070385538706,47.10989651439476,47.487548828125,37402900
2011-06-21,47.654429788897886,48.559040695942414,47.45243020585275,48.506343841552734,55892800
2011-06-22,48.304351120225505,48.5853943496283,48.146263884898985,48.15504837036133,36833300
2011-06-23,47.63687302257694,48.62930543428726,47.47878579144974,48.60295867919922,80743300
2011-06-24,48.37462925322258,48.418541643842445,47.66323646409849,47.75984573364258,56298300
2011-06-27,47.81254060159288,48.76984548524477,47.70715019109288,48.52393341064453,49968900
2011-06-28,48.629296399710725,49.252864073440726,48.55903728242919,49.24407958984375,47028800
2011-06-29,49.35828117525615,49.542715227164265,49.09480347963019,49.44610595703125,65407300
2011-06-30,49.621754406376596,50.139928612950776,49.59540764427464,50.10479736328125,50347200
2011-07-01,50.13113354693546,50.930350828205555,49.9906085873017,50.86008834838867,53203900
2011-07-05,50.912792238201064,51.16748538695624,50.78983623184341,51.11479187011719,43128800
2011-07-06,51.05330799384313,51.3694824597048,50.886436275583065,51.281654357910156,49282700
2011-07-07,51.66810462082703,52.13358195425058,51.589060983990926,51.984275817871094,54799800
2011-07-08,51.536341004571334,51.85251541016853,51.26407896635178,51.84373092651367,69519500
2011-07-11,51.29923276826578,51.5627104387413,50.72836169031855,50.904014587402344,52080800
2011-07-12,50.89522297399514,51.00061335043189,50.46487363223726,50.51757049560547,84000700
2011-07-13,50.88643883389624,51.237744558137656,50.5439175954257,50.72835159301758,82378100
2011-07-14,50.860089144203066,51.097219991846295,49.946696994088306,50.139915466308594,98774200
2011-07-15,50.70199794284043,50.80738830566406,50.3331299978081,50.80738830566406,68281500
2011-07-18,50.52635650465241,50.754706250974316,50.04331360323298,50.53514099121094,59512200
2011-07-19,51.01819192467958,51.72958468441904,51.01819192467958,51.6856689453125,73904600
2011-07-20,51.97548027087261,51.984261405730855,51.378262591528326,51.466087341308594,57085500
2011-07-21,51.5187813201837,52.09843334709517,51.237738116244756,51.80860900878906,70148800
2011-07-22,51.782266234728276,52.43218082976776,51.747134991688355,52.34435272216797,43620400
2011-07-25,51.93157406973687,52.52879182007988,51.834964823313754,52.23896408081055,48916100
2011-07-26,52.20382911324365,52.546353694395506,52.09843873843517,52.37070083618164,40918900
2011-07-27,52.02817843169238,52.07209080768038,50.886436554207165,51.0181770324707,83969500
2011-07-28,51.044517189726506,51.755909649852185,50.84251760605358,51.105995178222656,61031900
2011-07-29,50.69322830072106,51.47488009027037,50.44731293131792,50.93914031982422,82860500
2011-08-01,51.553906023408906,51.65929637395218,50.08720884786181,50.70199203491211,85421100
2011-08-02,50.464883563553556,50.69323333278792,49.36705715458154,49.41975402832031,90853300
2011-08-03,49.481213544797775,49.95547518028283,48.611733879741834,49.89399719238281,103612300
2011-08-04,49.18261281067918,49.26165642956547,47.57539367675781,47.57539367675781,132830000
2011-08-05,48.058430729307254,48.33068942564471,45.95060352702926,47.27677917480469,214111800
2011-08-08,45.82765603438865,46.65322011038855,44.43122100830078,44.43122100830078,204804500
2011-08-09,45.09869074668887,46.61808487918143,43.851562018644145,46.57416915893555,193707100
2011-08-10,45.520264370728576,46.5829592630242,44.61565335925342,44.66835021972656,205917900
2011-08-11,45.309478201513585,47.153824679609656,45.08991298505932,46.635650634765625,143825300
2011-08-12,46.925494442581794,47.33827826335925,46.44245147056802,47.0484504699707,90483300
2011-08-15,47.24164779187847,47.74225616455078,47.01329811469172,47.74225616455078,73554300
2011-08-16,47.276801708529554,47.733494581409396,46.705930591978884,47.338279724121094,89219200
2011-08-17,47.39974935761818,47.79496414501734,46.56540070031997,47.057228088378906,84416600
2011-08-18,45.78373881275613,45.79251994707922,44.33460707760076,44.74739074707031,130019400
2011-08-19,44.28192484070885,45.37975126000806,43.90427563474624,43.93940353393555,96674600
2011-08-22,44.993299545921346,45.00208402992559,43.965736037158564,44.09747314453125,77107700
2011-08-23,44.39608683171321,45.91547775268555,44.21165285091123,45.91547775268555,75688400
2011-08-24,45.78374213609865,46.363394202176636,45.414870812067484,46.27556610107422,80197700
2011-08-25,46.24921071901114,46.45999477203982,45.36216884028367,45.52025604248047,93623700
2011-08-26,45.37096167730073,46.820093621150114,44.92305005573439,46.66200637817383,91573300
2011-08-29,47.12748158184595,48.01452365100553,47.109915961130966,47.961830139160156,45985800
2011-08-30,47.786180148701696,48.5678318907573,47.52270252277168,48.27800750732422,61617900
2011-08-31,48.56782495047449,48.9542618735636,47.95304167762305,48.3570442199707,60900400
2011-09-01,48.48001721533023,48.86645092371334,47.83010247591722,47.917930603027344,57158400
2011-09-02,47.05722410323086,47.96183182490016,46.53904999997473,46.79374313354492,58185700
2011-09-06,45.704683531360345,46.87276841540223,45.590508712520695,46.80250930786133,52992200
2011-09-07,47.47000037995929,47.99695892353415,47.33826325679013,47.98817443847656,48952200
2011-09-08,47.74226133930714,48.45365049847539,47.61052086893559,47.76860809326172,61422800
2011-09-09,47.43487994961222,47.63688294837556,46.416097220237006,46.70592498779297,63663500
2011-09-12,46.187735669255204,47.33825852493824,46.170170051195264,47.30312728881836,65973000
2011-09-13,47.478782172041036,48.03208408850739,47.25043247768733,47.93547821044922,59020000
2011-09-14,48.18139867770609,49.165050053123004,47.707136936767654,48.62052917480469,90757300
2011-09-15,49.147479769694435,49.428522993157344,48.64687131850741,49.3406982421875,83536100
2011-09-16,49.44981980854489,49.84577098895373,49.35303136927672,49.79297637939453,91902100
2011-09-19,49.17703287110726,50.07452073276,48.7722844305127,49.81055450439453,73042900
2011-09-20,50.06575200137888,50.46169989255466,49.4762238422588,49.59061050415039,66570100
2011-09-21,49.845766443223475,50.092134552337185,48.71950503760276,48.72830581665039,79938000
2011-09-22,47.487649558927444,47.91879364477165,46.41418301974216,47.144493103027344,151885500
2011-09-23,46.74852003775403,47.84838167660992,46.713323659747914,47.6460075378418,85940600
2011-09-26,47.883609866892414,48.28836179821573,46.818943824083746,48.20037078857422,96261400
2011-09-27,49.018665195799976,49.4498127207842,48.37634597587481,48.701904296875,81148600
2011-09-28,48.91307301673623,49.247432073043825,47.86600538661818,47.98038864135742,76757100
2011-09-29,48.710699002575204,48.77229101896361,46.6077629548517,47.40846252441406,116900200
2011-09-30,46.77495332156508,47.17090450180547,46.15902963635937,46.185428619384766,104870100
2011-10-03,45.77186634772402,46.502173113184995,44.97116678936829,44.997562408447266,99149500
2011-10-04,44.540021027395035,46.00943874838949,44.08247792562187,45.92144775390625,137013700
2011-10-05,45.8070662330787,47.232486832633924,45.455108954824226,47.100502014160156,108825700
2011-10-06,47.03892344560862,47.901215331755985,46.81895092292263,47.892417907714844,71939200
2011-10-07,47.865991527819816,48.09476132757497,47.26766638198365,47.575626373291016,72525200
2011-10-10,48.38514611520107,49.221038818359375,48.29715511304357,49.221038818359375,48230200
2011-10-11,49.089064035931926,49.67858872637085,49.009873801461055,49.55540466308594,66449100
2011-10-12,50.03053102395517,50.356089287088935,49.76656477394095,49.8017578125,85627600
2011-10-13,49.70497966624039,50.320899883004536,49.652185066297704,50.259307861328125,63443700
2011-10-14,50.875229027042444,51.20078731999905,50.602461975016844,51.19198989868164,65643600
2011-10-17,50.95442466292382,51.112805115583974,50.127329354098066,50.40009307861328,65161300
2011-10-18,50.320903792539504,51.2887847276048,49.85456320461185,51.024818420410156,91434600
2011-10-19,50.74324453129699,50.901624968114156,49.87215548531588,50.03933334350586,67639400
2011-10-20,50.03054708763984,50.08333834068498,49.08906503450884,49.79297637939453,80378300
2011-10-21,50.320886622178534,50.73443582146531,49.96013200892173,50.41767501831055,60455800
2011-10-24,50.602457301219424,51.60553442093405,50.426482039018616,51.464752197265625,61449500
2011-10-25,51.2975664978721,51.3151646938506,50.34728741062218,50.45287322998047,65299200
2011-10-26,50.73445292028483,50.84003877141738,49.45861185825905,50.39129638671875,98193800
2011-10-27,51.596744764462805,52.08948433175799,51.06001137213551,51.78152084350586,104455500
2011-10-28,51.49116178007769,51.92230598851732,51.47356357778225,51.860713958740234,42950000
2011-10-31,51.41197464915945,51.59675074963636,50.95443143142086,50.989627838134766,60520200
2011-11-01,49.7313768414291,50.95442324794178,49.37941954384387,49.66098403930664,99933000
2011-11-02,50.180116666832085,50.294503286233585,49.60819028285136,50.08332824707031,65003800
2011-11-03,50.479278123081755,51.19199008689026,49.89855097511259,51.12159729003906,78994200
2011-11-04,50.8752222507592,51.077596479237336,50.34728977268692,50.85762405395508,61527800
2011-11-07,50.822447853716966,51.253595455444454,50.303312589521425,51.21839904785156,65559000
2011-11-08,51.58794987082431,51.89591001765848,51.007222624998555,51.80792236328125,62906900
2011-11-09,50.80482791553043,50.884018115247805,49.82814990452033,49.98653030395508,69539000
2011-11-10,50.479286891520005,50.52328071893724,49.47621285774591,49.96015167236328,66052400
2011-11-11,50.39129221822807,51.051209607115524,50.32970019711964,50.90162658691406,54471000
2011-11-14,50.7608370151199,51.04240145853349,50.40008236221417,50.584861755371094,44617600
2011-11-15,50.4352717644068,51.35035775688963,50.38247717989386,51.14798355102539,52203900
2011-11-16,50.77844025432617,51.17439134110188,50.206513890328594,50.30329895019531,68342800
2011-11-17,50.171308352629495,50.188906548448486,48.8162774831807,49.12424087524414,101706900
2011-11-18,49.13306106241082,49.185855674332025,48.657919624662576,48.74591064453125,60417000
2011-11-21,48.08598040318874,48.156369843983825,47.32047383676983,47.81321334838867,52283700
2011-11-22,47.69003127634152,48.11237800806948,47.399666010239734,47.971595764160156,51940100
2011-11-23,47.61082574645662,47.663616973128185,46.86291758898973,46.88931655883789,48437300
2011-11-25,46.68694485463379,47.223674708066305,46.51976367720087,46.528564453125,25448100
2011-11-28,47.66361437672177,48.20914830370159,47.63721876482385,48.14755630493164,46710700
2011-11-29,48.121179105123844,48.48193384247642,47.70763312009421,47.84841537475586,52056700
2011-11-30,49.150633464259,49.66096768553537,48.98345229252907,49.616973876953125,66918600
2011-12-01,49.6081976965115,50.09213651112888,49.58179871485005,49.96015167236328,45362200
2011-12-02,50.4528959995585,50.4528959995585,49.77538025292818,49.819374084472656,36938900
2011-12-05,50.567261463085906,50.699242902429496,50.0833194492877,50.36488723754883,40492200
2011-12-06,50.40889335313671,50.5496756033693,50.05693604929843,50.224117279052734,38670000
2011-12-07,50.083331672306535,50.4528871769881,49.58179469607083,50.224117279052734,44576200
2011-12-08,49.89856798416263,50.285721785787686,49.28264422781639,49.379432678222656,51692600
2011-12-09,49.50260743752341,50.32090536495639,49.48501259213917,50.17132568359375,55757900
2011-12-12,49.64338548814677,50.16252065233591,49.185845703636524,49.608192443847656,55411700
2011-12-13,49.93375659302645,50.13613088656894,48.86028973843993,49.06266403198242,68557700
2011-12-14,48.87788064136461,48.913077041032366,48.024389766758866,48.29715347290039,63682800
2011-12-15,48.7106917784235,48.763483009491004,48.09476834937229,48.1651611328125,58732900
2011-12-16,48.421974160350636,49.07501485382354,48.333726964720526,48.413150787353516,60978900
2011-12-19,48.59847528790157,48.7131993433076,47.804237006498234,47.93661117553711,46733900
2011-12-20,48.713200235080485,49.41918796124382,48.686723380939036,49.35741424560547,81758800
2011-12-21,49.06616720215933,49.10146741193213,48.086611629063675,48.65140151977539,78552300
2011-12-22,48.75733162879482,49.092677114720445,48.68673116168814,49.066200256347656,40334100
2011-12-23,49.163250841128104,49.48977279663086,49.04853018624612,49.48977279663086,26594600
2011-12-27,49.45355938353602,49.83335678198421,49.40056275220564,49.674373626708984,21443500
2011-12-28,49.612552902032995,49.692046180954385,48.96777558160782,49.10026550292969,38180100
2011-12-29,49.17976037899011,49.48889904630236,49.020773815984164,49.45357131958008,28077900
2011-12-30,49.34758359007676,49.5683979114187,49.3034213996802,49.312255859375,21832400
2012-01-03,50.2661514907895,50.51346235171217,50.124830517496854,50.257320404052734,39514100
2012-01-04,50.17784525139981,50.539980586714464,49.95703094036993,50.46931838989258,29403400
2012-01-05,50.363334661588794,50.92861882829013,50.169016965775434,50.884456634521484,41260600
2012-01-06,50.893275179353324,51.17591719302727,50.69896090080161,51.06109619140625,46325200
2012-01-09,51.19356843257962,51.21123397466693,50.725443360017515,50.89326095581055,39195500
2012-01-10,51.43206554669135,51.582221020407786,50.9109436720733,51.26424789428711,35949900
2012-01-11,51.255411070789634,51.48505981544083,51.0610967899601,51.370235443115234,37144100
2012-01-12,51.48505134962868,51.64403787921124,51.105250569999015,51.5733757019043,26188300
2012-01-13,51.29958074695119,51.405570669501074,50.946276512639734,51.38790512084961,35980400
2012-01-17,51.83837540233168,52.07685530377753,51.66172661846919,51.856040954589844,41790800
2012-01-18,51.953198714711974,52.54498291015625,51.82954322086498,52.54498291015625,48692700
2012-01-19,52.78343741413894,52.968923946877496,52.68628197333829,52.87176513671875,47774500
2012-01-20,52.64212282783172,52.81877492511139,52.606795103862595,52.79227828979492,41041700
2012-01-23,52.80110206664971,53.18090284393143,52.500794553667845,52.8099365234375,40958300
2012-01-24,52.57147422615501,52.854116288981714,52.474315385303484,52.71279525756836,38440200
2012-01-25,53.22507722094209,53.5077226238572,52.84527972595485,53.3752326965332,61591800
2012-01-26,53.60487158315967,53.70203040216432,52.93359767722692,53.18974304199219,37852700
2012-01-27,53.07492107138608,53.445887448658404,53.04842443568335,53.348731994628906,45532300
2012-01-30,52.89825819581789,53.47237656105469,52.695109501643074,53.39288330078125,42797800
2012-01-31,53.657864377016374,53.75502318905972,53.11907705158195,53.46354675292969,51449600
2012-02-01,53.77268778872254,54.090660851872215,53.57837016805149,53.89634323120117,46146700
2012-02-02,54.07300911130801,54.24082677331904,53.852194802123456,54.06417465209961,46373600
2012-02-03,54.56761913164753,54.867926661555344,54.4792947749398,54.80609893798828,36453800
2012-02-06,54.602957259088605,54.77960936462853,54.4616362485284,54.76194381713867,28541300
2012-02-07,54.717775848893076,54.98275229451305,54.470461579537236,54.87676239013672,37935700
2012-02-08,54.8855975811351,55.16823959350586,54.68244884532852,55.16823959350586,41171100
2012-02-09,55.38021355835576,55.627524435626206,55.04457496109017,55.565696716308594,46856400
2012-02-10,55.16823997416132,55.32722652838668,54.982756784017916,55.17707443237305,58090500
2012-02-13,55.59220274851996,55.76002376021105,55.336060740614236,55.689361572265625,36810200
2012-02-14,55.56571198249309,55.83952293566821,55.3713943144747,55.8306884765625,51648200
2012-02-15,56.09565932884894,56.404801348637264,55.35372319845897,55.44205093383789,105709100
2012-02-16,55.45971263324211,56.26347643795468,55.31839163579897,56.2016487121582,83642300
2012-02-17,56.21048854682703,56.25465073364501,55.777694398908366,56.02500534057617,76112300
2012-02-21,56.08683545647431,56.43130524537726,55.83069004495606,56.18399429321289,38141300
2012-02-22,56.077996650648195,56.245814292332525,55.84834791007116,55.92784118652344,43174700
2012-02-23,55.998516680055396,56.36065205452783,55.72470569180185,56.298824310302734,54250000
2012-02-24,56.45779482125015,56.59028474011032,56.35180490777717,56.493125915527344,41364900
2012-02-27,56.18399647389896,56.75811505725999,55.93668551213564,56.5726318359375,42678500
2012-02-28,56.62561009001487,57.146728515625,56.55494790862879,57.146728515625,43717500
2012-02-29,57.190902504255924,57.376385703731735,56.70510835892582,56.89059829711914,59784400
2012-03-01,57.10258793820107,57.394064475444836,56.934766888505806,57.341064453125,67558900
2012-03-02,57.261566790983586,57.4823810944453,57.111414681921886,57.296897888183594,33358200
2012-03-05,57.26156113037509,57.33222331778977,56.51962500931369,56.70510482788086,45788800
2012-03-06,56.14866256713867,56.28115250109437,55.84835497028356,56.14866256713867,54638600
2012-03-07,56.4136375722561,56.713945161161185,56.3253131981965,56.58145523071289,42741800
2012-03-08,56.91708374978852,57.35871225377207,56.79342830777042,57.19089126586914,43711100
2012-03-09,57.28805325514197,57.53536415290311,57.252722164216586,57.42937088012695,43117200
2012-03-12,57.41170222398306,57.508861028382455,57.164391354135816,57.455867767333984,32687300
2012-03-13,57.76501461052302,58.52461624145508,57.650186876885556,58.52461624145508,61559100
2012-03-14,58.58644268879453,58.94857458100315,58.36562842273278,58.727760314941406,59926900
2012-03-15,58.904418564347374,59.01923956220647,58.60410764412961,58.89558410644531,65531200
2012-03-16,58.986718741420404,58.986718741420404,58.712446365516634,58.85400390625,53023100
2012-03-19,58.95131595532762,59.41139305914879,58.79205953479808,59.26982879638672,60966200
2012-03-20,58.96017424826638,59.4379435814795,58.800917803862,59.37601089477539,47290600
2012-03-21,59.3848762512207,59.71223193281526,59.30524463261771,59.3848762512207,39648100
2012-03-22,59.030959174968345,59.4025553127226,58.99556810230267,59.2609977722168,56953900
2012-03-23,59.33176001119335,59.3494589186801,58.88938182620049,59.22559356689453,45541700
2012-03-26,59.62375064595441,60.26077651977539,59.57066740652186,60.26077651977539,40855300
2012-03-27,60.3050208225812,60.596985407869354,60.278472451047705,60.3492546081543,37278200
2012-03-28,60.384635380872304,60.61467397712907,59.75645903161758,60.1103630065918,44421900
2012-03-29,59.809524120344086,60.1014953173816,59.45562025273694,59.880306243896484,53975300
2012-03-30,60.14575013228432,60.1811344523186,59.526416529181475,59.76530456542969,39480900
2012-04-02,59.703365021225345,60.4642493173654,59.59719182285071,60.38462448120117,40031600
2012-04-03,60.43772639274749,60.650072855154605,60.03073913170381,60.36695098876953,45539900
2012-04-04,59.91570541821408,59.951096484782205,59.19905488313791,59.54410934448242,54088100
2012-04-05,59.437944919944144,59.96879749652731,59.39370439266357,59.915714263916016,42979900
2012-04-09,59.17251769146437,59.70337704004861,59.06635122187314,59.4644889831543,36908200
2012-04-10,59.43792312255303,59.667961629768925,58.32312839544212,58.50892639160156,69254200
2012-04-11,59.02211855723153,59.18137503299568,58.64167290680372,58.79207992553711,62950000
2012-04-12,58.90709476732927,59.52642167380152,58.81862045928424,59.4644889831543,57407400
2012-04-13,59.26099690874061,59.45563768033041,58.535496805057555,58.56203842163086,55227500
2012-04-16,58.85400742922149,58.88939850406255,57.721520034936795,57.907318115234375,57588000
2012-04-17,58.155058773299096,59.269847315164405,58.06657770634923,59.084049224853516,47362400
2012-04-18,58.915936800168836,59.278690234214736,58.75668709760071,58.93363571166992,42536100
2012-04-19,58.72131224683818,59.42911364880595,58.05774463552907,58.270084381103516,81110900
2012-04-20,58.588563279511376,58.845143416589025,58.02231978739342,58.11079406738281,59906900
2012-04-23,57.56225714416508,57.668430356829894,57.0579461967812,57.5799560546875,70514400
2012-04-24,57.47378058668251,57.71266861826495,57.022552888259476,57.27029037475586,49661500
2012-04-25,58.4558748101052,58.82747100350225,58.36740049027132,58.79207992553711,57526900
2012-04-26,58.78322210486813,59.26983411392027,58.70359051238123,59.13711929321289,41799500
2012-04-27,59.38485375160139,59.676818242104375,59.075183602332785,59.49102020263672,46003800
2012-04-30,59.31409127502461,59.42910721848278,59.02211993760225,59.06636047363281,37787700
2012-05-01,59.00442836388789,59.83609509829088,58.91594729094111,59.1636848449707,37643800
2012-05-02,58.87167492063534,59.37598565518362,58.730110696826976,59.33174514770508,38299300
2012-05-03,59.36715388728098,59.41139440793739,58.5531796083865,58.70358657836914,51297600
2012-05-04,58.163883731294575,58.70358567424308,57.23489356321933,57.243736267089844,107554000
2012-05-07,56.898680985409534,57.571097728361636,56.88098882776985,57.29682540893555,50267800
2012-05-08,56.93407712146467,57.279131602491546,56.164339942629475,57.0844841003418,72659700
2012-05-09,56.420916390216,57.22604458431024,56.19087783471603,56.90753173828125,85715300
2012-05-10,57.16412622319935,57.18181838567404,56.58018698425259,56.79253005981445,49448900
2012-05-11,56.5978552670561,57.38528774605984,56.54476867995985,56.783653259277344,47099900
2012-05-14,56.2970447575205,56.69518577067248,56.164329961444025,56.2528076171875,46360000
2012-05-15,56.40322500544032,56.863295400121864,55.96969284977591,56.0670166015625,66908600
2012-05-16,56.26166610497539,56.42976862535052,55.57155711334484,55.68657302856445,52825900
2012-05-17,55.704257801315194,55.792735459480106,54.50098865089278,54.50983810424805,62253900
2012-05-18,54.677947081887886,54.81950797667611,53.757799578225494,53.802040100097656,79496500
2012-05-21,53.90821216860328,55.35921224427598,53.83743003072749,55.30612564086914,61473000
2012-05-22,55.46536400344893,55.69540250151253,54.84603737422462,55.24417495727539,62954800
2012-05-23,54.7752791930882,55.4830837750984,54.297509834576886,55.350372314453125,56951100
2012-05-24,55.429999585388664,55.48308281870035,54.58063072653908,54.98762130737305,83131200
2012-05-25,55.04070880172766,55.13803257043808,54.75758695188571,54.91684341430664,32078900
2012-05-29,55.4299932752044,55.872371502859416,55.10263095668351,55.61579132080078,44216700
2012-05-30,55.111478592360754,55.341513778114866,54.571776632421674,55.14686965942383,56431800
2012-05-31,55.076095847985485,55.21765676255147,54.492156653516005,54.90799331665039,55260100
2012-06-01,53.917062896450105,54.2532713301882,53.43044746937663,53.448143005371094,71430800
2012-06-04,53.598548615798826,53.93475364461334,53.120779311595356,53.855125427246094,74119500
2012-06-05,53.669325863775704,54.18248622234416,53.64278425042836,54.07631301879883,47916900
2012-06-06,54.48331337397292,55.359220523168844,54.43022676262705,55.31498336791992,58781800
2012-06-07,55.8989125636415,55.8989125636415,55.04954718496301,55.09378433227539,38414800
2012-06-08,55.00531872443417,55.695431199135264,54.81952063993258,55.62464904785156,39730800
2012-06-11,56.0493283007192,56.07587329331834,54.65141465168449,54.686805725097656,51008900
2012-06-12,54.9433817266036,55.376913931566484,54.571785586702674,55.350372314453125,48802600
2012-06-13,55.19110640227372,55.606939624452366,54.784115884179315,54.96991729736328,50840100
2012-06-14,54.96106549163749,55.394597603747734,54.67794371947161,55.17340850830078,65170600
2012-06-15,55.32681840646049,55.938705570255394,55.30021579336847,55.85889434814453,41536100
2012-06-18,55.62832576458628,56.52398538944132,55.53964813450556,56.38209915161133,32191200
2012-06-19,56.66587141470705,57.20681375154057,56.62152921699828,56.967376708984375,36476500
2012-06-20,57.09154186700214,57.26003414412478,56.58607518414112,57.01173400878906,51389700
2012-06-21,56.967396659093744,57.029471698223155,55.530797580499495,55.592872619628906,42492700
2012-06-22,55.77910113513962,56.24909882662995,55.62834505232979,56.17815399169922,29504200
2012-06-25,55.717013707073676,55.73474652902746,54.93663761053532,55.09626007080078,33136400
2012-06-26,55.28248949617042,55.60173444181787,55.03418937526037,55.44211196899414,30611100
2012-06-27,55.654929830628866,56.02738332893198,55.59285481138415,55.779083251953125,35705800
2012-06-28,55.362294097128114,55.39776650524527,54.57305162211412,55.15833282470703,49793400
2012-06-29,56.22248774365545,56.89645004272461,56.05399547747046,56.89645004272461,44761300
2012-07-02,56.9762599408879,57.09154021018508,56.63927877925757,57.064937591552734,33425600
2012-07-03,57.10039780038482,57.543792724609375,57.01172016867383,57.543792724609375,15895100
2012-07-05,57.49058415323449,57.86303424414885,57.18020907747251,57.579261779785156,37016200
2012-07-06,57.31323135603078,57.36644335305825,56.44418100406905,56.8609733581543,40684100
2012-07-09,56.79889313302283,56.98511819139412,56.47077844979549,56.75455093383789,35628300
2012-07-10,57.06494242417452,57.20683208979122,55.97419099101474,56.19588851928711,47365700
2012-07-11,56.12494704202209,56.2756997374128,55.42438204114146,55.88551330566406,43432000
2012-07-12,55.44211974980993,55.59287244928059,54.85683839492897,55.362308502197266,57680400
2012-07-13,55.51305910957558,56.32890776362931,55.47759007640125,56.20475769042969,32357200
2012-07-16,56.08058882868643,56.328888891898295,55.82341897302576,56.04511642456055,27621400
2012-07-17,56.39984358509331,56.52399702874036,55.53965957111196,56.3377685546875,42467800
2012-07-18,56.23134159663383,57.268887431190876,56.21360539453157,57.10039520263672,44489700
2012-07-19,57.499466555251374,57.916258982720315,57.39305607380161,57.73003387451172,53017800
2012-07-20,57.71228368334097,57.730016503022796,56.9407740966269,56.967376708984375,40573100
2012-07-23,55.85889541798113,56.470779210660304,55.43323330334748,56.27568435668945,48657800
2012-07-24,56.373229171783954,56.45304039172558,55.46870314005711,55.8322868347168,57269700
2012-07-25,55.39776765780578,55.82342641556243,55.11399515263467,55.459842681884766,46264400
2012-07-26,56.25796355657651,56.51513350125306,55.841174503752804,56.19588851928711,41928200
2012-07-27,56.603825998446986,57.63249921967717,56.435333677843495,57.52608871459961,42621000
2012-07-30,57.667960342557976,57.916260493312365,57.28664032085041,57.48173522949219,37821300
2012-07-31,57.57040736121635,57.80097466435491,57.41078488453134,57.46399688720703,34588300
2012-08-01,57.871916554751614,57.88964937762984,57.06493441754334,57.295501708984375,30920200
2012-08-02,56.86096934945137,57.65907482622351,56.67474090432497,57.091529846191406,40534900
2012-08-03,58.0138089018494,58.42173155132282,57.80985095994859,58.173431396484375,42117400
2012-08-06,58.474934592931575,58.87398738548892,58.35078453455059,58.616817474365234,23523600
2012-08-07,58.8651047427549,59.34397204870472,58.77642711550551,59.10454177856445,28223300
2012-08-08,58.95381469760131,59.20211486782838,58.85626723563036,59.077964782714844,20723500
2012-08-09,59.06907735710833,59.33511704047829,58.962660130626304,59.25530242919922,20726200
2012-08-10,59.04247899974222,59.3085119366269,58.891726325607166,59.29077911376953,20312000
2012-08-13,59.2730404928623,59.44153275827601,58.97153513967018,59.43266296386719,19890300
2012-08-14,59.65435476124521,59.77851157408659,59.29077441329234,59.459266662597656,24218700
2012-08-15,59.41495903825593,59.698731706319144,59.406089239533124,59.61005401611328,29100400
2012-08-16,59.831742660702204,60.45249316481887,59.76079781289656,60.31947326660156,35699900
2012-08-17,60.45246752392567,60.59435715935451,60.31058465416703,60.585487365722656,22584800
2012-08-20,60.541166817168374,60.6830565033473,60.3017364288322,60.67418670654297,26924000
2012-08-21,60.833802461383684,61.082102618935444,60.195312475866665,60.434749603271484,41391000
2012-08-22,60.30173201637549,60.798332350318795,60.133239717785244,60.68305206298828,44555700
2012-08-23,60.40814467084183,60.603232811690354,60.02682465328108,60.18644714355469,28800400
2012-08-24,60.0445438962704,60.70076653421229,59.94699646507591,60.55888366699219,38384800
2012-08-27,60.816063214389416,60.895871071316904,60.52342087431298,60.65644073486328,20671400
2012-08-28,60.60322873124047,60.82492624360059,60.39927080864501,60.65644073486328,27337900
2012-08-29,60.65644073486328,60.80719341950709,60.39927080864501,60.65644073486328,26672400
2012-08-30,60.39039941825608,60.41700203652907,59.947004405250276,60.044551849365234,24425400
2012-08-31,60.47907297517235,60.700770466673234,59.831720088765266,60.443607330322266,42128000
2012-09-04,60.32832552416992,60.61209806721553,59.78738305685312,60.38153076171875,32017200
2012-09-05,60.35494569050438,60.61211568954502,60.15985074187541,60.31947326660156,26129300
2012-09-06,60.6918991729046,61.676236442369124,60.67415958722492,61.65849685668945,43100000
2012-09-07,61.516618988735104,61.67624144444994,61.39246894158691,61.56982421875,32958600
2012-09-10,61.41019861025694,61.543218444135135,60.73623641343192,60.78057861328125,25490000
2012-09-11,60.78946931983561,61.028899690651954,60.585504602296254,60.68305206298828,29810100
2012-09-12,60.90473954664696,61.02001981493496,60.48794714993271,60.86039733886719,42203400
2012-09-13,60.91363160939025,61.951174700287496,60.85155655520854,61.68513488769531,45417800
2012-09-14,61.90683233854605,62.45664479269886,61.889099508393656,62.234947204589844,38880300
2012-09-17,62.27039399470081,62.28812681755284,62.039826703600255,62.26152420043945,31798400
2012-09-18,62.10191149127166,62.3413486142606,62.09304169561643,62.31473922729492,27169800
2012-09-19,62.30588073722151,62.58965332782016,62.128518639552205,62.430030822753906,36484600
2012-09-20,62.12852471967722,62.43003693238601,61.960039167493065,62.36796188354492,42520200
2012-09-21,62.679207649027575,62.73256461915267,62.3234786832737,62.3857307434082,23678500
2012-09-24,61.869931725357475,62.127835087764744,61.736532498599715,62.021114349365234,32341600
2012-09-25,62.18115360348615,62.323447833338726,61.12286910504752,61.1495475769043,41299600
2012-09-26,61.06955817621906,61.1051317644386,60.34031658013881,60.65157699584961,32770400
2012-09-27,60.802753174795825,61.62982026177082,60.69603243342377,61.487525939941406,25339500
2012-09-28,61.28298191339394,61.46973810859994,60.927252919444605,60.98060989379883,30112600
2012-10-01,61.274077650936995,61.6564850748232,60.696018970416176,60.89167022705078,37715300
2012-10-02,61.1584381032901,61.34520098300905,60.58927473309087,61.06950759887695,33254300
2012-10-03,61.23848575638808,61.57642441721645,60.99836590964534,61.4608154296875,38236000
2012-10-04,61.55866160371343,61.843243409254974,61.363010340222594,61.67427062988281,26128600
2012-10-05,61.98552640020464,62.07446372073641,61.18514479513827,61.34522247314453,25207900
2012-10-08,60.98951191501509,61.11401605930037,60.64267797236796,60.78496551513672,30911500
2012-10-09,60.62489362340444,60.7760762724481,59.67332226623599,59.815616607666016,67974000
2012-10-10,59.79779203085106,59.966764767875596,59.40649638690062,59.51321029663086,45134300
2012-10-11,59.95790437096982,60.00237304906202,59.29091490939282,59.32648849487305,30469400
2012-10-12,59.3175728227975,59.637728196078115,59.18418040473501,59.29978942871094,24891200
2012-10-15,59.52211528682435,59.8155921573359,59.166386363625335,59.73554992675781,22220100
2012-10-16,59.82448345961664,60.651550363895446,59.8067000657996,60.58041000366211,33960600
2012-10-17,60.26915584531361,60.740500694460884,60.18912037855086,60.54484939575195,33439400
2012-10-18,60.349166013579655,60.54481720827443,59.61992496923928,59.842254638671875,61707600
2012-10-19,59.77111035228514,59.824467304292654,58.33930667040112,58.41045379638672,75362600
2012-10-22,58.38379732591767,58.86403042988082,58.25039811065581,58.71284103393555,38621500
2012-10-23,58.2325957754603,58.65056989605618,57.974692519158324,58.15255355834961,52591200
2012-10-24,58.481622450539966,58.579448088540744,57.85909504644724,57.94803237915039,39872400
2012-10-25,58.348223236451105,58.44604887445188,57.77905958897344,57.94803237915039,52688700
2012-10-26,57.94803837184655,58.35712436171638,57.49448371102641,58.11700439453125,54213100
2012-10-31,58.04585043555584,58.15257116235546,57.56562412737203,57.761268615722656,38524500
2012-11-01,58.1258751554927,58.69503862359103,57.956902418569726,58.579429626464844,26945000
2012-11-02,58.846231923689295,58.88180549505728,57.903556029815284,57.956912994384766,44083000
2012-11-05,57.96582397097358,58.4549522301393,57.84131982954355,58.33933639526367,28094700
2012-11-06,58.43715364632976,58.846239592928896,58.21482388502811,58.446048736572266,29608400
2012-11-07,57.82351233463513,57.89465947557054,56.82747950139861,57.06759262084961,70737800
2012-11-08,57.2276762044514,57.361075411238076,56.16938781738281,56.16938781738281,58585800
2012-11-09,56.204979980020475,57.01426040071964,56.16940639411452,56.409523010253906,51542100
2012-11-12,56.73855406247091,56.80080612386018,56.2494292690626,56.400611877441406,32663700
2012-11-13,55.96483496835394,56.542893572335856,55.83143578513284,56.009300231933594,43288300
2012-11-14,56.28500350146128,56.347255563576766,55.262285236736155,55.351219177246094,82655300
2012-11-15,55.386800479790246,55.57356009611138,54.95992765709726,55.16447067260742,55124200
2012-11-16,55.20892366534697,55.564649220301675,54.524147646643776,55.404571533203125,70873100
2012-11-19,56.00930964585567,56.76523282369225,55.99152285893782,56.72076416015625,55306400
2012-11-20,56.70297089434026,56.81858329985505,56.19605939879079,56.73854446411133,52012700
2012-11-21,56.80079613983644,56.93419193687343,56.56067963419108,56.854156494140625,19611700
2012-11-23,57.17431937115176,57.73458789902431,57.138745796926685,57.71680450439453,16462900
2012-11-26,57.57450636302662,58.0013824402579,57.39664528874321,57.9658088684082,26430900
2012-11-27,57.95692450248438,58.16147088222435,57.67234265999811,57.77016830444336,25828600
2012-11-28,57.49447762034097,58.312649513407486,57.13874864532245,58.26818084716797,37295800
2012-11-29,58.57943955165471,58.819552674049845,58.32153625132518,58.615013122558594,41136100
2012-11-30,58.62391059971824,58.66837926654755,58.34822386328123,58.51719665527344,33497400
2012-12-03,58.97073676014756,59.02410051034184,58.37489469853774,58.401573181152344,28240000
2012-12-04,58.428260822725726,58.49051288690653,57.98360128287251,58.36600875854492,49584500
2012-12-05,58.27707303226708,58.28596812206473,57.405544211132,57.71680450439453,54076200
2012-12-06,57.538944107194425,58.232618717238864,57.38776148582437,58.09032440185547,47512300
2012-12-07,58.374884764244015,58.437136808072346,57.54781801911681,57.74346923828125,30089400
2012-12-10,57.58338707026225,58.21480254672125,57.58338707026225,57.912437438964844,33219600
2012-12-11,58.31264037394848,58.99741294593651,58.26817171467863,58.66836929321289,40750800
2012-12-12,58.97964494032485,58.97964494032485,58.38380274646329,58.543880462646484,45917700
2012-12-13,58.42826243569493,58.83735519442348,57.83242026423469,58.08142852783203,45467700
2012-12-14,57.690133712631436,57.87688991349187,57.33440470791166,57.53005599975586,39630300
2012-12-17,57.583387881658844,58.31262897030602,57.50335245258263,58.29484558105469,42302900
2012-12-18,58.58832856008353,59.27310793452816,58.42825088157381,59.18417739868164,55596000
2012-12-19,59.35316568055695,59.370955865389085,58.890722649434096,58.92629623413086,34832500
2012-12-20,59.033010203253625,59.05969548050183,58.63281924910822,58.92629623413086,40754300
2012-12-21,58.02037842379553,58.37808867170044,57.76998329708874,58.30654525756836,51152900
2012-12-24,58.154524463665126,58.252894958910225,58.05615396842002,58.1902961730957,11418300
2012-12-26,58.23500847454226,58.288662623587,57.492760906564506,57.68055725097656,21751300
2012-12-27,57.73420547864437,57.80574888520332,56.87570506820133,57.59112548828125,52933200
2012-12-28,57.15293082984399,57.617952739795655,57.00984742765712,57.03667449951172,33082100
2012-12-31,56.9741035748891,58.35128412625507,56.85785059910635,58.24396896362305,57544000
2013-01-02,59.674775392866614,60.12191140658499,59.451207386007425,60.09507751464844,70695900
2013-01-03,60.09509461158845,60.22029218522774,59.603248950221555,59.782100677490234,47366500
2013-01-04,59.808902754846976,59.808902754846976,59.44225482037413,59.58533477783203,33972500
2013-01-07,59.43331185743104,59.701596166472946,59.245515570203075,59.60322570800781,26766200
2013-01-08,59.59429937404339,59.75526864433619,59.17399034479242,59.48698425292969,28734900
2013-01-09,59.57640161831764,59.871506185704206,59.51380285278065,59.71053695678711,25600300
2013-01-10,60.12191352648765,60.157678404822576,59.513808253478665,60.06825256347656,37528000
2013-01-11,60.04145422404245,60.17559646162762,59.91625662169831,60.14876937866211,21158600
2013-01-14,59.84469856641067,60.05038419016403,59.62113049930117,59.880470275878906,36768500
2013-01-15,59.58533477783203,59.674767426840575,59.317057299066015,59.58533477783203,31675300
2013-01-16,59.665832058702335,60.03248005008618,59.55851695688659,59.82680130004883,33822300
2013-01-17,60.06827879612664,60.34550789494974,59.969908280859954,60.11299514770508,32024200
2013-01-18,59.93412353241201,60.04143865921186,59.71055546864588,59.97883987426758,31992000
2013-01-22,60.04143395183028,60.12192199630869,59.67478590383289,60.077205657958984,32123100
2013-01-23,60.417005333010685,60.622690865050785,60.327579510592216,60.44383239746094,31975700
2013-01-24,59.612186431884766,60.16663081355599,59.52275375622339,59.612186431884766,42596300
2013-01-25,59.79999537053457,60.086162253786846,59.683735596779265,59.9162483215332,39240100
2013-01-28,59.92518314228867,60.25605949585359,59.85363972750226,60.05038070678711,32926100
2013-01-29,59.97882288509555,60.19344625514672,59.58534102104014,60.05931091308594,35554700
2013-01-30,60.16662903240232,60.34548755567497,59.799980999514695,59.93411636352539,34445000
2013-01-31,59.90729991791041,60.229238494156064,59.74633062978757,59.799991607666016,34870500
2013-02-01,60.22028084163988,60.61376275481875,59.97883037303315,60.50645446777344,53120800
2013-02-04,60.15769825108754,60.3276121816283,59.43333982763543,59.451229095458984,48483700
2013-02-05,59.710559930484024,60.515406384734966,59.567479906815166,60.32761001586914,35120300
2013-02-06,60.13085174560547,60.40808072525325,59.95200006169124,60.13085174560547,43593200
2013-02-07,60.202395531444495,60.24711186408486,59.52274684728671,60.184513092041016,46017900
2013-02-08,60.48856557120594,60.92675699905669,60.47962093964638,60.80155944824219,39837200
2013-02-11,60.83734045091018,60.86416752693464,60.61377238703193,60.8194580078125,17650400
2013-02-12,60.738968363914026,60.85522812064519,60.50646249596304,60.569061279296875,22057900
2013-02-13,60.747915881840754,61.01620029330263,60.60482904299282,60.783687591552734,23494700
2013-02-14,60.50645611605514,60.85522170396282,60.47068441181397,60.76578903198242,24478800
2013-02-15,60.756858489857606,60.90888313399937,60.417030670298644,60.586944580078125,25333600
2013-02-19,60.703192697219436,61.043020489803645,60.68531025575695,61.02513122558594,23436500
2013-02-20,61.00723877514808,61.034065844318114,60.0771950483137,60.08613967895508,38200300
2013-02-21,59.86258119750009,59.92517997644222,59.22764877601418,59.4422721862793,45855600
2013-02-22,59.782091685540955,60.05037605884682,59.54957901685954,60.04143142700195,21968000
2013-02-25,60.42598712449386,60.64061059484374,59.24554780343384,59.29920196533203,40927600
2013-02-26,59.37968227795119,59.63007743112574,58.98620028138764,59.522762298583984,42088800
2013-02-27,59.522746468440914,60.497506567210365,59.44226525750583,60.13085174560547,36339500
2013-02-28,60.13980702350024,60.57799850259358,59.996720192833905,60.00566482543945,28557300
2013-03-01,59.79998762031409,60.36337667980014,59.50487614130701,60.25606155395508,31617200
2013-03-04,60.05931169420901,60.533274769665184,59.9788236651718,60.524330139160156,19380500
2013-03-05,60.882047710428076,61.49909083520783,60.882047710428076,61.418609619140625,35581900
2013-03-06,61.60641876874118,61.624308035649456,61.186109692228,61.266597747802734,29071100
2013-03-07,61.33811098517028,61.525914102396875,61.21291345552166,61.42754364013672,21775900
2013-03-08,61.63323428768087,61.72266013718261,61.257641626120595,61.49909210205078,26159900
2013-03-11,61.41861966557637,61.69584188549375,61.23082330794629,61.67795944213867,23187900
2013-03-12,61.49908572944365,61.64217253202359,61.159264807447705,61.454376220703125,27575400
2013-03-13,61.5348668185749,61.60641023078038,61.159274138629115,61.373897552490234,34297300
2013-03-14,61.58852303118171,61.7137205814917,61.44543621782471,61.5795783996582,31530800
2013-03-15,61.623502546231,61.65935704106519,61.25599910308975,61.408382415771484,30752600
2013-03-18,60.8436900735264,61.524911881173075,60.709244249721415,61.2739372253418,36163000
2013-03-19,61.462154958184136,61.578676926527045,60.61063301123172,61.15740203857422,33125100
2013-03-20,61.587646484375,61.722099126945835,61.300817371545115,61.587646484375,28035400
2013-03-21,61.02295285456946,61.175329322987544,60.7450822396681,60.88850021362305,30050800
2013-03-22,61.13946844144452,61.524895657995984,61.06775946195944,61.48007583618164,28837200
2013-03-25,61.67729381745229,61.81174649167047,60.96022428586713,61.256011962890625,24909800
2013-03-26,61.48904833572609,61.6055771506087,61.354595693155254,61.587646484375,19725200
2013-03-27,61.16636363476653,61.713132689840066,61.076730820837916,61.66831970214844,22539500
2013-03-28,61.66833272879485,61.90137672652775,61.524914725377556,61.820709228515625,23662800
2013-04-01,61.865501108017654,61.928244753458614,61.229099321818104,61.39940643310547,28112800
2013-04-02,61.69521476093628,62.089600547637126,61.64142959660062,61.883445739746094,29431900
2013-04-03,61.919276604569994,62.008909392859174,61.16634613814543,61.318729400634766,35131200
2013-04-04,61.29185772007604,61.489054035653616,61.00502858065759,61.33667755126953,32287400
2013-04-05,60.3686046887443,60.91537360545565,60.22519359045837,60.825740814208984,55610800
2013-04-08,60.85265445923945,61.16637277413753,60.67338880459666,61.1484489440918,17891600
2013-04-09,61.30978206705173,61.81173129964749,61.031911451683015,61.56075668334961,30931400
2013-04-10,61.77585883997677,62.896285792988,61.7400043568552,62.76183319091797,55271300
2013-04-11,62.609478961936496,62.87838426140485,62.53776997027216,62.73496627807617,37233600
2013-04-12,62.58257630620318,62.734952751726475,62.21507977061498,62.69013977050781,32783700
2013-04-15,62.457106729861565,62.55570489046701,61.38149913595196,61.45320129394531,48795800
2013-04-16,61.80276970161254,62.34058029880479,61.6772823858799,62.26887130737305,27682600
2013-04-17,61.73107997186488,61.749003804057004,60.69131990249442,61.04985809326172,60204800
2013-04-18,61.21117288397847,61.24702737106349,59.94732785877222,60.20726776123047,56798200
2013-04-19,60.32380970825273,61.15740790875943,60.23417005172105,61.03191375732422,43062800
2013-04-22,61.24702737578915,61.88342913487295,61.022941960398626,61.65934371948242,34412100
2013-04-23,62.008917726675094,62.475012391546606,61.68623417463162,62.25092697143555,53078300
2013-04-24,62.09856511154848,62.44813790193925,61.95515396503874,62.22405242919922,44500700
2013-04-25,62.38540266825012,62.78876067678314,62.376437333336895,62.55570983886719,26437100
2013-04-26,62.40330980935467,62.53775558962701,62.08958475260116,62.358489990234375,24079800
2013-04-29,62.55569749432459,63.17417554889862,62.52880833343798,62.932159423828125,31664000
2013-04-30,63.01281658488277,63.398243742567765,62.77976585642255,63.389278411865234,30135800
2013-05-01,63.40724332531624,63.50584151130894,62.968037575879364,63.09352493286133,28537200
2013-05-02,63.20107411821529,64.02570708804268,63.14728894988984,63.89125442504883,31744200
2013-05-03,64.50973525865203,64.84137742416436,64.45595692663312,64.6441879272461,34061700
2013-05-06,64.76068136287539,64.99373209641294,64.70690305457586,64.89513397216797,19244300
2013-05-07,65.00272514272449,65.04754498249514,64.61729777175809,64.85931396484375,25838100
2013-05-08,64.82344661161169,65.22679773540675,64.71588312061151,65.17301940917969,24252100
2013-05-09,65.04751953335814,65.52257955945635,64.95788672743211,65.0833740234375,29337200
2013-05-10,65.21782801473607,65.5046571028213,65.10129920990637,65.47776794433594,20663700
2013-05-13,65.37024823512505,65.71982120655223,65.30750454380605,65.55847930908203,29730100
2013-05-14,65.57637867861689,66.09625179911492,65.54948267642119,65.89905548095703,36009800
2013-05-15,65.77354552253279,66.09622905236891,65.61220375761472,66.03348541259766,27214400
2013-05-16,66.08727849594915,66.41892055804614,65.92593671165653,65.96178436279297,27253400
2013-05-17,66.30241869516966,66.62510236157694,66.08729853041375,66.59821319580078,31114500
2013-05-20,66.47270648415277,66.71471574413114,66.23069038562966,66.49959564208984,25132400
2013-05-21,66.46374006191031,66.81331278644831,66.23068929937011,66.57129669189453,25900000
2013-05-22,66.65197662340906,67.18081500154523,65.64807134811852,65.98868560791016,59843200
2013-05-23,65.406093786589,66.06041978659573,65.28060642114802,65.83633422851562,48222100
2013-05-24,65.39711044817976,65.81839227557553,65.21784478647997,65.80046844482422,26430300
2013-05-28,66.57132807310373,66.81334428174206,66.02456565634022,66.23072052001953,27057100
2013-05-29,65.97077815534439,66.15005068108995,65.54053777065027,65.91699981689453,32090300
2013-05-30,65.94389493740056,66.58029707449897,65.92597110248224,66.2665786743164,32390500
2013-05-31,66.01558925187669,66.51753858037995,65.58534208562625,65.65705108642578,38347600
2013-06-03,65.66603339743203,65.79152076199938,64.92206770853379,65.77359008789062,47613100
2013-06-04,65.90799758187175,66.16793746976278,65.16403240327442,65.43293762207031,35251900
2013-06-05,65.21783037636156,65.46880498270615,64.5276433703688,64.58142852783203,48654200
2013-06-06,64.67104856952827,64.90409930306582,64.0615360008065,64.89513397216797,62524100
2013-06-07,65.16403852132098,65.85422545637613,65.00269674260433,65.78251647949219,31969800
2013-06-10,65.90800059464966,66.11416218362304,65.66599135750569,65.80940246582031,25390000
2013-06-11,65.15512084960938,65.7377378458199,64.93103528535957,65.15512084960938,40278900
2013-06-12,65.53158434464936,65.55847351876122,64.30359296466666,64.40219116210938,42081900
2013-06-13,64.3125122486067,65.36123031928463,64.13324665719888,65.21781921386719,28221500
2013-06-14,65.21783713844556,65.28953929158904,64.6889918729191,64.78759002685547,27690700
2013-06-17,65.29849499975644,65.79148569676815,65.07440956266836,65.41502380371094,32441900
2013-06-18,65.5046565796505,66.07831475123928,65.48672591510689,65.95282745361328,24853100
2013-06-19,65.9707429040327,66.0424518760134,65.14611024188649,65.21781921386719,43145100
2013-06-20,64.46490372761735,64.68003069375793,63.45203990658467,63.66716003417969,60908400
2013-06-21,63.64379329609306,63.81463924572805,62.798564105496055,63.32908248901367,51558900
2013-06-24,62.807542898527615,63.18519577740504,62.1781214337319,62.69964599609375,41492300
2013-06-25,63.30210535360482,63.41000227669408,62.771586994419835,63.158233642578125,28897400
2013-06-26,63.6976893401697,63.84156093939622,63.47289511150986,63.72467041015625,23742300
2013-06-27,64.05739939174438,64.39909121205693,63.95848932377807,63.99445724487305,23545000
2013-06-28,63.79661418076814,64.46201019161612,63.65274940827197,64.0843505859375,28301100
2013-07-01,64.5160018067547,65.01055229986868,64.4170917081319,64.48003387451172,24942800
2013-07-02,64.45304769650875,64.90263647595978,64.15631745562777,64.50699615478516,23067900
2013-07-03,64.27321766810353,65.07348518081909,64.21926234734721,64.76776123046875,18847500
2013-07-05,65.13643713843082,65.28929570651427,64.61491240713022,65.26232147216797,28795900
2013-07-08,65.60399921836454,65.63097344970005,65.08247454527474,65.32525634765625,20558500
2013-07-09,65.63096984422964,65.86475793659575,65.32525275898057,65.72088623046875,26108600
2013-07-10,65.6579317581395,66.19744369473499,65.62197069853376,66.0985336303711,25598900
2013-07-11,66.80889152282748,67.46528726132175,66.76392990339967,67.41133880615234,47768900
2013-07-12,67.45628578276603,67.75301597232301,67.27645304616256,67.70806121826172,31412600
2013-07-15,67.78000946927052,67.90589379272257,67.59118298409247,67.8609390258789,19783600
2013-07-16,67.91487618674819,67.96882464205412,67.600165430497,67.77101135253906,31747100
2013-07-17,67.97781667760155,68.10370097702724,67.75302230574428,67.94184875488281,24631500
2013-07-18,67.93286357863683,68.10370264049891,67.66310758174723,67.77101135253906,36278800
2013-07-19,67.18654621221806,67.20452674435833,66.8718354484122,67.06964874267578,37732400
2013-07-22,67.32141899668176,67.42032906623837,67.06065670968519,67.26746368408203,21135900
2013-07-23,67.39332336979659,67.40231706197558,66.71894052009145,66.77289581298828,24739500
2013-07-24,67.42932648863878,67.45630071908407,66.8358728383002,66.98873138427734,24426900
2013-07-25,67.30343503563358,67.49226148890645,66.95275635667254,67.41133880615234,23162200
2013-07-26,67.14158297985668,67.7799981883034,67.03368606924484,67.77101135253906,20885600
2013-07-29,67.63612501854298,67.92386151168026,67.46527911755616,67.6451187133789,20958400
2013-07-30,67.88788542289272,68.29251245948765,67.75300745730165,68.00477600097656,24104600
2013-07-31,68.1396775957982,68.52632423914412,68.00479958343462,68.13068389892578,25007600
2013-08-01,68.59821903965138,68.92192333152377,68.52628322808494,68.82301330566406,16880000
2013-08-02,68.83202582613659,69.22765917762423,68.67916046969748,69.20967864990234,18105300
2013-08-05,69.17376172357632,69.30863979153627,69.03888365561637,69.25468444824219,15462800
2013-08-06,69.16473841601088,69.22768057275773,68.56229107855089,68.84103393554688,23675400
2013-08-07,68.6431978302185,68.8500116458981,68.22059022457577,68.71513366699219,20281200
2013-08-08,69.09277715440764,69.21866828178682,68.60722747244789,69.05681610107422,19994000
2013-08-09,68.93995131742523,69.18273313356585,68.58027887214588,68.7780990600586,18558500
2013-08-12,68.51733444094263,69.06583335829858,68.50834760373954,68.93994903564453,20515900
2013-08-13,69.02983085071048,69.47941945217713,68.53528750520375,69.3265609741211,23917000
2013-08-14,69.29962215845686,69.3985322501235,68.96692395374352,69.06583404541016,29921000
2013-08-15,68.29251445793437,68.32848237382308,67.699060996217,67.89688110351562,39406600
2013-08-16,67.90588751871667,68.22060515845028,67.75302897724522,67.86992645263672,23825000
2013-08-19,67.87891318125021,68.45438628014202,67.7350483366175,67.7530288696289,29586900
2013-08-20,67.87888253626518,68.3644390305269,67.82493410140634,68.04972839355469,18842800
2013-08-21,67.83395113637805,68.41841100894116,67.56419514890297,67.81596374511719,30705100
2013-08-22,68.11268014626478,68.5263008790471,68.07671223121697,68.4813461303711,17269500
2013-08-23,68.96692326761595,69.02986542894298,68.69717408772061,68.93994903564453,20697300
2013-08-26,68.99391665822857,69.48846033961512,68.83206437736807,68.9759292602539,27525500
2013-08-27,68.15767723068274,68.49936231121397,67.40236434190065,67.56421661376953,40068900
2013-08-28,67.48327382243623,68.11269532559753,67.48327382243623,67.82495880126953,20490400
2013-08-29,67.80697779799262,68.6432062777252,67.70806772530126,68.30152130126953,27287900
2013-08-30,68.37347001712824,68.37347001712824,67.61815721623489,67.8609390258789,26228500
2013-09-03,68.4184358586716,68.73315357842529,67.92389218225422,68.24759674072266,27241500
2013-09-04,68.48138557886737,69.09281990636005,68.2745716632525,68.9759292602539,27142900
2013-09-05,69.0208444745246,69.29059352108216,68.9938702558866,69.0927734375,17809700
2013-09-06,69.32661806438385,69.5424188499494,68.38248533992,69.17375946044922,27715100
2013-09-09,69.47042525568006,70.09984648694429,69.44345104007972,69.98295593261719,25161900
2013-09-10,70.38760339634918,70.4235713143555,70.06389899447109,70.32466125488281,27619400
2013-09-11,69.85713552201095,70.23478860586994,69.76721224093514,70.18982696533203,28132900
2013-09-12,70.20780148305863,70.36066005654612,70.00098757878938,70.14485931396484,18332700
2013-09-13,70.2168012055815,70.26176284611941,69.81217388147304,70.18982696533203,16932500
2013-09-16,70.783271278652,70.783271278652,69.83913192774408,70.00098419189453,25704300
2013-09-17,70.15381119871319,70.55844510715221,70.11785014301854,70.4685287475586,27174300
2013-09-18,70.57644119201193,71.45763817469809,70.43257635698602,71.31376647949219,31714700
2013-09-19,71.53855996617004,71.65545743211237,71.35872720958483,71.48461151123047,26435700
2013-09-20,71.65415874977619,71.73533129612835,71.203220036736,71.23929595947266,26328900
2013-09-23,71.53690389210418,71.61807642339967,70.76128889908136,71.09498596191406,30319400
2013-09-24,71.24830344452202,71.47377275921988,70.86049594801061,71.09498596191406,21871300
2013-09-25,71.14913804464115,71.24834515164393,70.70721985576242,70.85151672363281,22746400
2013-09-26,71.14007373399144,71.57297783381175,71.11301851789841,71.40161895751953,22421700
2013-09-27,70.98677831737311,71.43771707447556,70.87855053858794,71.31145477294922,25151600
2013-09-30,70.57192576157813,71.32949968103647,70.34645635019928,71.14010620117188,28031900
2013-10-01,71.14911114596056,71.89767107733266,71.11303522243648,71.8615951538086,33129700
2013-10-02,71.37456672685934,71.93373311235395,71.30241489374181,71.83452606201172,25503800
2013-10-03,71.74433303259408,71.89765050311395,70.61698654798874,70.99577331542969,42998200
2013-10-04,70.99580802036276,71.7082921726107,70.93267686159548,71.60908508300781,22852700
2013-10-07,70.97774091572244,71.56396253818322,70.95068569758664,71.0138168334961,20227100
2013-10-08,71.01381771260137,71.07694884929234,69.61591200565037,69.6429672241211,43660700
2013-10-09,69.80530813617747,69.84138405580367,68.8583341681295,69.42652130126953,64526700
2013-10-10,70.17507887878602,71.05892176571713,70.1570443581778,70.8965835571289,48062700
2013-10-11,70.7162329693992,71.50988285944771,70.7072122658814,71.45577239990234,25214100
2013-10-14,71.01382612754216,71.96080017089844,70.95971568418878,71.96080017089844,31471900
2013-10-15,71.90667505852647,72.24938593114908,71.59101252128401,71.68120574951172,38684000
2013-10-16,72.01492588879327,72.52899585202194,71.96081543396292,72.492919921875,46735900
2013-10-17,72.16823658302192,72.93483798453352,72.10510543145055,72.90777587890625,32193500
2013-10-18,73.57517868352033,74.11630388519316,73.36774380114262,74.08924865722656,39628200
2013-10-21,74.26058547555746,74.4409650929204,74.01708159309105,74.25157165527344,31176900
2013-10-22,74.54015894328448,74.76562826441918,73.89080619749215,74.35977935791016,43944800
2013-10-23,73.99906778603712,74.13434393595314,73.54812893756835,73.90887451171875,38021300
2013-10-24,73.95394073857658,74.38684488263738,73.8457129823669,74.2335205078125,23155100
2013-10-25,74.92799376320085,75.10836653354602,74.40490309610765,74.76565551757812,35824500
2013-10-28,74.77464707021466,74.90090933639028,74.44997070554092,74.78366088867188,28618400
2013-10-29,75.03618964144133,75.09030695911575,74.58525098522887,74.90992736816406,36878100
2013-10-30,75.17148168503526,75.29774397354798,74.47703909821534,74.8377914428711,33535500
2013-10-31,74.64839383938319,75.12639466985328,74.38685543281092,74.66643524169922,31309900
2013-11-01,74.91895354597072,75.00913990765206,74.31469735384957,74.68446350097656,30867800
2013-11-04,74.90992803698433,74.91894873680691,74.53114121377061,74.79268646240234,16834000
2013-11-05,74.50408945028092,75.05423519174776,74.28764080994618,74.87385559082031,27975600
2013-11-06,75.18953212398856,75.21658734895334,74.61233105547501,74.8558349609375,25576800
2013-11-07,74.8648689002972,74.97308981929169,73.38579004060625,73.44892120361328,52173200
2013-11-08,73.71946660573455,74.45900589738041,73.51203862923722,74.44097137451172,31470500
2013-11-11,74.3327366595591,74.53115079649933,74.08021207828199,74.32372283935547,24822900
2013-11-12,74.09826039377124,74.54919915406212,74.06218446725445,74.44097137451172,20108500
2013-11-13,73.95394253113426,75.35185517275352,73.95394253113426,75.34283447265625,31345900
2013-11-14,75.14443493382242,75.6314496218886,74.98209670446703,75.57733917236328,31101200
2013-11-15,75.59537922854011,75.72164154052734,75.40598576055926,75.72164154052734,20511300
2013-11-18,75.70356003979856,75.85687748339038,74.8377589173807,74.9820556640625,31679600
2013-11-19,74.93700758517201,75.29776000664249,74.63939320218047,74.76565551757812,25545300
2013-11-20,74.96405989072122,75.24363971243092,74.368817441015,74.58526611328125,32177400
2013-11-21,74.90091649878319,75.40596561178097,74.83778535965847,75.34283447265625,28125000
2013-11-22,75.46913073043243,75.7757658640194,75.41502026704207,75.74871063232422,25361300
2013-11-25,76.019248255134,76.10041391983741,75.73966845789516,75.92906188964844,21695100
2013-11-26,75.94708750950024,76.5152677381698,75.78474931834067,76.32587432861328,26621000
2013-11-27,76.47921481008525,76.87603623145512,76.41608366026874,76.85800170898438,21638100
2013-11-29,77.16463062476528,77.4171552039652,77.08346495892762,77.31795501708984,16708900
2013-12-02,77.4081392357482,77.52538082118647,76.975235054291,77.09248352050781,26354600
2013-12-03,77.03836410039571,77.23677822479709,76.73172909415965,77.02935028076172,37147000
2013-12-04,76.70468006479055,77.35402605054456,76.46116929945127,77.10150146484375,37193200
2013-12-05,77.16463466871556,77.25482792096689,76.81290300342847,77.0022964477539,39829300
2013-12-06,77.65164113490162,77.7237929767749,77.19168174393248,77.56145477294922,36842900
2013-12-09,77.87714385986328,78.03948213327037,77.7418608185605,77.87714385986328,22590000
2013-12-10,77.75086145149105,77.96731013323055,77.66969577613105,77.82301330566406,26965900
2013-12-11,77.81397067604827,77.92219842680966,76.71367929269563,76.82190704345703,36830600
2013-12-12,76.8490122524858,77.03840577893862,76.56943231545289,76.62354278564453,33662600
2013-12-13,76.98423601812875,77.02031193073277,76.39801447967275,76.52427673339844,34072000
2013-12-16,76.90308452905974,77.39009916125681,76.84897408574183,76.94818115234375,24902500
2013-12-17,76.9481630549158,77.1375564427637,76.6505419251075,76.79484558105469,24454900
2013-12-18,76.88507354208504,77.75989600765304,75.80282305978736,77.687744140625,68387200
2013-12-19,77.56145406132026,77.57047476166625,77.12854989483091,77.47126770019531,44964100
2013-12-20,77.61783436515888,78.42305437301088,77.56355204186308,78.26020050048828,40475400
2013-12-23,78.90256640042874,79.0835189819336,78.66733149579004,79.0835189819336,28181800
2013-12-24,79.10162102041681,79.1740020623811,78.95685893648822,79.11971282958984,13852500
2013-12-26,79.26447369311546,79.44541939260418,79.11066915828647,79.38208770751953,15241100
2013-12-27,79.48161871257184,79.52685859377058,79.08353674909716,79.18305206298828,15827400
2013-12-30,79.06542205810547,79.1739936094604,78.83923650309255,79.06542205810547,18983700
2013-12-31,79.21018263817018,79.58112335205078,79.18303457386507,79.58112335205078,24890500
2014-01-02,79.21018941065371,79.23733057464419,78.73067020382413,78.95685577392578,29177500
2014-01-03,78.95687186454425,79.0292529183599,78.36879478454438,78.38688659667969,35723700
2014-01-06,78.40497468933614,78.49544754303005,77.80784143021097,78.09735870361328,32073100
2014-01-07,78.45926102690365,78.93877338833643,78.31449893149326,78.82115936279297,25860600
2014-01-08,78.83926792768426,79.21021569902672,78.66736462851209,78.99307250976562,27197400
2014-01-09,79.2825604358592,79.29160979104617,78.45924858236839,78.73066711425781,23674700
2014-01-10,78.92066947829454,79.07447400411063,78.33258563546389,78.98400115966797,38008900
2014-01-13,78.8754414659468,79.14686694272699,77.51832788731912,77.81689453125,48842300
2014-01-14,78.07928106473729,79.3640137672147,78.07928106473729,79.3006820678711,37178900
2014-01-15,79.64447900074747,80.10589959591503,79.56305549123175,79.95209503173828,39835600
2014-01-16,79.88873884623534,80.07873387950336,79.76207549072333,79.96111297607422,31630100
2014-01-17,79.71683703252481,79.95207194091678,79.31874824949767,79.50874328613281,36895800
2014-01-21,80.0154146191756,80.1511204478304,79.44542252828047,80.11493682861328,26412700
2014-01-22,80.32301330566406,80.52205769877934,80.08777839537917,80.32301330566406,29376900
2014-01-23,80.07874639036866,80.08778884386426,79.49066248925098,80.05160522460938,35011900
2014-01-24,79.66258871598524,79.78020276907228,78.45023004223394,78.47737121582031,63974600
2014-01-27,78.4773416347011,78.6130543541159,77.12927760115498,77.71736145019531,63519300
2014-01-28,77.35546833863421,77.75355716816782,77.18356508903814,77.67212677001953,44378800
2014-01-29,77.0026137083125,77.5725988427779,76.68595530027616,76.83975982666016,51939300
2014-01-30,77.78068823768149,78.5316259222377,77.69925785010258,78.26020050048828,65833600
2014-01-31,77.39166593511511,78.42307172171351,77.31023552952222,78.0521240234375,45187000
2014-02-03,77.90737317576412,78.26022218020378,76.061697743429,76.2607421875,65596900
2014-02-04,76.6497520650369,77.12926427517071,76.41451718553628,76.8216552734375,37675500
2014-02-05,76.56836089871418,76.8940687747834,75.76314056694245,76.62265014648438,41721800
2014-02-06,76.84881581526483,77.69926891273707,76.83071710316591,77.59974670410156,32308600
2014-02-07,78.0340190364311,79.03828348580645,77.80783347400666,78.98400115966797,38359400
2014-02-10,78.95684408437799,79.47254683175461,78.90256176443353,79.43636322021484,30205400
2014-02-11,79.60826435271112,80.49491474706734,79.51779151311605,80.34111022949219,38635500
2014-02-12,80.50396054819826,80.67585686505046,80.25062694482547,80.49491119384766,32507200
2014-02-13,79.90683845867994,81.15538032896205,79.88874665011173,81.09204864501953,40454500
2014-02-14,81.06489541833837,81.43584301383004,80.82061807451898,81.25489044189453,33212400
2014-02-18,81.39063896890472,81.80681971358419,81.19159450348457,81.65301513671875,29546600
2014-02-19,81.49918681548073,81.68918186730828,80.92919475736223,81.09204864501953,41749900
2014-02-20,81.14634572102878,81.62585807475676,80.80253920127171,81.47205352783203,41814800
2014-02-21,81.73441272330982,81.85203363518255,81.26394978372589,81.36347198486328,31192200
2014-02-24,81.55346810069179,82.16869312367955,81.46299525373624,81.7977523803711,31500400
2014-02-25,81.9153538603733,82.07820772103547,81.44488408395608,81.70726013183594,26771700
2014-02-26,81.92442787820772,82.18679710244035,81.30920276411591,81.6349105834961,42953700
2014-02-27,81.6467148463459,82.24631990071248,81.51952568538059,82.16455841064453,28742400
2014-02-28,82.14637381318013,82.63696348321625,81.34689820161492,82.07369232177734,48609800
2014-03-03,81.30148929832495,81.68306375059998,80.73822493819202,81.46501922607422,38885700
2014-03-04,82.3553610591646,82.65516712082182,82.2735926190349,82.50071716308594,33189000
2014-03-05,82.63695769905827,82.87316906393954,82.46434090188103,82.7278060913086,27203300
2014-03-06,82.91858672739855,82.98218129275033,82.35532255750795,82.6551284790039,24063900
2014-03-07,82.9186092094469,83.00037763351952,81.82841438460265,82.24632263183594,31167800
2014-03-10,82.2008903868246,82.36442028079442,81.79206218625566,82.3189926147461,18131700
2014-03-11,82.51886013798888,82.72781075882486,81.71937760598783,81.96467590332031,27484300
2014-03-12,81.59221647669995,82.31901776781966,81.29241735555706,82.27359008789062,27977200
2014-03-13,82.58247180953555,82.60972564126293,80.73822192889118,81.11070251464844,48542000
2014-03-14,80.84723764666815,81.20155132341677,80.52017780177869,80.5565185546875,38732300
2014-03-17,81.07435298601989,81.68305186429875,81.02893224848745,81.26513671875,28467200
2014-03-18,81.3650784649635,82.34625796609711,81.33782463403584,82.24632263183594,31250200
2014-03-19,82.27356329441326,82.3644186246831,81.26513012375744,81.8011474609375,40869400
2014-03-20,81.54677176803943,82.27356591432213,81.3832418721503,82.02827453613281,31634500
2014-03-21,82.49813330076044,82.54366485152022,80.88641783209738,81.04121398925781,62754000
2014-03-24,81.33258696374678,81.39632695799418,79.59339172234561,80.3309555053711,77735300
2014-03-25,80.74983553520374,81.26886329178672,79.92120849642512,80.59503936767578,41723300
2014-03-26,80.99567242341266,81.17779165679354,79.5478609905112,79.55696868896484,40930400
2014-03-27,79.44770182923696,79.8028256713272,78.67371414640282,79.11078643798828,64784500
2014-03-28,79.36576597518813,80.1397537808551,79.0470589842018,79.2656021118164,39895100
2014-03-31,79.88478603975366,80.36738990918705,79.78462218604417,79.83014678955078,33924300
2014-04-01,80.22167519932913,81.28704653552174,79.86655142059826,81.23241424560547,38683800
2014-04-02,81.57845240482037,81.66040780901221,81.07764006839709,81.4418716430664,34631600
2014-04-03,81.52380519006411,81.66039287397673,80.3309537746461,80.79534912109375,30319100
2014-04-04,81.33257934513921,81.41453472843084,78.43694983302599,78.6463851928711,131213200
2014-04-07,78.15468686361305,78.88314300241397,77.35337607965153,77.89972686767578,83995800
2014-04-08,77.99076455954439,78.72832822283286,77.71758923018122,78.61905670166016,51495700
2014-04-09,78.91050204352993,80.01229792620997,78.70106655310353,79.96676635742188,45685200
2014-04-10,80.02137379700171,80.02137379700171,77.27143879707648,77.48997497558594,73659600
2014-04-11,76.79795238857905,77.79959123175014,76.40641150079209,76.5885238647461,93657400
2014-04-14,77.26233135136799,77.5992467941662,76.47923584972662,77.18948364257812,46500700
2014-04-15,77.4717665323428,77.89063043585003,75.8327278254538,77.44445037841797,84631500
2014-04-16,78.11829519921018,78.47341918945312,77.48088799961745,78.47341918945312,46970900
2014-04-17,78.17292281775636,78.88317075550442,77.97259505128562,78.49162292480469,53719500
2014-04-21,78.67372285079966,79.07437133789062,78.30949126942096,79.07437133789062,25947900
2014-04-22,79.34755096552294,79.90300259345376,79.21096324687538,79.70267486572266,38593400
2014-04-23,79.70267359705934,79.72998975092607,78.95600195376302,79.00153350830078,34376700
2014-04-24,80.30366752844027,80.32187598441074,78.9013802159281,79.75731658935547,48926300
2014-04-25,79.28379433534958,79.37485047964559,78.29127055238762,78.48249053955078,44334000
2014-04-28,78.85584486014267,79.32024035715817,77.49908917356531,78.73747253417969,58623800
2014-04-29,78.97424344270796,79.5114798385965,78.59179632081714,79.36579132080078,36742700
2014-04-30,79.00151250421439,79.65712781126697,78.80118483293299,79.5751724243164,38689400
2014-05-01,79.70267911342414,80.26723847192328,79.5023513750167,79.81195068359375,37127200
2014-05-02,80.08510071241447,80.23079610569488,79.47501688411491,79.6662368774414,40074200
2014-05-05,79.1927609581461,80.1033365571642,79.00154091600916,80.08512115478516,27924400
2014-05-06,79.95764133626805,80.0031728951945,79.01064187715023,79.04706573486328,33698500
2014-05-07,79.210967637525,79.2929230521123,77.88152812642063,78.81941986083984,67489100
2014-05-08,78.53713897451519,79.70267453413082,78.35502664850272,78.74657440185547,46556900
2014-05-09,78.70104839844412,79.09259617941709,78.17291288975677,79.0379638671875,35081500
2014-05-12,79.5114532129449,80.36739641497354,79.43860550487017,80.34008026123047,38951100
2014-05-13,80.41292280932221,80.68609824710383,80.2399181827245,80.39471435546875,30311900
2014-05-14,80.14883466066392,80.44932617627002,79.78461009923154,79.975830078125,26483600
2014-05-15,79.95761029910409,80.09419797572365,78.83760663452699,79.34752655029297,59680300
2014-05-16,79.43862831273054,79.91213160402546,78.89228423958717,79.8666000366211,66804100
2014-05-19,79.6298319590592,80.54951524314124,79.49325117931367,80.42203521728516,32017000
2014-05-20,80.38562109332469,80.67700503729628,79.8028532053815,80.13066101074219,33716000
2014-05-21,80.2763459793033,80.94106225826287,80.23081442172402,80.8955307006836,36837700
2014-05-22,80.98660360455018,81.47831530784947,80.85912356448827,81.25067138671875,30617100
2014-05-23,81.3326092034624,81.86074469857701,81.15049686928367,81.842529296875,22687300
2014-05-27,82.20675028891272,82.88057417486498,82.13390258579913,82.86236572265625,29725200
2014-05-28,82.83503517974849,82.9534074663886,82.54365136505595,82.60739135742188,30468100
2014-05-29,82.89881507704251,83.14466746676021,82.73491116818356,83.13556671142578,33036100
2014-05-30,83.15375339100854,83.27212570362737,82.70757334652566,83.14464569091797,29906400
2014-06-02,83.24482597795829,83.26304138173406,82.53457806780634,83.06271362304688,30409900
2014-06-03,82.78953927123219,83.16287863516925,82.68027463565343,83.02629089355469,21774500
2014-06-04,82.81682590130009,83.47244126957358,82.6893459071512,83.33585357666016,20118300
2014-06-05,83.40872604592889,84.19182164094039,83.12644982463661,84.03702545166016,35583100
2014-06-06,84.34659599651107,84.51960754394531,84.18269214818886,84.51960754394531,22680600
2014-06-09,84.53780476294578,84.66529169215913,84.22821250565933,84.45585632324219,23399500
2014-06-10,84.38303462465788,84.64710236804463,84.28287075829947,84.60157775878906,20626000
2014-06-11,84.31016812264944,84.70171580010977,84.22821967596961,84.58334350585938,22878200
2014-06-12,84.4012569190373,84.49231309212502,83.5271051525419,83.81848907470703,35275900
2014-06-13,84.18272629078112,84.27378942455685,83.70012224919337,84.0643539428711,39447100
2014-06-16,83.91863273208705,84.38302118709905,83.73651348264595,84.13716888427734,25212300
2014-06-17,84.0734593568939,84.41036793298201,83.93687160709045,84.18272399902344,19977900
2014-06-18,84.26464889183342,84.77456889602988,83.75472888763696,84.65619659423828,34514000
2014-06-19,84.78369009009157,84.83832240005431,84.21913074762958,84.60157775878906,38422200
2014-06-20,84.63716903641475,84.79238812988778,84.48195690874942,84.70108032226562,25897500
2014-06-23,84.69195553667323,84.74673464887364,84.46369994809451,84.71934509277344,20837900
2014-06-24,84.71021234392069,85.43150083483137,84.3906559152407,84.63716888427734,31945800
2014-06-25,84.44544442721417,85.32194514307989,84.43631921809876,85.17586517333984,32818600
2014-06-26,85.23062875529052,85.2397609285498,84.56412638931482,85.22149658203125,22563900
2014-06-27,85.11193975059689,85.61409783510989,85.08455019618074,85.59584045410156,22877800
2014-06-30,85.57759142164365,85.95192697819486,85.52280534165936,85.74193572998047,19751900
2014-07-01,86.0432302898159,86.9106057620452,86.0067085573823,86.6823501586914,31862500
2014-07-02,86.73711408480116,86.95623747522102,86.65494542557133,86.82841491699219,18777300
2014-07-03,87.1114580044939,87.37622833251953,86.87407026419436,87.37622833251953,15291700
2014-07-07,87.27583336450465,87.38539859219809,86.9471516130446,87.11149597167969,23266400
2014-07-08,86.94714117358666,87.01105247394834,85.70542993872307,86.06150817871094,40612400
2014-07-09,86.28972722151795,86.80101740756744,86.04320733481099,86.7005844116211,29919000
2014-07-10,85.58671849812342,86.78278258827173,85.48628547606955,86.42670440673828,44245300
2014-07-11,86.64582874204746,86.983642578125,86.38105140529508,86.983642578125,19566300
2014-07-14,87.37624388417501,87.7049325166892,87.23016391739556,87.50406646728516,19579000
2014-07-15,87.64100557696088,87.76882813724849,86.58190336803389,87.2027587890625,39467500
2014-07-16,87.83274783598692,87.92405564420727,87.45841229235305,87.54971313476562,22052600
2014-07-17,87.31232239823399,87.62275361083364,86.11626538200576,86.39017486572266,43111500
2014-07-18,86.83755768029084,87.8053591579972,86.73712466289022,87.75971221923828,36682200
2014-07-21,87.57708777777103,87.79621812121573,87.23927402178863,87.65013122558594,29750700
2014-07-22,88.0609977446785,88.3440393934504,87.96969690815516,88.20708465576172,25770400
2014-07-23,88.51751074206118,88.87358888800513,88.35316644656339,88.77316284179688,28947500
2014-07-24,88.92838992792288,89.02882295683874,88.54492216250341,88.67274475097656,24707200
2014-07-25,88.21622454878658,88.44448014297282,87.86014637912069,88.3257827758789,29898900
2014-07-28,88.41708358996394,88.58142789635377,87.66840551992306,88.3531723022461,25603400
2014-07-29,88.54489754118634,88.74575657735737,88.12490119206562,88.19794464111328,27022200
2014-07-30,88.69099420545278,88.85533851391101,88.19796128007808,88.54491424560547,35348500
2014-07-31,87.81450341449668,87.9605833907554,86.62757139052891,86.7553939819336,50047900
2014-08-01,86.57278391611798,87.04755250040593,85.86062755678202,86.43582916259766,60708000
2014-08-04,86.61842438519552,87.36710236037956,86.29886102128684,87.02928161621094,33230500
2014-08-05,86.68234109388446,86.92885405477183,85.96105262681827,86.36277770996094,50331100
2014-08-06,85.82411290729421,86.83756841484717,85.75106943728115,86.29888153076172,34431900
2014-08-07,86.7005825609474,86.8649268266419,85.72364913870956,86.02494812011719,33274700
2014-08-08,86.16193507027613,86.74626890784086,85.79672468034596,86.64583587646484,40236900
2014-08-11,86.98363564716509,87.43102161110271,86.91972436171795,87.15711212158203,28277500
2014-08-12,87.0658339722864,87.34886874363274,86.6732339834143,87.12061309814453,28152300
2014-08-13,87.4767090216588,88.07930739108536,87.43106206282434,88.04278564453125,27996500
2014-08-14,88.16141635818722,88.51749443854726,88.04272598666927,88.49923706054688,25006600
2014-08-15,89.01053627280092,89.13835882920189,88.08838882530918,88.9283676147461,55205500
2014-08-18,89.39402051007488,89.6953125877794,89.26619097413621,89.61314392089844,38938300
2014-08-19,89.82313616656931,90.17008911722762,89.7683570547002,90.11530303955078,21363400
2014-08-20,90.0422665456612,90.29791168879402,89.96009091204982,90.11530303955078,23435600
2014-08-21,90.16095023297424,90.34355190281941,90.02399549768677,90.29790496826172,19339500
2014-08-22,90.3344272207511,90.61746190039932,90.13356120326891,90.43486022949219,24692000
2014-08-25,90.86397563660014,91.01006254723195,90.53529401929319,90.7544174194336,24124700
2014-08-26,90.89140281779224,90.94618194485457,90.63575063794546,90.84574890136719,20100400
2014-08-27,90.87310006809612,90.97353306914734,90.67223406599368,90.86396789550781,15589100
2014-08-28,90.55353638813082,90.87309274490228,90.46223556702556,90.76353454589844,23563900
2014-08-29,90.96441701527088,91.22006913239748,90.63572840191605,91.10137176513672,17906300
2014-09-02,91.32048074554903,91.39352419603534,90.99179914997434,91.36613464355469,18326800
2014-09-03,91.61265401017687,91.61265401017687,90.66311695045292,90.82746124267578,25950700
2014-09-04,91.03748250478743,91.50312598067546,90.51705990202187,90.74531555175781,24663500
2014-09-05,90.88223346911411,91.25656896061388,90.41659018211054,91.20178985595703,30798200
2014-09-08,91.22919536189022,91.60353788465952,90.9552928249008,91.37528228759766,25571300
2014-09-09,91.38440523112911,91.72222601409864,90.44399330907171,90.61746978759766,36449200
2014-09-10,90.73614707327226,91.40265636879784,90.48050196237703,91.36613464355469,31080100
2014-09-11,90.97354963837643,91.33875998455143,90.6083392922014,91.29310607910156,28691900
2014-09-12,91.21092893592669,91.23831849032928,90.54441959363193,90.82746124267578,30444400
2014-09-15,90.92793044252595,90.9370626202635,89.67709375909462,89.95099639892578,32972200
2014-09-16,89.61314666833759,90.90963675702002,89.5218458248459,90.73616027832031,38166900
2014-09-17,90.71790340815777,91.30223716877327,90.32530350969972,90.87311553955078,37196500
2014-09-18,91.15616732721705,91.56703165095199,91.0557412560561,91.55789947509766,30196700
2014-09-19,91.9404185040866,92.03193653757505,91.13505003405841,91.50112915039062,46918000
2014-09-22,91.28151928068398,91.29067318293708,90.25650566454715,90.65003967285156,48658000
2014-09-23,90.28393555815236,90.80559612500168,90.21987222476315,90.40290832519531,33989600
2014-09-24,90.4944153552666,91.41876360935787,90.18325262594846,91.37300109863281,35959000
2014-09-25,91.0801559757317,91.19913573260042,89.4145022209903,89.45111083984375,68642500
2014-09-26,89.74396719183204,90.56764360853614,89.58838580822672,90.40290832519531,56106200
2014-09-29,89.50603677388062,90.5310502812166,89.4602742498542,90.28395080566406,33342700
2014-09-30,90.53103636748341,90.87881473892014,89.98192107546409,90.41206359863281,41834300
2014-10-01,90.15581247091659,90.2473305247663,88.68234876208237,88.96605682373047,58164900
2014-10-02,88.92944820571459,89.24061796765955,87.83121759475813,88.96605682373047,54501300
2014-10-03,89.48770974267237,90.2107141761734,89.17654698977233,89.84463500976562,41627800
2014-10-06,90.12834793209798,90.34799263387954,89.37788880049675,89.6524429321289,36038700
2014-10-07,89.23146411454978,89.4877174584159,88.37117904667357,88.38033294677734,45154000
2014-10-08,88.4260980583228,90.38461379517418,87.91358437317935,90.10089874267578,64931600
2014-10-09,89.98190429041757,90.2107028679443,88.50844089255514,88.64572143554688,62497100
2014-10-10,88.12407763593122,88.61828349480488,86.41266143848235,86.43096923828125,77579400
2014-10-13,86.27538730842876,86.93432850277188,85.00326744027537,85.07648468017578,80835900
2014-10-14,85.60726219630318,86.18383200096896,84.84764937099781,85.08560180664062,71814500
2014-10-15,83.80433323566687,84.89341657609745,82.58712326487712,84.53649139404297,108847800
2014-10-16,82.75190279779318,84.7287266941593,82.72444807407389,84.00572204589844,93165800
2014-10-17,85.11308288574219,85.92760537842399,84.61887705045557,85.11308288574219,69546700
2014-10-20,85.10391940340753,86.45841009379095,84.93003722747503,86.38519287109375,41479300
2014-10-21,87.4559975010075,88.6549072265625,87.23635274263248,88.6549072265625,53609800
2014-10-22,88.92943985763193,89.04841960060952,88.14237210012499,88.1972885131836,39178000
2014-10-23,89.08500331735436,90.01850534544646,88.92942197346497,89.52429962158203,48123800
2014-10-24,89.71650142673734,90.32053305206256,89.35957618718291,90.2564697265625,43157600
2014-10-27,90.08257365413905,90.48526137346333,89.70734064615446,90.32052612304688,29545700
2014-10-28,90.74150938460699,91.70245913756592,90.67744606774305,91.68415832519531,34495100
2014-10-29,91.3821438859733,91.62925024203648,90.69574820283022,91.34553527832031,40552800
2014-10-30,90.93371792971234,91.7573943023759,90.73237404057465,91.5377426147461,35935800
2014-10-31,93.05695824712542,93.12102156989312,92.49868915627339,92.80070495605469,54254100
2014-11-03,92.96546036293616,93.32238566463316,92.82817978942654,93.07527923583984,33481000
2014-11-04,92.7824151974978,93.0020669031569,92.13262794527765,92.76411437988281,22773300
2014-11-05,93.37730975501074,93.37730975501074,92.45296119619108,92.77328491210938,25818600
2014-11-06,92.76410051963681,93.09357104651812,92.36141276847546,93.06611633300781,24671900
2014-11-07,93.23087108644572,93.2674797062388,92.49871265534468,92.9837646484375,20931700
2014-11-10,93.02950914263843,93.43218991757513,92.7824027525115,93.31321716308594,20360000
2014-11-11,93.33155540789573,93.60610961914062,93.07529503540016,93.60610961914062,15454000
2014-11-12,93.23086684007156,93.87150020132091,93.23086684007156,93.77082824707031,22050300
2014-11-13,93.94471669513192,94.52128671569974,93.73421888816786,94.17351531982422,28027800
2014-11-14,94.14603776970726,94.46635437011719,93.8348680847532,94.46635437011719,19251300
2014-11-17,94.24671866064641,94.4572094541978,93.73420506887753,94.18265533447266,23361600
2014-11-18,94.26502712195294,95.01548628188108,94.25587322250593,94.88735961914062,26336800
2014-11-19,94.78670787015632,94.78670787015632,94.01794772990097,94.45723724365234,23760200
2014-11-20,94.05452796688591,94.96057547477452,93.98131771950833,94.87820434570312,22874000
2014-11-21,95.7201752271138,95.8117002494627,94.7592253338603,95.06124114990234,34049100
2014-11-24,95.3174993486452,95.84831378305527,95.2351282207778,95.80255126953125,17928300
2014-11-25,95.94895935058594,96.23267430880564,95.70185998168782,95.94895935058594,17526000
2014-11-26,96.04051208211565,96.62623599753482,95.93984012955487,96.57131958007812,18973800
2014-11-28,96.82757014605271,97.23940483239119,96.7635068174583,97.01976013183594,17360400
2014-12-01,96.75436200960667,96.93739811353788,95.56460638691436,95.9215316772461,35969500
2014-12-02,96.02221601652066,96.47981331776109,95.82087208679395,96.3059310913086,26031300
2014-12-03,96.45233501970434,96.61707028717763,95.87576507473732,96.47978973388672,32974300
2014-12-04,96.38829661934186,96.80928530456072,96.03137127790887,96.4340591430664,31008800
2014-12-05,96.58961835528856,96.73604582927216,96.23269309587826,96.44318389892578,25622200
2014-12-08,96.19608655732027,96.61707515487777,95.25343741687855,95.75679016113281,32685800
2014-12-09,94.6402601835974,96.13202460385676,94.30163572788625,96.05880737304688,46035100
2014-12-10,95.8849428455276,96.12289541564276,94.37487722054847,94.54875946044922,39330100
2014-12-11,94.82329557712508,96.13202389306251,94.80498777836826,94.99718475341797,47576000
2014-12-12,94.09114699977852,95.17107681993828,93.95387340675914,93.96302032470703,46889400
2014-12-15,94.44806817385702,94.79584654730284,92.72750505362227,92.99291229248047,52968400
2014-12-16,92.40716955196963,93.77996100143169,91.48282135426591,91.50112915039062,65348600
2014-12-17,91.56517361119208,93.43216345339914,91.44619390802434,93.16676330566406,79715300
2014-12-18,94.5029713812829,95.41816573946824,94.24671807817163,95.40901184082031,49840900
2014-12-19,95.50734712689281,96.21466977585361,95.26850790416371,95.828857421875,51419900
2014-12-22,95.67266486499247,96.09522211513347,95.62673183433512,96.06766510009766,33869200
2014-12-23,96.41674432791484,96.42593233687138,95.61755575023322,95.72779083251953,30156900
2014-12-24,95.84719333609212,96.17789152770156,95.78289129930118,95.81045532226562,14291300
2014-12-26,96.08602328940628,96.69230558552147,96.05846627747299,96.4902114868164,13924300
2014-12-29,96.3983644959693,96.68312966607559,96.34324345681578,96.47184753417969,17073800
2014-12-30,96.19630076259698,96.41676396367065,95.70025330388212,95.828857421875,18604000
2014-12-31,95.99415695522946,96.37078811209784,94.70810943166218,94.84590148925781,24367100
2015-01-02,95.3144126979925,95.71859394542538,94.10185493890039,94.5611572265625,31314600
2015-01-05,94.14777555809657,94.25801062383027,92.90766085427671,93.17405700683594,36521300
2015-01-06,93.31185377224593,93.46801486691254,91.51138965856902,91.92475891113281,66205500
2015-01-07,92.531045716173,93.33022724380652,92.31057556309057,93.1097640991211,37577400
2015-01-08,93.89978138001638,95.0755943726533,93.7987342939243,94.89187622070312,40212600
2015-01-09,95.18579345486796,95.21335046639433,93.71602076176899,94.2671890258789,41410100
2015-01-12,94.4509033645087,94.5519504083639,93.045439765208,93.2842788696289,34129800
2015-01-13,94.19370196848506,95.18579646518384,92.50346612132462,93.25672149658203,56162300
2015-01-14,92.31976753017015,93.22000317286563,91.92476724945642,92.74232482910156,51354200
2015-01-15,93.17408639181392,93.3210595174145,91.42873584676629,91.53897094726562,51005400
2015-01-16,91.4195273339568,92.73313220128264,91.27255424131735,92.61371612548828,35362200
2015-01-20,93.17401948685921,93.58738855220867,92.12681131347334,93.34855651855469,30964100
2015-01-21,93.0730004470486,94.26718900786439,92.74230229200408,93.82625579833984,40128800
2015-01-22,94.19372754249548,95.66349367272913,93.36698190411475,95.56244659423828,40887200
2015-01-23,95.5532344087567,96.06765768048183,95.27765727128576,95.7737045288086,34783000
2015-01-26,95.66346740722656,95.83800449640736,95.17660816729673,95.66346740722656,19960900
2015-01-27,94.15698445330396,94.21209849419905,92.8709364347012,93.18326568603516,45253200
2015-01-28,94.6805675244351,94.78161458223036,92.68719739955827,92.70556640625,43591700
2015-01-29,92.63208105485744,93.7711557625395,91.82371155994468,93.59661865234375,46539700
2015-01-30,93.51393797946345,94.23044834571697,92.742306579224,92.87091064453125,42927600
2015-02-02,93.08219643984765,93.76196181314062,91.63079963578208,93.67929077148438,43624700
2015-02-03,94.01917944172293,94.64383085028072,93.40371604151952,94.57952880859375,30750400
2015-02-04,94.19368507308066,95.12147737163549,93.98240300193457,94.496826171875,34073200
2015-02-05,94.73565926407238,95.37868648133613,94.49682719128937,95.31438446044922,23605500
2015-02-06,95.46137033512882,95.69102144179054,94.39579284458415,94.73567199707031,34169300
2015-02-09,94.36826935875916,94.88268577774836,94.20292022288433,94.43257141113281,22604700
2015-02-10,94.95615169873018,96.03091730447339,94.8091716115877,95.90231323242188,23686500
2015-02-11,96.01254178177692,96.4718440438582,95.82882368030293,96.25138092041016,20303600
2015-02-12,96.87605343767187,97.40884586007836,96.72908032606883,97.37210083007812,22520300
2015-02-13,97.64763576433914,98.22635392584604,97.46391070707115,98.2079849243164,29030200
2015-02-17,98.20800667787219,98.36416775484467,97.95997954771977,98.29986572265625,17675300
2015-02-18,98.18045268326277,98.4927818774993,98.05184860575261,98.43766784667969,15149600
2015-02-19,98.37337684519677,98.98884733863662,98.3458198247319,98.92454528808594,19828100
2015-02-20,98.86021623473518,99.64102863769226,98.54788706851477,99.5859146118164,28336700
2015-02-23,99.53080484579102,99.71452996683733,99.31034170893221,99.68696594238281,17868000
2015-02-24,99.55833530727494,99.87985243125054,99.25520120309594,99.76042938232422,19745000
2015-02-25,99.61346770335541,99.99927988609036,99.29195054268061,99.51242065429688,19472300
2015-02-26,99.61345801164187,100.07276018689527,99.33787390313184,100.01763916015625,22255500
2015-02-27,99.98091003354541,100.04521907635974,99.42056773841317,99.57672882080078,27757600
2015-03-02,99.7696141092992,100.51368135353297,99.7512380985014,100.47693634033203,22988600
2015-03-03,100.17381770865941,100.27486475846068,99.37462931706646,100.00846862792969,20788900
2015-03-04,99.67777117938567,99.82474424753231,99.08067688312471,99.62265014648438,21007400
2015-03-05,99.8798505793716,100.10031365334005,99.38380340664654,99.79717254638672,15381000
2015-03-06,99.66859586897529,99.86150198771409,98.41929309280303,98.66732025146484,30990400
2015-03-09,98.86940172198601,99.20009990904629,98.46522049988721,98.95207977294922,26237100
2015-03-10,98.24473232993125,98.27229634745521,97.11485290527344,97.11485290527344,34234500
2015-03-11,97.26184972062596,97.38127280055666,96.51778225876667,96.55452728271484,25459700
2015-03-12,96.4810327084582,97.29859017985851,96.4167306716648,97.18836212158203,21473200
2015-03-13,97.09650633207008,97.48232560203637,96.15953269563106,96.76580810546875,42021100
2015-03-16,97.12404296261887,98.05182832873473,97.02299592141495,98.01508331298828,25674100
2015-03-17,97.74869222973277,98.32741044710521,97.51904114227459,98.17124938964844,19603800
2015-03-18,97.90483879316604,99.58588618650924,97.39960367219602,99.1357650756836,40622200
2015-03-19,99.23682759889364,99.55833772227325,99.08985454608941,99.28276062011719,31314000
2015-03-20,100.10039937368201,100.42264906689695,99.90704955775303,99.92546081542969,31761400
2015-03-23,99.87018752569568,100.14639844808067,99.6952490243586,99.7320785522461,17268500
2015-03-24,99.72284811387887,100.18320657737127,99.3545669626951,99.37297821044922,22445300
2015-03-25,99.52956302727274,99.62163337485049,97.06203977979591,97.09886932373047,41581400
2015-03-26,96.29778922804019,97.31978567666141,95.97553967768965,96.7673568725586,47846300
2015-03-27,96.74897242977208,97.38426256948236,96.60165429478603,97.15408325195312,33878400
2015-03-30,97.74334180399198,98.35101150622985,97.74334180399198,98.26815032958984,30570200
2015-03-31,97.99191902966157,98.19447791102728,97.20010177951231,97.22772216796875,30488100
2015-04-01,97.22775724391029,97.24617552586841,96.09527876155954,96.72136688232422,32970500
2015-04-02,96.81340224879565,97.09882229540302,96.47273440078625,96.78578186035156,19164200
2015-04-06,96.21494173462249,97.84460799187714,96.06762361952985,97.57760620117188,24451100
2015-04-07,97.5223544210718,98.24051264159276,97.41187286376953,97.41187286376953,19379400
2015-04-08,97.44869571772823,98.3233811884365,97.4394936042626,98.18527221679688,25866900
2015-04-09,98.13925222937856,98.83899933421897,97.80780046868092,98.80216979980469,23114700
2015-04-10,98.76532805679915,99.21648452921907,98.5443579021435,99.207275390625,17164300
2015-04-13,99.28091347800358,99.78730360147311,98.84817537418446,98.95866394042969,17783500
2015-04-14,98.85739592268187,99.1428159711222,98.11161030733287,98.67324829101562,23755700
2015-04-15,98.93107430665036,99.50192158012194,98.8113835825664,99.29015350341797,21128600
2015-04-16,99.02316920470862,99.3270006388355,98.88506017582348,99.15206909179688,16195300
2015-04-17,98.2037228515815,98.47072472034596,97.18172595901272,97.60525512695312,46514000
2015-04-20,98.0932025644905,99.2440989616365,98.05637303684011,99.06916046142578,28945900
2015-04-21,99.64000151224045,99.81494000175717,99.37299272148313,99.49268341064453,22759800
2015-04-22,99.7504768826376,100.20163327243279,99.10597778937772,100.03590393066406,21429200
2015-04-23,99.69524814587764,100.86456281633114,99.67683689435323,100.41340637207031,29473200
2015-04-24,101.47223131054567,101.91417861178167,101.30650195064642,101.77606964111328,32508100
2015-04-27,102.15355476378694,102.34691152751721,101.29728761896286,101.51826477050781,31121300
2015-04-28,101.59193054453137,101.78528733442782,100.45945234379293,101.31571960449219,36849200
2015-04-29,100.75407134549495,101.343329720583,100.12798344389967,100.68041229248047,34043900
2015-04-30,100.10955788374045,100.51466856838776,98.5719552260245,99.09676361083984,44080500
2015-05-01,99.4834957564116,100.46866287434696,99.46507747877838,100.40421295166016,32874300
2015-05-04,100.72646653253628,101.19603428747263,100.51469847850144,100.5699462890625,23507300
2015-05-05,100.17404236166777,100.35818300692021,98.88503677135472,98.93106842041016,47843300
2015-05-06,99.1060002603919,99.39142034862043,97.59602459280403,98.2497329711914,42687200
2015-05-07,98.2220952608673,99.11519192407042,98.14843621091963,98.83897399902344,29335800
2015-05-08,99.86097824792705,100.2845072812697,99.71366716109726,100.07274627685547,33023300
2015-05-11,100.13718391915587,100.33974278516614,99.61237550472627,99.68602752685547,19679300
2015-05-12,99.09681529584094,99.74132171697352,98.33262516114387,99.23492431640625,33665000
2015-05-13,99.66762586876197,100.18322519585058,99.2901284867764,99.43744659423828,20738400
2015-05-14,100.24767521246204,100.97504256362944,99.87939399246528,100.89218139648438,23904200
2015-05-15,101.1499810602877,101.28809003004349,100.64358384602116,100.89218139648438,23937400
2015-05-18,100.72645965493632,101.53668823452087,100.65280059556103,101.3341293334961,17631100
2015-05-19,101.44461057951098,101.60113080096787,101.05791108255369,101.22364044189453,14212900
2015-05-20,101.29728042038063,101.89574787038651,100.75406076659172,101.28807830810547,21131900
2015-05-21,101.11316493245823,101.95102097536207,100.96585382984131,101.81291198730469,16771800
2015-05-22,101.69323638092925,102.07994303653875,101.62878644241374,101.71165466308594,13543800
2015-05-26,101.49064951081844,101.62875145686996,100.13719424340125,100.54230499267578,25488400
2015-05-27,100.84614733958598,102.27326171808008,100.62517719258857,102.16277313232422,30572700
2015-05-28,101.96943909236737,102.20882755281195,101.61956905365251,101.93260955810547,17302400
2015-05-29,101.86814804713197,102.00625702878257,101.08553985046467,101.3249282836914,30383000
2015-06-01,101.86817021432029,101.94182929049792,100.83696422138172,101.66561126708984,24570200
2015-06-02,101.28810485590735,101.84053379127728,100.79091670671991,101.34334564208984,19449600
2015-06-03,101.80369124435859,102.02466138535465,101.39857346543738,101.64717102050781,20507200
2015-06-04,101.07634585977861,101.72085219589984,100.55153727046675,100.87378692626953,31374600
2015-06-05,100.75409012913961,100.99347858380906,100.01751351070217,100.6343994140625,22641700
2015-06-08,100.58835422560837,100.66201328758389,99.40983733205907,99.61239624023438,24549200
2015-06-09,99.37299622004628,99.80573437807729,98.70086965075075,99.4466552734375,27554600
2015-06-10,99.78733705059126,101.1039630521713,99.67685547182523,100.80933380126953,30297900
2015-06-11,101.15001485150744,101.41702374236465,100.78172648396246,100.9566650390625,17593500
2015-06-12,100.4226199316182,100.63438796830074,99.9898817443428,100.12799072265625,27201800
2015-06-15,99.3822001988009,99.78731092239497,98.80214396409883,99.63079071044922,31238800
2015-06-16,99.5295278642726,100.3397634955483,99.48349621900496,100.17403411865234,16456900
2015-06-17,100.33973666197524,100.7724677294378,99.83333952785227,100.4502182006836,23296700
2015-06-18,100.81855909282648,102.08914662380052,100.76331829459352,101.91421508789062,43032400
2015-06-19,101.9640006017367,102.04705938309117,101.33647274521874,101.4103012084961,27877600
2015-06-22,102.15782165527344,102.46235886513949,101.92711292792126,102.15782165527344,19120900
2015-06-23,102.2685591635036,102.33315732224094,101.81637205234225,102.24087524414062,18127900
2015-06-24,102.120923918362,102.55465045181391,101.68719034423782,101.71487426757812,15815900
2015-06-25,102.11166957524838,102.21318196406355,101.34571501988685,101.51182556152344,18326700
2015-06-26,101.49339192954258,101.7241006693854,100.4598142404049,100.83817291259766,32311700
2015-06-29,99.72155492432188,100.27526159615684,98.41113082108114,98.457275390625,50874900
2015-06-30,99.19552661055275,99.40778174653423,98.50340039940329,98.80793762207031,34809900
2015-07-01,99.78611010921419,99.98913486266714,99.13089833986042,99.59231567382812,21293000
2015-07-02,99.87842532351328,99.96147708582133,99.3154954656312,99.62002563476562,20499400
2015-07-06,98.99246307243418,99.96144220527539,98.78021506014994,99.3892822265625,24311000
2015-07-07,99.5000545027532,99.73076321816866,97.66361509943408,99.63848114013672,44230800
2015-07-08,98.9278887667883,99.04786179805829,97.71897741930107,97.9035415649414,39691500
2015-07-09,99.20472789332,99.29700995299378,97.83892947187073,97.84815979003906,28381000
2015-07-10,99.14939854147961,99.71232847681053,98.78949344061856,99.34319305419922,26415800
2015-07-13,100.2014130385864,101.17038543894196,100.19218271839118,101.08733367919922,25780700
2015-07-14,101.22574685969491,102.02860859313898,101.17037198655808,101.75176239013672,21977200
2015-07-15,101.94556948081767,102.2593299579123,101.57643412372238,101.86251068115234,28631500
2015-07-16,102.7022876137359,103.32058525127412,102.49926282751835,103.30213165283203,29838900
2015-07-17,104.13269524064434,104.82482147216797,103.95736138298207,104.82482147216797,35926800
2015-07-20,105.04631149872732,105.56309685436558,104.7233206514534,105.18473815917969,26539000
2015-07-21,105.22162253976303,105.38773308813937,104.81558000869822,105.1201171875,35468900
2015-07-22,103.51438469983837,104.43721956111678,103.51438469983837,103.9296646118164,35575000
2015-07-23,104.03116154056814,104.37260588243942,103.27443734847019,103.54205322265625,25698300
2015-07-24,104.09576269264312,104.28032682651038,102.37005917423564,102.52693939208984,30844700
2015-07-27,101.94557095980674,102.38852776221029,101.45646959684511,101.67794799804688,35994800
2015-07-28,102.13012331134608,102.75765124274929,101.31803124039453,102.55462646484375,33553500
2015-07-29,102.77608920182459,103.16367803375044,102.37927005275697,102.94219970703125,26714100
2015-07-30,102.70228747063652,103.60666164712796,102.08398983395979,103.43132781982422,25438100
2015-07-31,103.75432706574327,103.80969490618253,103.0991151380834,103.31136322021484,22081700
2015-08-03,103.3298395576689,103.61591616429163,102.30549210990506,102.98838806152344,25001800
2015-08-04,102.94222023449312,103.12678437011776,102.37006014898398,102.79456329345703,22132300
2015-08-05,103.36671744261709,104.28032183063057,103.2467444247477,103.58819580078125,28989900
2015-08-06,103.68048866840293,103.818915296933,101.4656837339342,101.9271011352539,42125400
2015-08-07,101.6779542191996,102.03785928342501,100.95814409074879,101.79792022705078,30006800
2015-08-10,102.4438928668744,103.1821564806522,102.43466254750935,102.96067810058594,21500800
2015-08-11,102.41622966473054,102.81304898964216,101.07811471297175,101.64104461669922,36123300
2015-08-12,100.9396530063311,102.19470871253331,99.86916845731729,101.99168395996094,41889000
2015-08-13,102.09318438954179,102.58229261835446,101.60408320139803,101.8255615234375,22510500
2015-08-14,101.58566363654975,102.13013282741822,101.38263883972719,101.98248291015625,17924900
2015-08-17,101.73329872185816,102.85915821960778,101.47490612381797,102.83147430419922,21224900
2015-08-18,102.69305462147685,102.77611341398183,102.16703907118104,102.30546569824219,13984400
2015-08-19,101.99167984349793,102.53615593439109,101.04116130451794,101.63177490234375,42511400
2015-08-20,100.69049193529771,101.01348266335856,98.80790835373902,98.817138671875,57747300
2015-08-21,97.42363650242557,98.25418894878646,94.49825286865234,94.49825286865234,97763400
2015-08-24,86.95871050596236,94.6182337302178,78.20100477550486,90.86229705810547,150829900
2015-08-25,94.19372041221028,94.81201785897247,90.4470144648032,90.52083587646484,75088300
2015-08-26,93.16940590322754,95.2642449620712,91.29605227836153,95.07967376708984,104103800
2015-08-27,96.45468095027174,97.55285650999606,95.31036787937343,97.4882583618164,69377700
2015-08-28,96.97147886749178,97.82048516215713,96.75922377349019,97.46981048583984,49919600
2015-08-31,96.92534463333087,97.46059054417839,96.02097040944352,96.26090240478516,39549400
2015-09-01,93.86154699198785,95.31962798154521,92.86488350236594,93.25247955322266,73155500
2015-09-02,94.94123484151964,95.9009838091762,93.85228957443532,95.88253021240234,43963600
2015-09-03,96.26090213463607,96.91611404131561,95.14427279728042,95.41189575195312,45131800
2015-09-04,94.10147643672418,94.91356861889119,93.75079466661785,94.27681732177734,49379600
2015-09-08,96.08554884293738,97.054521026754,95.68872965127825,96.93455505371094,37343500
2015-09-09,98.07886983476565,98.10655374898897,95.5964422629159,95.84561157226562,47146700
2015-09-10,95.73487664755157,97.52517834649579,95.62414098166752,96.88842010498047,47686700
2015-09-11,96.44548039484313,97.4236831665039,96.1686270998926,97.4236831665039,29106100
2015-09-14,97.7835764386752,97.80203707780493,96.75922922777386,97.12836456298828,19718800
2015-09-15,97.35910032607441,98.57724234236616,96.99919521039773,98.272705078125,30020200
2015-09-16,98.29116178615696,98.91868989309644,97.94971028774181,98.82640075683594,31329100
2015-09-17,98.72485405550012,100.33981469464584,98.41108661303215,98.86327362060547,56139800
2015-09-18,97.34615588451196,98.61351076415016,97.29064629411526,97.45716094970703,48384000
2015-09-21,97.9937211635706,98.56727328378369,96.88362802655175,97.762451171875,35772600
2015-09-22,96.26384585865158,96.59687530394241,95.40352096795061,96.30084991455078,47359700
2015-09-23,96.55984532534522,96.81887364710025,95.87528811949291,96.37483215332031,21775100
2015-09-24,95.44051046045853,96.38409609740025,94.60793697427492,96.0233154296875,38284300
2015-09-25,97.05014273168429,97.14264931682996,94.61717790133258,95.209228515625,44700000
2015-09-28,94.80218746087677,94.86694276897153,92.2212137963014,92.49873352050781,44077500
2015-09-29,92.73001631227285,93.6736018553655,91.35164910200639,92.01770782470703,49315500
2015-09-30,93.33131680821025,94.23789827646688,92.97053618762853,94.13613891601562,41411400
2015-10-01,94.30265476204501,94.57092880131013,93.05379115151428,94.56167602539062,39339100
2015-10-02,93.24806904928548,96.21757507324219,92.95204372453031,96.21757507324219,59370900
2015-10-05,96.92988848679155,97.85496855566004,96.71712402332027,97.595947265625,32853500
2015-10-06,97.36466996329172,97.68844655160959,96.3748346459769,97.1333999633789,33051500
2015-10-07,97.74393721720777,97.92895035817955,96.47657532237436,97.71617889404297,37389300
2015-10-08,97.34616344386188,98.27124336725284,96.40257796963527,98.10472869873047,50188900
2015-10-09,98.1509596286105,98.7337643855195,97.8826856553632,98.54874420166016,23916200
2015-10-12,98.7337735916131,98.9742892663588,98.38223873840185,98.78927612304688,16162000
2015-10-13,98.224993810989,99.22408189599848,98.0584791301541,98.15098571777344,26999600
2015-10-14,98.15099819180921,98.64128952052319,97.58669876047395,97.99373626708984,30902600
2015-10-15,98.35452150195867,99.61263107360507,98.22501084527167,99.60337829589844,38393800
2015-10-16,99.81614220253475,100.07516349609915,99.3350966078001,100.01966094970703,27091100
2015-10-19,99.89012978888535,100.65794073489724,99.66810553331132,100.59318542480469,23776300
2015-10-20,100.4174316593397,100.63019609603052,99.73286741292593,100.07514953613281,23404700
2015-10-21,100.58394491753097,100.68569721769028,99.4275949932679,99.46459197998047,30195200
2015-10-22,100.3527175822773,101.57382333895332,100.06593787987566,101.49056243896484,42778700
2015-10-23,104.21953079011097,104.75607190135838,103.67372984358175,104.33053588867188,53170900
2015-10-26,104.25652313524414,104.59880530874632,103.85873841493657,104.3952865600586,25918000
2015-10-27,104.11774862381567,104.75604897424512,104.0899902974494,104.60803985595703,31390500
2015-10-28,104.76532203881357,105.47763061523438,103.92349575433332,105.47763061523438,42221900
2015-10-29,104.99660282834478,105.4868942056958,104.88559066340044,105.31112670898438,24913300
2015-10-30,105.3573598594661,105.53312731666774,104.81156605122978,104.83931732177734,27199200
2015-11-02,105.11684071118178,106.15293288010075,104.89482348134219,106.02342224121094,22176900
2015-11-03,105.81064298582686,106.7727269884518,105.65338108694202,106.39344787597656,20418400
2015-11-04,106.74496917681968,106.81897726274734,105.95865267278701,106.4026870727539,28633000
2015-11-05,106.4952148472857,106.75423612462043,105.5608820473564,106.11592864990234,25004100
2015-11-06,105.9124069544412,106.3101916357415,105.23710250852692,106.18993377685547,29924900
2015-11-09,105.79214673138227,105.9309101394884,104.41377954187489,105.06133270263672,33479800
2015-11-10,104.50627254684704,104.89480439281229,104.1917417254948,104.79304504394531,35452100
2015-11-11,105.07982685047202,105.58862363988317,104.48777625432078,104.66354370117188,22748800
2015-11-12,104.23800854730776,104.74680534048225,103.57194985726107,103.64595794677734,31196900
2015-11-13,103.21114698653977,103.32215909687538,101.55525339414153,101.61075592041016,52836000
2015-11-16,101.5090226891882,103.09090850486248,101.27775270927441,103.07240295410156,33980600
2015-11-17,103.2481810268727,103.87723571931221,102.87814760935527,103.13716888427734,30579500
2015-11-18,103.55344865073488,105.21858827442588,103.45168929476601,105.11682891845703,32966500
2015-11-19,105.17234318098917,105.67188720760805,104.98732295383402,105.19084167480469,26188100
2015-11-20,105.69040382074841,105.98642917714656,105.58864444281768,105.9031753540039,22727600
2015-11-23,105.94017552866717,106.3287145550685,105.14461309392512,105.597900390625,20696200
2015-11-24,104.91334325026976,105.75516251712244,104.38604078902392,105.5053939819336,26374400
2015-11-25,105.66265571872499,105.79216637492496,105.37588313111098,105.597900390625,14159900
2015-11-27,105.8291333518328,105.95864396266026,105.38509193056794,105.7458724975586,8828000
2015-11-30,106.06043559919797,106.06043559919797,105.13535549289499,105.47763061523438,25041600
2015-12-01,105.90314148154981,106.53219604492188,105.7736238128624,106.53219604492188,28639400
2015-12-02,106.61547887200948,107.07801891049976,105.7181500680902,105.87541198730469,22395500
2015-12-03,106.16217944643525,106.34719261751225,103.46094056723068,104.08074951171875,42754300
2015-12-04,104.3952759872365,106.68947747945651,104.18251154082995,106.51371002197266,40037300
2015-12-07,106.58770797040243,106.65246328155409,105.52386466622555,106.03266143798828,25892100
2015-12-08,104.92256996123939,106.3841980280181,104.88556591498927,106.04191589355469,30792600
2015-12-09,105.5794018669796,106.1622069164963,103.79399677868284,104.43230438232422,48509200
2015-12-10,104.67280561768426,105.60713841356069,104.35827474099894,104.9040756225586,30154600
2015-12-11,103.69221618690344,103.96974301637917,102.42486107487203,102.48961639404297,56022200
2015-12-14,102.62840020247621,103.31295757800022,101.18527028335295,103.2667007446289,53098500
2015-12-15,104.21952800668917,104.79307315473947,103.76623367366741,103.89574432373047,48428000
2015-12-16,104.59880938023082,105.61639610547783,103.5072145511619,105.44063568115234,44944100
2015-12-17,105.90319077814637,105.90319077814637,103.8865155384049,103.90501403808594,45668800
2015-12-18,103.58206766395048,103.81404399247444,101.9118423461914,101.9118423461914,53746100
2015-12-21,102.87685342657676,103.06243163727729,102.11597143573664,103.04387664794922,26432800
2015-12-22,103.59131578747545,103.86969012500461,103.0438552241825,103.72122192382812,26540300
2015-12-23,104.2594406049717,104.5656510545755,104.07386237576947,104.49141693115234,25656900
2015-12-24,104.49142431549772,104.7605177224066,104.42647122275119,104.47286224365234,11468600
2015-12-28,104.22233127283715,104.43575262366808,103.47073018566374,104.41719055175781,19183600
2015-12-29,105.03889912286394,106.29157720365279,104.97394602143731,106.05960083007812,27725700
2015-12-30,105.96680370379327,106.00392077276814,105.08529632355045,105.10385131835938,19520100
2015-12-31,104.73264968177438,104.92750890045401,103.77690149583995,103.79546356201172,29886800
2016-01-04,101.55925374890604,101.69844098923701,100.32514481900948,101.60565185546875,50807600
2016-01-05,102.10668756065391,102.2365937204011,100.9560871117409,101.42931365966797,38795200
2016-01-06,99.66632937816651,101.03962550171205,99.66632937816651,100.45504760742188,41891100
2016-01-07,98.3115730517762,99.55496995327663,97.25376147553658,97.30944061279297,61386300
2016-01-08,98.01463858345471,98.62705950636933,96.40936630858323,96.51143646240234,69344000
2016-01-11,97.1980910681898,97.48573947803335,95.32372526704225,96.8083724975586,50024100
2016-01-12,97.73626257142034,98.43219151525668,96.57638099835978,97.93112182617188,46734200
2016-01-13,98.33014877982262,98.57140619648875,94.4051053275709,94.55357360839844,69870700
2016-01-14,94.92470382318199,97.41149001698237,93.4122138318275,96.56709289550781,78445700
2016-01-15,93.36585117877284,94.59068611913136,92.3358755380899,93.56998443603516,91443900
2016-01-19,94.84119369883473,94.98966193527504,92.67917279131994,93.77410125732422,56563800
2016-01-20,92.29873265555273,94.48858952424293,90.23878195031405,93.4864501953125,86675000
2016-01-21,93.88544165519124,94.97108896193055,92.62349010776023,93.57923126220703,61660100
2016-01-22,95.46289924618871,96.32585149931944,95.13813379164617,96.28873443603516,42229800
2016-01-25,95.94540390914484,96.49286460651886,94.77624131627235,94.85975646972656,38881500
2016-01-26,95.25878348048303,96.12172881245732,94.42366710187875,95.71345520019531,36143900
2016-01-27,95.15668695266491,95.56496045185013,92.9297129196294,93.3287124633789,54524700
2016-01-28,94.87831573860318,94.91543279966173,93.0317861969125,94.6463394165039,47641500
2016-01-29,94.61850053559944,96.65988927673547,94.59066451048432,96.62277221679688,54245100
2016-02-01,96.15881920069342,97.24447373131353,95.78766276150752,96.8825912475586,32750300
2016-02-02,96.43722371837356,96.47434078975162,94.49789744517494,94.78555297851562,44928100
2016-02-03,95.41649610945949,95.41649610945949,92.67917144454876,94.33084869384766,61572900
2016-02-04,94.0803292193852,95.07318772771637,93.19882190913701,94.32158660888672,49321600
2016-02-05,93.98752424720016,94.02464130696967,90.67490276583978,91.04606628417969,70749900
2016-02-08,89.34801010586843,90.05322017859417,88.00254305399982,89.65422058105469,91673100
2016-02-09,88.45723006008426,90.73059562742411,88.31804282386088,89.3758544921875,73778400
2016-02-10,90.40581758628394,91.57498029725161,89.65421652605413,89.71916961669922,59421700
2016-02-11,88.57785095168595,90.30375560718436,88.32731960204882,89.58927154541016,76839200
2016-02-12,90.60066091043066,91.04605851027968,89.75627088067635,90.95326232910156,49186500
2016-02-16,92.29871929626496,93.0039291381836,91.7234155989953,93.0039291381836,40565900
2016-02-17,93.68133058626228,95.24021197890681,93.44007319424347,95.11030578613281,41766500
2016-02-18,95.40721981788947,95.42577480841972,93.90401072814547,94.02464294433594,38991500
2016-02-19,93.56996302821852,94.59066447778906,93.36582981765974,94.30300903320312,28257900
2016-02-22,95.18449946356131,95.92681923828896,95.09171037663955,95.83403015136719,23979100
2016-02-23,95.27733215522096,95.53714454924936,94.19168447473508,94.25663757324219,29869700
2016-02-24,93.15241363439829,95.2773176467829,92.57710979282831,95.15669250488281,40739100
2016-02-25,95.35156720750365,96.09388732910156,94.49788880259862,96.09388732910156,29389300
2016-02-26,96.82696875557816,96.84553083600822,95.7413206692809,95.97329711914062,30925000
2016-02-29,95.88046898569048,96.59495304594748,95.11030578613281,95.11030578613281,27553900
2016-03-01,96.01963478514634,98.16309356689453,95.72270539945241,98.16309356689453,37699800
2016-03-02,98.04248361811275,98.2187808223392,97.43934371896486,98.20022583007812,29209800
2016-03-03,98.0981407001333,98.12597672395394,97.30942268134368,98.0146255493164,25474600
2016-03-04,98.12598430526589,98.682726062758,97.4022193125906,98.05175018310547,31655400
2016-03-07,97.55069381931814,98.1167166893327,96.75269459534209,97.44862365722656,25861200
2016-03-08,96.78053701974389,97.62492726092418,96.47432653563564,96.64134979248047,28898500
2016-03-09,97.00319583354127,97.28156310396234,96.4650091996319,97.26300811767578,31047400
2016-03-10,97.67131237332914,98.22805412898252,95.86189281826131,97.11457061767578,44236100
2016-03-11,98.1631443213325,98.81267547607422,97.85693374294341,98.81267547607422,31454000
2016-03-14,98.44148841856574,99.21165166165727,98.41365238702024,98.97967529296875,25374900
2016-03-15,98.6270434047738,99.05387894226237,98.31155195919672,98.9425277709961,26524600
2016-03-16,98.70129391682819,100.08387089614568,98.67345080986979,99.82405853271484,31693100
2016-03-17,99.53640287603157,100.00035554682,99.16524640288559,99.76837921142578,29623700
2016-03-18,100.00848418558313,100.17600286999537,99.39425374297512,99.92472839355469,37682300
2016-03-21,99.74787299239114,100.40863897765931,99.69203581346387,100.3155746459961,17288600
2016-03-22,99.74790581416082,100.85539089632198,99.72929578184593,100.62272644042969,18840300
2016-03-23,100.42727346958887,100.50172068758044,99.57106300931692,99.79442596435547,20912900
2016-03-24,99.31050773038572,99.85029103861157,99.14298901750034,99.82237243652344,19017300
2016-03-28,100.10157065815876,100.12018779407049,99.50595011540845,99.68277740478516,13892300
2016-03-29,99.49663921258315,101.34864644018614,99.32912050704805,101.28350067138672,29963900
2016-03-30,101.88839197268213,102.40955792997319,101.56265614902158,101.7767105102539,23807200
2016-03-31,101.702284834618,102.08385794674165,101.46962038098816,101.6278305053711,21447200
2016-04-01,101.01359301099396,102.74461699357599,100.87399292845893,102.70738983154297,26389000
2016-04-04,102.70737228677805,102.78182659812559,102.07452484103185,102.31649780273438,17163000
2016-04-05,101.52546201678986,101.9070351455972,101.19973318753723,101.33002471923828,20107900
2016-04-06,101.43238250898723,103.03311491704135,101.43238250898723,102.99588775634766,25056000
2016-04-07,102.40026577524291,102.58640157578351,101.07873354300119,101.51614379882812,28567200
2016-04-08,102.14898268979069,102.39094855951855,101.08803356758644,101.44168090820312,22898000
2016-04-11,101.87910995742851,102.39096748447889,101.06012655357912,101.0694351196289,25772100
2016-04-12,101.14388082209167,102.11176569842208,100.52964332158483,101.91632843017578,28564100
2016-04-13,102.698080376446,103.37746365204272,102.5677888606365,103.21925354003906,25356700
2016-04-14,103.23786996746037,103.61013450727707,102.37235793003765,103.22856140136719,17199700
2016-04-15,103.1448296144853,103.3588769819593,102.70741921092036,102.96800231933594,21353300
2016-04-18,102.6701876770169,103.55430991449361,102.60504190268027,103.51708984375,17126100
2016-04-19,103.71250113167274,103.71250113167274,102.2606702246363,102.88421630859375,42481400
2016-04-20,102.88424650606973,103.4426398955827,102.53059191577101,102.96800231933594,18078300
2016-04-21,102.91215677943939,103.34956714759463,102.51197358095233,102.97730255126953,20216000
2016-04-22,101.6371277416153,102.11176516220954,100.62271424504168,101.42308044433594,39074000
2016-04-25,101.11596169569526,101.4323819091882,100.9298258933275,101.42308044433594,14351900
2016-04-26,101.63711898707118,101.80463764459547,100.62270557787437,100.92981719970703,19118300
2016-04-27,99.89680760283676,100.35283504968757,99.29188569641411,100.12017059326172,33059800
2016-04-28,100.23186439030077,100.81818347821714,98.71489439688779,98.91033172607422,29818200
2016-04-29,98.91028798999234,99.11503379680293,97.6073659378509,98.38912200927734,67502800
2016-05-02,98.64042559113177,99.45940906044432,98.23094095683156,99.31980895996094,24813800
2016-05-03,98.61246949358511,99.0591882251953,98.13783217256554,98.39842224121094,38569400
2016-05-04,97.80283743910492,98.1658005603608,97.52364432322037,97.76561737060547,27474500
2016-05-05,98.11926695039519,98.33332140086593,97.54225647115996,97.7376937866211,20788100
2016-05-06,97.25373044001185,98.27745249825679,97.16066608932681,98.25884246826172,30758500
2016-05-09,98.26814856118685,98.99406757157003,98.2216199338304,98.53804016113281,19289600
2016-05-10,98.89173121703304,99.93406373977568,98.71490390677158,99.88753509521484,21178900
2016-05-11,99.73858695692451,100.03639714572475,98.956837873957,98.98475646972656,20966300
2016-05-12,99.21742273473036,99.33840568541868,97.84935471390615,98.54734802246094,29196300
2016-05-13,98.46359500785631,99.06851687869697,97.98895755656653,98.18439483642578,21059300
2016-05-16,98.33331288911135,99.77582831180007,98.24024142283287,99.41287231445312,18311900
2016-05-17,99.32910897983224,99.61761062241222,97.90519659785181,98.16578674316406,29932700
2016-05-18,97.94241410982214,99.0498990421079,97.75628541043929,98.51942443847656,27524400
2016-05-19,98.13785224076979,98.37982523238774,97.29095742063917,98.00756072998047,27334600
2016-05-20,98.3984808489339,99.48734908656745,98.34263653650001,99.08716583251953,29549600
2016-05-23,99.19882171460033,99.55247625926603,98.86379140440818,98.95685577392578,15729800
2016-05-24,99.50594907316507,101.06014618873907,99.47803046994686,100.93916320800781,29931300
2016-05-25,101.32072308904038,101.97218074649182,101.14389582472245,101.6650619506836,37951700
2016-05-26,101.76744567763895,102.09317454091648,101.52547262190849,101.96288299560547,21885900
2016-05-27,102.02802583453075,102.50266336471975,102.00941580017431,102.49335479736328,19870000
2016-05-31,102.63293691524886,102.84699132478602,102.16760803398614,102.68877410888672,24366100
2016-06-01,102.37238359642127,102.93077699596665,102.28862778165025,102.69811248779297,19571500
2016-06-02,102.49333962779964,102.92144135820143,101.93494637511711,102.91213989257812,15696600
2016-06-03,102.7167085271866,102.76323715905022,101.75812498609879,102.4281997680664,20269900
2016-06-06,102.61432447803654,103.07034478288169,102.4374972351893,102.80045318603516,12502400
2016-06-07,102.8562837898259,102.95865670277408,102.49332786222946,102.53986358642578,12184300
2016-06-08,102.71671295166016,102.93076028823567,102.3351398120208,102.71671295166016,14568700
2016-06-09,102.29792034218457,102.66087637530273,102.10248302437914,102.54920196533203,17571600
2016-06-10,101.61851341688399,101.81395067584428,101.0321945396485,101.38584899902344,32965000
2016-06-13,100.80886258801674,101.37656447022488,100.40867941040044,100.53897094726562,25154700
2016-06-14,100.26907930651453,100.90192695715527,99.80375036046564,100.53897094726562,24588500
2016-06-15,100.78093241725273,100.92053250511198,100.08293907831185,100.25045776367188,24605700
2016-06-16,99.75721345656318,100.64133554062306,99.11505729213414,100.54827117919922,32079900
2016-06-17,100.34017573119182,100.48014764263515,99.13642868360668,99.36971282958984,29208800
2016-06-20,100.5268293963049,101.00272403274975,99.92028905969254,99.99494171142578,20562800
2016-06-21,100.12558556311916,100.51750132644679,99.9389539239614,100.31221008300781,22804100
2016-06-22,100.36819119656725,100.95607193260436,99.98560881338209,100.06958770751953,22724200
2016-06-23,100.84407587983428,101.51593539625136,100.42416724170738,101.49726867675781,18714200
2016-06-24,97.8860398148729,99.37905708907108,97.10220129637639,97.31682586669922,68012700
2016-06-27,96.67294932020283,96.67294932020283,94.94664805219813,95.38522338867188,48222600
2016-06-28,96.4396513138001,97.5220930201207,96.39299876255494,97.47543334960938,28260600
2016-06-29,98.24058435291063,99.40700467837597,98.19393181145082,99.20171356201172,31356700
2016-06-30,99.36972147617325,100.41483710405393,99.03379170718546,100.34951782226562,36300800
2016-07-01,100.30283173578549,101.22664191693545,100.26550542469465,100.85338592529297,19902800
2016-07-05,100.32150429521035,100.4614761901386,99.69629744709965,100.23751831054688,21167900
2016-07-06,99.76163367510196,101.10534548886251,99.44436354068512,101.0586929321289,24579300
2016-07-07,101.1520086141116,101.58125059473973,100.88139814646766,101.3572998046875,19161700
2016-07-08,101.89850899846694,102.98095081994181,101.73054413373004,102.92496490478516,29457900
2016-07-11,103.27020754572922,103.89540724851241,103.26088130725138,103.51282501220703,20218500
2016-07-12,104.14737934862885,104.31534422600089,103.89542847293706,104.035400390625,21906100
2016-07-13,104.27801615919738,104.34333543712148,103.77412153552541,103.78345489501953,21107800
2016-07-14,104.47397091583892,104.688595462278,104.23135341100932,104.49263763427734,20871000
2016-07-15,104.73523646475805,104.79122949462868,104.09137713500988,104.32466125488281,17999300
2016-07-18,104.38999791710013,105.20182223319335,104.3713311976109,105.01519775390625,20713900
2016-07-19,104.65126559475836,104.95920236514254,104.44597441450223,104.63259887695312,18936700
2016-07-20,105.20181113917113,106.05096880469519,105.07117259359309,105.85501098632812,24997900
2016-07-21,105.92965925367061,106.13495043613733,105.32312618454053,105.61239624023438,18885400
2016-07-22,105.68704169101684,106.17226953719722,105.36044534077367,106.05096435546875,20003400
2016-07-25,105.96699100748418,106.0883033229482,105.70571389612682,106.06031036376953,12968100
2016-07-26,106.02296336471744,106.56417708156198,105.6497073701838,106.18159484863281,21223800
2016-07-27,107.07743951850517,107.19874473018652,106.47089922156195,106.91880798339844,27646100
2016-07-28,107.08676202426018,107.41335842204141,106.75083226675162,107.29205322265625,16939700
2016-07-29,107.53463293945897,107.81457669726458,107.18937703999963,107.52530670166016,22385300
2016-08-01,107.59997458930414,108.36514628468544,107.46933604028295,108.09453582763672,13990100
2016-08-02,107.93589488162203,108.02920710572437,106.58284983397233,107.27336883544922,21278400
2016-08-03,107.18940722804595,107.63730882356008,107.12408794873066,107.62797546386719,15011300
2016-08-04,107.59064187662128,108.03854341224206,107.33869103347635,107.93589782714844,12835300
2016-08-05,108.48644424296702,109.2142895253077,108.36513194973288,108.97167205810547,23196600
2016-08-08,109.02765576354312,109.05565583629257,108.5051016471409,108.8503646850586,12358200
2016-08-09,108.93436819068023,109.44759618487721,108.8690489113522,109.10233306884766,13276500
2016-08-10,109.16764366461173,109.19563662220173,108.53311052192632,108.8223876953125,14688400
2016-08-11,109.1956439606104,109.52224747248802,108.97169316557303,109.2889633178711,12969800
2016-08-12,109.10233219873648,109.37294267358513,108.98102700074257,109.36360931396484,19379000
2016-08-15,109.5035657006246,110.08211288748191,109.4662393867048,109.83016204833984,11777800
2016-08-16,109.62488945939056,109.63421569939553,109.20497372335025,109.22364044189453,14161400
2016-08-17,109.25161371195274,109.45690486334082,108.64507361537866,109.4195785522461,15980300
2016-08-18,109.31693989271206,109.60620992291513,109.13030832543076,109.44757843017578,10036300
2016-08-19,109.25161371195274,109.662188895463,108.95301034246079,109.4195785522461,18743000
2016-08-22,109.26096829001756,109.69021741931122,109.05568420464948,109.50358581542969,14500600
2016-08-23,109.93282334045398,110.11945493672138,109.65288662495405,109.69953918457031,11997900
2016-08-24,109.62487426299268,109.7741723943151,108.62641853729642,108.99034118652344,17728700
2016-08-25,108.7104189748622,109.1489943364187,108.57978041430505,108.81306457519531,24266300
2016-08-26,108.85036688413736,109.68085774416876,108.3184793994064,108.97167205810547,23896000
2016-08-29,108.99970511818412,109.41028758001926,108.98104551504102,109.12101745605469,11184900
2016-08-30,108.94370143591806,109.26096447253015,108.3931542420556,108.76640319824219,19843300
2016-08-31,108.59842591286773,108.76639077166868,108.19717692346916,108.6544189453125,16169800
2016-09-01,108.6917387047422,109.06498759577242,108.15985120383127,108.9343490600586,20944700
2016-09-02,109.47558779385767,109.69953858889504,108.87838092757974,109.2889633178711,18088200
2016-09-06,109.47557732837791,109.97013854980469,109.23295983737482,109.97013854980469,18525200
2016-09-07,110.07278774248624,110.22209300930616,109.61555282156739,110.03546142578125,17546900
2016-09-08,109.70887987724865,109.73687283874297,109.10233960755588,109.39161682128906,20125300
2016-09-09,108.47713531587216,108.7197528377155,106.62019537998894,106.63885498046875,50813300
2016-09-12,106.04163355453035,108.70107121245812,106.03230019593644,108.55177307128906,39646000
2016-09-13,108.01057136680116,108.32783442268182,107.05877507989125,107.58132934570312,45863900
2016-09-14,107.69329394083381,108.68241641749898,107.66529386381472,108.09453582763672,28221800
2016-09-15,108.12253658942629,109.94215004750748,108.11320323036081,109.77418518066406,38521400
2016-09-16,109.65630358052614,109.83404598949144,109.17920966741562,109.72178649902344,27596500
2016-09-19,110.00242185668999,110.33919318283891,109.02953484459606,109.24468994140625,16222900
2016-09-20,109.6375925060696,109.89953132291745,109.2634084704929,109.45050048828125,18078600
2016-09-21,109.91826151575243,110.68535037446328,109.27278178127584,110.52632141113281,31546800
2016-09-22,111.17177866857928,111.52726352238973,111.05952630388423,111.40564727783203,22614400
2016-09-23,111.32143767630039,111.32143767630039,110.53564271851207,110.69467163085938,22213400
2016-09-26,110.06789802494637,110.19886384224849,109.60951052728718,109.76853942871094,16403900
2016-09-27,109.69372775687302,110.90984016816418,109.59082500414259,110.85371398925781,20238400
2016-09-28,110.99406307164487,111.10631545625604,110.47019244074174,111.04083251953125,14794300
2016-09-29,110.85371412455804,111.05951963027009,109.75921081192917,110.23629760742188,27207500
2016-09-30,110.52632717930064,111.3869621121147,110.4140676561534,111.0595474243164,25543200
2016-10-03,110.91919615426914,111.04080525343838,110.47016531476962,110.9004898071289,19216400
2016-10-04,111.2279400220437,111.47116543535836,110.31117170238404,110.73213958740234,21239700
2016-10-05,111.05953233012924,111.48049299478468,111.0127557508991,111.12501525878906,14481300
2016-10-06,110.98468176689715,111.30274677282058,110.52630131126082,111.06887817382812,11987100
2016-10-07,111.17178934213969,111.33082543589926,110.2830913964971,110.82566833496094,19984200
2016-10-10,111.39627873991603,111.77046987854581,111.34950217117392,111.5272445678711,19687300
2016-10-11,111.43371546507933,111.45242181315136,109.45050712558333,109.93695068359375,27774400
2016-10-12,110.03986309559868,110.2176055348434,109.50664291496854,109.84341430664062,14267800
2016-10-13,109.0950227996422,109.74985199900439,108.45889994721763,109.45050048828125,22821000
2016-10-14,109.99310065392115,110.43277483976225,109.51600662916755,109.58148956298828,21313300
2016-10-17,109.48792526209664,109.7311506058843,109.14179716274894,109.28211975097656,14182700
2016-10-18,110.58245773048719,110.76955694310635,110.198916834552,110.25504302978516,19276700
2016-10-19,110.17081920807144,110.40468781286977,110.04921010293353,110.24565887451172,13702900
2016-10-20,110.13345195723916,110.35796391209884,109.47861531133108,110.11473846435547,18132200
2016-10-21,110.19890674042169,110.59180434527504,109.83407223061437,110.52632141113281,15707800
2016-10-24,111.23728106615837,111.9295302279227,111.21856757856499,111.85469055175781,19143000
2016-10-25,111.92015954965797,111.93887303492146,111.33081323172003,111.49919891357422,20341800
2016-10-26,110.77889017390594,111.34953019809969,110.41405568461539,110.74147033691406,20463700
2016-10-27,111.21854856210099,111.31209457276016,110.07726867559097,110.23629760742188,19099800
2016-10-28,109.91825862683535,110.48889866812175,109.20729597690236,109.5440673828125,35369300
2016-10-31,109.94633453590772,109.94633453590772,109.38505117300538,109.44117736816406,18749400
2016-11-01,109.62826466513023,109.64697101578156,107.67311914671224,108.61795043945312,23498700
2016-11-02,108.54309186414496,108.79567394513924,107.47665163508793,107.74794006347656,26960100
2016-11-03,107.57019800613323,107.9256828417436,106.56924069526255,106.69085693359375,36205200
2016-11-04,106.42892564570514,107.14924497310854,106.12957410547486,106.3166732788086,26997500
2016-11-07,108.037929242897,108.95469723400117,107.86019397199628,108.84243774414062,26591200
2016-11-08,108.7301908725509,110.04920604366662,108.47760879190751,109.55340576171875,20777900
2016-11-09,108.27182624121272,110.23632143814952,108.14086037055725,110.05858612060547,70234400
2016-11-10,110.5917812856578,110.74145347372976,106.83117031732063,108.28115844726562,72825400
2016-11-11,107.81345847560485,108.56184108559225,107.42991042528229,108.32797241210938,41115200
2016-11-14,108.35600252835751,108.4589052843357,106.6721457369901,107.23342895507812,35906000
2016-11-15,108.04730529814245,109.09503931281523,107.88827634524064,108.7208480834961,31796600
2016-11-16,108.20633942771778,109.44116554757312,108.20633942771778,109.3663330078125,16538100
2016-11-17,109.31019850793402,110.18019011511164,109.08568661685395,110.16148376464844,20598600
2016-11-18,110.29246256852535,110.47955464352401,109.64698277670122,109.74988555908203,16428700
2016-11-21,110.02114469244388,110.99403892434339,109.98372486001276,110.8911361694336,20268500
2016-11-22,111.33082329917075,111.49920899625175,110.95663206820137,111.22792053222656,18850600
2016-11-23,110.86308893637849,110.98469805634623,110.29244890011462,110.77889251708984,22926000
2016-11-25,110.90986511494101,111.18115360251416,110.77889924329945,111.13438415527344,7162800
2016-11-28,110.99405730641237,111.39631165028649,110.76954541174676,110.88179779052734,13479000
2016-11-29,110.98470510913947,111.79857057416216,110.6666471734255,111.26535034179688,18553000
2016-11-30,111.4056442974492,111.44306413038099,109.88082357527134,109.91824340820312,30405300
2016-12-01,109.88084134491484,109.89019808893678,107.85086325553007,108.01924896240234,39796600
2016-12-02,108.0847256779662,108.66472244318086,107.7853741204273,108.2343978881836,32876800
2016-12-05,108.7957016167666,109.5066571922304,108.2998940709207,109.07633972167969,21419700
2016-12-06,109.38503341571293,109.52535601793518,108.87987632997519,109.3382568359375,27293300
2016-12-07,109.11373825131774,110.86307802573054,108.78632362431631,110.7227554321289,26622400
2016-12-08,110.76954775013456,111.19986519778799,110.55438545775554,110.91921997070312,18578400
2016-12-09,111.3308117363566,111.82661203262796,111.32145499385052,111.78919219970703,21863100
2016-12-12,111.29339910150968,111.51791097645251,110.82566186540153,111.28404235839844,23259300
2016-12-13,111.62082307224367,113.29532337397221,111.62082307224367,112.68726348876953,54477900
2016-12-14,112.82757561222992,113.19241008202187,112.12596976461408,112.45338439941406,28746000
2016-12-15,112.60306331194708,113.29531241391126,112.33177486211298,112.6311264038086,22762300
2016-12-16,112.90791938801162,113.1331023836863,111.98844720941112,112.213623046875,26283900
2016-12-19,112.32623334116923,113.36768160625351,112.1667340612008,112.67337799072266,21138700
2016-12-20,113.02987370816345,113.31134166167188,112.8985205648843,113.10493469238281,11461800
2016-12-21,113.15185333903817,113.22691433048833,112.76717828472387,113.02050018310547,7079300
2016-12-22,113.02987517202111,113.05802125191552,112.2605179693323,112.70149230957031,16645000
2016-12-23,112.51385921657061,112.82348046513157,112.41065213371695,112.77656555175781,9007500
2016-12-27,113.02049382408713,114.01502685110948,112.97358607572761,113.35826110839844,16110600
2016-12-28,113.60219634123256,113.70540340058038,112.4012492777768,112.47630310058594,17975200
2016-12-29,112.44814847681637,112.71085473220695,111.96026645369226,112.3167953491211,13267500
2016-12-30,112.53261156473287,112.5419888194657,110.84377514555945,111.16278076171875,41749000
2017-01-03,111.90399667564017,112.57953131532948,111.54746768611992,112.1573257446289,22307600
2017-01-04,112.27929969319123,112.97360319292287,112.26992243702438,112.7671890258789,19749100
2017-01-05,112.68274753376281,113.48025098655519,112.68274753376281,113.40519714355469,20644300
2017-01-06,113.52717001148007,114.69997135457388,113.23631756902043,114.39973449707031,24074300
2017-01-09,114.49353402655018,114.98142329524252,114.41847303779599,114.77500915527344,18909200
2017-01-10,114.82193665460464,115.37550259412087,114.5592303069879,115.02835083007812,16176600
2017-01-11,115.07525297109723,115.33795928955078,114.48415659636642,115.33795928955078,20686000
2017-01-12,114.92513823602133,115.23475948439689,114.09010431758597,115.15969848632812,19622500
2017-01-13,115.21600461960622,115.7508017355669,115.21600461960622,115.55377197265625,16930800
2017-01-17,115.25350412271462,115.43177217723088,114.86882909132811,115.20659637451172,14538500
2017-01-18,115.37547028207513,115.55373832155122,115.08461792984284,115.44114685058594,12499700
2017-01-19,115.61005589915284,116.01349981106274,115.14093540429064,115.38488006591797,12710700
2017-01-20,115.89151311718527,116.18237266451797,115.32857000737586,115.63819122314453,22091000
2017-01-23,115.56312624475986,115.90089353063075,115.00018315437828,115.73200988769531,17434200
2017-01-24,115.95721436201418,116.68904843448308,115.76018458957655,116.51078033447266,17640900
2017-01-25,117.24260404001899,117.71172457818722,117.13939694896507,117.68357849121094,15036200
2017-01-26,117.84305722889974,118.04947137505188,117.5991125872463,117.80552673339844,16052200
2017-01-27,118.05886202594333,118.14330027662487,117.64603371182788,118.03071594238281,15053000
2017-01-30,117.63664155665305,117.63664155665305,116.46384043073974,117.1112289428711,25006700
2017-01-31,116.69841039016086,116.90482455085296,116.20114381660841,116.87667846679688,19091100
2017-02-01,117.70234016312469,117.91813876029505,117.14878136402761,117.68357849121094,22861900
2017-02-02,117.4771152176993,117.93685114869028,117.1487324098486,117.580322265625,15101400
2017-02-03,117.70230754174011,118.0400748082654,117.58972322503791,117.91810607910156,16957200
2017-02-06,117.72109346322955,118.07762244824725,117.6085019719664,118.0588607788086,11630100
2017-02-07,118.30281075160305,118.73440793453311,118.19022640667446,118.49046325683594,17541100
2017-02-08,118.33094053049737,118.85635312453553,118.10575756887268,118.68746948242188,12569100
2017-02-09,118.80945072428074,119.38177828512168,118.74377414311262,119.11907196044922,17542700
2017-02-10,119.38176178501769,119.68199856574826,119.17534765610114,119.51311492919922,13915700
2017-02-13,119.87903891830715,120.33877496373266,119.83213116734298,120.18866729736328,19120200
2017-02-14,120.23558874709707,120.60150219585826,119.85091362633769,120.59212493896484,16333500
2017-02-15,120.50764918318127,121.36145173678146,120.4419654560959,121.30514526367188,17891400
2017-02-16,121.38021585305637,121.62416763992069,120.95801032803199,121.26763153076172,15098300
2017-02-17,121.08938714738915,121.80245950510232,121.07061831786454,121.7930679321289,15563700
2017-02-21,122.02760318012558,122.46857752681737,121.96193376488387,122.39351654052734,18479600
2017-02-22,122.28093046258235,122.52486792720596,122.07451633235503,122.4404296875,12110900
2017-02-23,122.62807082161248,122.62807082161248,121.49280746039278,121.98068237304688,17489000
2017-02-24,121.42716712992025,122.21528625488281,121.38964378338935,122.21528625488281,18624500
2017-02-27,121.9900962972467,122.3747642187843,121.78368213621616,122.36538696289062,12008700
2017-02-28,122.33724162957056,122.3935337981205,121.65232971817753,121.99009704589844,16598600
2017-03-01,122.76881380318449,123.54754106490896,122.5342536043373,123.32237243652344,25813800
2017-03-02,123.29422892404557,123.31298343252243,122.5530106630675,122.70313262939453,19951400
2017-03-03,122.61873868661189,122.96588333227886,122.29034855619666,122.92835998535156,13722700
2017-03-06,122.5248815815571,122.86264889444135,122.16835975759422,122.65623474121094,12026200
2017-03-07,122.41229050626248,122.98461802388883,122.23402244589067,122.44981384277344,15500900
2017-03-08,122.524858932099,123.05027147358867,122.40289736695047,122.66560363769531,15776000
2017-03-09,122.63750646482933,122.92835892939499,122.10270213984829,122.75946807861328,20855300
2017-03-10,123.3224047224644,123.47252672496911,122.74069985828629,123.2754898071289,21922600
2017-03-13,123.22855114712782,123.51002626848174,123.16288173144954,123.48188018798828,10731600
2017-03-14,123.20039419035609,123.24730909250994,122.68435889950001,123.18162536621094,14019700
2017-03-15,123.4349466091811,124.23245694630467,123.04088722546435,123.94160461425781,22709100
2017-03-16,124.17615227995351,124.17615227995351,123.57567885340978,123.85713958740234,18457300
2017-03-17,124.01141253749034,124.1430389428586,123.74815972675383,123.81398010253906,21234500
2017-03-20,123.7763007251781,124.20879546115201,123.59767625317058,123.9267349243164,10105200
2017-03-21,124.39686020376782,124.50967870647618,121.97116197215048,122.04637908935547,35841900
2017-03-22,122.08396027384877,122.9959478358632,121.92411497864718,122.87371826171875,29177900
2017-03-23,122.71391842187128,123.05238826622009,122.35664071222594,122.56348419189453,20311700
2017-03-24,122.95834488046378,123.43783777726753,122.3472256386828,122.81732177734375,22967600
2017-03-27,121.94296686858277,123.23104037527679,121.6609062435885,123.01478576660156,18472400
2017-03-28,123.01475765497548,124.13358879251523,122.7421081990471,123.76691436767578,23721900
2017-03-29,123.85151960286319,124.3874360651644,123.71989326327616,124.34042358398438,13710000
2017-03-30,124.29343102519924,124.67891334798948,124.1806125292401,124.54728698730469,16092400
2017-03-31,124.36863677432427,124.80113154631283,124.22761366726063,124.46266174316406,19841400
2017-04-03,124.56609001433753,124.86694410727698,123.69170366602003,124.387451171875,23700300
2017-04-04,124.03013661629555,124.6036543549862,123.9831241433814,124.58484649658203,13400000
2017-04-05,124.7635536749963,125.49690274662585,123.84216895483104,124.07721710205078,32011200
2017-04-06,124.19942896916638,124.47207846862487,123.8233433796739,124.14300537109375,18832200
2017-04-07,124.10542173202111,124.4532883991222,123.63532543758164,124.07721710205078,16743100
2017-04-10,124.1994160236327,124.64130757885322,123.7857290914095,124.12419891357422,15619300
2017-04-11,124.01136340617134,124.19941335036837,122.69509987397134,123.5882797241211,33778400
2017-04-12,123.56946635517534,123.67288808139743,122.95834710235127,123.08997344970703,15955200
2017-04-13,122.9207199172346,123.6446575026117,122.58225018849215,122.60104370117188,23683000
2017-04-17,122.94895706412626,123.6352934595522,122.90194457760192,123.61648559570312,13325500
2017-04-18,123.20279259222103,123.78572157322053,123.11817872836812,123.4284439086914,12841100
2017-04-19,123.96437774690547,124.37805036567602,123.45666580037211,123.62590789794922,17764800
2017-04-20,124.12417786379046,124.93274372705118,123.936142293631,124.66007995605469,21977900
2017-04-21,124.77291152031972,124.81990965274115,124.3122121837968,124.63187408447266,22454900
2017-04-24,126.01397798577432,126.25842282916193,125.79773776484696,126.1362075805664,22469900
2017-04-25,126.54987129672813,127.2738089353723,126.4370384813832,127.04817199707031,19384400
2017-04-26,127.09520487107572,127.4054700922488,126.79435075570048,126.86956787109375,25398500
2017-04-27,127.17986844976143,127.63115692138672,127.10465131345691,127.63115692138672,16136500
2017-04-28,128.1388425664218,128.18585506545088,127.64995274588097,127.85679626464844,22771900
2017-05-01,128.27987410821513,129.1636574026107,128.2234648504792,128.99441528320312,24815500
2017-05-02,129.15422307662388,129.26705591801087,128.8251643502548,129.21063232421875,18345100
2017-05-03,128.91912072052918,128.96613318913705,128.44902472683273,128.79690551757812,23827600
2017-05-04,128.77814236231717,129.21062279277328,128.39266007059175,128.8439483642578,14630100
2017-05-05,129.17301803280077,129.3140411376953,128.69352512996355,129.3140411376953,19330700
2017-05-08,129.37982918035846,129.5960693359375,129.11657655282076,129.5960693359375,13279900
2017-05-09,129.79359880037717,130.33891226143643,129.68076592643985,130.04745483398438,28426100
2017-05-10,130.12261962890625,130.16963211713679,129.6619345443596,130.12261962890625,20499400
2017-05-11,129.76536917691126,130.0568265482315,129.16364656786988,130.0192108154297,27232100
2017-05-12,130.0756056202391,130.33885830678193,129.9627727930097,130.31065368652344,19738600
2017-05-15,130.3670866053576,130.79956709200192,130.24485699790685,130.72434997558594,20481300
2017-05-16,131.06285555669558,131.2885069674606,130.67738745599974,131.2696990966797,21786000
2017-05-17,130.22604130262368,130.47050050282743,127.91317608323119,127.9319839477539,55642200
2017-05-18,127.88498229989595,129.4833066110785,127.74394482331611,129.05081176757812,41319900
2017-05-19,129.5114554941273,130.14138244903478,129.42684165231708,129.5960693359375,36730100
2017-05-22,129.88764364945388,130.7526337437988,129.84064548132645,130.6868133544922,19509700
2017-05-23,131.0722000309916,131.081596788504,130.47987434523492,130.81834411621094,19687500
2017-05-24,131.21324625039497,131.48591007445083,130.84657179606245,131.4200897216797,15891900
2017-05-25,131.9184099246282,132.87741031006533,131.63634929994677,132.5389404296875,23928600
2017-05-26,132.5671280824169,132.83038080609046,132.38848923145326,132.7739715576172,13851600
2017-05-30,132.70815618627446,133.04662603601975,132.62354231038765,132.8867950439453,20306400
2017-05-31,133.35687610470234,133.35687610470234,132.16284217969348,132.8397674560547,33229400
2017-06-01,133.1124734173718,133.41332759700452,132.54835210453422,133.35691833496094,20120700
2017-06-02,133.82697966386195,134.90820950646147,133.6107394338209,134.8800048828125,37222900
2017-06-05,134.87061450801426,135.0868547712929,134.66377100533055,134.851806640625,15727500
2017-06-06,134.6920198804588,135.13391165897454,134.11850167937686,134.31594848632812,22393000
2017-06-07,134.69195774104156,134.9552104647236,134.0714416616182,134.84239196777344,18842400
2017-06-08,135.14324466373156,135.19965390562942,134.25005051302963,134.98341369628906,25417400
2017-06-09,135.14325626786277,135.2936761437743,129.84996864026886,131.60812377929688,109783700
2017-06-12,130.49870877089393,131.1380327205485,129.2482511498603,130.90298461914062,104454000
2017-06-13,131.63635046125304,132.1534592200311,130.9500139338928,131.96542358398438,51193000
2017-06-14,132.50126549265678,132.50126549265678,130.3294240415416,131.391845703125,60093800
2017-06-15,130.06618483411026,130.94996779294334,129.2670300759485,130.80894470214844,55145200
2017-06-16,130.74106757894572,130.83534869683277,129.7606101252031,130.2414093017578,48087400
2017-06-19,131.50476268444353,132.54178346940517,131.30677801183845,132.4192352294922,39626500
2017-06-20,132.2871908908257,132.45687963239632,131.33500055664112,131.38214111328125,40935100
2017-06-21,131.68377488073278,132.7490907198294,131.5989305356562,132.68310546875,35743400
2017-06-22,132.8905260924731,133.1356367986943,132.30600920029127,132.64540100097656,24099100
2017-06-23,132.49458671813522,133.32421450259653,132.12691338370868,133.15452575683594,21654300
2017-06-26,133.91816721805444,134.1444189015973,132.24006676713816,132.53231811523438,34411100
2017-06-27,132.03263149229844,132.1928978622065,130.11884302449192,130.12826538085938,65957800
2017-06-28,130.60915380613125,132.11756620249406,129.8549619932366,132.0044403076172,57427200
2017-06-29,131.45758591890183,131.45758591890183,128.45019913834807,129.71348571777344,88769400
2017-06-30,130.08115292623935,130.7316552880258,129.3363838245859,129.7606201171875,68898300
2017-07-03,130.3546069139522,130.5054366295897,128.30883234552545,128.3936767578125,32797000
2017-07-05,128.79899686855762,130.00572036920627,128.36533825269137,129.6569061279297,42116600
2017-07-06,128.66702529096415,129.2138241816536,128.02595965826086,128.48789978027344,48430500
2017-07-07,128.92154239603096,130.22254684214604,128.9121200396377,129.87371826171875,36970400
2017-07-10,129.9586159927531,131.03335474031644,129.62864641141155,130.7222442626953,24853500
2017-07-11,130.53369874899494,131.25018646527263,130.04346274034097,131.0899200439453,31517700
2017-07-12,132.21174249110248,132.79624499800897,131.9477726889334,132.64540100097656,36045800
2017-07-13,132.80572866103356,133.25826086103524,132.5511954819748,132.93771362304688,31073600
2017-07-14,133.5316283873433,134.1538492580214,133.10739211561886,133.98414611816406,34544800
2017-07-17,134.12559293192038,134.5215478187441,133.79562333359297,134.0501708984375,25343200
2017-07-18,133.95589110283944,134.97406698714022,133.53165474736798,134.94578552246094,25748500
2017-07-19,135.3417312931162,135.93567078192234,135.28516836756918,135.73768615722656,33752300
2017-07-20,136.08652751855274,136.1713719147777,135.30404007659675,135.9168243408203,36139400
2017-07-21,135.41710370646288,135.86019897460938,135.1437115380607,135.86019897460938,39697100
2017-07-24,135.84137241870522,136.57671912810576,135.68110602155684,136.48245239257812,26712700
2017-07-25,136.02996348047355,136.4542142735749,135.76599352070787,136.1336669921875,28120900
2017-07-26,136.47300246386067,136.65212794491993,136.25617316928899,136.5767059326172,18610600
2017-07-27,137.4723641725689,137.60434912738305,134.1538668133085,135.71884155273438,80665900
2017-07-28,134.90809941532987,135.83199428184582,134.6912556439346,135.60572814941406,38013200
2017-07-31,135.99220657032419,136.161895313104,134.73834255820842,135.0305938720703,33848600
2017-08-01,135.492625730611,135.53032956656776,134.92696749425403,135.34178161621094,20149400
2017-08-02,136.21850674756368,136.24678821178068,134.44612493512778,135.70941162109375,41769700
2017-08-03,135.8414435902535,135.91686564935918,134.93640765155922,135.1815185546875,27112800
2017-08-04,135.4831672826161,135.72827811426717,134.87036862556445,135.4265899658203,29472900
2017-08-07,135.6717158472998,136.2845001220703,135.48316794623832,136.2845001220703,17933900
2017-08-08,136.0205314000629,137.1424108415443,135.66228031514405,136.04881286621094,30810400
2017-08-09,134.9268754125674,135.9356285557406,134.6157650334189,135.86962890625,36169500
2017-08-10,135.09664424476705,135.190911008829,132.82460376720348,132.9565887451172,63331700
2017-08-11,133.1357040139984,134.2575834322502,132.83401586762236,133.96533203125,45862500
2017-08-14,135.03062695430245,135.89795875109877,134.99292313065123,135.6905517578125,34161000
2017-08-15,136.02996192397256,136.03939867011016,135.41717760694618,135.78485107421875,25509200
2017-08-16,136.1241960283978,136.66157250230572,135.567974839295,136.02049255371094,31913000
2017-08-17,135.49260716258908,135.7000141951443,133.2394256591797,133.2394256591797,70191000
2017-08-18,133.3148447996282,134.05961412008728,132.5983425626818,133.1451416015625,60751900
2017-08-21,133.13573033215016,133.42798179092236,132.15525804789166,132.9754638671875,37111500
2017-08-22,133.69190745305835,135.14375628888914,133.64476688833747,135.00233459472656,36294200
2017-08-23,134.32357601397993,134.82323444641236,134.22930925208294,134.5215606689453,25702300
2017-08-24,134.82319306317652,134.974037098251,133.37135878510196,134.1255645751953,38160800
2017-08-25,134.64408931292743,134.9834668324727,133.66361741664207,133.84274291992188,26380400
2017-08-28,134.24808584190893,134.5686329484733,133.8238496654655,134.2575225830078,15362100
2017-08-29,133.10740664791837,135.01177328490158,132.98484405493363,134.78550720214844,24498300
2017-08-30,134.89864528122678,136.59560509252495,134.81380088698242,136.3693389892578,33642700
2017-08-31,136.75585821214628,137.8400336680139,136.68043618506394,137.83059692382812,38480700
2017-09-01,138.0097174453023,138.19826531354403,137.27437068946335,137.6420440673828,22293600
2017-09-05,137.2366253120368,137.52887657710423,135.3793998824348,136.40699768066406,44794300
2017-09-06,136.75583872013596,137.13294880179754,135.83194419430282,136.82183837890625,30722700
2017-09-07,137.07639534927827,137.4912093186364,136.64273666151746,137.14239501953125,22721100
2017-09-08,136.96326787184793,137.02926754131747,135.81310711056526,135.95452880859375,27890100
2017-09-11,137.01976632151118,137.7551127723385,136.98206251761397,137.51942443847656,27126300
2017-09-12,137.90601971141285,138.02858230425764,137.19895438705768,137.84945678710938,30256700
2017-09-13,137.61377331069153,138.0568687474299,137.3875072200332,138.0380096435547,28450900
2017-09-14,137.5006711090303,137.91547076866348,137.14242000018672,137.22726440429688,35296400
2017-09-15,137.19895006910764,138.19826672776736,136.97268399373397,137.6986083984375,46422400
2017-09-18,137.8583386459745,138.29294666596513,137.10248168717106,137.51820373535156,24858200
2017-09-19,137.76380699655252,137.9527675715396,137.29139835070094,137.75436401367188,20871200
2017-09-20,137.70711424869546,137.85828846878675,136.27098799136246,137.32919311523438,34236200
2017-09-21,137.2346957394856,137.24413872127352,136.00643051904922,136.48829650878906,28841800
2017-09-22,136.05370010813948,136.55445215658486,135.9119832705677,136.35604858398438,21702400
2017-09-25,135.81748012323715,135.8930672334917,134.25853742244252,134.91990661621094,54947700
2017-09-26,135.6096508584429,135.86475561305951,134.79710725432045,135.26951599121094,29628800
2017-09-27,135.98753013870726,136.99849144389268,135.6474097931489,136.48829650878906,33249400
2017-09-28,136.15757680034804,136.5827415618546,135.8457854641064,136.44102478027344,24149400
2017-09-29,136.71504737098957,137.52759074806613,136.35602663467657,137.4236602783203,43102400
2017-10-02,137.63153888883556,138.10394755437702,136.9323688737976,137.5465087890625,27351300
2017-10-03,137.72598203889382,137.99997263330084,137.42363367025902,137.83935546875,19715200
2017-10-04,137.57485812125017,138.26457076615327,137.44258426583357,137.9716796875,26381100
2017-10-05,138.47244008766555,139.39835713139072,138.3307232400234,139.32278442382812,31562400
2017-10-06,138.85034955761876,139.51171875,138.85034955761876,139.51171875,23561100
2017-10-09,139.6912395311605,139.84239933804463,139.17158714783778,139.35110473632812,13704800
2017-10-10,139.82349520162856,139.9652120074052,138.84087729235864,139.45501708984375,19223100
2017-10-11,139.38887597227543,139.89908531759434,139.20935840324717,139.8707275390625,12439100
2017-10-12,139.66292063514695,140.16367272405267,139.47394561409044,139.6156768798828,14513500
2017-10-13,140.18253342817283,140.31480726901117,139.6250947001232,140.15419006347656,18409900
2017-10-16,140.50378877509473,140.67384897116273,140.20144031528312,140.6360626220703,21809400
2017-10-17,140.58885055499132,140.83449792136915,140.37154656101205,140.8155975341797,13138200
2017-10-18,140.95732984551745,140.97623023284535,140.43767731978525,140.64553833007812,17218200
2017-10-19,139.82348999462292,140.1447243535976,139.14322051869706,140.12582397460938,27680300
2017-10-20,140.69276003181574,140.8155764882632,140.33372481273287,140.50379943847656,30173300
2017-10-23,140.79667576173847,140.80611874454638,139.38889281790856,139.58731079101562,29297100
2017-10-24,139.86133371999614,140.11643848232737,139.3038948536328,139.82354736328125,20289500
2017-10-25,139.54953834901542,140.00304670088795,138.25514302001,139.29443359375,36179100
2017-10-26,139.20933193231906,139.55892402223333,138.81251052628625,138.85031127929688,28230200
2017-10-27,141.18403371893632,143.15871271379393,140.96672978971415,142.8941650390625,60165100
2017-10-30,142.79022820928336,143.79173213572238,142.65795437780588,143.21539306640625,31733400
2017-10-31,143.67837932617996,143.96181299380316,143.26265739130804,143.7539520263672,26319300
2017-11-01,144.33026392443094,144.39640804556524,143.139799494905,143.70669555664062,29481600
2017-11-02,143.5460974711371,143.60279862396303,142.45012026824378,143.43272399902344,31017400
2017-11-03,143.95237702821942,144.8310502742239,143.46106795244026,144.81216430664062,26199200
2017-11-06,144.69875382535105,145.36013742350136,144.65152449699764,145.30343627929688,28693900
2017-11-07,145.1900860338037,145.5774646222409,144.8782945662886,145.3885040283203,21333100
2017-11-08,145.31288926157058,146.01204476773913,145.14281466766036,145.97425842285156,17373500
2017-11-09,144.7743164006511,145.28452569466288,143.71612588975918,145.2089385986328,40594500
2017-11-10,144.8687856060539,145.31285072875343,144.61368099121825,145.199462890625,20150800
2017-11-13,144.65154458692456,145.56801858582853,144.65154458692456,145.37904357910156,12522400
2017-11-14,144.86881493042225,145.0294321154568,144.15075908848556,144.84991455078125,25173800
2017-11-15,144.22634920459447,144.55704101283402,143.40436280043605,144.16966247558594,24808000
2017-11-16,144.89722241255782,146.34279213433933,144.86887903893637,146.01210021972656,34790600
2017-11-17,146.0498751945564,146.1538056850653,145.31291877704567,145.4546356201172,28725800
2017-11-20,145.55855150175034,145.690825347598,145.13338659843774,145.34124755859375,21143900
2017-11-21,146.0309521183072,146.98522676926981,145.9648224074061,146.91908264160156,20147800
2017-11-22,147.05138905609505,147.2403496649445,146.76794093443573,147.0986328125,17299000
2017-11-24,147.2497514226235,147.68435921706782,147.1647069265236,147.63711547851562,8280600
2017-11-27,147.58996056896714,147.92063807202436,147.2309252750692,147.57106018066406,22653400
2017-11-28,147.90170034135338,148.04343159268387,147.10805723426927,147.94894409179688,25227300
2017-11-29,147.77890103185823,147.81668738653494,144.67044354339544,145.36961364746094,71986300
2017-11-30,145.98371168688337,146.87184223034245,145.6435768918728,146.58839416503906,56595500
2017-12-01,145.6908234034036,146.67344145953174,143.85787555199764,145.96482849121094,59015800
2017-12-04,146.88131354322624,147.04193076486698,144.14133454143743,144.28306579589844,51319100
2017-12-05,144.25468684770362,146.02150486007602,143.70670554451013,144.3775177001953,40604200
2017-12-06,143.8389849048927,145.25621079540954,143.66891030131168,145.02944946289062,28647800
2017-12-07,145.02004559977206,145.9365197428684,144.8688713373132,145.5207977294922,32666200
2017-12-08,146.58838813869409,146.94742330110267,145.93647635709456,146.16322326660156,28081700
2017-12-11,146.22939372425924,147.34427134146728,146.21993632348224,147.29702758789062,20821500
2017-12-12,147.23090668037165,147.53324077117668,146.78684132035178,147.0986328125,20310300
2017-12-13,147.6938409863232,147.85445819049275,147.16473121069933,147.38204956054688,24418500
2017-12-14,147.63717330254934,148.01510894222537,147.11753522524697,147.2781524658203,24594700
2017-12-15,147.85446235750558,149.1110710785889,147.60880063627914,148.950439453125,49816200
2017-12-18,149.93420929606643,150.32239807258784,149.65964555591796,150.19931030273438,26844500
2017-12-19,149.91519680652794,150.0666871504061,148.89265865572196,149.3092498779297,31415000
2017-12-20,149.8300076153495,149.85841025250906,148.5613083325015,149.1483154296875,38972600
2017-12-21,149.35660731218977,149.83000384883698,148.99682132132486,149.16725158691406,18638700
2017-12-22,148.93999039119134,149.05360091740243,148.59914436564478,148.99679565429688,23330400
2017-12-26,148.16365974023816,148.3814181115119,147.65238336795815,148.1920623779297,21918700
2017-12-27,148.20156631984463,148.60869498483066,148.06901582478602,148.21102905273438,22388200
2017-12-28,148.68438796054062,148.71280504582987,148.2109913917773,148.39088439941406,25393800
2017-12-29,148.52346005973558,148.5518627029269,147.41571363451575,147.47251892089844,33186000
2018-01-02,148.2299326915804,150.09511634577575,147.86068394235434,150.0572509765625,32573300
2018-01-03,150.19923243030843,151.6478244824633,150.1708297976712,151.51527404785156,29383600
2018-01-04,152.03604896763068,152.23486744305097,151.56265238264498,151.78041076660156,24776100
2018-01-05,152.49998300784918,153.40889636185685,152.2159421671278,153.30474853515625,26992300
2018-01-08,153.30476074884282,153.97699031054225,153.24795546555637,153.9012451171875,23159100
2018-01-09,154.20423973275385,154.36519288056544,153.44681655409244,153.91073608398438,24782400
2018-01-10,153.2289818956677,153.5793051438427,152.5472897521407,153.55088806152344,34004000
2018-01-11,153.81599642632787,154.6112990753957,153.57929817742095,154.60182189941406,20473500
2018-01-12,154.46927768804107,155.8989444151264,154.27045924121256,155.7379913330078,37762700
2018-01-16,156.77000951001182,157.5653122786025,154.82908068789757,155.2930145263672,41231800
2018-01-17,156.0314951758205,157.2055092940859,155.27405785786252,156.96881103515625,33849900
2018-01-18,156.72256867837177,157.3569179493273,156.35332016402728,156.9971466064453,26432200
2018-01-19,157.4611450946003,157.7451858904341,156.73211042290708,157.4895477294922,38937600
2018-01-22,157.4327546368143,159.1748504638672,157.25286163730806,159.1748504638672,26081400
2018-01-23,159.6671699622086,160.63290286141776,159.59142478904369,160.49087524414062,37989700
2018-01-24,160.83172684314468,161.18205008697086,158.5310267224878,159.4494171142578,54287400
2018-01-25,160.54769726785224,160.60450253681412,158.88133232809164,159.39260864257812,28925000
2018-01-26,160.28264759260784,161.8543280966445,159.97021848533421,161.83538818359375,32038200
2018-01-29,161.49450869067098,161.81641488277137,160.70866867095552,161.0495147705078,37277800
2018-01-30,159.5819705866979,160.40567591264175,158.89081570914632,159.72398376464844,44987700
2018-01-31,160.62341698572723,160.94533756597073,159.3831205420228,160.38671875,42449200
2018-02-01,159.15594219333516,160.69920528053018,158.51211530698257,159.0233917236328,38037900
2018-02-02,158.398514969745,158.77722649421813,155.71908831568786,155.8516387939453,68478100
2018-02-05,154.3935619690327,156.93096061182612,149.59331388638628,149.70692443847656,105372200
2018-02-06,147.51982576459056,153.86333643730134,146.84761077589522,153.67398071289062,118537900
2018-02-07,153.1816811943043,154.84804664337153,151.67628331904677,151.68576049804688,91028300
2018-02-08,152.07392125317836,152.24435154392032,145.28541564941406,145.28541564941406,94184800
2018-02-09,147.3399167917831,148.8737312210823,142.14203265284976,147.7943878173828,113836600
2018-02-12,149.30929160266103,151.43957640042325,148.13527722681096,150.4170379638672,63050600
2018-02-13,149.55547208939296,151.49638674578628,149.32823650248127,151.19342041015625,31785600
2018-02-14,150.30340210606565,154.26099026322066,149.59330729296613,154.0242919921875,52107400
2018-02-15,155.4066262213275,156.8836212158203,153.79708076442938,156.8836212158203,51633900
2018-02-16,156.37235439090412,157.88721470724101,155.91788329377826,156.18299865722656,62256300
2018-02-20,155.63385163723748,157.8114641710341,155.5675691868948,156.49542236328125,36785600
2018-02-21,157.2623088133775,158.7961087112326,155.9557299688856,156.0504150390625,41161800
2018-02-22,156.73214239099192,157.5653250428683,155.6338732416943,156.03152465820312,37074400
2018-02-23,157.29074686325617,159.22219848632812,156.6469200242878,159.22219848632812,50096900
2018-02-26,159.9701567828769,161.33352661132812,159.83760633648933,161.33352661132812,39266700
2018-02-27,161.38086122469835,161.6459621044509,159.26005418667816,159.33578491210938,42209900
2018-02-28,160.24469884630565,160.76543783238233,158.20909988344872,158.31324768066406,42936300
2018-03-01,158.39847894005064,159.12751362809794,154.32726596687874,155.728515625,76809900
2018-03-02,153.853889768467,157.43276678702014,153.3426278144954,157.158203125,57445100
2018-03-05,156.41969057526578,159.30739790198226,155.83266904374514,158.90028381347656,38540200
2018-03-06,159.67664232035384,160.11217348058747,158.5688961839809,159.57249450683594,29480900
2018-03-07,158.3511365644067,160.07430683852078,158.07657293836675,159.94174194335938,34609400
2018-03-08,160.6045529863056,160.93592197497858,159.96072602636266,160.8223114013672,25828400
2018-03-09,161.96787673588125,163.94667053222656,161.73117849860796,163.94667053222656,38310500
2018-03-12,164.42957559756664,165.1964757887273,164.06032682230716,164.81776428222656,37635000
2018-03-13,165.19647457731904,165.88764401964545,162.15727647560493,162.57386779785156,55638900
2018-03-14,163.42596581364666,163.54905354586955,161.83534581300415,162.54544067382812,40536400
2018-03-15,162.6590806013036,163.35023561745697,161.80695802197263,162.4034423828125,28810400
2018-03-16,162.6780001263271,163.03777168650544,161.84481756123031,161.92056274414062,31176700
2018-03-19,160.36246333337064,160.47625819963685,157.08123814260344,158.46580505371094,71395100
2018-03-20,158.53218702748168,159.35722878223228,158.0011250027983,158.9873809814453,34075700
2018-03-21,158.57011326075258,160.0400117716977,157.60281353874873,158.2950897216797,43863500
2018-03-22,156.10442778234764,157.2044928283812,154.1887992670618,154.38795471191406,66607300
2018-03-23,154.20779622905314,154.86214562627683,150.24377304849477,150.31964111328125,80110400
2018-03-26,153.36378881987596,156.09498135829975,150.93606855032337,155.90530395507812,57481500
2018-03-27,157.062296858714,157.062296858714,149.5325597661083,150.8602294921875,78889100
2018-03-28,149.99720157544752,151.52401189904344,147.9772561024593,149.12474060058594,89369700
2018-03-29,149.93084994324363,153.35431888005857,148.53680488360385,151.85595703125,68692600
2018-04-02,150.77489768397186,151.48614473948467,145.9289338335969,147.47470092773438,85549400
2018-04-03,148.76439901191827,149.7601475796335,146.45996597011248,149.13424682617188,64090000
2018-04-04,146.2513184350684,151.95077125217992,146.0806116684279,151.48609924316406,65768700
2018-04-05,152.99390070720273,153.230982928381,151.23948648234338,152.34902954101562,43054900
2018-04-06,150.67054485573146,152.16890669763632,147.8255573137145,148.53680419921875,59870900
2018-04-09,149.81702306440727,152.5671860613218,149.32390236456325,149.57994079589844,41810400
2018-04-10,151.93178277350358,153.37323231451606,150.85068838256876,152.88011169433594,48296800
2018-04-11,151.92233139222267,153.62932680636436,151.8275071566539,151.99819946289062,41622100
2018-04-12,152.91807361206028,154.35953795455222,152.83272746246416,153.82847595214844,30467900
2018-04-13,154.59662744431162,154.82421718717495,152.36804807640866,153.03187561035156,44604900
2018-04-16,154.10352553088103,154.75787512377713,153.13622550354077,154.1983642578125,28180800
2018-04-17,155.75359367401452,157.85888566451925,155.44064330025242,157.51748657226562,35536100
2018-04-18,157.51747634960722,158.3709667896733,156.76828822367082,157.83990478515625,29573900
2018-04-19,157.0432499226522,157.41309756372024,155.8483464127795,156.38890075683594,34705700
2018-04-20,155.99066143784182,156.1044563012031,153.3732638177011,153.913818359375,49197100
2018-04-23,154.6629858962945,155.26991592755007,152.69995222893388,153.52499389648438,33040600
2018-04-24,154.25522695212194,154.4923092456779,149.25752815226338,150.27224731445312,70256800
2018-04-25,150.5377531870203,151.0782932014775,148.3850422693183,150.452392578125,52089300
2018-04-26,152.39647469856942,154.131918588058,151.90333954327278,153.6198272705078,43005500
2018-04-27,155.87683436567752,155.91477562938294,152.84218443509744,153.7146453857422,51043400
2018-04-30,154.0750576153368,155.0328649684649,152.2447746001171,152.62411499023438,35615300
2018-05-01,152.2257998756392,154.38798918946975,151.86543016654926,154.3690185546875,36513500
2018-05-02,154.63452158263522,155.11817862477125,153.2784180833288,153.45860290527344,38646800
2018-05-03,152.6809701307795,154.00862495247145,150.9929456559059,153.43963623046875,60337100
2018-05-04,152.77585273564426,156.71141345794322,152.66204338224694,156.35104370117188,41543200
2018-05-07,157.0812347772602,158.16232939469043,156.95794736121027,157.65023803710938,32500200
2018-05-08,157.318306916782,157.83039824135489,156.341529144273,157.489013671875,26040200
2018-05-09,157.77353418777884,159.31931551044775,157.21402339785976,159.2055206298828,29122700
2018-05-10,159.71755324629663,160.96935435295575,159.59426585751484,160.8555450439453,27067600
2018-05-11,160.6659466644324,161.0832138675208,160.0021190551357,160.70388793945312,24688800
2018-05-14,161.07370527638108,161.9935856715931,160.71333558372166,160.97886657714844,21821700
2018-05-15,159.70810495569702,159.79345110061075,158.351986837203,159.1959991455078,49361600
2018-05-16,159.4046144970717,160.61847443172474,159.3287464423619,160.24862670898438,22941200
2018-05-17,159.68913009445174,160.84609270716274,158.85459588978068,159.63223266601562,27480200
2018-05-18,159.01582429964716,159.56585694092237,158.57012291362952,158.8072052001953,26217900
2018-05-21,160.03997685706554,160.7417454388089,159.01577992844702,159.69857788085938,22954600
2018-05-22,160.4288720037407,160.6944030601409,159.20553352749383,159.49002075195312,19477700
2018-05-23,158.27612395150712,160.8555803092064,158.25716778780853,160.8366241455078,26557800
2018-05-24,160.7891845703125,161.07368616389854,159.16753561611853,160.7891845703125,27696500
2018-05-25,160.77022409920974,161.52889023993566,160.46676632513123,160.95040893554688,27460500
2018-05-29,160.2201651124477,161.14004530509393,159.28132876041232,160.2391357421875,41220500
2018-05-30,160.81766887210475,161.67115937139093,160.4762697783192,161.38665771484375,22665800
2018-05-31,161.38666621846411,162.35396611355037,160.86509670272687,161.28236389160156,35670900
2018-06-01,162.0884108928595,163.90920106051405,162.04099154295287,163.8143768310547,45543300
2018-06-04,164.2316541147718,165.33171952800967,164.12735178783197,165.29379272460938,20459600
2018-06-05,165.6825589842071,166.08085541100255,165.07562902856384,165.8058319091797,24779300
2018-06-06,165.97655465259714,166.80159629692582,165.14202045672715,166.7731475830078,25036600
2018-06-07,166.80160481679465,166.83953161383826,164.58251819572465,165.4170379638672,39600300
2018-06-08,164.63939886259396,165.84378074863625,164.23160986654014,165.426513671875,31780300
2018-06-11,165.3032805584864,166.28005859516657,165.27483183666905,165.87228393554688,22319700
2018-06-12,166.09981869630116,166.9059041350945,165.91964834125116,166.74468994140625,22511800
2018-06-13,167.00079104903122,167.98704712768102,166.36539770112105,166.73526000976562,37858600
2018-06-14,167.50339828818468,168.69828792123138,167.3801108564734,168.42327880859375,35916000
2018-06-15,167.78787727710858,168.16721763675991,167.0102548629448,167.83529663085938,49615700
2018-06-18,166.77848503703288,167.88089031659635,166.2557847528763,167.73834228515625,31633200
2018-06-19,165.61906658811495,167.30119157307357,165.08686786961997,167.26318359375,38236000
2018-06-20,168.03295061402073,169.1448687592361,167.88088971348046,168.45111083984375,33038000
2018-06-21,168.8787998280276,169.04987199725568,166.66446150735655,166.9875946044922,43469400
2018-06-22,167.54830644362585,167.6148240376374,166.0182277654172,166.61695861816406,30073200
2018-06-25,165.10582332805683,165.35292588652447,161.3804187287082,162.86297607421875,77799700
2018-06-26,163.46174244775548,164.46912063332582,162.86301165766753,163.5282745361328,39008100
2018-06-27,164.22200610521307,164.96328482068498,161.1903591656505,161.3043975830078,52843500
2018-06-28,161.10487292516945,163.24318082362268,160.7722414515453,162.6919708251953,46407700
2018-06-29,163.47120382769677,164.33603377295162,162.89148440851014,163.1290740966797,36408500
2018-07-02,161.59901562289045,164.26953622455056,161.24738748196148,164.22201538085938,31770000
2018-07-03,164.8397496259443,164.8397496259443,162.15974504715328,162.32130432128906,25512700
2018-07-05,163.37626297856727,164.46917032109204,162.53994219388866,164.33612060546875,31626200
2018-07-06,164.71618665896477,167.01605310983962,164.41206489620922,166.8925018310547,37005600
2018-07-09,167.7573804511787,168.4321272434051,167.09213202879778,168.3941192626953,27362100
2018-07-10,168.70772330692532,168.89779219490532,167.93793488474398,168.5176544189453,23902500
2018-07-11,167.1965810298285,168.28000375180827,167.07304427310208,167.66226196289062,30280600
2018-07-12,168.40357149602207,170.5513916015625,168.28953308380719,170.5513916015625,27930100
2018-07-13,170.54187832551185,170.96953687161985,170.06669894065317,170.69393920898438,28049800
2018-07-16,170.73197870223444,171.01708928605575,170.000212755396,170.28530883789062,21405300
2018-07-17,168.47960426304041,171.6823087284154,168.47960426304041,171.32118225097656,31034100
2018-07-18,171.34023777022657,171.4828003376979,170.47542200008232,170.99810791015625,23220800
2018-07-19,170.38038152756448,170.9506027989385,169.9432244539965,170.14279174804688,31094100
2018-07-20,170.6559768195215,171.22618353285483,169.91468343993083,170.10476684570312,35897300
2018-07-23,169.60103736350507,170.72245378379418,168.91677786927548,170.64642333984375,22184700
2018-07-24,172.40463052056805,173.01285970351455,170.64646056136627,171.3497314453125,36900300
2018-07-25,171.42576582043793,173.84916973666705,171.3402224870537,173.74464416503906,35026600
2018-07-26,171.38773456377848,171.93894451102202,170.88404546568697,171.1121368408203,40873500
2018-07-27,172.19555356266724,172.309592004913,167.83340913083367,168.80276489257812,59456100
2018-07-30,168.8122360860422,168.90726326401,165.61902997957318,166.41732788085938,60193000
2018-07-31,167.0730685211876,168.33704737895636,166.141721021214,167.6907958984375,47285100
2018-08-01,168.08048757252087,168.83126477626385,167.3582199776968,168.32757568359375,37101900
2018-08-02,167.13963301241594,170.81753221042274,167.06360255210978,170.61795043945312,47178200
2018-08-03,170.9410280181127,171.15010810847312,170.19025096732682,171.14060974121094,28934400
2018-08-06,171.02656339579667,172.1955005730829,170.81748331513433,172.14797973632812,24808800
2018-08-07,172.63269075814264,173.09837184602304,172.26205136209944,172.77525329589844,29895700
2018-08-08,172.5376289464352,173.2979188245954,172.0719479519978,172.9842987060547,22680700
2018-08-09,172.87977600097656,173.56403550979823,172.62317505983725,172.87977600097656,18852900
2018-08-10,171.7107926998041,172.22399448789358,170.91249491980057,171.55874633789062,33818500
2018-08-13,171.87241770878288,172.97482304284017,171.29269818339372,171.3687286376953,26089200
2018-08-14,172.0244514770634,172.64219343487977,171.1026022257104,172.44261169433594,20913000
2018-08-15,171.07410350250498,171.6158150460653,169.27792572865306,170.33282470703125,58528000
2018-08-16,171.64434720911845,172.0054882856159,170.56093848095423,170.89356994628906,27711800
2018-08-17,170.4468712629918,171.35920766883967,169.42048193041867,170.93154907226562,36092600
2018-08-20,171.31167860857735,171.37821068775344,170.11423169533302,170.77947998046875,24939000
2018-08-21,171.29274559526343,172.4331737227922,171.18820550432903,171.4067840576172,26258700
2018-08-22,171.04558638212865,172.2715574524811,170.8270079010965,172.0719757080078,18042400
2018-08-23,171.76788617728147,173.01285411298045,171.53979480304895,171.8249053955078,25776200
2018-08-24,172.39507380849156,173.56402552794034,172.3570658385539,173.4214630126953,23136100
2018-08-27,174.29583866676296,175.18917846679688,174.02024093123205,175.18917846679688,29343600
2018-08-28,175.6548809514006,175.8354515075606,175.07516129804299,175.44580078125,20277000
2018-08-29,175.74986989454936,177.5650589304477,175.6833523101655,177.47003173828125,29175600
2018-08-30,177.12786246888356,178.2112708271526,176.56713980436044,177.1563720703125,29315500
2018-08-31,176.9378211033388,177.88818004664083,176.74775221494372,177.38449096679688,28653200
2018-09-04,176.84278502857953,177.14689233447373,175.6738476473947,176.62420654296875,29063500
2018-09-05,176.31063419721738,176.33914381171266,173.74466738333132,174.3433837890625,42623300
2018-09-06,174.4194088926838,174.6284890601002,171.61585237674672,172.7847900390625,46091400
2018-09-07,171.5398481366728,173.60212601123087,171.48282890071852,172.11956787109375,46629500
2018-09-10,173.10786611229807,173.20290780188296,171.75835822788284,172.69921875,26132000
2018-09-11,172.0054694436492,174.31483470281634,171.55879958259334,174.02972412109375,30116500
2018-09-12,173.7730956626611,173.89663243387557,172.02442461788567,173.51649475097656,36204000
2018-09-13,174.5999472892127,175.70236715049,174.52391683312533,175.36973571777344,31133200
2018-09-14,175.49329089381243,175.7688886145494,174.1627796349154,174.85655212402344,31224100
2018-09-17,174.5619254580891,174.68547676235534,172.17652970747025,172.3380889892578,33071200
2018-09-18,172.48061993087097,174.60941431386883,172.39507661979943,173.7635955810547,31877300
2018-09-19,173.79214400507163,174.20080591180093,172.49965519754616,173.63058471679688,31843400
2018-09-20,174.82805583452426,175.7879132469472,174.40989553562218,175.55032348632812,33295800
2018-09-21,176.02546016840182,176.2725482388339,174.37183061645732,174.59042358398438,38605400
2018-09-24,173.32416998047074,175.1426253160669,172.6101182072972,175.0759735107422,34945600
2018-09-25,174.99982606105374,175.44729971843907,174.40001785489423,175.3140106201172,25277500
2018-09-26,175.46633556860786,177.07533464937444,175.0950292059249,175.43777465820312,36210600
2018-09-27,176.15181530472515,177.55135793550843,176.05660259113182,176.92298889160156,33113300
2018-09-28,176.4279595344692,177.35146791701337,176.1042594592789,176.88494873046875,28076800
2018-10-01,177.91316488787203,178.54153403985828,176.79924567885433,177.24671936035156,27371300
2018-10-02,177.0943650072503,178.2082840917509,176.4374495426125,176.84683227539062,25618600
2018-10-03,177.58944852684127,178.00836125632804,176.76115305644254,177.03724670410156,29128700
2018-10-04,176.32322499010417,176.43748318056393,172.38165881370793,173.63839721679688,80557300
2018-10-05,173.61927630738205,174.20003888778254,169.8776381674465,171.51519775390625,83325600
2018-10-08,170.91541483418655,171.98172736488277,168.44954531582354,170.4679412841797,66864500
2018-10-09,170.5917598557608,172.34357830236922,170.18237705475053,171.02020263671875,49097900
2018-10-10,169.95388423404546,170.05861243735427,163.2798837211472,163.4988555908203,114471100
2018-10-11,162.82286844277954,165.0887831180603,159.7667201103321,161.47093200683594,143084500
2018-10-12,165.8219330644281,166.47886330417109,162.73722284071505,165.96475219726562,102078400
2018-10-15,165.3838986696784,165.69806862950014,163.33694177294458,163.95579528808594,64885300
2018-10-16,165.67907443185885,169.1350755026543,165.37440533643138,168.72569274902344,71979700
2018-10-17,169.5444706209627,169.71583608938815,167.05956963684065,168.79232788085938,66987600
2018-10-18,168.154469359121,168.21159119077706,164.1748267945595,164.8793487548828,82486200
2018-10-19,166.2122459202444,167.63083428577764,164.12721200720088,164.72702026367188,82923700
2018-10-22,165.71711483057666,166.85007917618861,164.31757234804653,165.57431030273438,52909300
2018-10-23,162.46106529729448,165.78379157683545,160.72830714656826,164.9650115966797,77567000
2018-10-24,164.77463657883274,165.05073027682008,157.12950692693505,157.41513061523438,102997400
2018-10-25,159.86191966261035,163.8320459072541,159.1478678662193,162.86093139648438,83481100
2018-10-26,157.2818171623955,161.81367551274892,156.35830894532376,158.67184448242188,130970900
2018-10-29,161.09965004048695,161.718489264512,152.41676828621877,155.40626525878906,111871900
2018-10-30,154.949243166997,158.08154405615696,154.24470681612027,157.96730041503906,92584000
2018-10-31,160.53787965578863,163.04182592311986,160.4617123879793,161.6803741455078,73828600
2018-11-01,161.918455698099,163.98444462766668,160.69027799223872,163.8130645751953,52706800
2018-11-02,163.30841743706063,164.27953202168183,160.15707092705455,161.261474609375,75966800
2018-11-05,161.47091111427312,161.52803293091299,159.0716931234567,160.86158752441406,39573500
2018-11-06,160.8710838782901,162.9846780074584,160.63306665227944,162.08021545410156,34410400
2018-11-07,164.0224605015983,167.16429138183594,163.63210869088113,167.16429138183594,51169600
2018-11-08,166.38358578421858,166.89771121842776,165.30775761156076,166.0979766845703,40296500
2018-11-09,164.54614342975546,164.946010803564,162.00412007148503,163.29893493652344,50602700
2018-11-12,162.15641159041132,162.4610661397075,158.21483167934176,158.35765075683594,62578400
2018-11-13,159.10025989159791,161.3566588964998,158.04346266257664,158.49093627929688,64128100
2018-11-14,160.06185464209588,160.61405647097243,156.37735182325446,157.2818145751953,75270700
2018-11-15,156.9961918646553,160.46172287567043,155.62522453674424,160.03329467773438,73254300
2018-11-16,158.47189742410555,160.24274651594462,157.83401287589223,159.47157287597656,65390700
2018-11-19,158.70991256763992,158.90032347796026,153.79723263330044,154.2923126220703,67280500
2018-11-20,150.7791683624586,153.64490545418477,149.598612057091,151.53131103515625,102652800
2018-11-21,153.61640333892666,154.20668171752763,151.598006334406,152.68336486816406,42965800
2018-11-23,151.46470603529107,153.13082736072496,151.46470603529107,151.57896423339844,23503700
2018-11-26,153.70202238048194,155.15868679488534,153.05460790329147,155.08251953125,42012600
2018-11-27,154.23518887325832,155.99652245839667,153.45448526505874,155.60617065429688,36608100
2018-11-28,156.72963054133936,160.61407470703125,155.63475674795546,160.61407470703125,70141000
2018-11-29,159.93811880336224,161.14723629312792,158.82419952230057,160.09043884277344,44885700
2018-11-30,160.3094139299248,161.3471658544162,159.50966477412817,161.251953125,36722800
2018-12-03,164.8127117446104,165.00312269293354,161.38525656509674,164.07009887695312,50771700
2018-12-04,163.21317640595507,163.6701799708828,157.58645983919564,157.77687072753906,70594700
2018-12-06,154.59701147943588,158.90988407597388,154.01624864826684,158.89083862304688,71715500
2018-12-07,158.19581746891916,159.10979574077865,153.14984794026182,153.64492797851562,80432200
2018-12-10,153.3593288369929,155.9299131127408,151.76937480522503,155.2539520263672,73960800
2018-12-11,157.78643331612122,157.8245242216189,154.45419092884492,155.76805114746094,59058300
2018-12-12,158.04345495957784,159.56677117979484,157.05330958563087,157.1389923095703,53780000
2018-12-13,158.16722965185673,158.8241595946881,156.16787891518905,157.1865997314453,46378500
2018-12-14,155.38719516103572,155.95842787134256,152.99749256154345,153.35928344726562,56547400
2018-12-17,152.70233140647522,153.9209784451926,148.68459945690375,149.8842010498047,74834100
2018-12-18,151.04578460962753,152.28347757213587,149.5129524963707,150.82681274414062,63642100
2018-12-19,150.59826060278556,153.01652388824098,145.99025033878092,147.1232147216797,81856500
2018-12-20,146.76141884839492,148.39897856014474,143.18164492342171,144.99057006835938,99002100
2018-12-21,145.71422340960737,146.70436918561757,139.6876224125358,140.49688720703125,141129400
2018-12-24,139.47616993139565,141.29027089150622,136.9746168125307,137.01280212402344,56163300
2018-12-26,138.52138645279928,145.64413491048686,137.57613602697788,145.56776428222656,98982100
2018-12-27,143.57225014025494,146.2552167258528,140.43098689376546,146.131103515625,85824300
2018-12-28,147.18132087906773,148.55622499705024,144.86118110670995,146.05467224121094,77856600
2018-12-31,147.486859353438,147.9737984840545,145.80642910652125,147.28634643554688,53015300
2019-01-02,144.16419755857441,148.7090069068481,144.05916974782303,147.8783416748047,58576700
2019-01-03,145.70142743498377,146.33157978497172,142.73202042234897,143.04710388183594,74820200
2019-01-04,145.45316827768136,149.90250734249278,144.8803011948339,149.1673126220703,74709300
2019-01-07,149.53967516877606,151.6784167360542,149.05273598305433,150.94322204589844,52059300
2019-01-08,152.3276333395195,152.871872215904,150.09342173632143,152.3085479736328,49388700
2019-01-09,152.9005531190291,154.21817214421458,152.26084354608716,153.54981994628906,46491700
2019-01-10,152.38495332725424,154.07492627790188,151.52563097214423,153.98899841308594,38943400
2019-01-11,153.0819940832749,153.5880333090585,152.5663976014277,153.42572021484375,30176600
2019-01-14,152.12715523835587,152.72867943032924,151.42060324411707,152.0698699951172,30710200
2019-01-15,152.76683428342895,155.24930116812692,152.68090643569985,155.03924560546875,40874200
2019-01-16,155.29712274285265,156.37604382229543,154.95339657579945,155.0106964111328,33812200
2019-01-17,154.5141426280303,156.92976759132435,154.26590170942924,156.23277282714844,39329000
2019-01-18,157.33078714646118,158.51473569452943,156.41419403807296,157.779541015625,57183200
2019-01-22,156.6433738903528,156.71975909649873,153.49255333952848,154.6192169189453,56711700
2019-01-23,155.41162253485615,156.11815985724672,153.07238317295005,154.81964111328125,38106100
2019-01-24,155.32570818269798,156.05136013983042,154.73374122312916,155.82220458984375,32417800
2019-01-25,157.07301500135637,158.16147860363523,156.53833317132285,157.68408203125,36515900
2019-01-28,155.65035447765231,155.74582503352468,154.43776332309503,155.7362823486328,33491200
2019-01-29,155.82218680402596,155.8603866758222,153.71210281022724,154.26588439941406,30784200
2019-01-30,156.01313706681032,158.76294498185808,155.52619798559638,158.1900634765625,41346500
2019-01-31,159.16400955601583,161.35049395073642,158.94441121860712,160.55801391601562,37258400
2019-02-01,159.7655259293816,160.97811720591278,159.44089978258933,159.88009643554688,32143700
2019-02-04,159.9087146846299,161.8660430908203,159.76550157375559,161.8660430908203,26718800
2019-02-05,162.08568737286527,163.48923453360118,162.01885942515725,163.29827880859375,28156400
2019-02-06,163.33641827312553,163.62284447018712,162.07608473012428,162.811279296875,27970000
2019-02-07,161.38865418257222,161.78966548077221,159.40268306125952,160.62481689453125,42036200
2019-02-08,159.22128051998942,160.9685535140678,159.03988208214375,160.93991088867188,29020700
2019-02-11,161.5223346025623,161.91380324012394,160.38612856958278,160.78713989257812,21434100
2019-02-12,161.96156246488516,163.40329483888053,161.67512161357178,163.1645965576172,29722100
2019-02-13,163.8901959032232,164.37714960769725,163.09773061477298,163.2791290283203,26094100
2019-02-14,162.69675314574377,164.0621149782599,162.1525286053334,163.4796905517578,30326800
2019-02-15,164.72089595792002,164.75908126838232,163.40327692769915,164.1671142578125,32521700
2019-02-19,163.66107970618407,164.98824145894403,163.63243708028884,164.4917449951172,19487700
2019-02-20,164.60627156293023,165.2555382375569,163.57510816796272,164.4630584716797,32593000
2019-02-21,164.0239006034967,164.47265452701384,162.99273687391116,163.86158752441406,25207400
2019-02-22,164.2148650398717,165.188743479738,164.1289225913068,165.0741729736328,27735400
2019-02-25,166.33451453470062,166.76416852151723,165.56111987564668,165.6757049560547,32608800
2019-02-26,165.27469755744522,166.37270383550796,164.99779938955967,165.84756469726562,21939700
2019-02-27,165.08369845515168,165.94302086834384,163.99523505362922,165.7425079345703,25162000
2019-02-28,165.2269710103389,165.95260861874414,164.8927875529614,165.3606414794922,25085500
2019-03-01,166.55410548234215,166.75460386843463,165.35105688984297,166.50636291503906,31431200
2019-03-04,167.60436722649663,167.84306549133208,164.67316011019014,166.53500366210938,38063500
2019-03-05,166.6591339111328,167.17471576052435,165.83801128507514,166.6591339111328,22319900
2019-03-06,166.8214151794805,166.85005780070875,165.44651108459183,165.71385192871094,27194600
2019-03-07,165.29373223982606,165.35101747934172,163.06906316841142,163.6801300048828,39407400
2019-03-08,161.8469554141968,163.5178431562374,161.68464235324817,163.43191528320312,39303200
2019-03-11,164.10981204922217,166.94554819228236,164.08116942708895,166.83096313476562,30518400
2019-03-12,167.27020781357135,168.17725835721112,166.86919645435123,167.7476043701172,33953500
2019-03-13,168.61640432397107,169.88626585207965,168.37770613810417,169.0078582763672,42426100
2019-03-14,169.12247734913709,169.32297570698708,168.67372350387515,168.72146606445312,23751500
2019-03-15,169.38025806945404,170.79336207979668,169.26568758120388,170.28732299804688,38192000
2019-03-18,170.2146362582028,171.20943636618364,169.87028462013257,170.69290161132812,32935100
2019-03-19,171.39113897479314,172.1755010409298,170.53982735902179,171.2667999267578,36893300
2019-03-20,171.27638479827368,172.9981429772888,170.49203721397245,171.94595336914062,50105000
2019-03-21,171.42942086898657,174.88249703098901,171.41028616962532,174.63380432128906,42428500
2019-03-22,173.87815636431912,174.34686168026096,170.61638304522566,170.79812622070312,70794500
2019-03-25,170.17636298036396,171.0659294347799,169.23895248122832,170.47288513183594,46336500
2019-03-26,171.7928946545936,172.83550946353304,170.39635361302024,171.2667999267578,33248100
2019-03-27,171.5250647859604,171.90767116676668,168.92330052908386,170.16677856445312,37096700
2019-03-28,170.60681993365233,171.19986430994626,169.53551019699222,170.55899047851562,30368200
2019-03-29,171.8789907716897,172.0129044757049,170.82680124335678,171.8502960205078,35205500
2019-04-01,173.61985576942988,174.33725368562102,172.91203249990662,174.12681579589844,30969500
2019-04-02,174.31812883996832,174.9590025428674,173.8781183746583,174.7868194580078,22645200
2019-04-03,175.77207928817913,176.8816584227349,175.24599907026948,175.7912139892578,31633500
2019-04-04,175.83903743439978,176.47991124137732,174.7103236373424,175.72425842285156,28530800
2019-04-05,176.2311934914446,176.73815351445634,176.02075560315694,176.6329345703125,25674700
2019-04-08,176.34598686220198,177.22599328700653,175.64772359168842,177.08251953125,22697500
2019-04-09,176.4799196134418,177.06340394232524,176.08773851138068,176.46078491210938,25631900
2019-04-10,176.69036255256256,177.4651501302414,176.49905932031487,177.4077606201172,24563000
2019-04-11,177.70429079996765,177.70429079996765,176.66167573121893,176.9868927001953,20654100
2019-04-12,177.77124041405915,177.86688472890083,177.01557297065727,177.75210571289062,24989100
2019-04-15,177.76168805033893,177.98170065260715,176.59471925627292,177.78082275390625,21073000
2019-04-16,178.43124492140737,178.78517123423867,177.84776056295726,178.3929901123047,27195700
2019-04-17,179.58861840649482,179.76078690698398,178.48861406537347,179.0146942138672,29651600
2019-04-18,179.31125736994377,179.62689966733504,178.19210356991752,179.24429321289062,28580900
2019-04-22,178.45992835633018,179.8182001124958,178.32600005516667,179.75123596191406,17936000
2019-04-23,180.2103612867787,182.25733621064163,179.95210853054982,182.03733825683594,33665600
2019-04-24,182.19036735684764,182.41993993356303,181.40600533302631,181.46340942382812,24977100
2019-04-25,182.82165890901817,182.90774314157488,181.21468025714833,182.1999053955078,29517500
2019-04-26,181.91302395241425,182.4008640106914,180.39214345478985,182.3625946044922,26359500
2019-04-29,182.36258065749206,183.0034691005473,182.0660584618849,182.7165069580078,21716200
2019-04-30,181.2434375182005,181.59736381106268,180.0286540073373,181.3008270263672,31495300
2019-05-01,182.4869184951919,183.00345322605676,180.59299187151976,180.7173309326172,34797100
2019-05-02,180.6599720879943,181.59738280442977,178.74691043968005,179.93301391601562,44110100
2019-05-03,181.4251752504127,182.93649550064933,181.09995831688713,182.80258178710938,30386200
2019-05-06,178.9190680583989,181.93213388653834,178.64166598547814,181.68344116210938,38371800
2019-05-07,179.70342226295506,180.4686497604701,176.48947844979233,178.144287109375,58818100
2019-05-08,177.5607884418519,179.03383921429318,176.91991466065676,177.6947021484375,37165300
2019-05-09,175.71466445425392,177.3503381664661,174.17464963814712,176.7381591796875,55351700
2019-05-10,176.10689430924106,177.80951804427454,173.1607775576488,176.9582061767578,58526400
2019-05-13,172.45292012875942,173.380756111166,170.31986067227348,170.8172607421875,67185800
2019-05-14,171.7164569987878,173.73473808419234,171.08514300721927,172.69210815429688,43360600
2019-05-15,171.55376479333103,175.57119029693308,171.51549539677862,175.1311798095703,40944500
2019-05-16,175.20774638353993,177.98169448457364,174.99730843809937,176.8912353515625,39281200
2019-05-17,175.14079338981594,177.51298566095647,174.93035544849283,175.08338928222656,44702300
2019-05-20,172.64423556992722,173.3042295090404,171.54421648040417,172.12770080566406,38608300
2019-05-21,173.61036842384843,174.40429086837665,173.05557871819602,173.926025390625,31613800
2019-05-22,172.95985038535596,174.15551349908452,172.8928862451486,173.15115356445312,24332600
2019-05-23,171.16161071009108,171.23813491974934,169.43985248153157,170.50160217285156,45351300
2019-05-24,171.41984153614376,172.03202048735562,170.20504368457586,170.4154815673828,25903300
2019-05-28,170.8937821365755,171.85031285768633,169.75550824317358,169.77464294433594,24763800
2019-05-29,168.7224185891525,169.3059027927667,167.47892598852422,168.37806701660156,42178800
2019-05-30,168.82767012185536,169.56420285445284,168.1294067910943,169.0859375,30354800
2019-05-31,167.09632664161444,167.67023622299436,166.3119645729143,166.38848876953125,45446200
2019-06-03,165.9389188787971,166.38848941347524,161.91193336029482,162.7249755859375,75842300
2019-06-04,164.5519500293607,167.36415219327017,163.92063636083043,167.3067626953125,47797800
2019-06-05,168.90417410051919,168.93286885070958,166.79980971206464,168.55026245117188,34412700
2019-06-06,168.83721477484926,170.30070545834934,168.09112205759428,169.889404296875,29913200
2019-06-07,170.79812645702933,173.86859655189528,170.57812847375257,173.17031860351562,45888300
2019-06-10,174.3277116239568,176.814697161593,174.28945681983137,175.18858337402344,41385300
2019-06-11,177.01559432582357,177.34081130742035,174.8347051855241,175.42774963378906,41260300
2019-06-12,174.94944264786312,175.31292895005043,174.08857093747076,174.41378784179688,27758100
2019-06-13,175.14075618096476,175.87727422362002,174.79640458609404,175.44683837890625,23715800
2019-06-14,174.5477267239581,175.15034576546722,174.0312065423081,174.70077514648438,22844100
2019-06-17,175.08337702293323,176.2407856191689,174.89207379753492,175.75296020507812,20379500
2019-06-18,177.8285889974028,179.55990686945484,177.36944384802652,178.30685424804688,48177300
2019-06-19,178.54600458051914,179.3781815286112,177.5033897336339,178.9764404296875,31672900
2019-06-20,181.47301570796876,181.51127051608543,179.02429931447367,180.64083862304688,40922000
2019-06-21,180.43036007806288,181.52080430771142,179.99034960850398,180.3729705810547,39980400
2019-06-24,180.73343255273963,180.91557753577203,180.28286800348138,180.3787384033203,19375200
2019-06-25,180.25414074584592,180.35959235265955,177.0139137617291,177.28233337402344,33921100
2019-06-26,178.4614592890434,179.58307282840747,177.81916852519063,178.10675048828125,22595700
2019-06-27,178.7490599053068,179.20920568438441,178.29849531595787,178.7873992919922,19709200
2019-06-28,179.21879395892046,179.41052015546782,178.37519576855777,179.01748657226562,21179200
2019-07-01,182.44940397503714,182.68906533085067,180.58962951348138,181.4332275390625,31025600
2019-07-02,181.37572118435347,182.1713986849882,180.85805906338715,182.1522216796875,18035800
2019-07-03,182.61240666571888,183.5231170654297,182.4206658423936,183.5231170654297,15792100
2019-07-05,182.26724845642988,183.4847175415148,181.55784561827824,183.14920043945312,21415600
2019-07-08,181.96049505295113,182.0180114409397,181.1168823550681,181.86463928222656,17598800
2019-07-09,181.00182980583799,183.00539511666486,180.8484430361123,182.77532958984375,19193500
2019-07-10,183.88739814714253,185.1048674750675,183.55186635038723,184.59678649902344,28374500
2019-07-11,184.8747647868996,185.34449165472935,183.87776541415604,184.46253967285156,23736100
2019-07-12,184.66388203043448,185.53623829321938,184.49131823896153,185.5266571044922,20211900
2019-07-15,185.9580647222689,186.15938672943233,185.44040254748813,186.12103271484375,15606100
2019-07-16,185.89096402045934,186.0635131999019,184.5967866635587,185.16238403320312,20190900
2019-07-17,185.16238884677202,185.48833946269883,184.2325014593257,184.25167846679688,16765100
2019-07-18,183.37926572778426,184.817233777583,182.80408728452522,184.46253967285156,28877000
2019-07-19,185.72798308934637,185.81425767305612,182.91914418827216,183.11087036132812,29387900
2019-07-22,183.52307321436018,184.96104127908478,183.52307321436018,184.5679931640625,18954900
2019-07-23,185.57461729784944,185.7951016904235,184.33795628033505,185.7759246826172,23786700
2019-07-24,185.0665042411014,187.0892466950327,185.04732723661704,187.07965087890625,20422900
2019-07-25,186.44691196532995,186.47567015137886,184.95141315195988,185.30612182617188,23434700
2019-07-26,186.48530189712415,187.46312437118914,186.3894314991254,187.2138671875,20431200
2019-07-29,187.04135112596603,187.1084487142245,185.39247945740863,186.5716094970703,20451700
2019-07-30,185.14325879287838,186.49493818629676,185.00904897268884,185.76637268066406,18705000
2019-07-31,186.26483696726467,186.38945094434067,181.4907861298046,183.19717407226562,41627500
2019-08-01,183.51348771011567,186.9166819134034,181.40447068890458,182.2864227294922,63251600
2019-08-02,180.915588864479,181.17442725803681,178.50939380664948,179.6022491455078,55214000
2019-08-05,175.84432113559984,175.92101452399396,171.7892551332241,173.2559814453125,75040000
2019-08-06,174.8569454534034,176.19905802297313,173.58195972257937,175.68138122558594,41897200
2019-08-07,173.7736576428369,176.8796594108302,172.45072229556976,176.6304168701172,49990600
2019-08-08,177.42612348993245,180.5321403964102,176.9372195162246,180.474609375,38418100
2019-08-09,179.61181840356954,180.22535092800092,177.37817267131044,178.77780151367188,33608900
2019-08-12,177.6753834616484,178.2122226918561,175.9114789544597,176.72633361816406,24642900
2019-08-13,176.5729495068356,181.83590490939986,176.40998149715233,180.59925842285156,40241900
2019-08-14,177.69452571039088,178.26012302959205,174.87610567536257,175.20204162597656,51000500
2019-08-15,175.43216584443624,175.99776330561897,173.6682612395074,175.0007781982422,36685000
2019-08-16,176.59211616540878,178.2601501830868,176.48666456205672,177.80958557128906,32781400
2019-08-19,180.37873423979224,181.02102494613362,179.7460247221059,180.63755798339844,22494100
2019-08-20,180.18700984249392,180.8388817438944,179.1900103573567,179.23794555664062,19902900
2019-08-21,180.8101534358988,181.40450904750693,180.18703962552067,180.82933044433594,20418500
2019-08-22,181.16479820098039,181.62495851126934,178.82570115419784,180.2445068359375,24243700
2019-08-23,179.01744533458427,180.65672075938477,174.0516546096097,174.5405731201172,55372400
2019-08-26,176.52497809122357,177.22478519580514,175.5088162229292,177.17686462402344,27598900
2019-08-27,178.41349512758862,178.71067285972737,176.11275202967664,176.80296325683594,28012800
2019-08-28,176.22781134865835,177.73287723980545,175.34585920731524,177.43569946289062,21792400
2019-08-29,179.64053977350176,180.6662972520776,178.9598951834097,180.14862060546875,25358900
2019-08-30,181.11688411131783,181.15523812219482,178.70110802575874,179.71726989746094,26319800
2019-09-03,178.51896914509211,179.43926064882555,177.37817864070257,177.9725341796875,27964200
2019-09-04,179.6885083913351,180.6950890556503,179.17083164842148,180.5417022705078,21592100
2019-09-05,182.53567476053723,184.37627217961688,182.46856256097482,183.84901428222656,33932600
2019-09-06,184.15583453502038,184.2229321238309,183.2642864773764,183.6669158935547,19487800
2019-09-09,184.24209282724004,184.3187862275017,182.35355990063675,183.283447265625,24407600
2019-09-10,182.29609494109974,182.8521112790455,181.0977876509859,182.75624084472656,23744700
2019-09-11,183.10128147506973,184.56800784755427,182.67947513541714,184.47213745117188,25063600
2019-09-12,185.60334940650097,186.65786527105584,184.98981689287876,185.2390594482422,28689900
2019-09-13,184.97066967529747,185.40205727926062,184.3379600546735,184.57762145996094,27669800
2019-09-16,183.38886800531037,184.13661024733258,183.20672303880815,183.75314331054688,20319000
2019-09-17,183.7723117217586,184.63510131835938,183.3792636153438,184.63510131835938,20953400
2019-09-18,184.25165233836776,184.63511929455845,182.24808686099064,184.5584259033203,29781300
2019-09-19,184.88439612451825,186.01559094253517,184.51052491526858,184.86521911621094,26039400
2019-09-20,185.1240298834248,185.31575605454987,182.29602863296483,182.90956115722656,29086100
2019-09-23,182.85576919672687,183.53778655007187,182.24099939054713,182.99024963378906,22485900
2019-09-24,183.8259285343502,184.2293698018374,179.77228552549292,180.55996704101562,40820700
2019-09-25,180.3775033828588,183.06712721512898,178.8694021423963,182.5868377685547,34704900
2019-09-26,182.3466403801891,182.5099369859888,180.5695640782084,181.9143829345703,26826000
2019-09-27,182.25058768619323,182.3466514164855,178.4274886682911,179.6570281982422,40773500
2019-09-30,180.38705748368295,181.65502833189487,180.0124323980325,181.36685180664062,26307700
2019-10-01,182.0296904723706,183.07671789190752,179.58982666405052,179.88760375976562,32367600
2019-10-02,178.667635391801,178.69645157976666,175.8051150148275,176.7945098876953,48544300
2019-10-03,176.77532004595,178.86938950686732,174.65244905012514,178.7349090576172,39392500
2019-10-04,179.7050548530904,181.62621214509613,179.5129420553432,181.36685180664062,31887600
2019-10-07,180.8481826477502,182.26023471776242,180.50237367841518,180.81936645507812,21216000
2019-10-08,179.6858680555262,180.45433402729094,177.9664384520291,178.1105194091797,32379300
2019-10-09,179.61866781434617,180.66569537936536,179.08073127623032,179.8491973876953,20147400
2019-10-10,179.8971999118697,181.96243850822913,179.7435037832028,181.24200439453125,25177700
2019-10-11,183.30725675614372,185.03630155205857,183.2015925003581,183.5762176513672,40976700
2019-10-14,183.31683164852305,184.14292989905076,183.13431935428463,183.55697631835938,14975000
2019-10-15,184.12371367096077,186.32344704815495,184.00844892010952,185.8911895751953,23234200
2019-10-16,185.25721760723974,185.90080360842163,184.84416112452988,185.43011474609375,20457100
2019-10-17,186.54439904030806,186.83257561023527,185.2091951016722,185.92002868652344,19045200
2019-10-18,185.583830601042,186.03530383242418,183.1919986489002,184.13336181640625,27700800
2019-10-21,185.11317078941153,185.89123737225174,184.56563376754846,185.766357421875,15801200
2019-10-22,186.49638329211362,186.75574369319727,184.2294165538483,184.2870635986328,22392300
2019-10-23,183.91240625296584,184.68085749509788,183.61461454078156,184.64244079589844,14828400
2019-10-24,185.95840090298907,186.55396958030144,185.1419179170002,186.43869018554688,18998500
2019-10-25,185.4781337400711,188.02367603556166,185.4397170420819,187.9276123046875,21507100
2019-10-28,188.8017455434875,190.03128510122104,188.8017455434875,189.7815399169922,18818700
2019-10-29,189.46456540215553,189.75272731271048,188.2830429398039,188.31185913085938,18569700
2019-10-30,188.67687409420128,189.5414037533814,187.5914154291581,189.2244110107422,21764300
2019-10-31,189.7719410189323,189.85838959119974,188.21580808904255,189.3108673095703,26801800
2019-11-01,190.127357525203,191.03991912386584,189.83919560696157,191.03030395507812,22131900
2019-11-04,192.29825581781458,192.624849064048,191.03028487511827,192.21180725097656,19015900
2019-11-05,192.4519853403292,192.644098185743,191.6835193014035,192.3175048828125,15048900
2019-11-06,192.0965213544105,192.11573703214864,190.95343037390643,191.88519287109375,19725500
2019-11-07,192.84577079990376,193.76793278323902,191.97165533935913,192.52877807617188,17832400
2019-11-08,192.18299626667957,193.31647214863364,191.6738760478869,193.29725646972656,15258800
2019-11-11,192.3174992076144,193.1147667596911,192.05813881246058,193.03793334960938,10147600
2019-11-12,193.20117514108932,194.23860176988032,192.90339812544178,193.59500122070312,14778300
2019-11-13,192.92267795088313,193.82562453315333,192.79781265099416,193.6431121826172,15774600
2019-11-14,192.91299575943972,193.61421401073278,192.32704224609463,193.4893341064453,16945400
2019-11-15,194.66129663876333,194.9110565185547,194.03692625382484,194.9110565185547,18427900
2019-11-18,194.60363944418737,195.37210535194558,193.81597251525457,195.06472778320312,18365900
2019-11-19,195.80437848065034,195.80437848065034,194.6036549842905,195.3529052734375,16923300
2019-11-20,194.8438167879864,195.42977049193894,192.71133049866881,194.18101501464844,36629000
2019-11-21,193.96967780809953,194.10417291645842,193.1435940780313,193.74874877929688,17883600
2019-11-22,194.2290208984305,194.34430031571728,192.8265841273138,193.8736114501953,17189600
2019-11-25,194.7092737651886,196.20777399351775,194.68045758058736,196.1693572998047,17752800
2019-11-26,196.29423068607204,196.7937209740842,196.00605419236328,196.54397583007812,14780600
2019-11-27,197.05313326352393,197.92726348402437,196.81298856496463,197.9176483154297,16963100
2019-11-29,197.41812021277715,197.71589723698838,196.91861523108324,197.01467895507812,9854600
2019-12-02,197.02427317275612,197.0915060515924,193.82554474179153,194.99745178222656,28007000
2019-12-03,192.3174926696207,193.54703239091126,191.37611486951567,193.47018432617188,31104100
2019-12-04,194.45956634011807,194.91103952948296,194.17138978093027,194.449951171875,15300100
2019-12-05,195.14157558948258,195.14157558948258,193.883219718044,194.83419799804688,14962300
2019-12-06,196.25585367364764,197.06273635362115,196.1021575468138,196.9186553955078,16555300
2019-12-09,196.56320548946195,197.48535274621793,195.93882059912676,196.02528381347656,13984100
2019-12-10,196.12132931794662,196.80334656728348,195.4201110500064,195.86196899414062,21799800
2019-12-11,196.30387518283317,197.1011573092682,195.99648294539233,196.89942932128906,18780800
2019-12-12,196.69771248227136,199.1471911980904,196.4287516079421,198.36911010742188,32612000
2019-12-13,198.26341254768153,199.7138955804634,197.84077028565378,199.02227783203125,32519400
2019-12-16,200.32869160892483,201.27005463461376,200.2614440641703,201.0203094482422,21296600
2019-12-17,201.27962474414335,201.4429359975188,200.79933546478537,201.1355438232422,15996100
2019-12-18,201.30852232220397,201.84644414825107,201.07797811506785,201.289306640625,15443300
2019-12-19,201.37573067955844,202.6148708308799,201.35651500032137,202.54763793945312,17865900
2019-12-20,203.5082166932895,204.14220219267574,202.94147874259667,203.3641357421875,27672600
2019-12-23,204.08418362127716,204.2285769321837,203.72800366167777,203.90127563476562,23774700
2019-12-24,204.0842168231319,204.1708528237704,203.54512878931834,204.0072021484375,7089000
2019-12-26,204.3344568397913,205.82658460704587,204.30557817950617,205.8073272705078,17067500
2019-12-27,206.52934692947355,206.54860426822833,205.08535499282314,205.6340789794922,18134100
2019-12-30,205.52814225812958,205.653292900045,203.27551883790716,204.28631591796875,21815500
2019-12-31,203.63174128155072,204.81581055405601,203.31406129350384,204.67141723632812,18170900
2020-01-02,206.3946193261451,208.0889129638672,205.99030325961107,208.0889129638672,30969400
2020-01-03,205.33566829598263,207.42464165672527,205.31641095610559,206.18280029296875,27518900
2020-01-06,204.5655048085431,207.5401243883885,204.31521818483327,207.51124572753906,21655300
2020-01-07,207.5883152224353,208.0696459491326,206.82781913743477,207.482421875,22139300
2020-01-08,207.45354561144848,209.99497129030985,207.12624423887158,209.04193115234375,26397300
2020-01-09,210.7650811571285,211.21753317284433,209.58101179361842,210.81321716308594,23547000
2020-01-10,211.64113162822005,211.6603742816483,209.89870201576824,210.27413940429688,21898500
2020-01-13,211.14050559485497,212.72889087103113,210.8035682627954,212.70001220703125,22756900
2020-01-14,212.59415098290106,212.95034570776983,211.5352322018764,211.86253356933594,24418100
2020-01-15,211.97799059898475,212.94065178670863,211.25599470819185,211.94911193847656,25742100
2020-01-16,213.0080640815941,214.0188613564895,212.55561210796517,213.9803466796875,18805000
2020-01-17,214.94303462571878,215.21257864059965,213.82634388461395,215.039306640625,24325200
2020-01-21,214.44242044664878,215.4820963868952,214.34616313252403,214.94300842285156,21146300
2020-01-22,216.03084696557093,216.7432069961825,215.24145757170203,215.51100158691406,20736400
2020-01-23,215.3858482568453,216.30037356977513,214.38467226174947,216.2041015625,26496100
2020-01-24,217.2149316375827,217.44597567645567,213.39316445938394,214.38470458984375,37436500
2020-01-27,209.5424841584409,211.09236944455108,209.07077483169581,209.95643615722656,42264400
2020-01-28,211.43896630179555,213.6723479800352,210.88062088223563,213.18138122558594,26731900
2020-01-29,214.36541898599006,214.60608431969396,212.584504330009,213.5279083251953,28924500
2020-01-30,212.1513273728753,214.3846942177357,211.48708864616913,214.28843688964844,39568100
2020-01-31,215.1836740824446,215.21255274563228,210.13932370267952,210.8902130126953,52015800
2020-02-03,211.92026298780607,214.56758162518346,211.7758696650221,214.07662963867188,25408600
2020-02-04,217.00310393852186,219.3519998115752,216.26185064011347,218.9765625,30691200
2020-02-05,221.6142792851392,221.6527792765561,218.37973651139174,219.69857788085938,38534800
2020-02-06,220.24728178839402,221.65277380971636,219.467528452275,221.5950164794922,22467100
2020-02-07,220.60346778448653,221.8356730775583,220.00660778790325,220.6419677734375,25884900
2020-02-10,219.91036970968705,223.3181845582399,219.85261237668485,223.30856323242188,21478900
2020-02-11,224.54076655472767,225.2820199291705,222.75983712872844,223.34706115722656,30198000
2020-02-12,224.66593696350986,225.62859842663016,224.1075915522143,225.522705078125,24471300
2020-02-13,223.9535149625509,226.15800278500447,223.68397098484598,225.23385620117188,22773200
2020-02-14,225.5900743676775,226.09066242063125,224.82957830659663,225.87887573242188,23438500
2020-02-18,224.78140014489773,226.3890426573386,224.5407348342501,225.96546936035156,24394500
2020-02-19,227.3132316427599,228.6031943398197,227.04368763707714,228.13148498535156,22230500
2020-02-20,227.630904772885,228.10259942404699,223.22191411457885,226.0136260986328,42604000
2020-02-21,224.887328370558,225.27238705173554,220.75751746209775,221.6720428466797,66017200
2020-02-24,213.40276152038396,215.87680824645918,212.0357841628467,213.12359619140625,84522600
2020-02-25,214.9141136044042,215.62648818279501,206.72187205360916,207.32833862304688,97743000
2020-02-26,208.61833429356105,212.0550274551949,206.8759050225816,208.39691162109375,79537700
2020-02-27,203.02524744261598,208.33914154282516,197.82688267850665,197.96165466308594,121822600
2020-02-28,191.22306338168502,199.43456409770943,190.7706113403432,198.11572265625,148173700
2020-03-02,201.08068262730416,208.48354984377673,198.25045625797992,208.33914184570312,112933900
2020-03-03,209.003389634755,211.41004281801688,199.86772886303666,201.6582794189453,131953500
2020-03-04,205.35494063774132,210.17786905149774,203.47773912232438,210.0719757080078,73086200
2020-03-05,204.74844753449452,208.2814129720825,202.2551581310623,203.68951416015625,78705500
2020-03-06,197.02790140158754,201.34062023865172,195.33362267357404,200.25282287597656,89828400
2020-03-09,186.25571076647086,193.64895744898524,184.9368694395479,186.3423614501953,116424000
2020-03-10,193.6008010919967,196.67169277449557,186.44822049487513,196.48878479003906,100599200
2020-03-11,191.9065206484735,193.2542404848296,185.53369336473233,187.93072509765625,89168800
2020-03-12,175.2909801794273,183.65650863431884,170.33328071109597,170.6990966796875,137820700
2020-03-13,180.08503502968375,187.21834325086076,171.47884168071033,185.1582489013672,134882000
2020-03-16,167.64744420772877,177.7842655957843,162.84377416044902,162.97854614257812,92054400
2020-03-17,168.9182069521346,177.50514538168073,163.4406609142412,175.3391571044922,121257100
2020-03-18,165.20234103601828,172.52819565780175,160.57194155911688,170.0060272216797,114156300
2020-03-19,169.12999917498365,176.6387617191053,165.22159588399728,171.0264434814453,120896500
2020-03-20,174.9540837622137,176.04188112854132,163.7487059331409,164.3262939453125,118983900
2020-03-23,164.8887365225988,168.0626503883391,159.1101006221059,164.44497680664062,124639800
2020-03-24,173.5614805023816,177.34315284922098,171.67063696878748,177.1791534423828,94881800
2020-03-25,177.91234353116005,182.8227284461927,173.62901608577633,175.86715698242188,88754900
2020-03-26,177.38171531049974,185.91942839495096,177.1308953136619,185.12835693359375,79887600
2020-03-27,180.33371723814128,183.78739007400978,178.14383025924863,178.76124572753906,58845000
2020-03-30,180.45919214687584,185.6975908318579,179.76459768344893,185.26345825195312,49356900
2020-03-31,184.95473284972996,188.36016773929651,182.5236525554176,183.68130493164062,62659300
2020-04-01,178.25000066836228,181.0380202669156,174.47796982315774,175.87680053710938,53715400
2020-04-02,174.84452869655937,183.39188349691315,174.58405215532315,179.44619750976562,56465300
2020-04-03,179.00246512870046,180.46883272396678,174.89277913043884,176.89938354492188,47487600
2020-04-06,183.75846176110826,190.6754497068659,182.513988917456,189.54673767089844,64763500
2020-04-07,195.2289258635497,195.50870082071944,189.08370999909098,189.46958923339844,69904500
2020-04-08,191.15784412216092,194.07128103230755,189.24771681302164,193.49246215820312,45940400
2020-04-09,195.20962881995843,196.04892419321612,192.0067754575091,193.77220153808594,68252600
2020-04-13,192.9425526091154,196.24186849228946,191.73666165530844,195.86563110351562,42853900
2020-04-14,199.9174236171041,205.0014640471716,199.13600862705067,204.38404846191406,63959600
2020-04-15,201.12330551508464,204.35509904368442,199.81129561551657,202.03977966308594,47036000
2020-04-16,204.220041332607,206.80546439797175,202.29061586161308,205.72499084472656,64657400
2020-04-17,208.5420063452604,208.87000523064845,204.596333728925,207.69305419921875,62863200
2020-04-20,205.8311036176268,208.2621837593495,205.06898705655595,205.2329864501953,38249100
2020-04-21,203.168520189689,203.70875699876774,196.44447084168215,197.66000366210938,72932800
2020-04-22,201.72144351385245,204.856759976232,200.97861056876033,203.52545166015625,40089100
2020-04-23,204.3165290973986,206.8730269955325,202.68617673743162,203.0913543701172,43278500
2020-04-24,203.52543821449993,206.73793325170422,202.10730937680577,206.29415893554688,34231900
2020-04-27,208.56128029584335,208.98575631914073,206.93091317015575,207.95350646972656,36451700
2020-04-28,209.65142537562298,209.65142537562298,203.75702866186316,204.0367889404297,46862800
2020-04-29,208.56123915953842,212.2078519562859,207.54828788925357,211.27207946777344,48716400
2020-04-30,212.18859766516618,212.27541829256774,209.68035297801296,211.185302734375,43359500
2020-05-01,206.93087551406245,209.02430032042034,204.21037861636245,205.2329864501953,48795000
2020-05-04,203.99820346691345,207.84739865191318,203.6701898819407,207.62551879882812,32841000
2020-05-05,209.76719311871872,212.37191522551913,209.1980159923388,209.97943115234375,37783100
2020-05-06,211.65795865628792,213.24008688175323,210.41348576103337,211.27207946777344,36455200
2020-05-07,213.9925537109375,214.87043098009306,212.6419472531631,213.9925537109375,38624800
2020-05-08,215.66150654823375,217.0603368863208,214.62925699149707,216.92527770996094,31852300
2020-05-11,215.60363069002562,219.88694239641296,215.37209435981015,218.86434936523438,35714100
2020-05-12,219.4625309394779,220.05100636516602,214.25307273166106,214.28201293945312,41054100
2020-05-13,214.80296664173116,216.6841537545293,209.06292813022924,211.60011291503906,65521200
2020-05-14,210.2784360370854,214.04080981565204,208.36830894337834,214.00222778320312,51549300
2020-05-15,211.0598977932938,215.4493446550791,210.62577991033731,215.39146423339844,55747200
2020-05-18,218.29521869842316,220.61052360974645,217.51380365886027,219.40463256835938,42398100
2020-05-19,219.66509150995978,221.73923276674577,218.7100353029218,218.854736328125,36237300
2020-05-20,221.40159264724065,223.58183832561753,221.38229426910294,223.2248992919922,37417000
2020-05-21,223.27314230969628,223.94843835442734,220.282526614009,220.7938232421875,43642900
2020-05-22,220.3886146113909,221.75850488665964,219.47214048530205,221.55592346191406,28762400
2020-05-26,225.12534464540408,225.32794077890404,220.71660076810772,220.95777893066406,33055300
2020-05-27,220.62016469647847,222.27947183075904,216.03777906037365,222.1636962890625,55665600
2020-05-28,221.02534613678586,225.2314944563368,220.96746572510492,221.87429809570312,42784300
2020-05-29,222.25051129563715,225.35688729401372,220.68766674865412,225.12535095214844,50691800
2020-06-01,224.2571276442303,226.1768965554922,223.8133533115732,225.8006591796875,25776000
2020-06-02,226.2251773187427,227.37318803651186,223.82303687432616,227.3153076171875,33383400
2020-06-03,227.92302597587337,229.0903348647583,227.04514857254634,228.33786010742188,37228700
2020-06-04,227.99061047676122,229.39908312329413,225.43411235803438,226.73648071289062,38716100
2020-06-05,227.88445534473067,231.82048527560306,227.31527833422862,231.2320098876953,47365600
2020-06-08,231.08733053874474,233.15181563588544,229.51485846068348,233.0264129638672,32937300
2020-06-09,232.16778889183445,235.5635673917598,231.98449110228037,234.71463012695312,35046300
2020-06-10,236.4028886753113,239.0751474122941,235.88193548886338,237.53160095214844,58084400
2020-06-11,233.61492521210798,234.9944578638857,225.70428082478773,225.7621612548828,72919400
2020-06-12,230.6531927971664,231.91696428101858,223.56256215041086,227.5564727783203,72034800
2020-06-15,224.23788923250598,231.0005219774467,223.30211645674098,230.32522583007812,45307400
2020-06-16,235.1776934477975,235.76616886523365,230.66284445134943,234.280517578125,48890100
2020-06-17,235.77579019701227,236.83698011008477,234.16472167105553,235.0233154296875,34749300
2020-06-18,234.7049632384603,235.90121237208692,233.93320479906112,235.6600341796875,30578600
2020-06-19,238.02352375848557,238.28400026914042,233.89455521485036,235.62139892578125,49422100
2020-06-22,235.48999197391447,238.5727795309669,235.20008666743954,238.44715881347656,24068700
2020-06-23,240.04168980734076,242.7089217688039,239.490854995558,240.4765625,32767400
2020-06-24,239.7228329340741,240.95015303819852,234.02113469542562,235.51904296875,46032400
2020-06-25,235.60595537163584,238.0605802171073,233.035353664259,237.76100158691406,36940800
2020-06-26,237.51944510452128,237.69340305450055,231.62445742433064,232.1463165283203,52824600
2020-06-29,231.90471730298324,234.68792651572807,229.37277904446836,234.67825317382812,34377800
2020-06-30,234.61062198655384,239.8194661067416,234.42700543519746,239.27828979492188,38909200
2020-07-01,239.31694810806633,243.06654804946376,238.775771775483,242.0711669921875,34689200
2020-07-02,244.5160644147247,245.7240522234249,243.2500955505581,243.71395874023438,31956500
2020-07-06,246.8644376699774,250.22747230938248,246.84510573209892,249.7056427001953,34589000
2020-07-07,249.45437549713066,252.11194927639178,247.68586443037847,247.98544311523438,36578200
2020-07-08,249.30942154293714,251.2808368476071,247.87915304473862,251.25184631347656,30426300
2020-07-09,253.16527612713887,254.0350215264384,248.97114563069627,253.3682098388672,40312900
2020-07-10,253.22325340550458,255.34932389816413,250.54636284638087,255.09805297851562,32885300
2020-07-13,257.9392532326297,260.7224621741702,249.02913297845316,249.85057067871094,64108100
2020-07-14,247.32836357837175,252.0250376934772,244.26490684368216,251.619140625,72230500
2020-07-15,253.02996149477661,253.86107249585933,248.83583109496908,252.1312255859375,54523900
2020-07-16,249.34802126172846,251.0488776726504,247.0286903780391,250.4110565185547,47594100
2020-07-17,250.86527387658973,251.56107612618052,248.5266256848358,250.7010040283203,35137900
2020-07-20,251.3388016882477,258.44177701059385,250.09217930922563,257.8136291503906,40610100
2020-07-21,259.3791251644478,259.3887985039037,254.2862594003761,255.12701416015625,43243800
2020-07-22,255.61991992355135,256.9535433200769,253.72577361074173,256.0257873535156,29865500
2020-07-23,255.6199629915737,256.3254091883803,247.9274733052082,249.3384246826172,51363500
2020-07-24,245.5018464097939,248.29471448188025,242.87327770602093,246.97076416015625,54054500
2020-07-27,248.61363965426872,251.7640527588655,247.8308656765466,251.37750244140625,36445700
2020-07-28,250.59467147831046,251.11653050875375,247.88879037951583,248.17869567871094,31302400
2020-07-29,249.71526500343768,251.89931667086722,249.24174316088272,251.03921508789062,27556900
2020-07-30,249.0774231371317,252.91399375624596,247.92741633623584,252.35350036621094,41774500
2020-07-31,256.97289573249157,257.01155960937103,252.08296226957665,256.85693359375,53686300
2020-08-03,258.9925488079588,261.0702816406903,258.8669133752831,260.326171875,32081600
2020-08-04,259.8237008188815,261.3892779920553,259.079590850786,261.2926330566406,24911300
2020-08-05,261.77582414920806,262.3942986407845,260.88673204594375,261.9400939941406,21612100
2020-08-06,261.7468267378474,265.7380235188245,261.1090055811203,265.4094543457031,28048200
2020-08-07,264.86827313898436,265.64140316954297,260.2006203903107,262.34600830078125,44969400
2020-08-10,262.6359892995956,262.83895258028537,257.7074203347969,261.2250671386719,35088400
2020-08-11,260.06527192475147,261.3505875018859,255.7358623812855,256.27703857421875,43104300
2020-08-12,258.43212379478376,263.6699430456665,258.38378658150805,262.7228698730469,38773400
2020-08-13,263.4960257238545,265.5930765015088,262.38468259592787,263.32208251953125,31895700
2020-08-14,263.94051329295877,264.2111013965405,261.62118247770206,263.0127868652344,30799500
2020-08-17,264.72329265771594,266.5691017036072,263.05145628285396,266.06658935546875,24803000
2020-08-18,267.1296700261357,269.1010853753625,265.67041096082534,268.6275634765625,23529500
2020-08-19,268.5889470057557,269.6423092780877,266.30827922167595,266.8204650878906,31999400
2020-08-20,266.0279578546199,271.0048626981277,265.6220608953523,270.52166748046875,27723400
2020-08-21,270.71500467864485,272.8507196562372,270.0675099973816,272.3965148925781,34748900
2020-08-24,275.6628990160091,276.3876919143859,271.81665408487225,274.09735107421875,36418500
2020-08-25,273.32418807597753,276.445639733258,272.87965674284396,276.2523498535156,34866600
2020-08-26,277.4990333194689,282.3986403586406,276.2233907485783,282.1473693847656,42216700
2020-08-27,283.1235499552719,283.9739786864107,279.0067151849458,281.26806640625,49482700
2020-08-28,282.5048302831049,283.3262678401238,281.151889920191,282.6981201171875,28021000
2020-08-31,283.2201041479217,286.7764145271866,282.78521657513016,284.9692687988281,36321000
2020-09-01,287.6171279661076,289.9558058881011,285.8486463762724,289.83984375,36216200
2020-09-02,293.08683237877307,293.29943941238844,286.91161404785015,292.5843200683594,50836800
2020-09-03,288.0809906262113,288.58350302844633,274.8511033929113,277.7502746582031,110083300
2020-09-04,275.9624750809595,279.21920642113605,262.66493206189256,274.04901123046875,123959000
2020-09-08,263.0707705753225,268.86911241785384,260.59681374852715,260.8770751953125,99568600
2020-09-09,266.3758831646691,270.6376391822243,263.82459816912103,268.54058837890625,64837900
2020-09-10,271.4976997377912,272.71536098233287,261.46656346506194,263.1867370605469,69667500
2020-09-11,264.935948179579,265.9699930867914,257.9296170941688,261.3603210449219,71809000
2020-09-14,265.1388572857662,267.9027491790809,263.7859166175224,265.9119873046875,38525200
2020-09-15,269.6519481845029,271.02423571240985,265.88303101898157,269.6809387207031,41849900
2020-09-16,270.47342130961704,270.93726994931876,265.03263720186436,265.3805236816406,42321000
2020-09-17,258.557729481427,265.1775093575876,257.71697458543355,261.2346496582031,81570800
2020-09-18,262.65525804629056,262.9451633728137,253.80311834308048,257.9006042480469,86251100
2020-09-21,253.64848815537488,258.6543833234212,251.36779148738935,258.51910400390625,57168600
2020-09-22,260.9157502254752,263.9018932006086,257.58172084169547,263.32208251953125,41128900
2020-09-23,263.00307950948144,263.1866960015809,254.40221287385216,255.28163146972656,48837300
2020-09-24,252.60489592882263,259.6692100534921,252.44059652252318,256.470458984375,70631700
2020-09-25,256.9729431203814,263.2448090463775,255.41703882695245,262.43304443359375,55242400
2020-09-28,267.2843578451465,267.883544921875,262.539404910419,267.883544921875,58438300
2020-09-29,267.3229106161718,268.3762726245199,266.1149226031265,266.6754455566406,27050000
2020-09-30,266.8687506981192,271.64272248563236,266.5981625174946,268.501953125,49380800
2020-10-01,272.3192015146066,273.3725636757455,270.4347281441541,272.76373291015625,50020200
2020-10-02,266.74303425647565,272.753982972973,264.2497603124896,265.09051513671875,75497400
2020-10-05,267.05233884736725,271.06285339808517,266.94605005181484,270.74395751953125,28184600
2020-10-06,270.0578103987121,271.73932026553695,265.0325684973553,265.9119873046875,49704200
2020-10-07,268.5502222233586,271.3044110627918,267.9607087878912,270.5119934082031,27539700
2020-10-08,272.9086212791073,272.97627567976207,270.88886904334345,271.951904296875,25443300
2020-10-09,273.5947401934564,276.1846885783184,273.2081899767563,276.10736083984375,30201100
2020-10-12,280.78479700185056,287.462560061782,279.74110805606267,284.63104248046875,79370700
2020-10-13,286.4284823046044,287.0662740546878,283.25869328680324,284.6213073730469,64240000
2020-10-14,285.42335910272357,286.389749328572,280.50443639218156,282.2439270019531,36949100
2020-10-15,277.54738775322204,280.9393986514012,276.9095664282217,280.34991455078125,42514200
2020-10-16,281.99272738717144,283.4133225579384,278.4654080695763,278.8133239746094,40570700
2020-10-19,280.7267823574281,281.6835290595731,273.2855927930398,274.2616271972656,36756800
2020-10-20,274.9960268682495,277.95317888560766,273.44015261046803,274.85107421875,32195400
2020-10-21,275.1023056380587,277.66323371780777,274.1552326441624,274.638427734375,29306100
2020-10-22,275.4695696201437,276.36833509912185,271.38175713416496,274.6288146972656,32196200
2020-10-23,275.1990344829979,275.33434332012973,272.3095360900542,275.1700439453125,24658500
2020-10-26,272.88926582815265,275.71110865981484,267.45815769383717,271.04345703125,38421100
2020-10-27,272.03892610645653,273.981380451409,270.78263025156946,273.1599426269531,30559100
2020-10-28,268.66621736451685,269.27504806427874,262.25904398800714,262.51031494140625,53413500
2020-10-29,263.82462976777094,270.09649522850515,263.3607516697765,267.1007080078125,43246300
2020-10-30,265.1194585504343,265.98920374880026,258.09381308604344,260.326171875,65838300
2020-11-02,262.7132427871416,264.3270982805242,257.9972527970859,260.9060974121094,39987400
2020-11-03,262.81950555662746,267.5161778902707,261.73715310709935,265.4190979003906,43604100
2020-11-04,274.05866644513554,279.0645619395194,272.39647367770004,277.26708984375,75728200
2020-11-05,283.6645554752687,285.46205684443345,282.1859794339378,284.49566650390625,52054200
2020-11-06,283.8385065209368,285.4330447285974,280.08890717712325,284.708251953125,40959800
2020-11-09,287.6460889111584,289.0860306228483,278.4363898269844,278.8905944824219,86537100
2020-11-10,275.58556185295663,277.0254741037576,271.18846786161714,273.8943786621094,69024900
2020-11-11,276.41665433779593,280.4948231442373,273.8557255890356,280.02130126953125,36102900
2020-11-12,280.9877590717852,282.2537284830377,277.59571840168735,278.7070617675781,34414600
2020-11-13,280.4174495092442,281.77038985322787,278.19473441594687,281.1518859863281,24806900
2020-11-16,280.85236889928893,283.6452512673449,280.24353823818916,283.3456726074219,30168400
2020-11-17,283.53907841552814,283.8676477758403,281.8092304818498,282.4470520019531,21843500
2020-11-18,281.89605303204337,283.5099082644864,280.27249496762283,280.3594665527344,28069600
2020-11-19,279.80864730820457,282.8624441034292,279.1418356618987,282.5531921386719,22718400
2020-11-20,282.47590595859106,283.2200454515072,280.53348128270585,280.6204528808594,25907300
2020-11-23,281.6158039352227,282.91076341232724,278.38806383702627,280.6300964355469,26875600
2020-11-24,281.69323450433745,285.06595832691005,279.8957618384972,284.5730895996094,24516800
2020-11-25,285.63595374665897,286.95990357996146,284.6888807493133,286.32208251953125,23326800
2020-11-27,288.283872695252,290.08137389339794,287.8876491543065,288.9603576660156,17163100
2020-11-30,289.279338588268,289.88816934271773,284.87260011745866,289.5499267578125,27836200
2020-12-01,291.8208606911067,294.88433071509655,290.71916166616165,293.2607727050781,27521300
2020-12-02,292.09152566494623,293.975998917608,290.2553896319331,293.63775634765625,23620000
2020-12-03,293.94696439192273,295.59948362513694,293.3284604146421,294.0532531738281,22828700
2020-12-04,294.10151917145936,295.39650800368975,293.4250637206539,295.25152587890625,19332100
2020-12-07,295.43518201800396,297.2906644436841,295.2515654944041,296.9234313964844,20851000
2020-12-08,296.44989085252814,298.22804542343675,294.700726810258,297.928466796875,18341500
2020-12-09,297.7159455804409,297.9961776074339,290.1201004766501,291.1831359863281,48839300
2020-12-10,289.15363690227525,293.47340277519385,288.07128447188796,292.3523864746094,27519500
2020-12-11,290.6998713412504,291.8305609980783,288.4385215194869,291.7049255371094,26760400
2020-12-14,292.8935940648919,295.7637747777363,292.8259691496675,293.82135009765625,28804800
2020-12-15,296.0730050747491,296.96209716796875,293.8889534591497,296.96209716796875,25709000
2020-12-16,297.3582975144847,299.378049637304,296.31457950869407,298.59527587890625,25461900
2020-12-17,300.18986457531184,300.77934858265223,298.9915498771804,300.54742431640625,23730500
2020-12-18,301.1852381196582,301.49449012829695,297.2713392718179,299.6390075683594,41173400
2020-12-21,296.6968099330535,299.6109270127023,293.92793779990836,299.0784606933594,37095500
2020-12-22,299.97876130205765,300.8113491200919,297.0743357213606,299.8916320800781,26176300
2020-12-23,299.9400726222767,300.2982804373687,298.2264719073709,298.3813781738281,21201300
2020-12-24,298.64281817335035,300.1434267278117,298.5653797992365,299.6980895996094,16785000
2020-12-28,302.3023034925782,303.19300702643955,300.47250114875953,302.7185974121094,22497700
2020-12-29,304.04507869462043,304.66470395083337,302.08944187724535,302.98980712890625,25871900
2020-12-30,304.1514809415962,304.47095478764754,302.3797646138136,302.9993896484375,18138100
2020-12-31,302.9025637695061,304.22891349886373,301.8279403988344,303.7448425292969,21611400
2021-01-04,305.071236411445,305.2455244401776,295.4575926553533,299.4560241699219,45305900
2021-01-05,298.4685294069981,302.19588231521544,298.4685294069981,301.9247741699219,29323400
2021-01-06,297.21965709452303,301.9441957847156,296.2321626812209,297.7424621582031,52809600
2021-01-07,300.39509438060014,305.77796146175444,300.36605130282,304.94537353515625,30394800
2021-01-08,307.2302010628528,309.21491003430316,305.042190529325,308.8663635253906,33955800
2021-01-11,305.9135586254156,307.08500232140716,303.7545910550558,304.40325927734375,32746400
2021-01-12,304.44190378881314,305.52621802584207,301.2857811800355,303.91912841796875,29266800
2021-01-13,304.18061064680813,306.76553386434216,303.5803671894139,305.9716796875,22898400
2021-01-14,306.41694864804754,307.4141337446142,303.861039539168,304.33544921875,23500100
2021-01-15,304.12247559532705,305.08092679773813,300.68555349227927,301.9247741699219,35118700
2021-01-19,304.23864358090657,306.83325722127717,303.14463832144224,306.329833984375,24537000
2021-01-20,309.94105200190813,314.3944823981497,306.4266911576804,313.45538330078125,30728100
2021-01-21,314.7913859659749,316.70831788759295,313.41664078151587,315.96282958984375,25130600
2021-01-22,314.9269322177987,316.0596418583159,314.36539328964204,315.05279541015625,21609400
2021-01-25,318.4316971181029,319.7967813480416,311.17062964738153,317.65716552734375,39080600
2021-01-26,318.3736136693543,319.2546267421256,316.79553693160796,318.12188720703125,25498100
2021-01-27,315.8660588444002,315.8757201748006,307.2495703041456,309.2536315917969,55264000
2021-01-28,310.4541181298361,316.02093480896673,309.83449304813007,311.0834045410156,42836300
2021-01-29,309.39881972207684,310.5025158279426,302.79611347273107,304.53875732421875,55259000
2021-02-01,307.97565699810855,313.2326908464539,305.9522436350412,312.14837646484375,35646000
2021-02-02,315.11082825746934,318.3928138516619,314.9462311386911,317.24072265625,33930800
2021-02-03,319.3126501199401,319.6805488631782,315.92415260432034,315.98223876953125,24824500
2021-02-04,317.3763509400177,319.8063675249799,316.0596623178328,319.71923828125,22350900
2021-02-05,320.66806432122735,321.8104650393647,319.0319016209477,320.8035888671875,22732000
2021-02-08,322.4881000643742,323.107695569179,320.85193775141437,322.9527893066406,20462800
2021-02-09,322.02334930555594,324.14358239894085,322.013658432188,322.885009765625,17597500
2021-02-10,324.31792089699087,324.7729488774115,319.00283008692946,322.1492919921875,28068700
2021-02-11,323.6789239561336,324.32759214036884,321.5393382627716,323.92095947265625,22046100
2021-02-12,323.07871567261896,325.89601293620257,322.03313512769773,325.7314453125,20346800
2021-02-16,326.52520837690645,327.41591192595047,323.68855969731254,324.850341796875,27080800
2021-02-17,321.87817742268214,324.96655281909017,319.6514626027675,323.2916564941406,31360300
2021-02-18,319.7096058137298,323.2336280192509,317.8991551016132,321.87823486328125,32236200
2021-02-19,323.22388506357134,323.3497482551594,319.45782791752555,320.474365234375,39157700
2021-02-22,316.0983480624215,317.3569207848066,311.96439255410183,312.1676940917969,47256900
2021-02-23,306.9009345414679,312.90342520552593,301.0920840454149,311.23822021484375,97241900
2021-02-24,308.5856241112255,314.1137371441251,305.8941900752673,313.8039245605469,58206300
2021-02-25,311.151152767555,313.70703212959273,301.3244884248278,302.86383056640625,110182600
2021-02-26,305.78771702281585,308.9438404755262,300.9760491503722,304.1322021484375,104739800
2021-03-01,309.0987465751583,313.6199836054889,307.81113046153894,313.2811279296875,49164500
2021-03-02,313.9201074901199,313.99754586595145,308.0047728460935,308.2564697265625,48370000
2021-03-03,307.16234599468015,308.10144474617294,299.25264383463156,299.31072998046875,86301100
2021-03-04,298.9428847614246,302.0990371273131,290.5490806444042,294.4119873046875,139131600
2021-03-05,297.0260182885546,299.746495535747,287.9739122589407,298.84613037109375,121523700
2021-03-08,298.3039161618704,300.18211405491843,289.96822750430505,290.384521484375,88409800
2021-03-09,297.6746473469426,303.7352262391033,297.14218101960296,301.837646484375,80391100
2021-03-10,306.0877711249526,306.3878927743234,300.2886101347486,300.9759826660156,76798100
2021-03-11,305.7101663433619,309.66986328829904,304.81949231390325,307.9078674316406,53484800
2021-03-12,303.86106196290876,308.0918677112033,301.46977936589934,305.41009521484375,69315600
2021-03-15,305.7295988118373,308.837326647409,304.0934363164408,308.6727294921875,42955700
2021-03-16,310.8607663565972,313.8717038740802,308.93417288948405,310.36700439453125,54925900
2021-03-17,307.3367134727356,313.53281684257354,305.6230830912627,311.6449279785156,78258700
2021-03-18,306.7752042507634,307.75303729560653,301.6440625750953,302.0990905761719,82718100
2021-03-19,301.93444221012976,304.7033437065261,299.7948566529253,303.16400146484375,78446200
2021-03-22,305.553499993313,310.91408667450554,305.553499993313,308.8493347167969,56194800
2021-03-23,309.9350378767081,311.25335988892084,306.68765967352556,307.5019226074219,53455400
2021-03-24,308.8687114227675,308.9074942979724,302.17039709475154,302.3157958984375,64803700
2021-03-25,300.4739451939925,303.30450283245915,297.9729975511133,301.7922668457031,78729000
2021-03-26,301.57915699601034,306.6392439163284,300.1832984915162,306.3193664550781,63519600
2021-03-29,305.78615611278667,307.2789566937248,302.8974381878525,306.2320556640625,54608000
2021-03-30,304.27397607290493,305.2627176647272,301.9959625409575,304.6907958984375,44635700
2021-03-31,306.4744393806723,310.91411802707773,306.1351557169822,309.35345458984375,55032500
2021-04-01,313.1726619288036,314.7624046599102,312.92061763938574,314.626708984375,55685600
2021-04-05,317.1083398561629,321.6740401855826,316.86599863468905,320.9082336425781,42172500
2021-04-06,320.59809395273015,322.6337367666103,319.90982350996234,320.6853332519531,33537200
2021-04-07,320.2102959020985,322.2944541130064,319.2797138768823,321.4607849121094,32046400
2021-04-08,324.31076017304844,324.9990010571739,323.5158737532568,324.8148193359375,29940800
2021-04-09,323.457738624112,326.98624177858864,322.72104126625345,326.78265380859375,36664900
2021-04-12,325.74537450902636,326.7728988898223,324.4755089142188,326.3560791015625,25833000
2021-04-13,327.87793315422925,330.6309255747527,327.6646717196911,330.1656494140625,30374000
2021-04-14,330.40799793322714,330.5340200904296,325.3866953700291,326.2009582519531,42564300
2021-04-15,329.07037992521913,331.5325756240589,325.9199432712844,331.1448059082031,36342800
2021-04-16,331.66819692465873,331.7457626834928,329.6616044678657,331.5325012207031,40860100
2021-04-19,329.9621023825836,331.115619292203,326.5789990742722,328.49835205078125,34533100
2021-04-20,327.8392364774025,329.1187757229305,324.1362552848905,326.10406494140625,38081800
2021-04-21,324.8245290060444,329.08005574838984,323.7388448901191,328.8958740234375,36598100
2021-04-22,328.50811147791865,329.4871499891358,323.77760565372427,324.93115234375,45936100
2021-04-23,325.5612107593178,330.3304695475756,325.5612107593178,329.0218505859375,36381900
2021-04-26,329.2642373680509,331.4453087160983,328.5178073515859,331.1641845703125,30812000
2021-04-27,331.4548993148628,331.6681607543951,328.7794725802449,329.72943115234375,33187200
2021-04-28,329.3998682226513,330.4080159525857,327.9651975909243,328.61468505859375,33615700
2021-04-29,331.88143070521437,332.29825048050515,326.57900392431367,329.79730224609375,37708900
2021-04-30,327.35449511543897,329.8360665634626,326.7243843479342,327.6355895996094,38263400
2021-05-03,328.8376242784692,329.5840245077419,325.4448475555954,325.8907470703125,29729700
2021-05-04,323.34127257185094,323.66117947490153,316.2164364274804,320.02606201171875,65147000
2021-05-05,322.0714596460376,322.93420853069864,318.17462374116377,318.9501037597656,46219300
2021-05-06,318.6883728457284,321.50922789045813,316.449142582441,321.3541259765625,46814300
2021-05-07,324.12650640824586,326.33665698916013,321.52861582031727,323.96173095703125,53324500
2021-05-10,322.5852033976276,322.7596819544518,315.5766855385403,315.7802734375,60700500
2021-05-11,309.90599292569743,316.13900258664955,309.2468022628767,315.3441162109375,71963600
2021-05-12,310.4197123587213,312.7364789358394,306.31928844902643,307.1820373535156,91164900
2021-05-13,310.1192245133992,312.52323047581723,307.19172365150604,309.5569763183594,69877800
2021-05-14,312.7170903364963,317.30216690670983,312.2130017076869,316.3909912109375,44370000
2021-05-17,314.68488007831405,316.37156525838355,311.6023073069235,314.47161865234375,39395000
2021-05-18,315.4217162247337,316.64309610406366,312.07739488004273,312.34881591796875,36528500
2021-05-19,306.9590411530746,313.0078676452013,306.61005446478663,312.7073669433594,66319100
2021-05-20,314.190555577994,319.6093019729697,313.9676205775707,318.7562561035156,46466100
2021-05-21,320.3071847296511,320.7240044690414,316.63331365549334,316.9919738769531,50330400
2021-05-24,319.2797272359701,323.4480142495234,316.8853946382542,322.32354736328125,32475800
2021-05-25,323.83568579264556,324.55300623379526,321.5964556098517,322.7693786621094,31280300
2021-05-26,323.4383486556551,324.35922771073353,322.75010774793566,323.8939514160156,25444900
2021-05-27,323.4479353091286,324.2912778723172,322.4785706006059,322.68212890625,27931700
2021-05-28,323.8841633687067,325.2897541666594,323.38010432071417,323.6999816894531,29927400
2021-06-01,325.0279678945049,325.50297670760335,321.27653128700416,322.62396240234375,31145400
2021-06-02,323.04082791067566,324.09743201993837,321.5383242650881,323.25408935546875,22047900
2021-06-03,320.4235502295139,321.6934158595787,318.22310259495436,319.8904113769531,37057800
2021-06-04,321.68378984335567,325.76480832028534,321.6159271916839,325.31890869140625,38736500
2021-06-07,324.78567477026974,326.346367531055,324.09743402345566,326.2882080078125,32611900
2021-06-08,328.0330718893326,328.8958208385621,324.76631695292076,326.4433288574219,27282800
2021-06-09,327.81011528704465,328.5855953125596,326.3366618228329,326.5208435058594,21485300
2021-06-10,326.8601130664696,330.0299252524659,326.4142135500906,329.9233093261719,33702100
2021-06-11,329.933056363857,330.7958054113523,329.28359838179995,330.7861022949219,21222800
2021-06-14,331.2125829407871,333.9655756321318,330.0299566115849,333.9559020996094,27827700
2021-06-15,333.606894906958,333.9170987473574,331.05746071225883,331.7748107910156,35963800
2021-06-16,332.2401232480019,333.3064305766439,327.11220412020464,330.5631408691406,55399500
2021-06-17,329.55501284677644,335.7686459074269,329.50655643093137,334.760498046875,59722700
2021-06-18,333.1028181318173,334.24666145193623,331.38702356897403,332.1334533691406,55414900
2021-06-21,332.32465556437614,334.51797093685457,330.11194106733024,334.19769287109375,32992600
2021-06-22,333.99390169448657,337.75940508657436,333.69305236731316,337.31298828125,28941600
2021-06-23,337.2548032042632,338.6231969029158,336.643390103058,337.4779968261719,27188500
2021-06-24,339.4092628223047,341.0881905012289,338.86579113679346,339.5645446777344,32581600
2021-06-25,340.1274205664771,340.3700429160233,338.5455181087182,339.147216796875,28682800
2021-06-28,340.428293046505,343.4077028094933,340.37006604801564,343.2718200683594,39130300
2021-06-29,343.0970406149218,344.54306002409317,342.2624341314209,344.5139465332031,29426000
2021-06-30,344.35870982124544,344.74692923994303,343.3882205084683,343.97052001953125,32724000
2021-07-01,343.6211396469897,344.6110280307985,342.27214535845417,344.10638427734375,29290000
2021-07-02,345.99884268911813,348.3765533766794,345.76593472908996,348.0563049316406,32727200
2021-07-06,348.65802936372256,349.84202760975387,345.9697547859461,349.5605773925781,38842400
2021-07-07,351.7538295326983,352.0546788214517,348.3474028940629,350.298095703125,35265200
2021-07-08,345.2418224398353,349.0364388088404,343.9607991902347,348.1824035644531,50890000
2021-07-09,347.60019796286946,350.83191460116575,347.0178984052795,350.35638427734375,35184500
2021-07-12,351.7538449384998,352.18086258323524,350.18162745543833,351.7247314453125,25717700
2021-07-13,351.3462264168953,354.68471184829133,350.87069615584164,351.7247314453125,39723000
2021-07-14,354.0636320114519,354.70415856449887,351.53066891334356,352.3555908203125,35336400
2021-07-15,352.2681619352426,352.4719563637608,347.8815320272811,349.8807373046875,53391600
2021-07-16,350.7348755909981,351.7150793969607,346.69763599075077,347.0470275878906,47262000
2021-07-19,343.6017019715255,344.69835954632407,341.65103874777697,344.20343017578125,64404600
2021-07-20,345.1350634556446,349.64783210985405,343.3590517137888,348.2018127441406,42183700
2021-07-21,347.7748741118687,350.89013671875,347.5516508930821,350.89013671875,30259900
2021-07-22,351.0939662003704,353.21934051690266,351.0939662003704,353.20965576171875,30252200
2021-07-23,354.5294695016737,357.6156185912099,353.18050467776334,357.3341979980469,31960800
2021-07-26,356.64508082972117,358.0037894573996,355.78136080816336,357.6155700683594,28438100
2021-07-27,357.3535470119616,357.3535470119616,349.53140615344574,353.6753845214844,57933100
2021-07-28,354.8109250486839,356.6063363341756,352.52055469944963,355.03411865234375,42066200
2021-07-29,354.47114370216485,356.8294251066058,354.47114370216485,355.66485595703125,25672500
2021-07-30,351.74416275803367,354.3936093484703,351.71504926218205,353.8113098144531,36484600
2021-08-02,355.4707772705137,356.0530767045384,353.1318947821172,353.8403625488281,27334100
2021-08-03,354.50032105152934,356.1016224312695,351.31711741542796,355.98516845703125,35558500
2021-08-04,355.9463866876559,357.45066302831987,354.84004417214123,356.49957275390625,29602200
2021-08-05,357.31475398314,358.9937111841423,356.6063157279587,358.76080322265625,21443900
2021-08-06,357.49925396975704,358.46974358266925,356.0823474276631,357.1886901855469,33332100
2021-08-09,357.64471717626753,358.3725841736592,356.5480891117972,357.8485412597656,25960200
2021-08-10,358.3628485855555,358.65398349642066,354.83025370983324,356.0142517089844,35130800
2021-08-11,357.27592932393196,357.77085870550394,354.073297005322,355.4028625488281,34249800
2021-08-12,354.89823269441365,357.04300574382904,353.5492383580731,356.6839294433594,25969200
2021-08-13,357.0332432757138,358.26575375009867,356.5382843655151,357.935791015625,19336200
2021-08-16,356.8198173800413,358.12995425400317,352.96697363746,358.0911560058594,34856900
2021-08-17,355.34460058109624,356.3150897426544,352.5107888148548,354.93701171875,44793900
2021-08-18,354.4031972756186,355.80070392865196,351.19088077069546,351.5208435058594,38541900
2021-08-19,349.58967858596617,354.8885422009641,349.33734187482844,353.21929931640625,48499400
2021-08-20,354.2867716248824,357.2758948336916,353.97620798451646,356.87799072265625,39486000
2021-08-23,357.9164386915184,362.9047678636542,357.9067539381562,362.2157287597656,34034700
2021-08-24,362.80775483823464,363.9238117282097,362.341909262712,363.3221130371094,21732900
2021-08-25,363.5744132863753,364.31199463604713,362.82711756621313,363.7393798828125,20441900
2021-08-26,362.88539100832384,363.56471578355405,360.9929249278574,361.4296569824219,29133300
2021-08-27,362.0604858868606,365.44748439971636,361.5752411891111,364.9428405761719,27104700
2021-08-30,365.7288667468394,369.52348313309056,365.7094380076639,369.0382385253906,27295700
2021-08-31,369.28083727926315,369.3487490111051,367.1942619056353,368.73736572265625,29628200
2021-09-01,369.79523177921465,371.4159322397432,369.14499095082925,369.3487854003906,28138300
2021-09-02,370.6977780055514,371.0277407947319,367.96099122725343,369.1741027832031,25453400
2021-09-03,368.02897543352884,370.70753553837505,368.00957630848825,370.30963134765625,24605400
2021-09-07,370.41637587791985,371.48392010902126,369.26149115749905,370.83367919921875,23970200
2021-09-08,370.65896446604796,370.65896446604796,367.28168071864684,369.54290771484375,32949200
2021-09-09,369.766107101354,370.87244941105996,368.0289231052142,368.27154541015625,29399000
2021-09-10,369.9796161815492,370.69776872726254,365.14656920150003,365.4765319824219,40249400
2021-09-13,367.80577911609487,368.232796834094,363.1765552031788,365.2242736816406,48741800
2021-09-14,366.7090392721534,367.4369061808398,363.2347009261619,364.185791015625,41826600
2021-09-15,364.64195049764095,367.24285467894634,362.3515803792951,366.8934631347656,34097900
2021-09-16,365.56388026882286,367.718367568976,363.642330526106,367.1457824707031,35193100
2021-09-17,366.6703074633272,366.718820085904,361.7596335323379,362.79803466796875,60912300
2021-09-20,357.01138745369525,358.7504976943666,350.6670670420057,355.30145263671875,76203200
2021-09-21,357.1280400709158,358.32307633202817,354.61168893720173,355.73870849609375,41927500
2021-09-22,356.65184808119517,360.5186880599965,355.5539747154909,359.06134033203125,46972900
2021-09-23,360.2175441098625,363.40427696626887,359.5763074823771,362.3744201660156,44652000
2021-09-24,360.11062893099836,363.1322120662038,359.74142941771123,362.71441650390625,36056800
2021-09-27,359.6734850025232,360.69361670499325,357.2737175316514,359.8192138671875,43338100
2021-09-28,355.2722416593605,359.77056340071175,349.13194279172444,349.63714599609375,97701600
2021-09-29,350.90020673587804,353.03763232754807,348.44214803307705,349.0639343261719,58076600
2021-09-30,350.7058227551754,352.3671906198995,346.9458709114156,347.7814025878906,61384600
2021-10-01,348.40329448757456,350.9779363955298,344.3032880653489,349.9383544921875,56375500
2021-10-04,348.3255826438038,348.6559112896858,340.3587649288273,342.5933532714844,76766000
2021-10-05,343.65226920784954,349.46223894290165,343.4288282198404,347.2179260253906,47232900
2021-10-06,344.01176545079295,349.71487762441757,343.1082170030285,349.4428405761719,56806500
2021-10-07,352.48383820617084,355.29167583028516,351.9494892129102,352.6490173339844,39411200
2021-10-08,353.7274875690188,353.9606834069778,350.35615473302096,350.8905334472656,41822300
2021-10-11,349.35541514023294,352.8725062066949,348.11181282191984,348.19927978515625,34847200
2021-10-12,349.6469428519261,350.0841294694706,346.3436265923632,346.98486328125,43905100
2021-10-13,349.28740081060675,350.4338405855879,347.2665286701431,349.7634582519531,40120800
2021-10-14,353.3485519783858,356.41870158590115,352.687894754568,356.2049560546875,43433900
2021-10-15,357.41948386895245,358.56592392426677,356.38962691759247,358.4493408203125,40419900
2021-10-18,357.1571351895697,362.2675785774531,356.5547693978069,362.0538330078125,34513500
2021-10-19,363.1224554291939,364.84211497896575,362.1023239360742,364.7935485839844,29091000
2021-10-20,365.25032149300034,365.86241247692084,362.8408284776788,364.317626953125,31390300
2021-10-21,363.52086567008075,366.7367443478896,363.21968280779555,366.54241943359375,25469300
2021-10-22,365.2890716192735,366.2509116189009,361.80115632839295,363.4625244140625,36275800
2021-10-25,364.8810195167244,368.0968979159917,362.9378891413452,367.1836242675781,32597800
2021-10-26,369.4182966859178,371.8277597322551,367.1642580007848,368.33984375,47191300
2021-10-27,368.78672325168736,372.2552182979416,368.5244113090448,369.1947937011719,45760500
2021-10-28,371.0893573713803,373.54741625645437,370.32181252550123,373.2947998046875,38007000
2021-10-29,370.2246498535982,375.29622161802354,369.8749005973432,375.13104248046875,37310100
2021-11-01,375.5682561701875,376.53982140855203,373.48912197799297,376.41351318359375,30765300
2021-11-02,375.80146575410737,378.4635749766438,375.7528993465057,377.98748779296875,25135300
2021-11-03,378.4733042710766,382.41785757484956,377.43375178694737,382.0000915527344,33748900
2021-11-04,383.26305361105216,387.84884257503916,382.7189794670043,386.8966979980469,40265300
2021-11-05,388.6649559362815,389.58792509832745,385.86684338012475,387.2658996582031,43383800
2021-11-08,387.2369019788153,388.25703398221026,386.1001571994699,386.74139404296875,29256300
2021-11-09,387.81006185572306,388.20840724129505,382.71906847393984,384.0792541503906,50490700
2021-11-10,381.3101812742508,384.1179891815818,376.51064698992576,378.4343566894531,54937400
2021-11-11,381.40738299331053,381.5822576249606,379.143619323171,379.4836730957031,32243000
2021-11-12,380.63006770296744,384.011125095005,379.03671627670747,383.4767761230469,34730600
2021-11-15,384.6523958574728,384.97299933919516,380.9507346830435,383.38934326171875,33716900
2021-11-16,382.66070698024396,386.6149849927974,382.46641170396464,386.1195068359375,27872900
2021-11-17,386.4400388847189,388.3540234185503,385.36161579881247,386.3234558105469,28703300
2021-11-18,388.36383413413324,390.83158881405245,386.14866628730584,390.3263854980469,45721500
2021-11-19,391.95864178526125,393.77546443004394,391.13280522404426,392.5027160644531,45191700
2021-11-22,394.03774784218194,397.08844748180036,387.83915645266666,387.9460144042969,61715400
2021-11-23,386.789887223981,388.84963077816195,381.7474900750113,386.1778259277344,70098700
2021-11-24,383.7002750331125,387.7031193065727,381.37824939479043,387.42138671875,46954400
2021-11-26,384.84671448351963,386.23607538819647,378.6869940757919,380.07635498046875,51533300
2021-11-29,384.63292407598084,389.33529563140667,383.9042502464245,388.3248596191406,54447100
2021-11-30,387.44075051102556,389.78222608763474,380.61064867171586,382.6217956542969,81332700
2021-12-01,386.95497556634797,389.09243080494053,375.6459723807642,376.1123046875,77766500
2021-12-02,374.82984957942165,380.6009493514841,373.41137266182295,378.822998046875,84416600
2021-12-03,380.18323734532777,381.1839484767018,368.1261077111133,372.23583984375,105349100
2021-12-06,372.7216367168469,376.578752515702,368.51474195836346,375.21856689453125,67588800
2021-12-07,381.8543506899871,387.1299437335252,381.8154797717604,386.5178527832031,56005300
2021-12-08,386.8481048239432,388.45118137491477,384.9535409410944,388.24713134765625,39204000
2021-12-09,387.0229891078201,388.8203905916405,382.340037900193,382.53436279296875,49973700
2021-12-10,385.34225890409687,386.95506100389343,382.1749462557162,386.6927490234375,52545800
2021-12-13,386.6829453531064,387.0035488196658,380.736971138381,381.1061706542969,50166400
2021-12-14,376.28715825033214,378.99783323084364,372.72153087203185,377.1615905761719,75199200
2021-12-15,376.90903385524365,386.1194833044048,372.9644812243369,385.7599792480469,73858000
2021-12-16,386.72184428250864,387.14933536877277,374.2566453963507,375.8403015136719,82591400
2021-12-17,372.4301201552073,378.1235083343343,370.91448063171447,373.9652099609375,80492500
2021-12-20,369.2479864267367,371.1254949115993,367.2050878566591,370.3375244140625,65336800
2021-12-21,373.60617144539583,378.937159569745,369.86089170437486,378.6258544921875,48899500
2021-12-22,378.3340782683433,383.44131102709355,377.6725771503509,383.2370300292969,37042200
2021-12-23,383.587150959049,387.59510713249676,383.42179055575644,386.1261901855469,29595500
2021-12-27,387.4200861977094,392.50787353515625,387.3909031979328,392.50787353515625,32820700
2021-12-28,393.40282784093364,393.5779258347806,389.8131705286223,390.6886901855469,33113700
2021-12-29,390.82491370262477,392.08954996149595,388.25669093436284,390.6303405761719,32248500
2021-12-30,390.4162826957751,392.5953886793781,388.87926202726817,389.46295166015625,23850100
2021-12-31,388.7917216357938,390.15364435086724,386.53480417213575,387.03094482421875,34752900
2022-01-03,388.19832024519195,391.00974454371743,386.0873473183604,390.7568054199219,40575900
2022-01-04,391.3014957438579,391.34041629837895,382.59489941582365,385.68841552734375,58027200
2022-01-05,384.00552916746227,385.12428010378204,373.5867825549278,373.8397216796875,75739800
2022-01-06,372.02056019679407,376.8164876394273,369.79282568546137,373.5770263671875,70814300
2022-01-07,373.58676631105357,375.26973173594047,367.7596666339239,369.5301513671875,72652300
2022-01-10,364.6271924939485,370.28893116706166,359.2670213392742,369.7733154296875,91770500
2022-01-11,369.0437150608484,375.49342437997234,366.9619254037455,375.32806396484375,68295700
2022-01-12,377.8962984641454,379.58900148602123,374.5401347950634,376.8164978027344,54576400
2022-01-13,378.19790933093844,378.87888564260544,366.456159394104,367.3900451660156,77994000
2022-01-14,364.8704215155353,370.0068369648737,364.66611084234313,369.67608642578125,80121200
2022-01-18,363.8684414821431,365.98915188546283,359.71453998380207,360.47332763671875,75450900
2022-01-19,362.0298017987283,364.5007377255495,356.25133090845486,356.5140075683594,81791500
2022-01-20,359.73397518513565,363.70301100121503,351.34839137289583,351.8834228515625,88610700
2022-01-21,349.6946206883517,352.33091698772046,341.84406809533505,342.1261901855469,143388900
2022-01-24,336.5033910595923,344.35394409860754,325.06318082244553,343.6924133300781,198685800
2022-01-25,337.24273313473367,341.48415385021434,332.38841008513276,335.7251281738281,124398400
2022-01-26,343.31309150880196,347.1751338941979,331.51294576874983,335.19989013671875,146559500
2022-01-27,339.89853003289744,341.7176731428113,330.8027847956347,331.8242492675781,95255700
2022-01-28,333.7016857380433,342.44720335065784,328.7598436579798,342.2331848144531,108167900
2022-01-31,343.5951593572345,353.7609662648605,341.96082238980597,353.1772766113281,94326400
2022-02-01,354.51975345573044,356.2319018538568,349.3736300747479,355.5801086425781,74433000
2022-02-02,359.7048738939835,360.0356244798105,354.3836221433139,358.4693908691406,78777100
2022-02-03,348.78022424897017,352.0877595673493,342.87528317586026,343.9356384277344,95384800
2022-02-04,344.4511719615143,351.5721197620459,342.39856533383363,348.2743225097656,86318300
2022-02-07,348.8677094298636,351.2316210641107,344.2176975846905,345.4726257324219,58198100
2022-02-08,344.3345331164691,350.4437559095644,343.2060741689936,349.3542175292969,64720900
2022-02-09,353.86799703006915,356.8350441003599,352.27258059296145,356.7572326660156,55766400
2022-02-10,349.7432469581747,356.52370682890097,346.84430370922803,348.6828918457031,112468500
2022-02-11,348.6829020313012,350.2783183711059,336.3963555781641,337.6221008300781,101569100
2022-02-14,337.0676599665158,341.43558063007725,334.53838722726806,338.04046630859375,80254400
2022-02-15,343.3130280418822,346.6789290679671,342.2526728821173,346.4454650878906,55128800
2022-02-16,344.19830964180295,347.37937534683465,341.17286680940686,346.3579406738281,58947100
2022-02-17,343.1475815875544,343.8480031004659,335.6375180221019,336.05584716796875,61801400
2022-02-18,336.98985930484275,337.3789759165863,329.91756765920456,332.2231140136719,80001500
2022-02-22,329.2851150350076,334.6842065016989,325.2577133684791,328.8862609863281,85967100
2022-02-23,332.038210028671,332.8748090871975,320.1505174094211,320.4618225097656,86215400
2022-02-24,310.1694684544113,331.7657740152705,309.60525402430045,331.230712890625,130614100
2022-02-25,332.02848018101594,336.5714981761726,328.21509652010724,336.3671875,78842100
2022-02-28,333.19579372792606,339.0618127409794,332.03815220885383,337.3691101074219,77515500
2022-03-01,336.3476849169218,338.6143099045402,329.68395767300495,332.2035217285156,67407000
2022-03-02,333.75030891184065,339.1104801061964,330.9875431074301,337.7777404785156,70609000
2022-03-03,340.41404313685024,340.5210672491219,331.0945734414268,332.95263671875,71089400
2022-03-04,330.5984076269794,332.0284337216448,325.81221844037054,328.1274719238281,76936300
2022-03-07,328.11775851142414,329.27540007745154,315.8214758794869,316.0257568359375,89933800
2022-03-08,315.23780069650655,324.14870801818853,311.2395819280208,314.5568542480469,116153900
2022-03-09,322.7284277548084,327.2325248047773,320.1407599335738,325.88031005859375,64723400
2022-03-10,321.8236991892484,323.46774376119345,317.82545095320063,322.2614440917969,69362700
2022-03-11,325.2285266941595,325.53983175609693,315.0918745614951,315.5782775878906,66228400
2022-03-14,314.34290265565807,317.70880412168714,308.8173700285798,309.5177917480469,79802600
2022-03-15,312.15408832569585,320.00464224223913,310.54896387835566,319.22637939453125,76471000
2022-03-16,323.13700512453204,331.1821006306383,319.4695072428963,331.06536865234375,105243000
2022-03-17,329.16848355779564,335.13179129960196,327.87466416050165,335.07342529296875,67810000
2022-03-18,333.4195268869599,342.22343920941006,332.261885344353,341.93157958984375,85446300
2022-03-21,341.09789357328924,343.3186324478158,336.5979479498107,340.9809875488281,73799100
2022-03-22,341.4777283646636,348.549041489872,341.09788040409666,347.6821594238281,63345900
2022-03-23,344.80887821456724,348.3640045280012,342.6270782050995,342.6855163574219,70615500
2022-03-24,344.604348920767,350.351025410237,342.4517974996988,350.30230712890625,53555300
2022-03-25,350.24376232677855,351.295708300739,345.71462810812,350.010009765625,57584200
2022-03-28,350.00033128092554,355.5229744553533,348.7633507609772,355.4255676269531,56833900
2022-03-29,359.31183941200896,362.1656780545059,356.54565799435034,361.5423278808594,68073000
2022-03-30,359.68197082403816,361.3377976846079,356.06840647526775,357.54888916015625,68757700
2022-03-31,357.69504231226585,358.04570099587806,352.2795548521229,353.1172180175781,67011400
2022-04-01,353.3801696236196,354.1593648604611,349.269850841836,352.44512939453125,54527800
2022-04-04,353.28270198196543,359.7111656148351,353.0197303227817,359.701416015625,45950200
2022-04-05,358.25019063157123,358.96122778866624,350.57499618285163,351.714599609375,62738700
2022-04-06,346.4062347899626,347.50686952486234,341.448533407247,344.078369140625,90077100
2022-04-07,343.0849038199109,347.0880960702405,339.6271839292701,344.8965759277344,63777400
2022-04-08,343.1628781374533,343.9128544106506,339.4421564054095,340.07525634765625,61956100
2022-04-11,335.84794372082325,336.7635142938174,331.688937195183,332.02984619140625,66107400
2022-04-12,336.77331286308385,338.65314282857037,329.2539632767462,330.6273193359375,72790200
2022-04-13,330.9682157478457,338.39990848748874,330.2474586662088,337.3479919433594,61367800
2022-04-14,337.43560901526075,337.95183248717245,329.4195059388165,329.6337890625,73519400
2022-04-18,328.58191656925595,332.1760118780032,327.062465025245,329.8870849609375,58560600
2022-04-19,329.2442113806773,337.83497659773195,328.2215139748147,337.26031494140625,56515700
2022-04-20,338.0686674645564,338.5264527308167,331.1239808553761,332.34149169921875,65500000
2022-04-21,336.2181551269493,338.8284920047036,324.5397972136839,325.465087890625,75801000
2022-04-22,325.6208654467017,326.83837639396864,316.5138776162672,316.94244384765625,82562100
2022-04-25,315.31589645643817,321.32551442948113,314.0496671138111,321.0138244628906,101755900
2022-04-26,318.95871630604034,319.1437803869639,308.6244657518132,308.897216796875,105819600
2022-04-27,308.99463546845755,314.48806102632363,306.81286460970716,308.5271301269531,111204200
2022-04-28,313.48478157123293,321.3158217288803,309.2673062384134,319.48468017578125,99450000
2022-04-29,315.28668087637624,318.7249309741561,304.4751765510485,305.1082763671875,91977900
2022-05-02,304.69924800360195,310.4361757635452,301.6019062571013,310.2024230957031,115511800
2022-05-03,310.2218488222658,312.8224657828059,307.76735698291543,310.5335388183594,78185500
2022-05-04,311.01076573447637,321.7053936845587,305.73165437547124,321.0333251953125,116083400
2022-05-05,316.7185410579917,316.7964487045337,301.5726822476251,304.8648376464844,154607400
2022-05-06,302.86807676149334,306.9004581164156,297.1798386765447,301.2122497558594,139572800
2022-05-09,295.5922200348363,301.3096472968291,288.03390175661394,289.4267272949219,113387300
2022-05-10,296.59546557688515,297.81297672621145,288.86183237841306,292.94293212890625,124124600
2022-05-11,290.6832255838595,296.18637005820534,283.38790825672874,284.2547607421875,140326100
2022-05-12,279.978887320911,288.0631497956638,277.53411532056,283.58270263671875,120910900
2022-05-13,288.03388809989207,295.12467108754123,286.4364993748133,294.09222412109375,83684900
2022-05-16,292.3487131021855,294.4038869702922,289.40721745106714,290.68316650390625,59190400
2022-05-17,296.53704468062864,298.5921893526094,292.73838589410195,298.21234130859375,62715300
2022-05-18,293.70268582770615,294.3942239034574,282.3165180984512,283.572998046875,79477100
2022-05-19,281.77099514782947,286.73844563903594,280.10541881014825,282.0534362792969,79920700
2022-05-20,285.51113837908883,286.1637074787609,272.9269345098866,281.1767883300781,91764200
2022-05-23,282.21907844050895,286.23199034784994,279.8230248721788,285.8521423339844,63648400
2022-05-24,280.64111291035505,281.35212019068376,274.91393737755357,279.77423095703125,73491100
2022-05-25,278.2841124050644,285.7645243666123,278.079578831032,283.68988037109375,67144500
2022-05-26,282.8911258210658,293.0987490190363,282.60865493867686,291.550048828125,59462200
2022-05-27,294.6766361236019,301.21222696962036,294.5597598213431,301.0661315917969,66985600
2022-05-31,301.0369313919927,303.2381712461334,296.4201090925534,300.2674560546875,60968300
2022-06-01,302.4004504795314,304.52378208840304,295.8356420436472,298.046630859375,65341700
2022-06-02,296.92656050861325,306.3841767382333,295.51423599259175,306.2088623046875,59291300
2022-06-03,300.99800962712317,302.40058500955723,296.99484677787353,298.2415771484375,60914700
2022-06-06,302.67323523378644,304.23165526192764,297.6765653234213,299.2349853515625,51785000
2022-06-07,295.9136101442326,302.59532594620396,294.8227250478429,301.81610107421875,44900300
2022-06-08,301.01739970013836,303.61801620532157,298.7966608845032,299.6440734863281,38342100
2022-06-09,297.959125360913,301.0174984578301,291.4527517501581,291.6183166503906,55900500
2022-06-10,286.0176516344523,287.20594344916174,280.8846364355447,281.3326721191406,85963500
2022-06-13,272.4789956879142,275.00167522673036,267.3946679306064,268.2518005371094,94442000
2022-06-14,270.44328491828765,271.41729371088064,266.2355598004326,268.73876953125,64697500
2022-06-15,272.1575818938242,279.37496173778936,269.4205895185,275.44970703125,86051400
2022-06-16,268.4270924842186,268.88487782771375,262.28109908553523,264.3362731933594,81910300
2022-06-17,265.1056742683673,269.9854672463517,263.4790964252964,267.5504455566406,82703400
2022-06-21,272.026869215321,276.6135225102179,271.9195365844866,274.3006591796875,51633700
2022-06-22,271.8024054461043,278.30177743750676,271.20713224352835,273.90057373046875,67472900
2022-06-23,276.37927703453715,278.8287481171388,273.54922781064863,277.979736328125,57457800
2022-06-24,280.800004903636,287.92395446562955,280.5658029808013,287.5043029785156,58422300
2022-06-27,288.8608200227862,289.42681798517424,284.26442815111665,285.3964538574219,54151500
2022-06-28,285.9332140355885,288.5192934621976,276.51596567297554,276.7013854980469,61609800
2022-06-29,276.5646401698879,278.4578514920173,274.0663874568449,276.9549865722656,57302700
2022-06-30,273.9785626751987,277.0916251287227,269.1284334109343,273.5198974609375,79313600
2022-07-01,272.2221435761733,275.715786078518,270.3484380801328,275.325439453125,56675100
2022-07-05,271.5974236177196,280.15588879023824,270.0750517249355,280.0387878417969,61829300
2022-07-06,280.4194931796064,283.9326717616443,278.7019325880471,281.8345031738281,63194700
2022-07-07,282.64444764131935,288.56805306343966,282.64444764131935,287.86541748046875,56620100
2022-07-08,285.03541142729705,289.59279043284533,284.09857367070816,288.2265625,59895500
2022-07-11,285.8160750990645,286.0405087026964,281.1904079923632,282.0686950683594,55273900
2022-07-12,283.3178548991353,285.230573832258,277.7455514549801,279.33624267578125,55797100
2022-07-13,273.8322492499436,281.10254575215123,273.2662215205759,278.76043701171875,73939400
2022-07-14,276.16456402172145,280.62434749047134,273.0515011436686,279.7558288574219,63741800
2022-07-15,282.74204373662945,284.9377762264799,281.13181608551673,284.8304138183594,63818100
2022-07-18,287.6117085612143,289.01697987225447,281.2489738562214,282.4200134277344,59519600
2022-07-19,286.0405209277583,291.39812890521887,284.44009126466915,291.1053466796875,55172600
2022-07-20,291.52500565321566,296.90209088858387,290.74428281343535,295.7212829589844,67769400
2022-07-21,296.17994578756554,300.0249201186976,293.5255477180764,299.96636962890625,55049400
2022-07-22,299.0392748591571,301.10813827886636,292.88146674837793,294.70635986328125,57127700
2022-07-25,294.73562410111066,295.2040577901947,291.0272875191682,293.02783203125,40582400
2022-07-26,291.3297180857886,291.58345664482397,286.4600820218229,287.2700500488281,50074100
2022-07-27,291.82747960619065,301.0983496471215,291.26145191551063,299.4100646972656,69304400
2022-07-28,299.1954599297295,302.91356549576466,295.4480791144159,302.3377990722656,55139900
2022-07-29,303.87956677813963,308.75897126259656,302.45475922598274,307.85137939453125,57501000
2022-08-01,306.08506268864676,311.12061210718633,304.9920807587046,307.6659851074219,46358800
2022-08-02,305.3726912440391,310.8668761787576,304.3187231015019,306.7486572265625,48676500
2022-08-03,308.42724130700196,315.922031555984,308.3686908175321,315.102294921875,53735700
2022-08-04,315.1803029145353,316.8880947466427,313.0333526987041,316.5758056640625,38973700
2022-08-05,311.4915231177822,316.0195964067601,310.7108300691232,313.9897766113281,53894000
2022-08-08,314.90717043855096,318.5960009286301,311.5110924550112,312.97491455078125,43878500
2022-08-09,311.0816145255079,311.3353531473063,307.81243659216807,309.432373046875,39764200
2022-08-10,316.7612924209817,318.3617519714591,314.29231404150215,318.0689697265625,51459600
2022-08-11,320.39156870404844,322.3921133408172,315.56094463561175,316.2635803222656,45897700
2022-08-12,318.3128453863751,322.6164840072935,317.25890705013063,322.42132568359375,40928400
2022-08-15,321.4747855946209,325.5246864619341,321.4552489111956,325.0269775390625,38266600
2022-08-16,324.0510520527076,326.35414676715345,321.22100302538877,324.2657470703125,41186900
2022-08-17,321.13325804129107,323.43632355321506,318.48859834556515,320.5672302246094,47842200
2022-08-18,320.51842863638876,322.5189732145217,318.90823058794865,321.3381652832031,41937200
2022-08-19,318.3031614705781,318.9569851504218,314.31178143869266,315.0729675292969,51770600
2022-08-22,310.8180850442115,311.0522869439846,305.96795549292,306.7779235839844,51098900
2022-08-23,306.5438294144277,309.354372325522,305.77287484803617,306.5243225097656,39497100
2022-08-24,306.04600483267933,309.22738620153655,305.44096341979736,307.4122619628906,38057100
2022-08-25,309.18843732695433,312.86752862816047,308.1442670437042,312.8479919433594,38098300
2022-08-26,312.5552127027734,313.7555572354442,299.9370766142662,300.02490234375,69047700
2022-08-29,297.2729198727488,299.8102168935229,295.9652426671527,297.0679931640625,48321900
2022-08-30,298.7172280617715,299.33203795561866,291.24197482667506,293.7597351074219,51184500
2022-08-31,296.658070136426,297.5558938041094,291.94457778028476,292.0519104003906,50044000
2022-09-01,289.56350871500655,292.54970319492196,285.88444683132894,292.1788635253906,57990700
2022-09-02,295.0478932133879,296.42388916155085,286.4406146175746,288.05084228515625,64666800
2022-09-06,288.5290910226605,289.4464218980534,283.854610895695,285.9820251464844,57005400
2022-09-07,286.46015834522314,292.7545738330587,286.19665137708756,291.7591857910156,49260400
2022-09-08,289.6902621538804,294.58917373710295,288.32403479815326,293.271728515625,55649800
2022-09-09,295.5260862300546,300.1810585439501,293.2718030746139,299.683349609375,56125200
2022-09-12,301.0593360378884,303.57709631157707,300.74704692101136,303.24530029296875,45905700
2022-09-13,294.52085317393227,295.7114291014608,285.7281862337515,286.6162414550781,79562200
2022-09-14,287.7580500540228,289.76836270160635,285.9917076770831,288.89007568359375,54907200
2022-09-15,286.9773782296725,289.37803753073274,282.4785506213726,284.0790100097656,65299400
2022-09-16,280.78044257593103,282.7322042983325,278.73108681110546,282.34185791015625,79920400
2022-09-19,279.7014041555219,284.69710512565416,279.6427484371487,284.5406799316406,52613800
2022-09-20,282.0378693199994,284.5601839494864,279.9750741000764,282.27252197265625,51271100
2022-09-21,283.1133390180322,287.37584347776414,277.08134728672815,277.21820068359375,82931000
2022-09-22,275.69307230182534,276.7000351668306,272.58420013628125,273.8062438964844,62757100
2022-09-23,271.34249782903754,271.6358061387427,265.93617915578574,269.34814453125,74815200
2022-09-26,268.8789462776998,273.2391899171992,267.4418216694611,268.23370361328125,71176700
2022-09-27,271.59675876301304,273.94307663877163,266.0242277024173,268.34124755859375,69780100
2022-09-28,268.32168776244924,274.9598376182292,266.84547923320525,273.67913818359375,79652100
2022-09-29,269.69033479435024,270.0716267058167,262.82734890338435,265.7895812988281,81216000
2022-09-30,264.9684495993742,269.03541534354054,261.1263506770087,261.28277587890625,78482400
2022-10-03,263.05214218370685,269.0059331636236,261.5465765848076,267.4123840332031,61267400
2022-10-04,272.75037177377175,276.5240582865972,272.75037177377175,275.8201599121094,66696900
2022-10-05,272.05626158200477,277.46258183875364,269.26023985446955,275.67352294921875,55766300
2022-10-06,274.67631791285686,277.8243037680566,273.18053757441095,273.503173828125,53489400
2022-10-07,268.8690933592522,268.996190648069,261.75191370090846,263.0815124511719,71354700
2022-10-10,263.2771014291403,263.6681793088625,257.7437134187237,260.4517517089844,60393000
2022-10-11,258.77996563092654,261.6444286795512,255.19203248058224,256.8735656738281,66522500
2022-10-12,257.50902376665675,259.4251797950677,256.0914710787955,256.78558349609375,50580200
2022-10-13,249.45333399672413,264.12764394193346,248.5734536032913,262.8078308105469,112894100
2022-10-14,265.13462233804114,265.7309653636263,254.32198168993213,254.90853881835938,77244300
2022-10-17,260.8720851805675,264.1960377721946,260.7743157265391,263.3259582519531,64576500
2022-10-18,270.34536935380896,271.0101539048648,262.7295853642135,265.4083251953125,69781000
2022-10-19,263.89295658178486,267.5590871120454,262.07457015959795,264.4404296875,53115400
2022-10-20,263.55082875225395,268.6931983717576,261.9279809158459,263.0913391113281,60605500
2022-10-21,261.98664687419677,269.79794124035857,260.8525866557526,269.26025390625,77897700
2022-10-24,269.52410039705074,273.1511166129297,265.8872982874094,272.2223815917969,63963600
2022-10-25,273.16094157940734,278.2348685509283,271.68470349213027,277.85357666015625,59014500
2022-10-26,272.2321955769183,277.6287591147078,271.2252328615051,271.71405029296875,63492400
2022-10-27,270.59961549604924,272.05628218222876,266.24912756295623,266.76727294921875,57760300
2022-10-28,266.14155297108766,275.3997564380177,265.97534191478553,274.93048095703125,62651300
2022-10-31,272.68191903600575,273.5031287103649,269.8174263186617,271.7336120605469,47742000
2022-11-01,275.204224129554,275.7614831825195,268.59540266363206,268.9571228027344,45895900
2022-11-02,268.9277993452256,271.9878014034031,259.6695955048992,259.738037109375,79803100
2022-11-03,257.1277519387326,258.5844183208103,254.282830939572,254.66409301757812,70038900
2022-11-04,259.59134092171047,260.6471732712029,253.2855851672492,258.7603454589844,78313200
2022-11-07,259.8064715479662,262.1430332516671,257.6752346520297,261.6053161621094,47333800
2022-11-08,263.12070123011625,266.74771876778345,259.58163742819613,263.5117492675781,63213800
2022-11-09,261.77161088094306,262.55370710746257,257.1473856411118,257.430908203125,64862100
2022-11-10,269.8369900252469,276.71951751892516,267.7252952822844,276.4262390136719,99256700
2022-11-11,276.2405222408589,282.1845592972137,274.90116716615194,281.5197448730469,66961800
2022-11-14,279.4666812340499,282.741763917315,278.07845646792043,279.05609130859375,55290700
2022-11-15,285.67466264711777,286.70119711003974,279.5742309122213,282.9177551269531,73985400
2022-11-16,280.96249118192577,283.00574441872726,278.2348816226339,279.05609130859375,48859800
2022-11-17,274.5981177562604,279.9164544303959,274.44169257936795,278.4402160644531,55462100
2022-11-18,281.45126632473546,281.54900592608294,276.00583391974624,278.4499206542969,53588600
2022-11-21,277.061687951734,278.2152898203425,274.7544842145169,275.5854797363281,40083500
2022-11-22,276.318718646645,279.71108281568,274.1874520736571,279.5546875,41873400
2022-11-23,279.5742388647001,282.9861749393081,279.39827175235274,282.3605041503906,46390000
2022-11-25,280.76700247136256,281.47090087588236,280.01423425009193,280.5030517578125,15498800
2022-11-28,278.52813799616996,280.5420632210341,275.4583803547445,276.3871154785156,38714200
2022-11-29,276.6120032182411,277.0128370816902,272.92633062269323,274.2950134277344,35618900
2022-11-30,274.55900161910057,286.9065360739054,273.70846396811334,286.7989807128906,74718100
2022-12-01,287.121581571721,289.13550697653733,284.3744300291789,287.1509094238281,51547300
2022-12-02,282.0867843893096,286.88697536237026,281.9107874314308,286.007080078125,53583200
2022-12-05,283.88568080095115,285.15659447763073,279.75027365012517,281.20697021484375,41482100
2022-12-06,281.0505193835465,281.1873727687558,273.991993519204,275.3802185058594,53937600
2022-12-07,274.1972647022958,276.2503039825609,272.54505931577694,274.25592041015625,45614300
2022-12-08,275.6050946410666,278.46955811599247,273.53251315292846,277.501708984375,42594900
2022-12-09,276.48491532642936,279.25163871744275,275.2921995910729,275.7321472167969,47860500
2022-12-12,275.90812369116725,279.2516481889468,274.871833080141,279.1929626464844,35732500
2022-12-13,290.0153845506873,290.2402513163145,279.5155953648504,282.1943054199219,80667700
2022-12-14,281.6077090523937,284.8925776911261,276.856417960983,280.1021728515625,64984400
2022-12-15,276.01569500511505,276.68050952451307,269.50467172161177,270.6973876953125,60554100
2022-12-16,270.0227634589525,271.55762753266515,266.5130280152086,268.1163635253906,68300400
2022-12-19,268.3858519256861,268.47404612090867,263.11357960823074,264.3483581542969,44167900
2022-12-20,263.1821914650864,265.8869331436149,261.6044454235954,264.142578125,51064200
2022-12-21,265.18133792927495,269.27762774929147,264.3385435697956,267.9742736816406,46394700
2022-12-22,264.9657495187062,265.09315110385836,257.2043313066332,261.4182434082031,60278400
2022-12-23,260.1540875111518,262.6726316300907,258.2529327193007,262.0062255859375,39373600
2022-12-27,261.39866722805584,261.50648008934456,257.76296633096587,258.30194091796875,38009000
2022-12-28,257.9001177088302,260.15404897861896,254.5290002209293,254.89158630371094,47139000
2022-12-29,257.69428953978155,262.04538214653854,256.9985154694248,261.1046142578125,45893600
2022-12-30,258.34113754746767,261.07527757710335,257.03778328615977,260.9478759765625,37858300
2023-01-03,263.27041050608824,264.7403737472238,256.8809810509512,259.1839294433594,42335300
2023-01-04,261.30064187756807,262.094419519153,257.2729276346424,260.41864013671875,47754900
2023-01-05,258.7527412605254,258.919320349099,256.02841054713053,256.34197998046875,45396700
2023-01-06,258.07654065905234,264.5345752837796,255.126804985391,263.4173889160156,54659700
2023-01-09,265.4067910335635,269.77750394716486,264.51503951345506,265.12261962890625,45568700
2023-01-10,264.09358467777196,267.4745120737934,263.58400819036984,267.36669921875,35247800
2023-01-11,268.43493168224774,272.10003088582084,267.6509332520167,271.9922180175781,44077000
2023-01-12,272.55075772684324,274.4911198155303,268.25846062265697,273.4621276855469,60600000
2023-01-13,270.9631677043932,275.58865226978315,270.6299796945461,275.3436584472656,44802900
2023-01-17,275.14768251608376,277.18604809737275,273.98150939661457,275.90228271484375,36269700
2023-01-18,277.4408347282873,278.9892126837552,272.1097958051242,272.3155822753906,47754500
2023-01-19,270.6887785022272,271.8255534387518,268.4054492125816,269.64019775390625,44150400
2023-01-20,271.24737024419835,277.3525971911707,270.18898017810113,277.0194091796875,60613600
2023-01-23,277.8622557058228,284.39867540350957,277.06847796030434,283.1737060546875,52799900
2023-01-24,281.55674841928726,283.7518838905232,281.03736261916526,282.59552001953125,44875100
2023-01-25,278.08762887043525,282.5857126972859,275.54949598721333,281.9683532714844,50872000
2023-01-26,285.38846018754776,287.64239182663204,282.7425144316851,287.46600341796875,51596300
2023-01-27,286.152809973951,292.28746540168373,286.0352177137922,290.3275146484375,56441900
2023-01-30,287.06422753687195,288.485204031386,284.08512343019765,284.4574890136719,49405800
2023-01-31,284.4966454883634,288.81834043174297,284.38886255344715,288.7203369140625,46705100
2023-02-01,288.5145464564292,297.35391334937026,286.4467829160311,294.8941955566406,67562200
2023-02-02,301.4110739349037,307.39870992894157,300.5878980976118,305.47796630859375,83070600
2023-02-03,298.83375951333676,306.1345896386831,298.44177525770675,300.0489196777344,76170800
2023-02-06,297.4323878201747,299.7843231515215,296.16821099081466,297.5107727050781,40802300
2023-02-07,297.38328921452313,304.8017092397127,296.26613294999623,303.67474365234375,67584000
2023-02-08,302.36159572104424,303.30236366101053,297.58912066430577,298.27508544921875,56720900
2023-02-09,302.6555733935558,302.80256370985006,294.1886022038024,295.6389465332031,49137800
2023-02-10,293.48307362724574,295.53121883431214,291.297717495013,293.69866943359375,50050100
2023-02-13,295.10004452804384,298.9905486890682,293.92406189600115,298.4025573730469,39636700
2023-02-14,296.82485212396585,301.5581215641537,294.8844894847325,300.6075439453125,64079100
2023-02-15,298.7945218744599,303.07700999440743,298.10855697315515,302.9104309082031,43100600
2023-02-16,298.28492218029794,302.25381065614226,297.0795416511825,297.2265319824219,59498600
2023-02-17,295.04116982572447,295.88393422598153,292.13064199756906,295.1293640136719,58230700
2023-02-21,291.3075128776228,292.7480779905276,288.0050003843626,288.1421813964844,46526700
2023-02-22,288.72037423239385,290.42552201582805,286.70162711443794,288.3577880859375,51389200
2023-02-23,292.0033086469198,292.1601083198404,286.6918281377228,290.8763427734375,69294400
2023-02-24,285.91766516763073,287.1034271642342,284.2418855081771,286.005859375,74332000
2023-02-27,289.1613320021509,290.55288024334476,287.4659638902868,288.053955078125,48995000
2023-02-28,287.42674592207146,290.19028346864906,287.0935579060723,287.6815490722656,48243100
2023-03-01,287.387613022248,288.0441798329406,284.3888905066176,285.3688659667969,58287000
2023-03-02,282.8796700562959,288.5341166983965,282.59546884913095,287.73052978515625,53565900
2023-03-03,289.4749432455241,293.9142305420157,288.9653369053291,293.67901611328125,60511500
2023-03-06,294.9137669416939,297.9124889444724,293.8161993990393,294.0121765136719,56736300
2023-03-07,294.06126431559863,294.9824437058501,289.7983647809635,290.40594482421875,65955800
2023-03-08,290.8273005687011,292.4540633879132,288.97516253842946,291.8562927246094,50876300
2023-03-09,292.356034581254,294.9529931979204,285.98619477194666,286.7995910644531,71456700
2023-03-10,286.96614352139824,288.4557250634592,281.6252962741897,282.7718505859375,98593600
2023-03-13,280.9883548940412,288.573354857497,279.47918441665786,284.8690490722656,97123600
2023-03-14,288.4165608377867,291.9640670408029,287.57379633938,291.415283203125,73602500
2023-03-15,288.8085334957989,293.2772187994073,287.36796850276227,292.94403076171875,83631500
2023-03-16,292.0326489647935,301.0288153358868,291.2388713383132,300.6662292480469,98198100
2023-03-17,300.57814381337573,302.9594775544409,297.2952192817158,299.245361328125,89923700
2023-03-20,298.6288768996996,300.6310997605843,296.42051907593594,300.3072204589844,56359500
2023-03-21,302.2408893805846,305.04794435693884,300.7293821110493,304.5964660644531,49757000
2023-03-22,304.52768643281496,309.4155301746397,300.2876613290279,300.4544982910156,75791900
2023-03-23,304.18423144054793,308.3359264010132,301.32808408285456,304.0173645019531,74576000
2023-03-24,303.5952799906133,305.23435576063616,301.2691474607354,305.13623046875,57195200
2023-03-27,305.8330279937311,306.91267558955946,302.1916996936268,303.04559326171875,50287400
2023-03-28,302.466559225668,302.49600280278304,299.1294607378363,301.43597412109375,48585900
2023-03-29,305.1263998840245,307.55068761030134,304.3117443176052,306.9323425292969,53274300
2023-03-30,309.40575677195426,310.46578568757917,307.0207366409696,309.8376159667969,58354800
2023-03-31,310.06333534027965,315.2259960757609,309.7590750261057,314.99041748046875,62138100
2023-04-03,312.8703889195931,314.48987569045227,311.54539785656647,314.224853515625,47126800
2023-04-04,314.66647713252024,315.6774131311537,311.947723948201,313.164794921875,45875400
2023-04-05,312.2128280095788,313.15505259714274,308.25741370081585,310.07318115234375,62795700
2023-04-06,308.424151732928,312.6543814372658,307.0304493457381,312.16363525390625,46916500
2023-04-10,309.2388628884362,312.03612262814016,307.452539270489,311.9870300292969,45134700
2023-04-11,311.94769536151995,312.0066124581122,309.47434546263446,309.9847106933594,40113600
2023-04-12,311.9379935140546,312.52689508007813,306.7851572287098,307.2464599609375,62813300
2023-04-13,309.00329632515286,313.7340977577321,307.8255231987492,313.26300048828125,54613800
2023-04-14,311.71216841092246,314.43089158193646,309.7688026716277,312.6740417480469,56278300
2023-04-17,312.2617937425751,313.29237871005614,310.1908592044973,312.93902587890625,43007000
2023-04-18,315.04926298343963,315.4713275158406,311.76128712291046,312.95867919921875,46746900
2023-04-19,310.55404166149606,313.8714910627291,310.42644284563727,312.81146240234375,38960100
2023-04-20,309.84740610563057,313.3611364890163,309.14073022453687,310.4264831542969,62462100
2023-04-21,310.0633088936985,311.52572317920414,308.2868098097779,310.7503356933594,59002300
2023-04-24,310.524573610328,311.85938891120855,307.9334192694122,310.1025390625,44043100
2023-04-25,308.473335566847,309.1407433849651,304.15477386644125,304.2528991699219,57121600
2023-04-26,307.63897267967195,309.11121124343276,305.5778326998528,306.0980224609375,55400500
2023-04-27,309.8572082373793,314.92168340786424,309.2192141213213,314.421142578125,65430400
2023-04-28,314.1855717047368,316.6785712153417,313.0568612415905,316.5902404785156,59712600
2023-05-01,316.12889554696204,317.64040228723445,315.14740310962685,316.22705078125,41013400
2023-05-02,316.15836561209886,316.48227491711145,311.7318247639411,313.4690856933594,56519400
2023-05-03,313.83224897780207,316.5019099639338,311.3098058864839,311.41778564453125,59882100
2023-05-04,311.19205535831844,312.3404149311977,309.2879572324431,310.31854248046875,50224500
2023-05-05,312.57597376263107,317.76807840609376,310.35779072970627,316.9141845703125,51806100
2023-05-08,316.45282560845146,318.04283866891797,315.3731778659205,317.6993103027344,36465800
2023-05-09,316.0406093268182,316.9043275857456,315.37320156411107,315.6872863769531,31768800
2023-05-10,318.1213560020154,319.9763912725399,315.6480055940912,319.12249755859375,60446600
2023-05-11,319.67215652477967,320.702711788897,318.1213814203093,320.16290283203125,44278500
2023-05-12,320.6928395840267,321.11490410960397,316.9631801847053,319.0144958496094,48432800
2023-05-15,319.4856037559259,320.97746143515667,317.96427254975384,320.7419128417969,33375600
2023-05-16,320.0254243410232,322.81285929154046,319.98615625643214,321.1050720214844,40019200
2023-05-17,322.16511784019536,325.5708983222604,320.9873447050186,324.9918212890625,47486100
2023-05-18,325.3844024044097,331.24391418025004,325.36478333622733,331.0279846191406,64213500
2023-05-19,331.24391752243963,331.9505933702211,329.2220452265491,330.2820739746094,61554900
2023-05-22,330.0268852313511,332.40211049164327,330.0170607205077,331.39117431640625,43015900
2023-05-23,329.6735122617162,330.82184165067144,326.83698471374663,327.1903076171875,48216700
2023-05-24,325.2371462045606,326.7486529543009,323.46064727807794,325.511962890625,62891200
2023-05-25,332.86333427874837,334.6987202046388,330.43904694465687,333.4325866699219,66862800
2023-05-26,334.4533487028951,342.7862093173041,334.3551934756003,341.9519348144531,63007000
2023-05-30,346.18220186431466,347.37962387982896,342.0795705146639,343.50274658203125,72652200
2023-05-31,341.92259358572744,344.1113330031778,340.0970316132511,341.54962158203125,65105400
2023-06-01,341.2944217437348,346.8201997459397,340.2442175064159,345.4952087402344,50488600
2023-06-02,347.25202910838146,349.2444576542266,345.49517912675213,348.0863037109375,53372100
2023-06-05,347.87036238875686,350.8835514034604,347.3011099461194,348.3316650390625,47266200
2023-06-06,347.7231632246743,349.2346700680704,346.3981423533168,348.2727966308594,41390400
2023-06-07,348.55744268687283,350.5106032126766,341.73605770611135,342.3642272949219,69225900
2023-06-08,342.6586610808147,347.0753773858951,342.4329369727751,346.61407470703125,47153900
2023-06-09,348.06668572991623,351.04060676974495,346.4962917589313,347.9390869140625,53196900
2023-06-12,349.59780119658103,353.91636202351594,348.6261332475332,353.8182067871094,44606500
2023-06-13,356.5664308825815,357.3712319959438,353.3667556384782,356.5369873046875,57097800
2023-06-14,356.54681293006774,359.41278455684176,353.7495829280698,359.1281433105469,69525600
2023-06-15,357.86198333051135,364.8894735642349,357.2436681859802,363.4074401855469,71138800
2023-06-16,365.8219021049376,365.94950092806926,360.6788907605711,361.12054443359375,80932000
2023-06-20,359.66992816528324,361.9992516934067,357.6452823141966,360.6036071777344,49204700
2023-06-21,359.4635207098651,359.89597226269495,354.7655515621823,355.6894226074219,53378300
2023-06-22,354.4412029254088,360.043366747909,354.03823537075647,359.8861389160156,47603000
2023-06-23,355.99406677913646,358.6182598188581,354.6279363156579,356.31842041015625,48922900
2023-06-26,355.78771119695153,358.5789703043157,351.45338769056457,351.5418395996094,52685500
2023-06-27,353.08485397686843,358.31356381466287,352.35756283184793,357.58624267578125,49428100
2023-06-28,355.76805334391855,360.23012057412603,355.6894094314815,358.28411865234375,46498000
2023-06-29,357.98923340395874,358.62810268773603,355.9252956971378,357.5666198730469,46151000
2023-06-30,361.24238851694764,364.1319369850528,360.9279028966516,363.080322265625,58712500
2023-07-03,363.7191990468585,364.56442610409556,362.63807025771337,363.9354248046875,19432900
2023-07-05,362.37266505624507,365.6258589725061,362.33334310732084,363.925537109375,34460900
2023-07-06,360.22028225556915,361.59625066873787,358.2644125170553,361.1539611816406,49374700
2023-07-07,360.92792588819304,364.12215218790664,359.7288612774692,359.95489501953125,47133700
2023-07-10,359.67971589726346,360.7510067003448,357.1734886966623,360.0728454589844,48498800
2023-07-11,360.49545377279605,362.30387357517714,358.3626803681237,361.8517761230469,38214100
2023-07-12,365.95025409017205,367.76851216158144,363.9452542171989,366.4220275878906,61975400
2023-07-13,369.5965346545085,373.46892209273324,369.0166633368068,372.6433410644531,46960000
2023-07-14,373.0757626248382,376.2896345835833,371.68995636908795,372.564697265625,55148500
2023-07-17,373.28220093014846,376.918716845104,372.80061946885183,376.0439758300781,40868900
2023-07-18,375.4051399126897,380.48643025096686,373.4787840563649,379.1202697753906,55262000
2023-07-19,380.18167275640934,381.32176924654425,377.70490003879127,379.03173828125,54093000
2023-07-20,376.04398679380813,377.50843718826167,369.2722421956274,370.2944030761719,71941700
2023-07-21,372.67287372158023,373.40019495574614,368.751355826418,369.1838073730469,60499600
2023-07-24,370.15675956883325,371.1002764580917,367.9158882106813,369.7734680175781,40380100
2023-07-25,370.4810813583638,373.94066298437116,370.4614053871591,372.2796630859375,38894400
2023-07-26,371.23790057306576,372.73180486329676,368.74148143559074,371.04132080078125,47075700
2023-07-27,376.4960604398785,378.10790044992103,368.8692218728485,370.15673828125,63940200
2023-07-28,374.2060793430186,377.92120924637163,373.6950139044031,376.8990783691406,56902900
2023-07-31,377.2036783924403,378.27496899129,375.77855025979346,377.0955505371094,44019900
2023-08-01,375.7491127916499,376.977661335996,374.15691867719516,376.22088623046875,41060600
2023-08-02,372.75147785059374,372.75147785059374,366.72667080407234,367.9650573730469,72687100
2023-08-03,365.5570778539925,369.49827117137113,365.3899820551256,367.3753356933594,47666400
2023-08-04,369.3017502778893,371.6114279018202,365.1541685427449,365.6554260253906,61702800
2023-08-07,367.46379575584587,368.8496021400914,365.13447246946816,368.7513122558594,37230400
2023-08-08,366.2451201913258,366.2647661725059,362.49066820926964,365.6160888671875,44726500
2023-08-09,365.9010914931724,366.05834931171427,360.83947730891896,361.59625244140625,51150900
2023-08-10,364.6037487888542,367.9355570708687,360.74119910131196,362.26458740234375,72035300
2023-08-11,359.70918530416867,361.6847010137196,358.4315067818279,359.95489501953125,48707200
2023-08-14,359.15880428458615,364.1123206320641,358.44135109912753,363.994384765625,42130800
2023-08-15,363.0213238905632,363.8174509109836,359.4634522422092,360.1318054199219,45539900
2023-08-16,359.59126072419207,361.12448699666004,356.2201305221544,356.31842041015625,53190500
2023-08-17,357.7139772368915,358.05797679257125,352.0135245770987,352.4263000488281,62604300
2023-08-18,349.1633272225095,353.2421023084122,348.6227478776219,351.98406982421875,61191400
2023-08-21,353.4485407972548,358.33325161164004,352.9866052878671,357.65509033203125,50696500
2023-08-22,360.2595642550805,360.269402241501,356.4559827490985,357.14398193359375,44530200
2023-08-23,358.32331567358494,363.86654027095364,358.1070899624708,362.77557373046875,51770600
2023-08-24,366.24505871732504,366.3433186005974,354.814638865053,355.0210266113281,66842500
2023-08-25,355.85649237018794,359.4634943837441,352.42636416855237,357.77301025390625,69960500
2023-08-28,360.69203716817907,361.39968237368765,357.9990681887623,360.46600341796875,40910000
2023-08-29,360.26943235388745,368.6923691023836,359.945108707373,368.3385314941406,58492400
2023-08-30,368.4466677665844,370.97257104872966,367.44415284860855,370.3926696777344,41731500
2023-08-31,370.4712356701043,373.2035261573354,370.40242976003566,371.5032043457031,35730700
2023-09-01,373.8719128585272,374.2945263884665,369.6260415972673,371.1101379394531,39801200
2023-09-05,370.30413979132544,372.8005585792236,369.38026897991097,371.58184814453125,32344200
2023-09-06,370.80540934857504,371.14940891629277,366.30402098652354,368.3089904785156,42998700
2023-09-07,363.8568211799981,366.45153056121603,362.8150142298059,365.6750793457031,52060700
2023-09-08,365.6258703550477,368.4171289383869,365.22290284914124,366.1860656738281,35800100
2023-09-11,369.21327685540757,371.0118589039647,367.24759899108267,370.50079345703125,39936600
2023-09-12,368.8299076129813,370.48109960097645,366.10745492048966,366.3924865722656,41391000
2023-09-13,366.62834339305766,369.3901179238382,365.4980848118178,367.7880859375,46300700
2023-09-14,369.53753034956287,371.7784014897126,367.4735929789483,370.7955627441406,48039400
2023-09-15,369.45892537267173,369.8618928673542,363.5127328219973,364.4464416503906,69811200
2023-09-18,363.5075394553146,365.93866706384733,363.2220951509311,364.8264465332031,36903500
2023-09-19,363.50746579523855,364.846047022524,361.0271075817854,364.0487976074219,37621700
2023-09-20,365.11185487592627,365.46617463630355,358.7239766256181,358.802734375,45514200
2023-09-21,355.1215757656396,355.9090030735523,352.0605365859801,352.22784423828125,69734800
2023-09-22,353.9699695629412,356.1058002061891,351.9620676839268,352.27703857421875,51589700
2023-09-25,351.31247308077525,354.0388968388634,350.32821151607146,353.9502868652344,39168000
2023-09-26,351.37156116070526,351.9129230972597,347.65105327925147,348.63531494140625,53657700
2023-09-27,349.78694641677345,351.3617712282636,345.8301949477779,349.4523010253906,56066000
2023-09-28,348.536874378989,354.50152754238655,347.68057155948935,352.3755187988281,56453300
2023-09-29,355.8498711056073,357.237683269023,351.4009904020204,352.6313171386719,64829600
2023-10-02,352.8971784631042,356.9720060523361,352.2869410494211,355.5743713378906,51625100
2023-10-03,353.1334031343056,355.32831748657793,347.7199639129251,349.33416748046875,60478500
2023-10-04,350.17073233689933,354.9345547909679,349.70812819170675,354.0881042480469,54786700
2023-10-05,354.07826248177054,354.48181334692805,349.55068309904425,353.0447998046875,45897400
2023-10-06,350.0526198848716,360.1511531623578,349.2652226471083,358.960205078125,75049100
2023-10-09,356.5979902725734,361.3322864922869,355.10192335075635,360.79095458984375,45304800
2023-10-10,361.12556647967915,365.436636991541,360.62361350091794,362.7889709472656,46968800
2023-10-11,364.11770992962386,365.5645755687648,362.39525226575506,365.3775634765625,38215100
2023-10-12,365.87956850775583,367.8579138612387,361.71613120455214,364.1078796386719,49587900
2023-10-13,364.73784999596586,365.31856077000174,358.13343264064804,359.5310974121094,52469900
2023-10-16,360.8499408644695,364.64920581637176,360.70230764915857,363.5960388183594,44201100
2023-10-17,360.0527516069459,364.09808260584856,357.93659506794,362.4051513671875,50999100
2023-10-18,359.9149426875973,362.1196789996307,356.32236391560224,357.651123046875,54280500
2023-10-19,359.0685105524273,360.2594588062133,353.5074379211459,354.3046875,72274200
2023-10-20,353.802661937845,354.373550479642,348.79277406044923,349.0191650390625,72559700
2023-10-23,347.70028297707074,353.6058529260909,345.59394861069154,350.0723571777344,60665200
2023-10-24,351.88337576286887,354.245597605717,350.190444601993,353.4778747558594,47082100
2023-10-25,351.08612173446545,351.26328161200416,344.2454916580146,344.8262023925781,71190500
2023-10-26,343.6253716602287,344.5604321044559,336.9619320878897,338.2513122558594,78621400
2023-10-27,340.9777343824353,343.34980841162735,338.664713645482,339.8753662109375,63476700
2023-10-30,342.3556381791839,345.02300826728754,340.9973826442415,343.7041015625,55298500
2023-10-31,343.7336964353076,345.72189409468723,341.1647579872037,345.3478698730469,47671900
2023-11-01,346.1844292136122,351.9029856834564,346.0859970637678,351.3419494628906,58992700
2023-11-02,355.8500014561535,357.95630598147363,354.6294964609688,357.7200927734375,58162400
2023-11-03,359.009384875461,363.21217069923983,358.7829939153068,361.92279052734375,53280500
2023-11-06,362.6905613761771,363.9602672996411,361.1354412045345,363.39923095703125,38848700
2023-11-07,364.4424808513599,367.7003838887603,363.2416806658004,366.8342590332031,50777400
2023-11-08,367.20830712864307,367.90715449646547,364.7870319858255,367.0705261230469,35663400
2023-11-09,367.7595181376134,368.9012351592412,363.7535662221592,364.2456970214844,53859400
2023-11-10,365.96811764516906,372.58235611773597,365.43660802544855,372.4347229003906,58309800
2023-11-13,370.8599423722135,372.3264825668153,369.3343188464061,371.2733154296875,40733500
2023-11-14,377.6710647481959,380.18095021356925,377.14940722623965,379.26556396484375,67792600
2023-11-15,381.15534626237616,381.6474771161688,378.19270891061393,379.5509948730469,54141400
2023-11-16,378.78321698316876,380.11197610306954,377.52336338174916,379.8757629394531,45343500
2023-11-17,379.14743197399827,380.978174311578,378.2419280525446,379.9643859863281,46571900
2023-11-20,379.9741733069402,385.2498310279321,379.9741733069402,384.5903625488281,44429600
2023-11-21,382.8875887400645,383.104127478915,380.6139470007728,382.3560791015625,43337000
2023-11-22,384.42303401897493,386.8836878506186,382.91711507550013,383.9210510253906,44121000
2023-11-24,383.5174806952141,384.10804359224113,382.3855859976571,383.37969970703125,15718800
2023-11-27,382.8875890129527,384.9938930766563,382.1690672796005,383.0450744628906,34139700
2023-11-28,382.29705727580426,384.629752496103,381.9427074752137,384.0490417480469,35491100
2023-11-29,386.5096965719259,387.9368879307099,383.3305207373286,383.6750183105469,38811700
2023-11-30,383.9407150661645,384.40331917550225,379.747781475712,382.71038818359375,52834400
2023-12-01,381.6474431647872,384.3935414950963,379.99389085209225,383.802978515625,40490100
2023-12-04,380.01353822930184,380.5155212317235,376.6375283217996,380.23992919921875,51186900
2023-12-05,378.34022821980363,382.3855278806504,378.1630383515321,381.194580078125,42933000
2023-12-06,384.12777611720855,384.2262082878161,378.64546165801414,378.98992919921875,41994100
2023-12-07,381.96237452044045,385.1119933558489,380.8698286160153,384.28521728515625,49593500
2023-12-08,382.5529483580109,386.440763442931,382.36593626126034,385.99786376953125,46687500
2023-12-11,385.5745976420608,389.56087481431933,385.3679111336152,389.29510498046875,41198000
2023-12-12,389.3344997805244,392.51367542874294,388.20260499540507,392.39556884765625,39221200
2023-12-13,393.3305894727491,397.9959795327111,392.5628666775999,397.3857421875,55408100
2023-12-14,398.60626257953487,399.9054650273427,394.03927446369323,397.0412902832031,55447800
2023-12-15,397.81879386145016,400.1416665507684,397.21840878245297,398.9605407714844,62896600
2023-12-18,399.3531274608477,402.3709814532671,399.0276856016672,401.4735107421875,46610000
2023-12-19,401.9272183922163,403.64324484426675,401.7398327339718,403.52490234375,35711900
2023-12-20,402.7260644342573,404.81686222390726,397.3511117357138,397.52862548828125,54042400
2023-12-21,401.45386996891017,402.5190128052261,398.8995436796957,402.1540832519531,45568900
2023-12-22,403.36701037738135,404.3236521682308,400.88172814112545,402.75555419921875,34314000
2023-12-26,403.61363564115584,405.8918189348546,403.5150068640605,405.22119140625,22722500
2023-12-27,405.5034136279449,406.33227692599,404.64491903161536,406.0461120605469,31980500
2023-12-28,407.20059203535254,407.4472786001535,405.493510166212,405.8487243652344,27029200
2023-12-29,405.8289987195395,406.18424303030133,402.1780255292888,404.0923156738281,42662100
2024-01-02,400.4610755514925,400.70776210232845,394.9352907901461,397.254150390625,58026900
2024-01-03,394.62945935762554,395.68528517613936,392.61651849103555,393.0506591796875,47002800
2024-01-04,391.1857150566472,394.29395995431605,390.8107466354673,391.02783203125,39432800
2024-01-05,391.19559581132245,394.2643624530388,390.1002917227411,391.4916076660156,44922800
2024-01-08,392.7151105086331,399.86902045875746,392.56710460125134,399.5828857421875,42473800
2024-01-09,396.5832122441471,401.2998583916522,396.38585093731285,400.372314453125,39132900
2024-01-10,400.68802943408053,404.0922856948166,399.79996389271906,403.0858154296875,33962800
2024-01-11,404.35882293243714,405.75013899493814,398.88236224645095,403.9246520996094,54536200
2024-01-12,404.96066868440437,405.79940904791505,402.7404895467562,404.1318054199219,39595000
2024-01-16,402.8983611364545,405.67111570510156,401.43796583773303,404.0923156738281,43903000
2024-01-17,400.7867328397497,402.1878956347256,397.57980756543736,401.81292724609375,54386000
2024-01-18,405.0790624458076,408.0985035821571,403.7371019910327,407.5163269042969,59562500
2024-01-19,409.7167490166388,415.7556308047032,409.13457238549967,415.5977478027344,70325100
2024-01-22,417.79822938691245,419.10074165177724,415.53857206404774,416.1405029296875,44880600
2024-01-23,416.831207947934,418.08439494816366,414.9958743913693,417.8673095703125,33003800
2024-01-24,421.7748037710198,424.1528657583579,419.692753602394,420.1861267089844,46948000
2024-01-25,422.68261931824196,423.3536296702719,418.36069593474804,420.69927978515625,44367200
2024-01-26,418.81458709390614,420.5611171421055,417.54167598048286,418.19293212890625,37137000
2024-01-29,418.6468527875806,422.6727946600037,417.995596599009,422.4754333496094,38694700
2024-01-30,421.43933884792625,422.0116384359929,418.75538778321743,419.6631774902344,36739000
2024-01-31,415.2721531538391,417.2653696796535,411.265965905402,411.4435729980469,64010600
2024-02-01,413.2395011756799,416.7819168628328,412.2724789381055,416.2885437011719,51008600
2024-02-02,418.18309593751326,424.53774491430374,417.18650258936236,423.3240661621094,59602400
2024-02-05,423.3832622919812,423.9160836378695,419.3671974329479,422.771484375,39889200
2024-02-06,423.9160376085168,424.5179684735846,419.5842372747902,421.9228210449219,35846100
2024-02-07,424.7054500501672,427.0933590723248,423.4029377945693,426.2644958496094,37712700
2024-02-08,426.382944683857,427.8137389159285,425.70211741625366,427.053955078125,29889900
2024-02-09,428.1886798363185,432.0468613748132,427.39929486367424,431.2574462890625,36943900
2024-02-12,431.1488988628783,433.3197526076636,428.8892415712298,429.5700988769531,33203300
2024-02-13,421.6169297930613,425.5540376317795,419.6927625909073,422.8700866699219,64491700
2024-02-14,425.54428737475615,427.9025957520069,423.19582598517513,427.4783020019531,45092700
2024-02-15,428.1689829438769,429.2149316499549,425.61328343662643,428.75115966796875,38796100
2024-02-16,429.12612415809764,429.2247747002088,424.15291424350715,424.8633728027344,53716500
2024-02-20,422.87011177333653,424.37983239693597,417.8870550394781,421.65643310546875,53999500
2024-02-21,418.9231370059664,420.05791936146005,416.04185462250535,419.9690856933594,49779000
2024-02-22,428.73137801666724,433.3000180733952,427.96171712915435,432.2639465332031,53887800
2024-02-23,433.82298476432334,434.7505286525933,430.0141586762791,430.99102783203125,39853900
2024-02-26,431.80013965543253,432.7868858474637,430.57655390040327,430.7640380859375,33043200
2024-02-27,431.8692503640229,432.184986282359,429.26422577428366,431.8001708984375,33713200
2024-02-28,429.6589511430398,430.88253708025496,428.5439229619259,429.5010681152344,32938800
2024-02-29,432.4218263244893,434.2571599221341,429.2543491340669,433.1816101074219,42495200
2024-03-01,434.06972712165634,440.6611857217521,434.01052474782574,439.70404052734375,43853000
2024-03-04,439.7039937666643,440.12831755147187,437.8883842316844,438.13507080078125,34325700
2024-03-05,435.09589454205684,435.1057716407656,427.9025059370084,430.27069091796875,57917100
2024-03-06,434.48411631091494,436.13196568615194,431.0995838983498,432.9743957519531,46234500
2024-03-07,436.5563328635165,440.7993301178958,435.01698085540727,439.5461730957031,44526700
2024-03-08,439.9013398799173,442.69384860902386,432.5303442452579,433.2013244628906,72096000
2024-03-11,431.71139180076773,432.8461440453612,429.6688196926347,431.5929870605469,45860000
2024-03-12,433.9019708917608,438.13509093051266,430.67529114733907,437.7798767089844,55300900
2024-03-13,436.78325473745014,436.8030089363392,433.30004141473387,434.4150695800781,37928700
2024-03-14,435.64846988201316,436.1714441905976,430.6062109929357,433.31976318359375,52195200
2024-03-15,430.2904130549387,433.05329030801596,427.0045314189574,428.1689147949219,73069800
2024-03-18,433.4876578345993,435.77005339953286,432.015441232783,432.2525939941406,47323800
2024-03-19,430.24684485265067,433.7346638779125,428.15215128325195,433.3295593261719,43004100
2024-03-20,434.52512339661354,438.80337150894667,432.82567425217115,438.4674377441406,43653500
2024-03-21,443.51640198843563,443.97089707149223,440.3447662615523,440.5423583984375,39345700
2024-03-22,440.02851230460703,442.142925733488,439.17877277778564,441.04620361328125,28253900
2024-03-25,438.2500236979711,440.9276637079466,437.2521126584658,439.4455871582031,27789200
2024-03-26,440.9672001706422,441.88611062299844,437.79556453713616,438.0228271484375,34142000
2024-03-27,441.10548724918266,441.2042983789603,436.64936762664576,439.51470947265625,41359200
2024-03-28,439.46534778476365,440.3150873730311,438.3488452662453,438.7045593261719,36839600
2024-04-01,439.6530509460299,442.18245907233614,437.726339451207,439.63330078125,38729000
2024-04-02,434.8215114618378,436.15538646711934,432.79601878365486,435.8392028808594,44259700
2024-04-03,433.71488798828096,438.694673809478,433.70502798159896,436.8173828125,39949800
2024-04-04,440.996824784503,441.60944178188765,429.9108904729682,430.1381530761719,57267700
2024-04-05,431.5608768260422,437.8745366372013,430.75066784020805,435.206787109375,54744600
2024-04-08,436.1355849917124,437.2125569373429,433.9520007772844,435.33526611328125,28144900
2024-04-09,437.6671198430058,437.94377295312506,432.213088463687,436.94586181640625,39443600
2024-04-10,431.7783023964343,433.99152706641837,431.0669044449502,433.1319274902344,61502200
2024-04-11,434.99935255997985,440.9967993468194,432.7268171178065,440.04827880859375,45474600
2024-04-12,435.82934357135736,436.95570613893716,431.6597667487768,433.03314208984375,53665000
2024-04-15,436.7778637813603,436.8667847613836,425.0694522981349,425.9093017578125,63453600
2024-04-16,425.75119974644684,428.5770414842701,424.56555655499864,425.9488220214844,47619000
2024-04-17,427.9249391300538,427.9446892970782,419.82290801689595,420.7516784667969,56880500
2024-04-18,421.3939535213818,423.12304314962176,417.7776824519683,418.35076904296875,46549400
2024-04-19,417.1748963589334,417.6985621852426,408.1342356976317,409.6953430175781,75231000
2024-04-22,412.3235850098198,416.1473377835961,408.9938577655325,413.8155517578125,47807700
2024-04-23,415.74220734573504,421.1863779906692,413.8649164811478,419.9908447265625,44384700
2024-04-24,423.0834744692618,424.59519137964264,419.1312702431236,421.4136657714844,48440300
2024-04-25,414.23052802555014,420.23789551957753,413.1436959522945,419.3782958984375,57392200
2024-04-26,422.5104492586841,427.38153443727947,421.8188315105415,425.8500671386719,41874900
2024-04-29,427.9545047057116,428.5769816169086,424.84215030264795,427.57904052734375,30022200
2024-04-30,425.9982141906258,427.39136982222493,419.4375707439293,419.5166015625,43665900
2024-05-01,418.0938044365129,425.00030192305,415.6335669199923,416.4832763671875,52251700
2024-05-02,420.2181234298724,422.6981413555137,415.60394164929187,421.79901123046875,36559000
2024-05-03,429.2489077059209,431.26454032422834,427.45064752834196,430.2764892578125,48515300
2024-05-06,432.07473911225696,435.0784229348323,431.3040604511998,434.989501953125,30227200
2024-05-07,435.4341190165748,436.6889330215927,434.32747648868434,435.05865478515625,30996100
2024-05-08,432.44033140017706,436.20480361971187,432.3217399415846,434.8017578125,24896700
2024-05-09,435.06854747339855,436.32339172560376,433.2208966564502,435.75030517578125,24580100
2024-05-10,437.2521379272072,439.0009775019168,435.23650526025403,436.7778625488281,27116600
2024-05-13,438.6847746021528,438.78358573741383,436.3727387710848,437.78564453125,22994200
2024-05-14,437.3607565194814,441.1351184674474,437.1730244226559,440.6015625,34478300
2024-05-15,443.0717526114495,447.73535506298566,441.56003561725066,447.48834228515625,41464700
2024-05-16,447.30057313923777,449.2569250327754,446.41133324323863,446.5793151855469,34780400
2024-05-17,446.70770167002837,447.3104284305846,444.16843363827496,446.3619079589844,35803700
2024-05-20,446.57935219702347,450.13631207581267,446.3916200736185,449.4743347167969,24474200
2024-05-21,447.6266070825563,450.54133926889614,447.4289848330423,450.3536071777344,23167700
2024-05-22,450.6105638917276,451.3614923460644,447.6661608786562,450.2647399902344,25120000
2024-05-23,455.04691409303155,455.0765544193966,446.4508877649814,448.2392578125,40899200
2024-05-24,449.8497773775448,453.7427009819922,448.1503283413245,452.4779968261719,29669500
2024-05-28,453.6932303817644,454.24653650445447,451.23299315219873,454.187255859375,26216800
2024-05-29,450.0374719321695,452.76447213726425,449.8991303213493,450.9859924316406,29739200
2024-05-30,450.05723247359657,450.19557408760653,444.8304342178574,446.1544189453125,30536800
2024-05-31,446.38168470948995,447.0733324786168,437.76587868424843,445.324462890625,55941300
2024-06-03,449.1383414785647,450.136252464962,442.54802817081566,447.7155456542969,32997500
2024-06-04,447.4586887576052,450.1362987474651,445.73948952356676,448.9407653808594,23767400
2024-06-05,452.507661370221,458.07036382987604,448.9803116462065,457.9913330078125,33817400
2024-06-06,458.67307087921665,458.9892544596683,456.6673284046728,457.8332214355469,21966800
2024-06-07,457.46763107031757,460.17488126832046,456.32148824669326,457.4281005859375,25829700
2024-06-10,456.3017739959468,459.6315014350847,456.015230729256,459.2757873535156,20660800
2024-06-11,458.001193404112,462.5462342770449,456.5092266656226,462.4276428222656,22053300
2024-06-12,466.35018122447093,470.80630087751473,465.6585636171395,468.484375,34532600
2024-06-13,472.01176323840133,472.6737707294216,468.7512067349177,471.0237121582031,25859000
2024-06-14,470.8260932107854,473.5333736936647,470.36170799369097,473.4642028808594,23372600
2024-06-17,473.7309461963046,481.0425179080329,472.42674173146634,479.2640380859375,37054500
2024-06-18,479.2146698362232,480.0940196286849,477.6535322250408,479.4122619628906,24438600
2024-06-20,480.6077834849521,481.0227480217305,473.8890185540874,475.7169189453125,33918700
2024-06-21,475.44026293593026,476.7741378160484,472.9503852718537,474.44232177734375,37456800
2024-06-24,473.2172197227776,474.9490574140219,468.9024843141438,469.041015625,37751000
2024-06-25,471.129109923321,474.7016290052878,470.1889574276186,474.4047546386719,29014700
2024-06-26,473.583311724655,475.928739825408,473.1676876466421,475.3844299316406,22737100
2024-06-27,475.1370763918568,478.0861593754013,474.32557950230506,476.6116027832031,26222100
2024-06-28,477.403281069795,482.1435762094865,473.4942643131208,474.13751220703125,34881600
2024-07-01,475.05793318372764,477.4824878396145,471.3171649653183,476.9184265136719,24898300
2024-07-02,475.42405251727433,481.98524767467785,475.2953968944467,481.9258728027344,26723600
2024-07-03,481.1737429455758,486.0723812066587,481.1737429455758,485.9437255859375,18064900
2024-07-05,486.7849470721582,491.4460560048313,486.4880424937544,491.0106201171875,28495900
2024-07-08,491.3766928056572,492.73246923708837,490.35738401261546,492.17828369140625,22109400
2024-07-09,493.69247152313164,494.8107486472105,491.08976215311105,492.6038818359375,25614500
2024-07-10,494.52378120012463,498.2942369269607,493.2175036938141,497.74005126953125,28046900
2024-07-11,497.8489225363497,498.05673460649984,485.6369961812132,486.82452392578125,49966600
2024-07-12,487.3984860685638,494.43468031357077,486.9333627636992,489.68450927734375,37109400
2024-07-15,491.4559193387255,495.8102781057871,488.9620840273778,491.0007019042969,31151400
2024-07-16,492.4554349867678,493.2669318468274,488.03182577264374,491.188720703125,25950600
2024-07-17,483.21240438634226,483.7269967148813,476.70070794093556,476.76995849609375,56268800
2024-07-18,480.4909023481686,480.6690269613123,471.32699803901284,474.5135803222656,49347400
2024-07-19,474.1771324025522,476.690779451391,469.0212128794801,470.3077087402344,42042900
2024-07-22,476.16627496100256,478.3335484183621,472.7520687745181,477.3142395019531,40300000
2024-07-23,476.413675873234,479.4023218426893,475.15686747764715,475.6318664550781,23282500
2024-07-24,468.9025137359399,469.2686688957843,457.70989585658754,458.57086181640625,58818600
2024-07-25,458.9073044861217,463.08350861797516,450.9012698036603,453.51385498046875,59256800
2024-07-26,457.8484139466182,461.0943714926242,454.998298988983,458.16510009765625,39992100
2024-07-29,460.8766312425985,463.05381067459047,456.8290828356766,459.0854187011719,28218500
2024-07-30,461.01518280406907,461.7178056143378,449.4365991488919,452.7815246582031,41317200
2024-07-31,463.0141989264488,467.8831499165186,461.5693600159238,466.1809997558594,44552100
2024-08-01,466.8637986918458,470.6144420320547,451.2475742960661,454.8893737792969,56653900
2024-08-02,446.2103945628348,448.8625725894834,439.8570120712716,444.09259033203125,66323200
2024-08-05,420.30213280152026,437.6996954353394,419.0552302659208,430.85150146484375,87483500
2024-08-06,432.6922358150409,442.4301081222253,430.04993302092026,434.9683532714844,63164400
2024-08-07,441.85608592677744,444.3400455113918,429.8618783945526,430.2577209472656,54929200
2024-08-08,436.48248198323597,444.3301736904715,432.6130580671069,443.41973876953125,47890100
2024-08-09,442.1034884926195,447.36828199277033,440.98521139268263,445.73541259765625,33574000
2024-08-12,446.7052488965294,449.6543015423584,443.8946973509151,446.6953430175781,27795000
2024-08-13,451.08929276754145,458.0463309110078,450.9507312570199,457.77911376953125,40084500
2024-08-14,458.6995159420648,460.2828863360715,453.6425338785786,457.9276123046875,34733700
2024-08-15,463.89498501162524,469.8920888985799,463.5189240086724,469.4962463378906,38280600
2024-08-16,467.71492303753774,471.46559709537195,466.7549889446626,470.09991455078125,38383600
2024-08-19,470.2384190047046,476.3146787618839,468.45708234495805,476.27508544921875,23737700
2024-08-20,475.36469707718084,477.92781315701507,473.5833602435094,475.275634765625,29209300
2024-08-21,476.0573769337116,479.34292733029224,474.3453511879504,477.4923400878906,25658800
2024-08-22,479.8080927390778,480.50083988140653,468.89256861321644,469.9217834472656,37739600
2024-08-23,474.2662190268282,477.72989443042314,470.3473261692852,475.0183410644531,36061500
2024-08-26,474.47403729011756,475.3943780311616,468.32846606891127,470.40667724609375,27452600
2024-08-27,468.77377514358506,472.8806980164579,466.81431385011683,471.8119201660156,27510000
2024-08-28,471.3468319839668,472.06923634933787,463.0340174366107,466.4580993652344,37372400
2024-08-29,468.3680414193151,472.96977514887374,464.4986179028176,465.7752380371094,41081500
2024-08-30,470.1098416754634,471.9505233094589,465.62685714654253,471.3270568847656,33466500
2024-09-03,468.2888929130331,468.41751833575614,454.64200434968836,457.01708984375,44985200
2024-09-04,453.9096909499647,459.62970181353774,452.9794443561613,455.82952880859375,32505100
2024-09-05,454.20660310052904,460.53026908790207,453.18729411410754,456.255126953125,34452400
2024-09-06,455.55247378914544,456.43325146305574,443.53848390385747,444.0332946777344,50624400
2024-09-09,448.35791362802206,450.73299918390046,445.15154963762876,449.7433776855469,32981200
2024-09-10,451.50491342000015,454.404527431382,447.5365516543528,453.8998107910156,29680300
2024-09-11,455.13684408962206,464.4986553607296,446.5964054047374,463.7564392089844,57843000
2024-09-12,463.7861380430132,469.12021274769836,462.004831315396,468.3087158203125,40067800
2024-09-13,467.57637427019046,471.5843292398022,467.34875045430647,470.40667724609375,29111800
2024-09-16,468.2790222139315,468.94205173790556,465.0132831893614,468.3284912109375,22585600
2024-09-17,471.3468249743636,472.6432267020708,466.08203143235426,468.57586669921875,30084400
2024-09-18,469.7733253245315,473.8604366394035,465.9434648552166,466.5471496582031,39909200
2024-09-19,477.60122868202563,481.18368396372693,475.50323588556273,478.34344482421875,52782500
2024-09-20,477.4824523914932,478.670010233335,473.33593602484865,477.4329833984375,34577700
2024-09-23,478.60932938150205,479.78863625808964,477.2714569319046,478.6985168457031,24843000
2024-09-24,480.10574366251944,481.9589315670274,475.85432326157445,481.007568359375,25952600
2024-09-25,480.3832116885974,483.40581684032236,480.2048367630411,481.4535217285156,26549900
2024-09-26,488.935650492815,489.26270143246154,481.4336813987619,485.0707092285156,32020200
2024-09-27,486.091478815064,486.2302350383357,481.19587618082716,482.37518310546875,22851100
2024-09-30,481.4139231192811,484.0202901406472,478.5796426391889,483.683349609375,30281100
2024-10-01,483.31662795419345,483.6139194959118,473.1091848680393,476.94439697265625,42735400
2024-10-02,476.0426111384499,479.53099347672526,473.42635462803594,477.61834716796875,23744000
2024-10-03,475.4281875265743,480.1949538329901,474.6849283697324,477.2615661621094,25337200
2024-10-04,483.06886937334593,483.49499732601123,478.054350472024,482.9400329589844,30686600
2024-10-07,481.0274369696279,482.19682413323716,476.548042370329,477.7669982910156,24975100
2024-10-08,480.30397136476074,485.5860530274448,479.50125391077506,484.9022521972656,28272000
2024-10-09,484.6049266009383,489.2924248153579,483.564375972424,488.7176208496094,24995000
2024-10-10,486.43830727293584,490.0257663240612,485.130164010439,488.16265869140625,25750400
2024-10-11,486.32930368033,489.9465223032904,485.7644497271091,488.9257507324219,20644500
2024-10-14,491.3140416541778,494.3465361602604,490.80864606535613,493.02850341796875,26060100
2024-10-15,493.35556948418406,494.0195609373264,484.2878142839425,486.4383239746094,34784500
2024-10-16,486.7653651407915,487.27079104064836,483.18782561554843,486.497802734375,22996800
2024-10-17,491.97807225486406,492.02761076485535,486.7752584875692,486.834716796875,27210700
2024-10-18,489.61946873591097,491.1159067857121,488.8662898112495,490.0257873535156,25335000
2024-10-21,488.81674495745733,491.7699720639436,486.894178959246,490.9672546386719,30336500
2024-10-22,488.30143046324906,492.9790090488197,487.54825154691343,491.50238037109375,26685800
2024-10-23,489.1536769704334,489.80774860991164,480.69042485410046,483.9706726074219,39346600
2024-10-24,487.68697675640317,488.56899209054706,485.0409912405532,487.8951110839844,22024900
2024-10-25,490.68978912710674,495.7835760452956,489.98614869868027,490.8681640625,38762100
2024-10-28,493.97994371032735,494.03940202418397,490.65015716118575,490.94744873046875,20477800
2024-10-29,491.2645459528903,496.84394921613693,489.4113580647336,495.6646423339844,28014100
2024-10-30,494.9015658306743,495.85292901449105,491.43302334965017,491.9186096191406,29756000
2024-10-31,487.9546149950835,488.00415351011384,479.40217446492693,479.50128173828125,41245200
2024-11-01,481.1364259666195,486.33924004761803,480.8391344021652,483.049072265625,33655800
2024-11-04,482.4445631601672,484.9815519553387,479.8976545652101,481.641845703125,23291600
2024-11-05,483.2274401655053,488.45009377025474,483.1382526974681,487.7861022949219,24353600
2024-11-06,496.06101877316587,501.85844565844053,495.1096556168165,501.035888671875,43082200
2024-11-07,503.83053009542596,509.70725465257993,503.77107179071777,508.92431640625,32853100
2024-11-08,508.42889322268616,510.29200105591366,507.8045506782223,509.51904296875,22924500
2024-11-11,510.73789673440615,510.9460310487798,506.3279110734033,509.2216796875,24167500
2024-11-12,509.1523347344934,510.0342895835151,505.24771417717085,508.3000183105469,25835300
2024-11-13,507.7946415908849,510.35140934593795,505.36664976558126,507.6459655761719,24567400
2024-11-14,507.30907205086606,508.18113740505333,503.2062669199819,504.1180114746094,28679500
2024-11-15,498.41964553643646,498.80612454252906,490.04558089937717,492.1069030761719,51461100
2024-11-18,493.6529120920853,497.6268806924794,492.265501060555,495.5259094238281,27080800
2024-11-19,492.94930559999926,499.42061410574536,492.6123348353257,498.93499755859375,24523000
2024-11-20,498.63769372570533,498.9548248827178,492.0970072679585,498.6476135253906,29565500
2024-11-21,501.6900305990874,502.40356062716495,493.0880515474197,500.4413757324219,34526700
2024-11-22,499.8863672514566,501.9773883931018,498.2610927916357,501.2440490722656,23826600
2024-11-25,505.31708246990956,506.85316942781503,499.727789745264,502.0368347167969,26375200
2024-11-26,503.51346597969416,505.5549789384047,502.6711298031389,504.732421875,26557100
2024-11-27,503.6026531011734,503.67200096615676,497.4187167746415,500.7584228515625,24957400
2024-11-29,501.38275454356886,505.7531216213566,500.7683318681806,505.15850830078125,15334000
2024-12-02,506.4171903389158,511.62000476225506,506.0306810364007,510.65869140625,25147200
2024-12-03,509.33074852467934,512.5019997630951,508.755944494111,512.2244873046875,18597900
2024-12-04,515.6434895026028,518.8147407281132,514.9299292457346,518.5570678710938,26086200
2024-12-05,518.6066356126173,519.330055223799,516.7336078801881,517.1201171875,18169600
2024-12-06,517.7839983547849,521.9858801083601,517.6551619389516,521.748046875,23762600
2024-12-09,520.8264281316256,521.6192257616104,516.5353285463648,517.6849365234375,20674400
2024-12-10,518.9137744707876,520.6579655236552,514.4938385293885,515.9208984375,24350000
2024-12-11,520.2814024633593,525.8409663614733,519.8751140774373,525.1571655273438,32168600
2024-12-12,522.9372703487448,524.2057949010591,521.2922168369533,521.7678833007812,23577500
2024-12-13,525.6923406392922,528.3779449247531,522.5607082907461,525.76171875,28780400
2024-12-16,528.2887896903175,534.3042408794819,528.2094917796982,533.3330078125,31979900
2024-12-17,531.5392172672515,532.6491459423796,529.3292797155087,530.9842529296875,28579100
2024-12-18,530.3401626443599,532.0545942641155,510.38116393926435,511.8280029296875,54703200
2024-12-19,516.5056307829288,517.0705149732767,509.21179579232137,509.5487060546875,46441800
2024-12-20,505.852260942774,520.1030209685301,504.71260298135905,513.9983520507812,60530000
2024-12-23,515.7106302984251,519.3833002478667,512.3159202923702,519.006103515625,29672800
2024-12-24,520.9516666586724,526.1330632045123,520.3163815436208,526.0437622070312,17558200
2024-12-26,524.4158916610216,527.3142968325767,522.4207352238725,525.6864013671875,19090500
2024-12-27,522.1228814363513,522.559632331355,514.0330843757536,518.6983642578125,33839600
2024-12-30,511.70056788679796,515.5220934757389,508.0477388006378,511.7998046875,34584000
2024-12-31,513.0802310210817,513.8345638741997,506.48928482473434,507.4521179199219,29117000
2025-01-02,510.4993728244697,512.8221071633047,501.97285552495356,506.45947265625,36389800
2025-01-03,509.55634989003045,515.8098417331423,508.7424629551306,514.7477416992188,29059500
2025-01-06,520.1475802181556,524.0187233784725,518.1722957509822,520.6636962890625,36109700
2025-01-07,521.7060622347128,522.1030699951067,509.487032146117,511.3729553222656,36690300
2025-01-08,511.2736819109176,513.1000507629971,506.7970001880406,511.4622802734375,30777800
2025-01-10,507.7002616861164,507.7994984696709,500.19613120906627,503.44195556640625,40532500
2025-01-13,497.4962392396563,502.28059733248006,496.00732395497107,501.8240051269531,31694200
2025-01-14,504.9804910575475,506.39001083545065,497.88333436019064,501.3475341796875,33737200
2025-01-15,509.2388513156959,514.0231792721111,507.680415704871,512.8817138671875,34957600
2025-01-16,515.144815906314,515.2242416848954,509.15940797728683,509.2884521484375,28229000
2025-01-17,518.9861821179226,520.1971979799845,509.3181691473964,517.8843994140625,51837900
2025-01-21,520.6041714349437,522.0831509199561,516.2168513724278,520.9218139648438,23628000
2025-01-22,525.6566091124832,529.875202608773,525.3489023631776,527.582275390625,33593000
2025-01-23,525.1304853393235,528.8230268358762,524.5448792406889,528.7039184570312,23096600
2025-01-24,529.0810884811151,529.8453571094432,524.2470818339253,525.7161254882812,19878300
2025-01-27,507.2237947720407,514.162130138184,506.3800700726188,510.41009521484375,60771700
2025-01-28,511.4125906777684,519.135127001106,507.9980395084438,517.9539184570312,33194200
2025-01-29,518.5991606876129,518.7282048637726,513.0802502522747,516.981201171875,26649000
2025-01-30,519.8399100776113,522.2122024136221,514.3805539731445,519.1847534179688,27431300
2025-01-31,523.0261489535886,527.5921922182381,517.3385119017584,518.4303588867188,38755200
2025-02-03,509.6755241871737,517.000992221849,507.27342449560086,514.28125,40580800
2025-02-04,514.7974286874838,521.2295233442737,514.4003603770645,520.59423828125,26046800
2025-02-05,517.9638067327847,523.1154555461139,516.7726625026758,522.9566040039062,21134100
2025-02-06,523.4629639433027,525.8948713447239,521.8549400712387,525.6864013671875,19434500
2025-02-07,526.2224024701397,528.1678797493125,518.3311390158517,519.0557250976562,29605500
2025-02-10,523.3238397124358,526.440649799091,522.8573420708846,525.3388671875,20852800
2025-02-11,522.0732896066455,526.0039872775455,521.9442454321847,524.0882568359375,19325500
2025-02-12,518.4402741025981,525.2793726405877,518.0928847804781,524.3959350585938,25009400
2025-02-13,526.0635234537466,532.2574012792994,525.2793832223591,531.9398193359375,28714800
2025-02-14,532.04907814039,534.8581823666922,531.7115639677082,534.1732788085938,17862600
2025-02-18,535.7414804029439,536.0095045421328,532.078746365208,535.3841552734375,20565000
2025-02-19,534.590089236306,536.8135264180986,532.4956962288245,535.5330810546875,19666900
2025-02-20,534.7487415924396,535.116002429008,528.5251183726856,533.2598266601562,26550800
2025-02-21,534.4014135025412,534.4212850908257,521.8250608987436,522.1923217773438,47093800
2025-02-24,523.9790766643296,525.1602852244356,515.6908057368098,516.0282592773438,39268400
2025-02-25,515.402907751773,515.4823335308943,505.67533996149535,509.52667236328125,48940000
2025-02-26,511.7203707318304,515.8197951624629,507.59107833039616,510.75750732421875,34457600
2025-02-27,514.3011233717788,515.2341793751592,496.35471414579564,496.5730895996094,52448000
2025-02-28,496.4341695072467,505.02024211700774,493.2578045883236,504.4147644042969,47654000
2025-03-03,507.73993161461107,509.2486881332856,489.93250314963643,493.3768615722656,44587200
2025-03-04,490.5280988504062,500.0174498903787,484.1356867718227,491.8879699707031,67875400
2025-03-05,492.53313921136856,499.9082249165119,487.629642939058,498.3002014160156,46323700
2025-03-06,490.0417360224173,494.89558418778057,482.6070952577814,484.5923156738281,57574300
2025-03-07,483.56003226680144,489.63480239179813,476.979021200701,488.15582275390625,54714700
2025-03-10,479.8774159142813,480.39356231594445,465.1967024947357,469.23663330078125,76668000
2025-03-11,468.85944790641054,475.2717015064333,463.55891291656457,468.114990234375,68760800
2025-03-12,475.6190975102553,477.50505079394827,468.3035653299785,473.3956604003906,46971100
2025-03-13,472.73057814566323,472.76035523811606,462.98313932199375,464.8790283203125,46563300
2025-03-14,470.2292160585815,477.0087300371878,469.6237081167645,476.1153869628906,43563000
2025-03-17,476.06574086012523,482.2497130174167,474.2691189068619,479.202392578125,41744400
2025-03-18,475.86727110411596,476.0657749736721,468.91899953639006,471.03326416015625,39072300
2025-03-19,473.2864979024419,481.7435264527976,471.36083156550126,477.33636474609375,40430300
2025-03-20,473.3559058863872,480.9692083343736,472.6610667046265,475.71832275390625,36780500
2025-03-21,470.57662752286865,478.0509810732746,469.4152905592447,477.28668212890625,42234900
2025-03-24,484.8576491349716,488.60538941404207,481.5373907904982,487.7604064941406,34567200
2025-03-25,488.4861096315565,490.70291186860106,487.5218407035887,490.5438537597656,26035200
2025-03-26,489.3907271556028,490.2456607367531,479.96676889831855,481.5175476074219,34627100
2025-03-27,479.5591741727875,483.70451433059617,477.41193517577676,478.7738342285156,33469800
2025-03-28,476.9745201773356,477.6803158784236,465.2840071747282,466.16876220703125,46363800
2025-03-31,459.1902923533091,467.08334293131804,454.62739030879317,466.14892578125,53000300
2025-04-01,464.53844262078127,470.83105198841025,461.6754876852753,469.90655517578125,41156200
2025-04-02,463.3654253458386,476.7260031222664,463.1069521266998,473.3361511230469,49894500
2025-04-03,453.7426062022167,457.35115906183495,447.47984907108474,447.99676513671875,70456300
2025-04-04,435.55079068681124,437.7675929050692,420.1722106933594,420.1722106933594,117088400
2025-04-07,406.24500940343484,440.52125924890055,400.01207316550386,421.1861877441406,161557000
2025-04-08,435.5706616527368,440.52124286102435,407.3683213181599,413.60125732421875,101248100
2025-04-09,413.1141801222823,465.0653269802432,412.97499289588256,463.24615478515625,142876900
2025-04-10,450.8796663706337,452.89766878987024,430.07336033484415,443.54327392578125,108384100
2025-04-11,442.0223093443537,453.09649143953806,438.7219217931667,451.7146911621094,52483800
2025-04-14,461.7152518499013,462.30176158755654,449.955174921676,454.7765197753906,43941200
2025-04-15,455.83024573579985,459.64754944257936,453.4543549864483,455.2834777832031,35404200
2025-04-16,446.37642892854547,449.94520996662885,435.17304059444126,441.5550842285156,48980600
2025-04-17,444.5274202476084,445.103979334769,438.75172707786896,441.4755554199219,44837000
2025-04-21,435.6402443758458,436.4851969411389,425.40109511314887,430.55047607421875,44149300
2025-04-22,436.22677695266526,444.9349886334612,435.03385628214005,441.85333251953125,52304400
2025-04-23,455.46243104941027,460.641633756553,450.20368411807647,451.8737487792969,55801100
2025-04-24,453.78240723852906,464.89633088737224,453.1362241937562,464.5881652832031,45956100
2025-04-25,464.2103725610634,470.2942006570759,462.6397231543872,469.767333984375,38697100
2025-04-28,470.23458681729716,472.0040665388327,463.27595392675005,469.6182556152344,33550800
2025-04-29,467.3915080044207,473.6045731544733,466.8149185696458,472.7198181152344,30613100
2025-04-30,464.36947606745446,474.37997416490805,459.697238824554,472.6601867675781,46810600
2025-05-01,480.5532529218463,484.30096287876717,477.89901815565884,478.8334655761719,43316500
2025-05-02,483.66474747370063,488.00891762969025,481.9648310617846,485.9411926269531,39218100
2025-05-05,481.73622270162116,486.14003597307794,481.2391774925475,483.058349609375,28309500
2025-05-06,476.7260205679887,482.1835675083398,475.36412148604,478.5650939941406,32786300
2025-05-07,479.2310866723673,482.9291041737698,473.9624196873836,480.4438781738281,38006300
2025-05-08,485.642990937839,489.78836133137906,481.30877127503675,485.4044189453125,39577600
2025-05-09,487.31308720263786,488.6352445339485,483.3268049949173,485.0863342285156,27767400
2025-05-12,503.99388239825186,504.88858802841014,498.51646492128515,504.84881591796875,45090600
2025-05-13,506.1510665570221,514.3324413872226,505.4154493764172,512.5430908203125,53269600
2025-05-14,513.7161211405411,516.1615447200978,512.7021295054291,515.6148071289062,47014500
2025-05-15,513.4676100523011,518.8456125999866,512.125551562593,516.1814575195312,50153300
2025-05-16,517.5830873308704,518.6169801912382,514.0441278903378,518.4281005859375,48394600
2025-05-19,511.2010686059385,519.442117353632,511.2010686059385,518.9251708984375,52536200
2025-05-20,516.4001137065187,517.8515075410328,513.6067220946634,517.1954345703125,42517600
2025-05-21,513.2191016405527,519.909311026266,508.2187974987168,510.0081481933594,71292800
2025-05-22,510.62444594761195,514.6505605896812,509.2724975713598,510.96246337890625,55607200
2025-05-23,503.1887069260503,508.8152626278632,502.59224657648224,506.2306213378906,58368100
2025-05-27,513.0998460017336,518.626986864166,511.54906721801433,518.1398315429688,47226300
2025-05-28,519.0940785672615,520.5852140545883,515.3264980787542,515.8433837890625,46637200
2025-05-29,523.21968658337,523.3687637584553,514.2629211840699,516.8574829101562,58513300
2025-05-30,516.3703642123456,517.6030267064441,508.9047349583655,516.0422973632812,67662800
2025-06-02,514.18335129797,520.3566750351536,512.9208369697641,520.1181030273438,44762800
2025-06-03,520.4660102317107,525.6153916465726,519.6011563664897,524.1838989257812,44070300
2025-06-04,524.889745168766,526.7089478092026,522.8617616763219,525.645263671875,41359300
2025-06-05,527.0468829475419,529.8999177687056,519.5713031286073,521.688720703125,61031200
2025-06-06,526.8679353376542,528.6572860020211,525.0885352856423,526.7883911132812,42467000
2025-06-09,527.0070935472497,529.2039944759547,525.8837665533798,527.5637817382812,33688700
2025-06-10,528.0309659877803,531.7389643345455,525.7644714899908,531.0530395507812,40664800
2025-06-11,532.4547240748923,533.607902979141,526.9772759658763,529.263671875,53701000
2025-06-12,527.9515275399644,531.4805365276557,527.703004925698,530.5062866210938,34104900
2025-06-13,524.5616632957901,528.7269048823287,522.6231747023902,523.845947265625,55814400
2025-06-16,527.3649873706377,532.2062030416474,527.3152949826874,531.132568359375,37622100
2025-06-17,528.5677704245282,530.178191841852,524.7901787794913,525.9533081054688,42180900
2025-06-18,526.9673174269449,529.4028511373086,524.2833217813045,525.8638916015625,43983500
2025-06-20,529.1145785233912,530.4068839390565,521.7781863439574,523.7166748046875,61643500
2025-06-23,524.2849177292203,529.6192118620138,521.1400908129034,529.1017456054688,50666100
2025-06-24,534.3165868287479,538.1083222601969,533.6995634797794,537.1927490234375,45442000
2025-06-25,539.4618115177252,540.7058200544818,536.7946645040316,538.5661010742188,44804200
2025-06-26,540.7456288167091,544.0497229160504,538.9244439782782,543.6018676757812,43811400
2025-06-27,544.6369129629151,547.3538082383178,541.9299187322695,545.4629516601562,57577100
2025-06-30,548.6177271894713,550.150323841353,546.3785118204822,548.9959106445312,45548700
2025-07-01,547.0950823478822,548.0704264374054,542.0493759591154,544.3682250976562,56166700
2025-07-02,543.5421378206258,548.3589656247289,543.5023514145969,548.159912109375,36538300
2025-07-03,550.528547956803,554.5292991491806,550.528547956803,553.553955078125,26443500
2025-07-07,550.8668816007689,551.682958457329,546.9457644201566,549.384033203125,45349300
2025-07-08,550.7275591514004,551.3545443122363,548.4584584278795,549.6925659179688,36153300
2025-07-09,551.8223265771115,554.9572527460838,550.4489361357153,553.5838623046875,43045500
2025-07-10,554.2207589895446,554.6287670725607,550.1005880395711,552.7876586914062,34710900
2025-07-11,550.647990624161,553.126046198862,549.4039819426756,551.543701171875,39618600
2025-07-14,551.3346156245823,554.2804496744797,548.9859421113066,553.5440063476562,36453300
2025-07-15,557.5646843377589,558.112036002509,553.9918647207423,554.0515747070312,43277700
2025-07-16,554.6089344039383,557.5248833529374,548.9163193085661,554.6188354492188,52314700
2025-07-17,555.3453881761403,559.6148040205102,554.5392729959415,559.1072387695312,40423800
2025-07-18,560.4208944407413,562.0231629422733,557.2959302535468,558.56982421875,50484700
2025-07-21,559.3958946507648,563.3468370391857,559.3660092861638,561.4658813476562,39595200
2025-07-22,561.5951830334812,561.6449312247784,555.9324539325285,558.559814453125,43270600
2025-07-23,559.644679980569,561.1473913894928,556.897899192682,561.1076049804688,40215300
2025-07-24,562.4212998555654,563.5259649748344,560.590092369004,562.3018798828125,42275500
2025-07-25,562.2222340881906,564.9789766749151,561.5654242523398,563.6553344726562,30630800
2025-07-28,565.0187020627711,566.3124587614624,564.1528770013529,565.4168090820312,31498700
2025-07-29,568.0242394036405,569.3677442783611,563.8145341030877,564.541015625,45463300
2025-07-30,565.4566917408055,567.8849991894002,562.3416890497874,565.2974853515625,43433800
2025-07-31,571.7861703841629,571.8757657350329,561.1673293990499,562.3018798828125,64613600
2025-08-01,556.1514446022372,556.3405363278684,549.0356915374143,551.2251586914062,69400800
2025-08-04,556.3703360927129,561.6150952409816,556.2708397121321,561.3961181640625,47669800
2025-08-05,562.6800492447384,563.8444243211386,557.047144120063,557.5845947265625,48666600
2025-08-06,558.4205125100245,565.0386624956789,557.9428326498341,564.6007690429688,41823700
2025-08-07,568.9299422883823,570.5720580592475,562.4013871009583,566.5115966796875,44463000
2025-08-08,567.7157577691117,572.0150586353669,567.4172078636645,571.7960815429688,35255500
2025-08-11,571.9353942373868,574.0352659921666,568.8303539029688,570.1041870117188,33112900
2025-08-12,572.4031383383943,577.568264258411,569.7459530883017,577.2697143554688,42143300
2025-08-13,579.9667330931853,580.5240464797514,576.165035771658,577.558349609375,41209300
2025-08-14,575.5083270283026,579.091047893356,575.1400445589929,577.110595703125,45425000
2025-08-15,577.0209239007323,577.060771050305,572.811218330625,574.57275390625,49480200
2025-08-18,573.67703945311,575.0006815724842,572.4827790837365,574.3438110351562,29831000
2025-08-19,573.6272978127284,573.7964659713523,565.5262993771687,566.5513916015625,53752600
2025-08-20,565.6059676042936,565.7253875756548,556.1614636230435,563.1876220703125,76781100
2025-08-21,561.6450181787756,563.774775630925,558.2911756152315,560.5802001953125,46436900
2025-08-22,561.9634564557491,571.238791941298,560.5702032580724,569.2284545898438,51502100
2025-08-25,567.6659983001664,570.5420998652211,566.4318908111547,567.5863647460938,34044700
2025-08-26,567.0987131018536,570.1738681264644,566.0736209319145,569.8653564453125,34103000
2025-08-27,568.8503542214644,571.6567843025553,567.6361701841732,570.7412109375,36927100
2025-08-28,571.3581690220095,575.2295381040836,569.716114225579,574.31396484375,46787900
2025-08-29,571.90560730373,572.2738897636767,565.8149455424127,567.6660766601562,56030400
2025-09-02,558.6195355636612,563.2571726003424,556.8580000613789,562.9088745117188,65876800
2025-09-03,566.5015849549442,568.9597775003773,564.0135677896833,567.3375854492188,54230200
2025-09-04,568.0043095836706,572.840999970597,566.3025448600863,572.4727783203125,47526300
2025-09-05,577.707586970244,578.3345721151251,568.7905728965633,573.298828125,68342500
2025-09-08,575.5978554949527,578.0560483188578,575.0007556046913,576.095458984375,46371400
2025-09-09,576.8915385805233,578.1554707195171,574.274139701763,577.7275390625,44007600
2025-09-10,580.9420329124574,580.971918274203,575.7769069667078,577.9166259765625,49308000
2025-09-11,580.4443950823623,582.0765487866307,578.8321649514098,581.2803955078125,44745800
2025-09-12,582.2357922273038,585.0422828265267,581.3002953608963,583.8480224609375,50745900
2025-09-15,585.6195335974215,588.9534523182087,585.4702282697297,588.843994140625,44360300
2025-09-16,589.7695130089575,590.018314719858,587.6596793599289,588.3463745117188,36942100
2025-09-17,588.2668225233333,588.913731358415,581.5690989748401,587.172119140625,69384800
2025-09-18,592.058483907603,595.2730433570825,590.1178791327126,592.466552734375,61069300
2025-09-19,594.4668964152456,597.173829761915,592.9939490424024,596.4771728515625,58196100
2025-09-22,595.56457167487,600.6759063866804,595.5446250028239,600.0083618164062,57154800
2025-09-23,600.1777560752951,600.3770403666388,594.8073576106723,596.02294921875,64635500
2025-09-24,597.3979183069385,597.7167610032964,591.2005236200914,593.9305419921875,49850300
2025-09-25,590.0447574609248,592.9541133753095,586.358211090951,591.3699340820312,70920200
2025-09-26,592.1869260081028,594.1298414316656,588.9089213733314,593.801025390625,54337400
2025-09-29,596.929586249639,599.858888854889,595.2357610619866,596.5509643554688,48332900
2025-09-30,596.2520555976123,598.5237869140956,593.9305184146496,598.1849975585938,46533800
2025-10-01,594.9966151966095,601.592517201177,594.1696797218984,601.0545043945312,46899600
2025-10-02,604.8506893778672,604.950301116935,600.7357150581139,603.5255126953125,43765400
2025-10-03,604.3027001978111,605.1197232184186,599.2013385970163,600.9848022460938,46482100
2025-10-06,606.2355880916678,607.1422494333636,603.7645725777412,605.498291015625,41962100
2025-10-07,606.8035939044607,607.4910851983766,600.835403229105,602.3099975585938,58209500
2025-10-08,603.2066381307736,609.523591030116,603.0572205300643,609.2147216796875,50629800
2025-10-09,609.2545466200572,609.3840783602061,605.2691043090726,608.4774169921875,45551000
2025-10-10,609.174937229752,610.9484275974415,586.9062397942465,587.3546142578125,97614800
2025-10-13,597.497493628088,600.7556121211176,595.056398092238,599.8190307617188,65872600
2025-10-14,593.1434568492728,600.4966033203683,587.9823159734815,595.8236694335938,69203200
2025-10-15,601.8117836952674,604.4919961772353,593.7611729131481,600.0282592773438,62805500
2025-10-16,602.9077579751356,606.0961241101174,593.3327470469682,597.806396484375,70982000
2025-10-17,595.7738386787643,603.306322454893,594.1995718879336,601.7320556640625,72024900
2025-10-20,604.9303809627713,610.5697551235123,604.8606284241672,609.3143310546875,45761700
2025-10-21,609.41403175621,610.4900574537519,607.1024677916307,609.1549682617188,44538200
2025-10-22,608.5969960402966,609.1848147458128,597.5573034367524,603.286376953125,61478800
2025-10-23,602.7085014161719,609.1450131867009,602.319966975814,608.35791015625,42844300
2025-10-24,613.7481802624443,616.1693293175521,612.8913247080658,614.8541259765625,47632500
2025-10-27,622.2471843336021,626.2624862060553,621.7589773359792,625.80419921875,54098600
2025-10-28,628.0658354818435,632.3701204498367,626.9598898422056,630.6165161132812,61195700
2025-10-29,633.276839153424,634.69165413006,627.9562469711387,633.4561767578125,67422800
2025-10-30,629.869267455657,631.1944440896802,623.6619603385896,623.7715454101562,61628600
2025-10-31,631.8619318884121,631.8918518941646,624.4091746831857,626.780517578125,66305100
2025-11-03,632.7985429356352,633.5059808284601,627.5576766411583,629.7796020507812,37154300
2025-11-04,621.0117005353788,624.6683271251044,616.2092348629542,616.996337890625,63830800
2025-11-05,616.2390515684897,624.3195213581258,614.9637416360841,621.0116577148438,48688500
2025-11-06,619.5270737190788,619.7761638844125,608.078899450419,609.4439086914062,72115100
2025-11-07,606.0961466218313,607.7301926884926,596.4912153281726,607.5209350585938,81835400
2025-11-10,616.6674802752618,622.0378784586748,614.644899897251,620.9617919921875,55919900
2025-11-11,618.3115007347396,620.4536395227035,615.2726130875191,619.307861328125,44868800
2025-11-12,622.566027998916,622.5859138594624,615.5615832963299,618.8197021484375,47444400
2025-11-13,615.2925422980531,615.8704485105809,603.8742880136988,606.1858520507812,71333600
2025-11-14,597.3679290922347,611.1176919097272,594.9965862233795,606.64404296875,80087300
2025-11-17,604.0934192729386,610.2509204798646,597.6868279161546,601.4630126953125,63850400
2025-11-18,597.4377215700049,600.1179339423381,589.1878876531316,594.1397705078125,83327300
2025-11-19,594.8969703439581,603.953853223184,592.4260157669842,597.686767578125,73111500
2025-11-20,609.3940836964333,611.7953468701894,582.6218784315797,583.5385131835938,117743200
2025-11-21,585.3319113971087,594.807310091711,578.6264242609341,587.9224853515625,103344200
2025-11-24,593.1135933516537,604.4720682054578,592.9939741263881,602.9575805664062,60168100
2025-11-25,601.3135864178203,608.0390203669549,595.1461119637967,606.6740112304688,57560900
2025-11-26,610.2808195033393,613.9474190856081,608.1685399702174,612.034423828125,42393600
2025-11-28,613.8677508272276,617.0660904342964,613.1802595402138,616.996337890625,23034400
2025-12-01,611.3967336448243,617.1855860502521,610.2907880213397,614.923828125,40957600
2025-12-02,617.2055331651553,621.4798980663827,615.3423437866954,619.7362670898438,54541800
2025-12-03,617.3649627124794,621.9481972408511,615.7807833814271,621.2507934570312,47841600
2025-12-04,622.6556605829674,622.665633919662,617.285262025035,620.6729125976562,47067800
2025-12-05,622.1076409382764,626.6310962033638,621.440096358939,623.20361328125,53614200
2025-12-08,624.9273247300189,626.5513972974647,619.4273950138578,622.0079956054688,43462400
2025-12-09,620.7425928652799,623.5921694288306,618.7398984397635,622.775146484375,37156000
2025-12-10,621.5795410824109,626.920080160108,618.7299643381673,625.3258666992188,55031400
2025-12-11,621.5496792982444,623.5025679748155,615.4718431258982,623.3032836914062,58272800
2025-12-12,619.8160122611713,621.2706598008424,609.1349951238292,611.3867797851562,75158700
2025-12-15,616.1195138735233,616.1693197420918,607.102462393675,608.3179931640625,49538200
2025-12-16,606.0462710202155,611.2771638485672,604.7011478051123,609.5235595703125,55152800
2025-12-17,610.8287773715621,611.4166568355257,598.0953215609716,598.2247924804688,70654300
2025-12-18,607.5806797208244,610.6992932536183,604.7111563372118,606.8931884765625,78875800
2025-12-19,609.722906345813,615.3722541519244,609.6431804668954,614.8043212890625,60369800
2025-12-22,619.8862552767364,620.1855972768566,616.3147325600856,617.7513427734375,43703100
2025-12-23,616.7437078609482,620.9437513214359,616.3247143117193,620.6444702148438,41120400
2025-12-24,620.5247726871431,622.809417120355,620.255389239048,622.460205078125,18468700
2025-12-26,623.1884938656726,624.0465142854792,621.6721158574088,622.4203491210938,28959800
2025-12-29,618.6392040742111,621.312944373981,617.2724362589381,619.4074096679688,32458300
2025-12-30,618.3798323976478,620.7142858196408,617.7612369489017,617.9707641601562,31226800
2025-12-31,618.1903012408169,618.4995685313527,612.6034567489972,612.8628540039062,40746500
2026-01-02,618.5993129536024,621.3827185880021,608.7126848809434,611.6756591796875,61859200
2026-01-05,617.8610636312775,619.3475438678657,615.2671519649484,616.5341796875,46828400
2026-01-06,617.7712838046286,622.550039153126,617.0829067758982,621.951416015625,43137500
2026-01-07,621.5723159557587,626.4607976434537,621.0934661514185,622.550048828125,44880300
2026-01-08,621.5623898130801,621.9514248328863,616.3446684463296,619.0083618164062,50435900
2026-01-09,619.946120817708,626.4108973206594,617.6016810573577,625.173828125,49688700
2026-01-12,620.8440291770474,627.368601054656,620.7941591397378,625.6925659179688,37388700
2026-01-13,625.7923733874012,627.9871421828441,622.2307758506613,624.7647705078125,44481400
2026-01-14,620.7741807448011,621.9813522711377,613.1122798122711,618.0905151367188,72598700
2026-01-15,625.1238996016858,628.5159146085045,619.2877047511574,620.3153076171875,53934900
2026-01-16,624.0265108868263,624.6051616315584,617.4221104790464,619.7965087890625,61058100
2026-01-20,609.0918377338978,613.611135001854,605.6199939698072,606.6276245117188,81988900
2026-01-21,608.0342310571399,618.958448118544,606.4280383777512,614.8282470703125,79837900
2026-01-22,620.8838887514372,620.9936758988773,616.3247080096578,619.2976684570312,42254800
2026-01-23,618.2701049354484,623.9267921630139,617.1926928942361,621.2530517578125,43645800
2026-01-26,621.7419335987944,626.1315320367429,620.654474506515,623.9866333007812,35983000
2026-01-27,627.428447510711,630.5510790290263,625.8621995501378,629.6432495117188,38997200
2026-01-28,633.9630457840011,635.1003139672691,630.3216198646463,631.728271484375,50691700
2026-01-29,631.1596506954837,632.1772064107698,616.8135217006399,627.9472045898438,79944000
2026-01-30,624.2360100363766,626.7799907137291,617.8410762491409,620.405029296875,65650700
2026-02-02,617.2425627681274,627.0094788951942,617.2026180242116,624.6650390625,49020300
2026-02-03,626.8199062679399,628.4959413976924,609.5207880738473,615.0676879882812,81234000
2026-02-04,613.5711796318161,613.6509473291842,599.0554072347201,604.322998046875,81850700
2026-02-05,598.7960977080248,603.3852370585454,593.3589241811554,595.6235961914062,89354500
2026-02-06,598.7761302609774,609.9696699932801,597.3594924154261,608.2138671875,78019300
2026-02-09,606.1088060763491,615.0078372205985,603.6446538426547,612.8728637695312,56797600
2026-02-10,613.8605219833995,615.566515685603,609.5706636004911,610.029541015625,53938900
2026-02-11,614.9280269463444,616.0653561148772,606.2584951427149,611.6657104492188,58575100
2026-02-12,613.2619605146361,614.3593449076634,598.1576109292407,599.22509765625,81378900
2026-02-13,599.0155339597561,605.0512695366964,595.0149707463246,600.5020141601562,69237500
2026-02-17,596.9703796848319,602.527265543405,591.9422745141455,599.8834838867188,69013800
2026-02-18,600.6916520079001,608.333642172117,599.3049116850376,604.3629760742188,64250700
2026-02-19,601.3899214380363,604.3928403408552,599.3347767407971,602.04833984375,60960800
2026-02-20,598.70626248816,608.9121436812641,597.8183444916572,607.3757934570312,74127300
2026-02-23,605.1809875790976,606.5777139403463,597.6387991893799,599.9932250976562,63859100
2026-02-24,600.9809641013653,607.5554060860559,598.3172099190714,606.4380493164062,55023700
2026-02-25,609.6305248735758,615.3769659271486,609.5606824638733,615.227294921875,55710700
2026-02-26,614.1398874724765,614.1398874724765,602.5571907580546,607.8048095703125,96178900
2026-02-27,601.5595911757949,606.8870389785335,600.7714740333364,605.8594360351562,68125200
2026-03-02,597.449233707877,608.4831769130049,596.5812880631398,606.6575317382812,75264600
2026-03-03,594.9252095120197,602.5372399706525,590.4756942596103,600.162841796875,97015500
2026-03-04,602.7367159421393,611.436205359631,602.0084551337541,609.3112182617188,70943900
2026-03-05,605.9691941386595,611.3165531665334,600.8412876368789,607.4755859375,89602400
2026-03-06,598.8958365654587,604.5724349663923,596.9205203720956,598.337158203125,86302300
2026-03-09,592.83015152989,607.8347607375977,589.9370196014203,606.3283081054688,93068200
2026-03-10,606.3483040570791,611.8452732023572,603.9938171455258,606.3383178710938,64078900
2026-03-11,607.5154643204306,610.9872467457833,603.6047159994632,606.2584228515625,60114800
2026-03-12,601.3400708370464,602.716824803038,595.6435001258386,595.85302734375,71836600
2026-03-13,598.3172021392496,602.1780807449821,591.1740956767717,592.3213500976562,63145500
2026-03-16,598.6264723831473,602.4374809704295,597.6986704778886,598.9656982421875,49077200
2026-03-17,601.7192114600242,604.4727195335382,600.4521836848432,601.8887939453125,47106600
2026-03-18,600.0730994941966,601.7391485345295,593.1594313501803,593.4986572265625,56128000
2026-03-19,588.1213056121308,594.3964663870662,585.6970372512312,591.623046875,75597600
2026-03-20,589.6676415345306,589.777367794347,577.177115328303,580.6888427734375,91964700
2026-03-23,589.8718065319924,594.426798587646,585.316814476339,587.3545532226562,89936100
2026-03-24,584.168034177979,587.2846043834495,581.291190762444,583.3389282226562,57750900
2026-03-25,588.4933019738706,590.7208345412774,585.0470769253521,587.1747436523438,60475500
2026-03-26,581.9604215239336,583.9882223389391,572.8005050402526,573.1600952148438,81492100
2026-03-27,570.1834096572744,570.3932010852176,560.953562318283,561.9624633789062,82702200
2026-03-30,566.7571613464482,567.4264087803426,554.990063621082,557.6671752929688,70602600
2026-03-31,563.6705222317372,578.0048059355398,563.5906539497258,576.54638671875,95878000
2026-04-01,580.8416686249938,587.0948065489223,579.7828346644924,583.6685791015625,79435100
2026-04-02,573.3399058573888,585.4066623334502,571.2921684003409,584.3378295898438,50941700
2026-04-06,585.5864761740653,589.9616731281693,584.04818857967,587.85400390625,35108500
2026-04-07,584.9971348275072,588.33343423744,577.7650922119919,587.9439086914062,49948200
2026-04-08,608.0418015962135,609.2304976949432,601.4590090396181,605.4246826171875,63086000
2026-04-09,605.2648690435934,609.8298599139192,602.3680889271087,609.5202026367188,37837500
2026-04-10,611.1684052317679,612.9963525292593,608.9108762966896,610.3992309570312,34038500
2026-04-13,608.8109292631304,626.0519920071752,607.4424380458482,616.7122802734375,32972100
2026-04-14,619.5391066149297,627.909912109375,619.4192432257902,627.909912109375,49921100
2026-04-15,628.389443361703,637.1298380333551,627.5104045058445,636.7003173828125,50102400
2026-04-16,638.508341093032,641.4750515662109,634.5626649382287,639.7669067382812,42320600
2026-04-17,644.8813252169399,649.2864572780229,643.3629742993419,648.1376953125,53488900
2026-04-20,647.3285838511964,648.0478251654257,641.8146849601577,646.0799560546875,37138500
2026-04-21,647.6981578004061,649.4862317832127,641.5050128476822,643.6226806640625,39580500
2026-04-22,649.4363527672372,654.6106593494021,647.8081371457112,654.390869140625,37368400
2026-04-23,652.8325617169355,656.1988574654163,644.8114082493845,650.7048950195312,40099800
2026-04-24,657.7871447947734,663.7805584259092,655.8093378063087,663.1512451171875,45563100
2026-04-27,662.6718094811696,663.7006471456002,659.9647623025988,663.5008544921875,32717000
2026-04-28,656.6883250827437,658.9159186391063,653.0923012400261,656.8281860351562,34147900
2026-04-29,657.906975030037,660.9935487523345,655.8692364466933,660.84375,31724900
2026-04-30,664.6195670718752,668.165718724101,656.8381407338443,667.0069580078125,40622200
2026-05-01,668.425399726581,675.2279215792395,668.0658095505829,673.4099731445312,39172600
2026-05-04,673.9193717407993,675.9871067346722,668.165745937857,672.141357421875,34542000
2026-05-05,677.2157986999623,682.0205161358222,676.7662804889583,680.8617553710938,37101100
2026-05-06,687.0250065058129,695.1660231170968,685.7263848294704,695.0062255859375,38778500
2026-05-07,695.8153383268437,700.4701959320079,691.0106209986512,694.1771240234375,43779100
2026-05-08,699.1516368844667,710.44921875,698.7321150158692,710.44921875,44320400
2026-05-11,709.5801817559162,713.805579696499,708.1317613118729,712.5069580078125,36019100
2026-05-12,707.4425277497028,709.4003981235137,695.8752835015275,706.463623046875,45873000
2026-05-13,709.1806902070881,715.8633489513101,704.0563165931343,713.9254760742188,40012500
2026-05-14,713.8355094170396,721.2374091114184,713.4359241362712,718.9998168945312,33327500
2026-05-15,709.3604881552494,714.3450008365951,704.7754998097428,708.1517944335938,51792700
2026-05-18,710.7588622671137,711.2883097073819,698.0827906816122,705.1051025390625,49834500
2026-05-19,699.0418050981273,705.714465040699,694.4868131207006,700.7599487304688,46827500
2026-05-20,704.5157692199168,712.3671875,703.0174157954351,712.3671875,36779200
2026-05-21,708.2116871156971,716.3327671783537,705.9941534147096,713.7256469726562,36415400
2026-05-22,717.2817668085307,721.3273088449104,715.1640988544713,716.7523193359375,33118600
2026-05-26,725.1631283460116,730.3673702569255,723.3650554496121,729.4783935546875,34254700
2026-05-27,732.155448805963,732.515039000156,724.6436840304248,728.6492919921875,35148700
2026-05-28,728.9289290608506,735.7913827320126,725.6125662306399,734.79248046875,32840000
2026-05-29,737.0300569298091,740.815874477768,734.4428732975097,737.49951171875,37541700
2026-06-01,736.2309273283665,744.8315224447946,735.1820921097265,741.9246826171875,33890600
2026-06-02,741.5850600741305,745.6206032443648,738.4184960219842,745.3408813476562,30085200
2026-06-03,746.4896389980919,747.828194840854,740.1965670083828,743.39306640625,40270200
2026-06-04,734.6726235372454,742.6838392688934,731.815777671541,739.7969970703125,40782600
2026-06-05,729.2585667367451,730.8867822650427,703.5468328396532,704.2860107421875,99606600
2026-06-08,717.0220156925686,722.2363170978037,712.2872288217055,715.283935546875,47401500
2026-06-09,722.1863106332692,724.863361278284,685.6165148330579,707.052978515625,91932200
2026-06-10,700.8897497708573,710.4992458337158,692.1693523412803,692.9285278320312,65334300
2026-06-11,698.5223198057862,717.5813914617661,694.2370511794155,716.332763671875,71798900
2026-06-12,716.8222099862159,723.2152086039907,710.4992028084189,720.5481567382812,51168400
2026-06-15,737.2897407963812,743.9424640540115,736.5705604269921,743.1832885742188,46710200
2026-06-16,741.4351902855873,743.4029984406948,728.8390476265988,729.0587768554688,45348700
2026-06-17,734.38293083454,734.8723831709506,720.058646070882,721.7168579101562,51669300
2026-06-18,736.390778085872,741.005701773832,731.7059239216511,739.8070068359375,50154600
2026-06-22,742.02001953125,745.4500122070312,734.3900146484375,737.9500122070312,43518600
2026-06-23,715.739990234375,723.6099853515625,712.1099853515625,713.6500244140625,53354200
2026-06-24,715.3699951171875,719.9299926757812,704.4500122070312,710.6199951171875,52480400
2026-06-25,725.9000244140625,726.8300170898438,705.2999877929688,716.3800048828125,49668000
2026-06-26,707.1300048828125,715.5599975585938,702.8099975585938,706.52001953125,47081800
2026-06-29,713.989990234375,724.5800170898438,705.1699829101562,724.0800170898438,44939100
2026-06-30,724.1799926757812,737.6199951171875,723.9099731445312,736.4000244140625,42121800
2026-07-01,729.1900024414062,731.9199829101562,724.5999755859375,725.1699829101562,40803800
2026-07-02,725.5800170898438,730.8300170898438,707.5599975585938,712.5999755859375,50959800
2026-07-06,719.9299926757812,726.0800170898438,718.4500122070312,722.8200073242188,30220400
2026-07-07,714.1699829101562,716.3499755859375,704.9000244140625,709.4299926757812,42483100
2026-07-08,704.9500122070312,712.260009765625,700.9099731445312,711.4400024414062,35603200
2026-07-09,718.3300170898438,724.22998046875,715.1300048828125,723.280029296875,33654700
2026-07-10,720.7000122070312,726.3900146484375,717.0,725.510009765625,26415900
2026-07-13,717.719970703125,718.739990234375,710.0800170898438,711.739990234375,36552400
2026-07-14,720.219970703125,722.2899780273438,714.3400268554688,719.6900024414062,29448100
2026-07-15,723.8499755859375,724.3599853515625,710.22998046875,717.739990234375,32627600
2026-07-16,712.010009765625,713.5999755859375,702.6099853515625,705.9400024414062,39402000
2026-07-17,691.6500244140625,702.2999877929688,686.760009765625,695.3300170898438,54109300
2026-07-20,702.1599731445312,705.7999877929688,695.510009765625,696.0599975585938,29687600
2026-07-21,706.5700073242188,710.0499877929688,702.7999877929688,708.969970703125,33728300
2026-07-22,703.6199951171875,709.6500244140625,703.6199951171875,705.3499755859375,23692200
2026-07-23,694.6699829101562,698.6599731445312,687.7899780273438,691.9600219726562,44028600
2026-07-24,690.4099731445312,692.6300048828125,682.47998046875,684.22998046875,42876700
2026-07-27,691.6799926757812,692.2999877929688,675.9500122070312,682.1199951171875,42681500
2026-07-28,676.22998046875,679.4000244140625,667.8800048828125,675.489990234375,51398700
2026-07-29,675.510009765625,680.0499877929688,661.1400146484375,661.72998046875,57233300
2026-07-30,674.760009765625,685.1199951171875,673.2999877929688,683.5499877929688,66753700
2026-07-31,692.1099853515625,695.77001953125,680.0499877929688,687.989990234375,50540500
2026-08-03,688.2999877929688,701.5900268554688,685.8200073242188,700.0700073242188,44965100
2026-08-04,708.1599731445312,725.6599731445312,707.530029296875,723.8499755859375,59778600
2026-08-05,726.25,728.5399780273438,716.9199829101562,717.2999877929688,33540200
2026-08-06,710.8200073242188,719.3200073242188,708.5,714.6500244140625,33035900
2026-08-07,720.1500244140625,723.6300048828125,716.510009765625,723.030029296875,31070400
2026-08-10,722.3900146484375,724.6699829101562,720.3300170898438,720.8699951171875,26243200
2026-08-11,723.2899780273438,723.3499755859375,715.5,718.4500122070312,29286100
2026-08-12,727.0800170898438,727.25,722.9199829101562,723.7000122070312,29066000
2026-08-13,725.1500244140625,733.9600219726562,724.030029296875,732.0700073242188,31599700
2026-08-14,733.4099731445312,734.3900146484375,728.3200073242188,731.0700073242188,23790600
2026-08-17,732.9500122070312,734.5800170898438,729.27001953125,729.8699951171875,26452600
2026-08-18,720.2100219726562,722.1300048828125,715.9199829101562,717.510009765625,48997200
2026-08-19,720.3900146484375,721.5,712.6099853515625,716.0800170898438,35801700
2026-08-20,712.0900268554688,714.9400024414062,708.52001953125,710.9299926757812,33306100
