Date,open,high,low,close,volume
2010-01-04,9.59456671867524,9.801234628772352,9.506732733700176,9.75990104675293,11116900
2010-01-05,9.744403120594818,9.837403941310603,9.522234712322772,9.568735122680664,14536200
2010-01-06,9.522240863006497,9.630741233611369,9.413739506930503,9.50157356262207,7171200
2010-01-07,9.506737606765274,9.51190443034996,9.26906963469479,9.3207368850708,8556300
2010-01-08,9.083066123298382,9.341401338392727,9.031398883185384,9.243233680725098,11329000
2010-01-11,9.434403202860132,9.635904377268279,9.413735910371734,9.480903625488281,11497500
2010-01-12,9.439566673117286,9.527400664053493,9.077897066798691,9.155397415161133,11522800
2010-01-13,9.27423641929487,9.455070316644516,9.088234712911426,9.398237228393555,8800200
2010-01-14,9.382735774594769,9.553236992424436,9.305235400212323,9.475736618041992,6398700
2010-01-15,9.460234914531531,9.610069806193922,9.057232626141433,9.181233406066895,13716200
2010-01-19,9.238068111209778,9.439570276434969,9.181235026300268,9.382736206054688,7802900
2010-01-20,9.377566564134533,9.393067029253043,9.02106375017262,9.176065444946289,16283900
2010-01-21,10.250744959651875,10.488412966725328,9.992409655195873,10.069910049438477,35144100
2010-01-22,10.007906754073382,10.137074362752607,9.439569078790665,9.506735801696777,20111600
2010-01-25,9.708241046746851,9.847741359784907,9.604906532561438,9.775407791137695,15582000
2010-01-26,9.759906066523456,10.137076305093155,9.69273933074769,9.976907730102539,16018200
2010-01-27,9.93040775086241,10.038909080278271,9.651406162524683,9.858074188232422,15416200
2010-01-28,9.914907105694097,9.961407529225797,9.372402492981184,9.48607063293457,14128500
2010-01-29,9.48090432605331,9.56357153117387,8.509563187680486,8.633563995361328,28653200
2010-02-01,8.902234207540117,9.289737157803602,8.814400166061555,9.248403549194336,18205800
2010-02-02,9.238066531165806,9.610069858435029,9.186400278352286,9.599736213684082,17569900
2010-02-03,9.491238825254714,9.749574110819426,9.434404747079785,9.734073638916016,16905200
2010-02-04,9.387905173171395,9.548072788899576,9.186403947401395,9.310404777526855,21505800
2010-02-05,9.351738387568677,9.398238822049601,9.026235346202215,9.310404777526855,23836800
2010-02-08,9.325901554559643,9.68240445346297,9.217401229289901,9.39306926727295,14937100
2010-02-09,9.589404547006803,9.682405398008045,9.413736491886858,9.47057056427002,12415000
2010-02-10,9.486072892445073,9.641073684156908,9.387905198776378,9.548072814941406,9770100
2010-02-11,9.553239143782582,9.728907224193717,9.398238360112025,9.692740440368652,8142000
2010-02-12,9.584234197036428,9.74956952990933,9.377566262783356,9.661735534667969,11482500
2010-02-16,9.713404970478777,10.25074276155016,9.713404970478777,10.19390869140625,19036400
2010-02-17,10.302410308204163,10.359243394530859,10.10090813795432,10.333410263061523,13328300
2010-02-18,10.271412467356882,10.751916347260458,10.188745239144556,10.710582733154297,17442500
2010-02-19,10.617577736660293,10.819079889555605,10.54007736345627,10.596911430358887,15071300
2010-02-22,10.607249190624437,10.782917296943403,10.529747801888172,10.710582733154297,10665100
2010-02-23,10.664081498929056,10.70541510995316,10.348913084421895,10.503913879394531,11630800
2010-02-24,10.529744773959326,10.710579653224649,10.02340790039307,10.075075149536133,27780900
2010-02-25,9.899408787916354,10.095744171166665,9.615240347203143,10.069910049438477,28118900
2010-02-26,10.162907365170408,10.33340856710888,10.023406113001485,10.286908149719238,9090300
2010-03-01,10.385075346182221,11.082580590603152,10.333408108545378,11.030913352966309,20620200
2010-03-02,11.108410072870521,11.149743652327507,10.803574554823895,10.855241775512695,13412000
2010-03-03,10.720910855204442,10.76741127028153,10.131906911522112,10.142239570617676,25207200
2010-03-04,10.235242291837066,10.240409115074764,9.88907301867744,10.19390869140625,15528100
2010-03-05,10.250743461261928,10.385077918199391,10.080242224662616,10.29207706451416,10340300
2010-03-08,10.431577785154985,10.457410916249543,10.147408415760939,10.276576042175293,9933400
2010-03-09,10.271408510203466,10.405742950662708,10.075074165206557,10.126741409301758,12782500
2010-03-10,10.188739856885597,10.281740685864028,9.816737526442449,9.904571533203125,25708800
2010-03-11,9.71340790003087,9.956243738087833,9.501573010749942,9.935576438903809,26402500
2010-03-12,9.997576169352017,9.997576169352017,9.739240872911246,9.956242561340332,14388000
2010-03-15,9.889070345819936,9.899403989502312,9.599735221006876,9.703069686889648,11815100
2010-03-16,9.80640314690236,9.945904379912758,9.6462356120407,9.883903503417969,11810000
2010-03-17,9.925236869464884,10.121572152725877,9.827070213304864,9.982070922851562,11421100
2010-03-18,10.028571332809667,10.085405386196346,9.920071033221074,9.982070922851562,6879500
2010-03-19,10.023405720946114,10.059572491841067,9.697903797420942,9.780570983886719,12289900
2010-03-22,9.708235144851475,10.302405776528001,9.646234276938019,10.183570861816406,15350900
2010-03-23,10.209410242966323,10.648580409999937,10.173243461940766,10.565913200378418,20338400
2010-03-24,10.462575557142419,10.488408682848368,10.333407957671525,10.348908424377441,10619300
2010-03-25,10.421245759671855,10.472913015369182,10.137077331542969,10.137077331542969,10167400
2010-03-26,9.92523806746653,10.002739417064967,9.713403278964153,9.780570983886719,21547800
2010-03-29,9.878738075577104,10.013071506841701,9.728903192709648,9.765069961547852,10719000
2010-03-30,9.72890270658585,9.780569938974716,9.367233065334284,9.387900352478027,25804100
2010-03-31,9.284569440453739,9.615239262991452,9.238069012057354,9.434404373168945,12664100
2010-04-01,9.568736927201055,9.610070523595136,9.238067170577738,9.356902122497559,11090900
2010-04-05,9.465405594632296,9.61007372290874,9.393072023229573,9.548072814941406,14810100
2010-04-06,9.511903599753472,9.935573241993673,9.455069530755628,9.847739219665527,15020600
2010-04-07,9.73407191596041,9.81673911387114,9.527403921183586,9.739238739013672,15168200
2010-04-08,9.734074461348886,9.749574934561931,9.50157229050815,9.651407241821289,9454200
2010-04-09,9.728906725909113,9.904574797323072,9.656573161963681,9.889074325561523,7965900
2010-04-12,9.868407835885527,10.049242727931379,9.832241054570535,9.858074188232422,10932500
2010-04-13,9.75473503487076,9.88906943394311,9.465399936737457,9.496399879455566,21400400
2010-04-14,9.610073224690861,10.116410169201744,9.599739576320204,9.956242561340332,25927400
2010-04-15,9.873571862863187,10.286907797194575,9.858071395774285,10.173240661621094,13541700
2010-04-16,10.121572738317749,10.307574388911446,9.827070781858085,9.945904731750488,14669500
2010-04-19,9.816737918310327,9.868405157079769,9.59973630385517,9.863238334655762,11932900
2010-04-20,9.940742265645108,10.044076780248272,9.734074221909745,9.987242698669434,13691300
2010-04-21,10.369575985357478,10.498743600492418,9.971739494228904,10.095741271972656,28733300
2010-04-22,10.023405769506839,10.266241493213306,9.832238269430048,10.173240661621094,11872000
2010-04-23,10.240407739427422,10.798411763019239,10.240407739427422,10.731245040893555,24285900
2010-04-26,10.75191317844637,10.762246825295144,10.472911611825152,10.571078300476074,10002200
2010-04-27,10.452242009308065,10.503909246668227,10.085406496445023,10.142239570617676,15216000
2010-04-28,10.188740784312529,10.250741671098618,9.873572484106008,10.05957317352295,16226500
2010-04-29,10.054408749134451,10.095743340498581,9.80640711377506,9.889074325561523,18822600
2010-04-30,9.909740089915072,9.925239573810623,9.455069509877784,9.480903625488281,15765500
2010-05-03,9.579072068348433,9.899407244052188,9.563571597728899,9.79090690612793,14079600
2010-05-04,9.775403605636063,9.79090407176838,9.49123529150401,9.765069961547852,18722100
2010-05-05,9.641071387726393,9.832239905075689,9.372402492981184,9.48607063293457,23427400
2010-05-06,9.418903839987808,9.646239156712866,8.271895579846083,9.222569465637207,28243000
2010-05-07,9.176065259101525,9.470567192095267,8.902229627043429,9.1708984375,27272200
2010-05-10,9.579073761660574,9.71340725555963,9.455071945725907,9.548072814941406,15719900
2010-05-11,9.506735801696777,9.744404714111287,9.424068610979726,9.506735801696777,12584800
2010-05-12,9.517068215532488,9.86840422335746,9.517068215532488,9.811570167541504,10215300
2010-05-13,9.708241377325455,9.920076251694947,9.506739166349577,9.573906898498535,11340100
2010-05-14,9.429236104201069,9.465402879528169,9.160567222527298,9.289734840393066,12244100
2010-05-17,9.36206959466668,9.542903475515851,9.005566685118367,9.217401504516602,15089400
2010-05-18,9.31039995351872,9.37239984372188,8.654228371800622,8.814395904541016,25750900
2010-05-19,8.783396186703026,9.000397778969804,8.499227880733192,8.587061882019043,23430600
2010-05-20,8.323559575308778,8.545727981387657,8.178891523904502,8.318392753601074,18181500
2010-05-21,8.251231109830643,9.031403482221721,8.080729820463306,8.447566032409668,19087900
2010-05-24,8.35456411806306,8.519898561820359,8.297730033469856,8.33906364440918,11175200
2010-05-25,8.003223975537894,8.05489121003545,7.708722020013517,8.01872444152832,31640500
2010-05-26,8.153060810744952,8.287395759294839,7.646723928770204,7.6777238845825195,26563700
2010-05-27,7.94122469100666,8.204726736561046,7.677722645452275,8.10139274597168,20741300
2010-05-28,8.096227562336045,8.101394386095368,7.7810587040488475,7.936059474945068,13729100
2010-06-01,7.858558887235018,7.987726521481001,7.4607223372443885,7.47105598449707,18220800
2010-06-02,7.512389677904518,7.972226638705806,7.512389677904518,7.946393013000488,17530400
2010-06-03,7.961887481401968,8.287390250199135,7.8637203629396355,8.235722541809082,21297100
2010-06-04,7.967059315031722,8.147894190884928,7.77589128518612,7.8275580406188965,13224900
2010-06-07,7.81722346829838,7.894723833753862,7.4917210464618025,7.502054691314697,13745600
2010-06-08,7.429722875439063,7.672558181949224,7.331555190946774,7.445222854614258,18049200
2010-06-09,7.51755602374742,7.8017249029721745,7.465888775620956,7.486555576324463,18944900
2010-06-10,7.688055515289307,7.72422228516316,7.491720706608572,7.688055515289307,11341200
2010-06-11,7.6363882068796505,7.750055830357438,7.471053840173981,7.6208882331848145,14204800
2010-06-14,7.750054372238424,7.9102223794015005,7.657053562096303,7.698387145996094,12525500
2010-06-15,7.87405777270557,8.091059407544613,7.765556955286049,8.070392608642578,11074900
2010-06-16,8.044558536477648,8.116892574953015,7.925724572627395,7.992891788482666,8879600
2010-06-17,8.023894309997559,8.07556156728469,7.879226679423263,8.023894309997559,7557800
2010-06-18,8.013559187848118,8.03939281015274,7.874057923044382,7.930891990661621,8109100
2010-06-21,8.039390847770987,8.075557614528082,7.574387237999331,7.682888031005859,12772300
2010-06-22,7.7138915775961,7.7500583589290954,7.44522265130688,7.4658894538879395,10019400
2010-06-23,7.445221439173224,7.538222282014532,7.352220596331916,7.3935546875,13071000
2010-06-24,7.3418861313069,7.35738610476593,6.876882985653807,7.057717323303223,22789000
2010-06-25,7.078384490132102,7.202385269779499,6.933716913876806,7.068051338195801,16681800
2010-06-28,7.238553462695407,7.357387435263158,7.155886265650822,7.171386241912842,13067000
2010-06-29,7.026718288046296,7.130052279072054,6.866550232404868,6.913050651550293,15202500
2010-06-30,6.923384570050243,7.0370522191185225,6.716716565140088,6.7373833656311035,10643800
2010-07-01,6.716713698573614,6.959548870257127,6.55654569357338,6.86654806137085,16280400
2010-07-02,6.9853850335975824,6.99055136385028,6.742549773247823,6.8045501708984375,7621200
2010-07-06,6.892386894525878,7.021554563485552,6.458383447983686,6.587551116943359,17837100
2010-07-07,6.882051701660106,7.026719813232472,6.706383632418977,6.954385757446289,12131000
2010-07-08,7.011216531904419,7.1352177910920584,6.902715738074764,7.073216915130615,12346300
2010-07-09,7.104220077778664,7.150720506216339,7.016386044670929,7.135220527648926,6378800
2010-07-12,7.181721051556296,7.393556408759613,7.171387895910181,7.26955509185791,11352400
2010-07-13,7.398721931934568,7.543390037059572,7.212720716005104,7.47105598449707,11722600
2010-07-14,7.65189062408746,7.8947254139110425,7.6157233525986285,7.739724159240723,20972800
2010-07-15,7.708723576410157,7.744890352219384,7.4917219360840654,7.631223201751709,12874100
2010-07-16,7.636388508164097,7.734556161820134,7.269552498011364,7.3160529136657715,9453000
2010-07-19,7.316056858257233,7.45555818043525,7.217889644407771,7.372890949249268,6073800
2010-07-20,7.197219716216641,7.522722167439717,7.0938852292998416,7.507221698760986,14726500
2010-07-21,7.548556923210237,7.569223726500394,6.721884298868486,6.789051532745361,43121200
2010-07-22,6.799383055975134,6.980217910910035,6.7218826854232265,6.809716701507568,15607600
2010-07-23,6.783882882230899,6.820049655067186,6.5462144620167475,6.608214855194092,26418700
2010-07-26,6.613384225724119,6.902719505356226,6.572050614348104,6.876886367797852,17461000
2010-07-27,6.8717175773867485,7.000885199169449,6.758049932252067,6.835550308227539,14705100
2010-07-28,6.783883355909013,6.861383729608252,6.587548517437534,6.634048938751221,10250100
2010-07-29,6.71154907415548,6.71154907415548,6.396380274837254,6.510047912597656,12129400
2010-07-30,6.432548009382099,6.56171564207144,6.344713979734514,6.484215259552002,9686000
2010-08-02,6.639215073852556,6.737382236549729,6.510047469246361,6.680548667907715,7746500
2010-08-03,6.675383221850607,6.675383221850607,6.4325479371553635,6.4428815841674805,12469800
2010-08-04,6.427381185818025,6.510048884636952,6.293047222300027,6.484215259552002,10880500
2010-08-05,6.406714402515208,6.582382462309906,6.406714402515208,6.458381652832031,5987900
2010-08-06,6.4222132151559235,6.427379544665422,6.2878787932031575,6.3085455894470215,19607800
2010-08-09,6.308546338835839,6.370546734932427,6.107044681970417,6.132878303527832,19702300
2010-08-10,6.003710468422036,6.0450440643047605,5.662708056021893,5.735042095184326,30586000
2010-08-11,5.554206399222451,5.936542349377581,5.507705987740157,5.8280415534973145,30970200
2010-08-12,5.683374219553361,5.833208611086721,5.605873859108107,5.6782073974609375,17926500
2010-08-13,5.683373993865094,5.807374762747507,5.683373993865094,5.776374816894531,15279700
2010-08-16,5.688542224040801,5.915877023272213,5.683375400874425,5.802209377288818,13837300
2010-08-17,5.843541656420325,5.915875187360352,5.6885404586792,5.688540458679199,12410300
2010-08-18,5.683375654921213,5.915877287711819,5.652375207272613,5.822876930236816,14868100
2010-08-19,5.8590428828325,5.936543251928776,5.714375297242964,5.735042095184326,11976600
2010-08-20,5.791875019817882,5.843542255271568,5.642040628284523,5.6782073974609375,15925500
2010-08-23,5.745375996356983,5.760875973648677,5.600708391918589,5.61104154586792,10005800
2010-08-24,5.5438731766010285,5.554206821153324,5.34753885746034,5.357872009277344,14050600
2010-08-25,5.337207604945075,5.507708874591102,5.161539510707225,5.450875282287598,10253600
2010-08-26,5.481874218633291,5.481874218633291,5.228705773831467,5.239039421081543,14822900
2010-08-27,5.285539488417895,5.538708432321667,5.084038289328391,5.492208003997803,16249300
2010-08-30,5.497371969933638,5.600705927637523,5.435371595311307,5.466371536254883,8835300
2010-08-31,5.409540658824439,5.419873813339095,5.223538950206429,5.239039421081543,12545600
2010-09-01,5.378539114513694,5.786708735798283,5.373372291940837,5.5490403175354,11776600
2010-09-02,5.59554021492326,5.6782073974609375,5.409539054213486,5.6782073974609375,11290900
2010-09-03,5.781541146046524,5.8797087909632095,5.678207171977846,5.776374816894531,8511800
2010-09-07,5.719541980124639,5.75570924830537,5.590374361836473,5.6007080078125,8552500
2010-09-08,5.523209405217384,5.745377957417464,5.368208593923485,5.704044342041016,18083800
2010-09-09,5.750540268087521,5.791873851015224,5.683373072646209,5.698873043060303,9884200
2010-09-10,5.704043694237255,5.709210518756409,5.4715420109658774,5.554209232330322,11052400
2010-09-13,5.605875202206157,5.828043185321035,5.605875202206157,5.807376384735107,12736100
2010-09-14,5.760876381565207,5.890044017858018,5.6317087452723955,5.740209579467773,14945900
2010-09-15,5.735045566955347,5.941713671477712,5.683378294456942,5.884880065917969,13337700
2010-09-16,5.864208707767951,5.874541858612889,5.75570791385224,5.838375091552734,10312100
2010-09-17,5.859045010742258,5.921045427083886,5.709210548066111,5.7660441398620605,11729500
2010-09-20,5.7815399080932375,5.848707100039737,5.642039196154468,5.833207130432129,10945900
2010-09-21,5.82804340631828,6.194879500180337,5.60070859125262,5.905544281005859,41211800
2010-09-22,5.786708843670067,5.864209705501673,5.5800408642564445,5.735042095184326,19018200
2010-09-23,5.662707873410787,5.833209074112533,5.642041076135889,5.729875087738037,12802200
2010-09-24,5.797042757770005,6.0192107227559335,5.786709111952572,6.003710746765137,17772700
2010-09-27,6.045043003815726,6.045043003815726,5.879708649289629,5.96754264831543,8598100
2010-09-28,5.983043369569683,6.045043760275524,5.817708994354106,6.039876937866211,13482400
2010-09-29,5.983045967703302,6.262048093403722,5.983045967703302,6.205214500427246,16284300
2010-09-30,6.236213982287284,6.26204761082594,6.008879135165166,6.086379528045654,16269500
2010-10-01,6.169044541687207,6.169044541687207,5.988210191978996,6.039876937866211,10705600
2010-10-04,6.00887973474939,6.0295465410954145,5.838378459210796,5.9313788414001465,10609500
2010-10-05,6.03471176592991,6.174212548596949,5.8332100879270765,6.16387939453125,19281000
2010-10-06,6.096710054890507,6.158710435996281,5.900375268354608,5.93654203414917,20768600
2010-10-07,6.0243774871749665,6.163878747943801,5.879709896282928,6.132878303527832,16009100
2010-10-08,6.282712261637844,6.411879867321963,6.158711478437566,6.303379058837891,20065400
2010-10-11,6.442880766631099,6.453213919596633,6.298212683230834,6.35504674911499,12484300
2010-10-12,6.4273804233806775,6.520381265560266,6.26721285377734,6.489381313323975,16318200
2010-10-13,6.551384327310028,6.711551960888113,6.484217080322731,6.587551116943359,14547900
2010-10-14,6.551383217698441,6.644383588537703,6.463549178263522,6.556549549102783,19295700
2010-10-15,7.770723150714707,8.070391956963833,7.491721141698785,8.013558387756348,85933700
2010-10-18,8.39072670257557,8.437227114779892,8.091057926964675,8.22539234161377,40101600
2010-10-19,8.049725508121556,8.096225927092627,7.85855750225686,7.8792243003845215,26065500
2010-10-20,7.889557666736251,8.01872527364888,7.817223629480465,7.858557224273682,22041500
2010-10-21,7.837892710916785,7.992893982927911,7.662224635486541,7.868892669677734,24145900
2010-10-22,7.832722558248957,7.9102234076871385,7.7397217360172395,7.8430562019348145,11849800
2010-10-25,7.863726572922159,7.941226964871559,7.636391235795763,7.651891708374023,18410200
2010-10-26,7.631224354264807,7.98772682136431,7.615723882803851,7.925726413726807,16891100
2010-10-27,7.853390110200464,7.946390941400401,7.817223339282843,7.8637237548828125,10359300
2010-10-28,7.874059675483018,7.889560147956769,6.88721892715255,7.202387809753418,55541500
2010-10-29,7.331550028445151,7.750053113370611,7.290216451259316,7.600218772888184,25660500
2010-11-01,7.65705697514974,7.703557400947881,7.496889389328817,7.517556190490723,9692700
2010-11-02,7.569224581105587,7.672559101958841,7.49172418320116,7.641558647155762,7397300
2010-11-03,7.6208912099294395,7.636391189678617,7.491723562303516,7.584724426269531,8921900
2010-11-04,7.610555407890269,7.739723018962965,7.595055432527439,7.708723068237305,7191300
2010-11-05,7.693221160784765,7.915389060974121,7.620887139365435,7.915389060974121,8504100
2010-11-08,7.817222695214418,7.8740562580788644,7.719055049761432,7.781055927276611,6282700
2010-11-09,7.801724849307576,7.806891179896369,7.512389148713308,7.564056396484375,9155600
2010-11-10,7.58472093413812,7.595054084968194,7.372886168401524,7.4503865242004395,7409500
2010-11-11,7.362552524836205,7.636387673758981,7.233384936681183,7.4503865242004395,10400100
2010-11-12,7.3573875749183975,7.440054773532141,7.254053576651218,7.2798871994018555,16132700
2010-11-15,7.341885871954513,7.419386229247234,7.254051870897292,7.259218692779541,14307500
2010-11-16,7.217887051199726,7.326387876333558,7.13005302643732,7.155886650085449,12954900
2010-11-17,7.155887870538579,7.310888653392318,7.155887870538579,7.202387809753418,9607400
2010-11-18,7.295386288615079,7.378053477173954,7.23855271966468,7.347053527832031,15156800
2010-11-19,7.440054378881702,7.786223624266072,7.434888048793915,7.713890075683594,25277900
2010-11-22,7.636390533317043,7.641557357034496,7.316054853866443,7.409055709838867,21868900
2010-11-23,7.440055738906754,7.455556210209602,7.13005370388131,7.135220527648926,16942800
2010-11-24,7.26955509185791,7.357389132159524,7.217888328156385,7.26955509185791,8166600
2010-11-26,7.217886848943753,7.310887201641465,7.166219603095287,7.176553249359131,4815600
2010-11-29,7.1197210010514995,7.207555045813805,7.016386975665109,7.161054611206055,12079900
2010-11-30,6.8510503490869175,6.990551115664253,6.794216283706784,6.928550720214844,41715000
2010-12-01,7.026716122317787,7.274717624342206,7.016382480032511,7.192050457000732,19969700
2010-12-02,7.24888646693969,7.708723356966325,7.238553313889221,7.507221698760986,25637400
2010-12-03,7.465888921388914,7.750057806161933,7.434888966096094,7.739724159240723,11530000
2010-12-06,7.760388969567219,7.770722120446162,7.631221380801335,7.672554969787598,6736500
2010-12-07,7.899888908685251,7.920555701084135,7.775888154291946,7.832721710205078,13360500
2010-12-08,7.853394956774851,7.853394956774851,7.626060053556038,7.786227703094482,8670100
2010-12-09,7.837892920315816,7.8843933524350165,7.750058880254098,7.82239294052124,6820400
2010-12-10,7.832724064933433,7.925724905054574,7.822390911995164,7.8843913078308105,6319100
2010-12-13,7.899892799625023,7.915392778374603,7.729391555173332,7.75522518157959,5954200
2010-12-14,7.765553081631522,7.765553081631522,7.553718375370343,7.600218772888184,7655400
2010-12-15,7.553723172758938,7.615723577914303,7.440055516939725,7.496889591217041,13602000
2010-12-16,7.496888240102458,7.662222624052976,7.496888240102458,7.538221836090088,8194500
2010-12-17,7.517556153026408,7.620890158320967,7.496889351967496,7.595056533813477,12387000
2010-12-20,7.620888537217418,7.6983889015187295,7.569221299193011,7.589888095855713,8670300
2010-12-21,7.620890800932637,7.708724836023239,7.620890800932637,7.6260576248168945,5532500
2010-12-22,7.615720915380051,7.698388093352577,7.610554093572956,7.672554969787598,4341300
2010-12-23,7.631224721456405,7.682891483939321,7.626057897387475,7.646724700927734,2718000
2010-12-27,7.631224742618537,7.853392758108548,7.605391114937709,7.76555871963501,6828500
2010-12-28,7.775892300659427,7.951560376089672,7.775892300659427,7.868892669677734,7957000
2010-12-29,7.868894940628596,7.925729035985002,7.734560926003463,7.786227703094482,3520500
2010-12-30,7.760390389126283,7.786223517416753,7.672556373279742,7.750056743621826,3081500
2010-12-31,7.713891957008817,7.76555871963501,7.626057918535278,7.76555871963501,2598700
2011-01-03,7.853391608742058,7.92055883378791,7.698390358077431,7.734557628631592,7036900
2011-01-04,7.7603895711560344,7.806889492818839,7.538221143580841,7.636388301849365,7352400
2011-01-05,7.600223357262055,7.7293909870641055,7.553722931695653,7.595056533813477,9186400
2011-01-06,7.6105545888980695,7.631221877471559,7.367719860982938,7.6208882331848145,13305400
2011-01-07,7.620889635761666,7.626056458855959,7.455555238627239,7.476222038269043,5912400
2011-01-10,7.445221160954967,7.465887959399037,7.341887168734615,7.398720741271973,9445800
2011-01-11,7.414221737125542,7.471055313706205,7.274720468152041,7.295387268066406,7595200
2011-01-12,7.347053157355893,7.434887163954484,7.269552302438456,7.336719512939453,6110300
2011-01-13,7.331554246940888,7.352221047425255,7.223053421214112,7.274720668792725,6194400
2011-01-14,7.290219270361633,7.445220491114497,7.259219321852238,7.367720127105713,8280700
2011-01-18,7.367719049633635,7.5485533701202705,7.367719049633635,7.533053398132324,8611100
2011-01-19,7.527887113566901,7.646721554578921,7.233385161111228,7.3005523681640625,14396200
2011-01-20,6.995720377320017,7.000887201925898,6.665050993576381,6.876886367797852,31653200
2011-01-21,6.918216060600943,6.938882854582994,6.783881653349996,6.861382007598877,12392200
2011-01-24,6.845883211368361,7.0525511866929005,6.845883211368361,6.985384464263916,12549400
2011-01-25,6.944050957784114,6.985385049044621,6.856217430469701,6.975051403045654,9062600
2011-01-26,7.15588458550079,7.233384941349725,6.985383408444938,7.073216915130615,21043400
2011-01-27,7.0680539890482965,7.300555661270047,7.052553516227492,7.233388423919678,11210800
2011-01-28,7.264386520824268,7.331553243655498,6.949217240647727,7.130052089691162,12904800
2011-01-31,7.145554382210386,7.238555248193279,6.975053123065403,7.233388423919678,11289200
2011-02-01,7.2695523448310935,7.3212195817440175,7.171385185978884,7.207551956176758,13071100
2011-02-02,7.181718465108157,7.460720465369194,7.181718465108157,7.367720127105713,10753800
2011-02-03,7.3108883596580885,7.388389240706627,7.233387971345001,7.352221965789795,5254500
2011-02-04,7.341888770372098,7.465889588087373,7.300555164467006,7.403889179229736,8457500
2011-02-07,7.4038872584285835,7.486554448792299,7.378053638256092,7.429720878601074,5090600
2011-02-08,7.440054217820382,7.5382218783934025,7.393554291624847,7.460721015930176,7553500
2011-02-09,7.445219702417779,7.512386907386619,7.352218881270885,7.4503865242004395,5978800
2011-02-10,7.403887917371441,7.465888315662236,7.372887964593726,7.4348883628845215,5040000
2011-02-11,7.367721141552319,7.445221516231972,7.352220672428096,7.4348883628845215,5345500
2011-02-14,7.414221595089935,7.574389168174067,7.37288799605304,7.38322114944458,6053100
2011-02-15,7.372887147440508,7.471054310670344,7.290219466146322,7.347053527832031,6632400
2011-02-16,7.362554258262286,7.3780542345243045,7.093885375132022,7.171386241912842,12388000
2011-02-17,7.161054611206056,7.1972218896429165,7.021553800118304,7.161054611206055,7833800
2011-02-18,7.135220751552133,7.161053885729988,6.9595526798242,7.088720321655273,8299000
2011-02-22,6.9802173166823405,7.03705088406646,6.763215706327998,6.845882892608643,9425700
2011-02-23,6.820047784599671,6.845881397855598,6.448045034825816,6.572046279907227,19631800
2011-02-24,6.561713500025522,6.6185475552062405,6.510046759457441,6.582380294799805,11382500
2011-02-25,6.6133805283769105,6.758048087313572,6.608213706659648,6.628880500793457,11279900
2011-02-28,6.355047127081837,6.613382372144226,6.3343803271862615,6.561715126037598,12235100
2011-03-01,6.520377521408579,6.5358774886262845,6.334376436590889,6.349876403808594,14247300
2011-03-02,6.334381398626338,6.551383080602705,6.334381398626338,6.47388219833374,10725900
2011-03-03,6.5617165786011915,6.690884229726158,6.510049813792496,6.535882949829102,9843300
2011-03-04,6.515214099595584,6.541047720255974,6.38088015908515,6.427380084991455,7241100
2011-03-07,7.186884435355687,7.331551994296659,6.944049234724769,7.006050109863281,44749500
2011-03-08,6.959550401559414,7.24371921910992,6.882049546190029,7.207551956176758,14498900
2011-03-09,7.166217736337534,7.243718584921714,7.021550175476408,7.073216915130615,15736400
2011-03-10,6.990551009046827,7.047385073560147,6.918217461826726,6.964717388153076,9916300
2011-03-11,6.923384432507264,7.114552949170558,6.913051278834735,6.995718479156494,12423800
2011-03-14,6.949217875799303,7.03705189705002,6.789050302508256,6.794216632843018,7914200
2011-03-15,6.587549316543192,6.79421733330136,6.494548462634307,6.721883773803711,10900500
2011-03-16,6.711548737864545,6.923383534393301,6.5668811560680105,6.644381523132324,12062300
2011-03-17,6.758049932252067,6.969884753138037,6.613382333821347,6.835550308227539,14433000
2011-03-18,6.778717880079091,6.923385503010881,6.716717470251181,6.814884662628174,11630000
2011-03-21,6.856217430469701,6.995718202308226,6.820050162208678,6.975051403045654,10079600
2011-03-22,6.975052560137279,7.042219792066853,6.923385307042084,6.954385757446289,6699100
2011-03-23,6.938885735603743,7.078386529719414,6.9027184615671,7.031886100769043,6668100
2011-03-24,7.062885081739051,7.362553902930738,7.016384662461834,7.3315534591674805,12072500
2011-03-25,7.367719346618864,7.5020537565565455,7.264385374641897,7.4503865242004395,12710600
2011-03-28,7.502055506569739,7.579555880447256,7.383221041524139,7.3935546875,7618200
2011-03-29,7.398718550136085,7.40388537140078,7.279884617459272,7.3780517578125,4663900
2011-03-30,7.388384066627004,7.6208855614811,7.367717278034086,7.600218772888184,9378800
2011-03-31,7.595057300602345,7.600224124572561,7.383222445178027,7.445222854614258,9788100
2011-04-01,7.502053608444312,7.750055136292767,7.362552379478129,7.719054698944092,14953600
2011-04-04,7.708723042722893,7.719056195352135,7.471054619426357,7.538221836090088,7691600
2011-04-05,7.522721466318409,7.672555867100709,7.496887846996915,7.579555034637451,6808800
2011-04-06,7.677724385453137,7.750058441626411,7.553723568643622,7.6260576248168945,6725000
2011-04-07,7.605388562904215,7.682888927205527,7.538221350566605,7.589888095855713,6604200
2011-04-08,8.194392294753436,8.421727051956266,8.080725162519666,8.184059143066406,45007800
2011-04-11,8.215062004405448,8.24606245593169,8.091061183771398,8.132394790649414,12535500
2011-04-12,8.085890704106788,8.328726397016482,7.94122314543775,8.318392753601074,16587200
2011-04-13,8.406225392223568,8.504392032382851,8.354558168972709,8.488892555236816,15845100
2011-04-14,8.49406229232851,8.860897830959631,8.457895519277065,8.8298978805542,24930400
2011-04-15,8.845400098848016,9.114068031311035,8.79889967130289,9.114068031311035,21006100
2011-04-18,8.984899392752324,9.294901879947782,8.922899486595677,9.217401504516602,21877800
2011-04-19,9.310401173315777,9.418901488121657,8.824730704232248,9.263900756835938,32516400
2011-04-20,9.346571504388217,9.449906021578832,9.29490424579291,9.413738250732422,13501500
2011-04-21,9.24839969500145,9.398234579686962,9.217399747831207,9.377567291259766,12508800
2011-04-25,9.300065017529791,9.41373212408583,9.248397792560555,9.403399467468262,15046700
2011-04-26,9.418902613196359,9.480903504398935,9.362069530520625,9.37240219116211,12800000
2011-04-27,9.372402627573747,9.37756945087044,9.07790059795762,9.279401779174805,13857000
2011-04-28,9.22721311346973,9.362907541073405,9.091518685866056,9.289840698242188,10700000
2011-04-29,9.279404079206273,9.305498742109483,9.049767262957223,9.195899963378906,8662700
2011-05-02,9.216774401367914,9.342030560251755,9.117612902292075,9.148927688598633,8119500
2011-05-03,9.201114825255074,9.221991344506502,8.950602566921292,8.966259956359863,11997200
2011-05-04,9.028889984365069,9.112394093238347,8.726187340837562,9.034109115600586,11680300
2011-05-05,8.981918452619977,9.096737344482392,8.893196211377145,8.92451000213623,9100000
2011-05-06,9.008013209170278,9.185459664849152,8.955822899479898,9.044546127319336,6510200
2011-05-09,9.018452851841316,9.22721312713793,8.976700796781994,9.081080436706543,6763600
2011-05-10,9.112391622129968,9.326371962968755,9.075858708835883,9.26374340057373,8504200
2011-05-11,9.237648515889537,9.295056951581381,9.018450046159872,9.096735000610352,6300000
2011-05-12,9.148928771874301,9.180242566441095,8.955824881909317,8.971482276916504,7600000
2011-05-13,8.981919813927151,8.992358077578032,8.86188276828486,8.94538688659668,5686000
2011-05-16,8.929729135838613,8.976700319715006,8.684434954384685,8.715749740600586,8020500
2011-05-17,8.73662320871685,8.799251770929905,8.533082123557065,8.668776512145996,8368000
2011-05-18,8.658339918241976,8.898413962775548,8.637463395005621,8.799253463745117,6382700
2011-05-19,8.83056712899433,8.83056712899433,8.55395917268625,8.64790153503418,7262000
2011-05-20,8.642682951793729,8.877538872541168,8.62702655404221,8.835786819458008,8007100
2011-05-23,8.647900251070137,8.830565817909715,8.642681121109321,8.747061729431152,5400000
2011-05-24,8.747062312207941,8.971479938238721,8.715748525803999,8.83056640625,6023200
2011-05-25,8.773156383787983,8.788813773670434,8.627024726674124,8.747061729431152,8709500
2011-05-26,8.741840867550877,8.741840867550877,8.679212315876196,8.705307960510254,7876400
2011-05-27,8.715748429994335,8.778376002113772,8.585273160056978,8.59049129486084,14038100
2011-05-31,8.6270260648805,8.794034267743593,8.580054883394329,8.767938613891602,17603400
2011-06-01,8.788815323933033,8.799253585695876,8.465236177416907,8.517426490783691,12708000
2011-06-02,8.543518863417205,8.585270898983175,8.376509725706281,8.49654769897461,7158500
2011-06-03,8.413044255793832,8.49654833315853,8.272130751948234,8.298225402832031,7519600
2011-06-06,8.29300521068539,8.319099856658612,8.12077795910008,8.125996589660645,5288200
2011-06-07,8.141658019280099,8.261695043106295,8.08946770595862,8.099905967712402,5248700
2011-06-08,8.01640427354644,8.251260270926545,7.896367206195628,8.063375473022461,8451000
2011-06-09,8.05293441173695,8.136438510999051,7.974648945385963,8.026839256286621,6557300
2011-06-10,8.016402718839403,8.063373909205795,7.875489645464021,7.964212894439697,7829900
2011-06-13,7.969431512428196,8.058154257960348,7.854613109792813,7.896365165710449,7616700
2011-06-14,8.052933328051726,8.308664722058994,8.042495068186795,8.13643741607666,10475000
2011-06-15,8.042494873250789,8.214722175058634,7.7554492043298415,7.776325225830078,13649900
2011-06-16,7.791986441350307,7.812862473101309,7.515378398494709,7.604101657867432,9046000
2011-06-17,7.724139062139856,7.7554528602898865,7.400560327487734,7.437093257904053,11238500
2011-06-20,7.421434644733186,7.572785961431652,7.379682591693865,7.499719619750977,5789400
2011-06-21,7.557124682041969,7.797199112423052,7.536248666257678,7.713695049285889,10567500
2011-06-22,7.67716466244385,8.0164001545609,7.67716466244385,7.812859058380127,11553100
2011-06-23,7.734571624891112,8.26169168375125,7.734571624891112,8.204282760620117,18286400
2011-06-24,8.193846911963103,8.20428517254117,7.859830537043505,8.011181831359863,46884200
2011-06-27,7.979866058717054,8.073808395500215,7.880705090342046,7.943333148956299,9532700
2011-06-28,8.131220876931565,8.13644000852696,7.932898355820577,7.990307807922363,8395800
2011-06-29,8.03205476916541,8.167748620485964,7.974645353487995,8.125996589660645,5827500
2011-06-30,8.136436502016242,8.43913903596235,8.136436502016242,8.433919906616211,8516300
2011-07-01,8.44436289266534,8.543524414860707,8.324325339122083,8.538305282592773,5391600
2011-07-05,8.501767961784088,8.501767961784088,8.355635320089068,8.45479679107666,6493500
2011-07-06,8.47567443917975,8.616587986635842,8.465236177416907,8.517426490783691,6953300
2011-07-07,8.794034650804683,8.872319624875862,8.668778493201307,8.68443489074707,14215600
2011-07-08,8.632243212353497,8.846222547540028,8.61658582363966,8.84100341796875,9176000
2011-07-11,8.689654454362014,8.80447335113366,8.590492951363093,8.720968246459961,7299900
2011-07-12,8.694874663288644,8.767940519055694,8.590494016094894,8.66356086730957,7066200
2011-07-13,8.741843987947552,8.851442748190644,8.694872806286966,8.78359603881836,5840700
2011-07-14,8.841002326266183,8.929725527127866,8.679212315876196,8.705307960510254,8714400
2011-07-15,8.809690037094116,8.887975997626373,8.658339237322918,8.773157119750977,5893100
2011-07-18,8.767941053489716,8.767941053489716,8.418267158158827,8.627028465270996,7094800
2011-07-19,8.673997738191698,8.87231974147484,8.66877860712537,8.835786819458008,9286700
2011-07-20,8.961040193717011,8.961040193717011,8.736622604848693,8.867097854614258,15183300
2011-07-21,7.619755768247077,7.6667264461334765,7.301395799211744,7.374462127685547,44933300
2011-07-22,7.431874271490702,7.844176271865884,7.379684440975125,7.604101657867432,17819600
2011-07-25,7.489279330650787,7.7450106937382515,7.384898735516376,7.645849227905273,13578300
2011-07-26,7.651072331942376,7.82851883858614,7.651072331942376,7.708481788635254,10435800
2011-07-27,7.687603956833693,7.698042219089006,7.3744635550304185,7.478843688964844,11287300
2011-07-28,7.5362526823181994,7.572786102701934,7.426653416614478,7.442310810089111,7789600
2011-07-29,7.3901186105883605,7.46840406483931,7.233548199810075,7.249205589294434,11222800
2011-08-01,7.364023215607868,7.437089537614045,7.15526300662393,7.223110198974609,11547600
2011-08-02,7.191797445717215,7.228330863338825,6.868218804228565,6.889094829559326,9464600
2011-08-03,6.984334916788569,6.984334916788569,6.688030077403721,6.751523971557617,16844600
2011-08-04,6.740940557348472,6.740940557348472,6.375850585643474,6.386432647705078,17234300
2011-08-05,6.486964802813924,6.613952571073447,6.222406699970986,6.381141662597656,17729800
2011-08-08,6.164205191116213,6.232990376225386,5.730329951540296,5.756785869598389,19020900
2011-08-09,5.926102739906954,6.079546453994204,5.661544577369995,5.9843058586120605,15823000
2011-08-10,5.825571875543983,6.137750642485911,5.7673687466942924,5.86260986328125,16520200
2011-08-11,5.894354508282323,6.201241856553309,5.793822150115042,6.116583347320557,16360800
2011-08-12,6.121875484713352,6.365269005091655,6.121875484713352,6.264737129211426,10538600
2011-08-15,6.3017796351111395,6.423476735007417,6.280614987903743,6.354691505432129,10745900
2011-08-16,6.344103619525602,6.481673963530114,6.254153818030696,6.434053421020508,12206500
2011-08-17,6.4287651815567575,6.476385746614999,5.968433893668442,6.190662860870361,8959900
2011-08-18,5.979014673496537,5.979014673496537,5.5133922391504795,5.603342056274414,11053700
2011-08-19,5.566305724910485,5.608635003802178,5.2700002680638285,5.333494186401367,15137300
2011-08-22,5.471063256375021,5.492227890642045,5.280581043367116,5.391695499420166,10272000
2011-08-23,5.412859565273183,5.714456202662938,5.407568785715534,5.703873634338379,9515600
2011-08-24,5.698581801431271,5.852025481541808,5.635087412429739,5.809695720672607,6383200
2011-08-25,5.793823323721719,5.968431660534361,5.693291449795049,5.714456081390381,6708000
2011-08-26,5.687999808319205,5.91022867840795,5.598050003540209,5.867899417877197,5057800
2011-08-29,5.952557246609063,6.1853681524504465,5.889063363197777,6.17478609085083,4195700
2011-08-30,6.222407721165683,6.222407721165683,6.031925532910751,6.137749195098877,4596600
2011-08-31,6.1642047277814305,6.29648380352442,6.09542005244715,6.127166748046875,8183700
2011-09-01,6.164205644945415,6.201244134795507,5.936685943946268,5.947268009185791,5491700
2011-09-02,5.836153336251568,5.846735905710305,5.64567162743648,5.666836261749268,6074300
2011-09-06,5.539847861099072,5.619215105099767,5.42344213257404,5.608633041381836,6289800
2011-09-07,5.69858306325633,6.016052555537891,5.69858306325633,5.9843058586120605,6549800
2011-09-08,5.979012240425722,6.143037954594706,5.7832393371183635,5.836150646209717,5831000
2011-09-09,5.825570382930497,6.074254672027344,5.735620574668366,5.915520191192627,6969700
2011-09-12,5.830861658974567,6.06896388450954,5.740911850833971,5.9419755935668945,5687300
2011-09-13,5.968434141262272,6.063675275329727,5.883775579693348,6.031928062438965,5019300
2011-09-14,6.106001375546273,6.412888753680825,6.084836746178531,6.296483039855957,9383000
2011-09-15,6.3811421554947065,6.4340534773875895,6.19595126735818,6.285901069641113,5650500
2011-09-16,6.301774137829549,6.407597281552908,6.243571534932839,6.3599772453308105,5371900
2011-09-19,6.25415677941308,6.291195277016605,6.106004302813403,6.190662860870361,4262700
2011-09-20,6.248862984194509,6.248862984194509,6.00017821138794,6.0372161865234375,6862700
2011-09-21,6.053090040942408,6.148331133126924,5.915520191192627,5.915520191192627,6707700
2011-09-22,5.7620771033114115,5.777950452164403,5.529265631979115,5.645671367645264,9713000
2011-09-23,5.571596810749788,5.730331867569306,5.555723456449287,5.688002586364746,4216600
2011-09-26,5.725039088504053,5.968432644269542,5.640380548169048,5.947268009185791,5737200
2011-09-27,6.063677209888637,6.3282355514987785,6.010765339724612,6.074259281158447,7304400
2011-09-28,6.106002528898926,6.13245844675696,5.8467356440204465,5.878482341766357,8515200
2011-09-29,5.984306281045768,6.016052980212606,5.481645333058861,5.666836261749268,9723400
2011-09-30,5.613922670077273,5.613922670077273,5.38640304843493,5.439314365386963,8552600
2011-10-03,5.407567295941068,5.418149356745659,4.994856327867672,5.021312236785889,13266400
2011-10-04,4.97369460339011,5.127138359112013,4.788504142128386,5.105973720550537,8047800
2011-10-05,5.132428069379778,5.428733422887094,5.1006813735853775,5.375821590423584,6872600
2011-10-06,5.391696132794127,5.6880015519447795,5.375822781380354,5.672128200531006,5785900
2011-10-07,5.709165530374842,5.783242002771942,5.523974601684436,5.666836261749268,8796800
2011-10-10,5.7832426025286106,5.915521706852835,5.746204110186606,5.86260986328125,3924300
2011-10-11,5.8414463818681615,6.143042637891881,5.83615509554375,5.910231590270996,9644100
2011-10-12,5.936684550503363,6.195951395576062,5.910228636707161,5.920810699462891,11004300
2011-10-13,5.93139317633348,6.3017744500160005,5.8731905705534455,6.2594451904296875,7754100
2011-10-14,6.285901977413657,6.3493958756172715,6.095420282802811,6.24357271194458,6048800
2011-10-17,6.222406430411704,6.23298849167264,5.95784833902962,5.979012966156006,7347200
2011-10-18,5.9790130283305265,6.46579996190392,5.931392490649833,6.402306079864502,12265900
2011-10-19,6.502838938020427,6.777979640626597,6.243572086829333,6.375851154327393,15112000
2011-10-20,6.486964802813924,6.486964802813924,6.074253799063676,6.381141662597656,19252600
2011-10-21,7.1642357892100845,8.222468552783832,7.143071154122798,8.158974647521973,48009300
2011-10-24,8.100773115087458,8.407660617369343,8.074317191524239,8.328292846679688,17495200
2011-10-25,8.19601326906906,8.62459728901081,8.185431203006232,8.259507179260254,13781700
2011-10-26,8.312417273961504,8.968521883729894,8.291252641685404,8.592848777770996,22039000
2011-10-27,8.815077898053026,8.936774410652017,8.36532932434695,8.640469551086426,13415900
2011-10-28,8.51348191844802,8.788622655102625,8.481735220898434,8.672216415405273,7040200
2011-10-31,8.5452299118042,8.75158600019184,8.465862651290248,8.5452299118042,10044400
2011-11-01,8.422160233317902,8.823470288390393,8.299092061369223,8.695051193237305,16677500
2011-11-02,8.705753372980633,9.13916796329034,8.705753372980633,9.010748863220215,15536500
2011-11-03,9.256882455855965,9.476265147288826,8.91443162446496,9.251532554626465,19080300
2011-11-04,9.181971459547125,9.89897864289546,9.091007831194457,9.813365936279297,19881900
2011-11-07,9.679597037580738,9.952487953170028,9.508371605191554,9.818717956542969,12097300
2011-11-08,9.72775775057845,9.791966800089348,9.379955840738507,9.567233085632324,14526000
2011-11-09,9.422760422201582,9.545828594183076,9.101712173941134,9.165921211242676,10828000
2011-11-10,9.358552263660009,9.44416501116024,8.893033076700556,9.369254112243652,13114100
2011-11-11,9.428111167133398,9.738457563113904,9.347848341147772,9.599336624145508,11992000
2011-11-14,9.476270430946728,9.540480507925967,9.353202222369783,9.50302505493164,7301300
2011-11-15,9.203378744977881,9.556531552996896,9.128466831960502,9.374604225158691,8878100
2011-11-16,9.230131175429355,9.44416299856884,8.962591141358939,9.198026657104492,13751600
2011-11-17,9.155217548670176,9.198023900469067,8.561278524449627,8.967939376831055,11632200
2011-11-18,8.914434121438351,8.951889564040183,8.550579500876088,8.566632270812988,13748800
2011-11-21,8.561282522509371,8.727157085619357,8.374004263212598,8.641544342041016,7775500
2011-11-22,8.58803465584857,8.753910211221585,8.459616072699284,8.555930137634277,4941100
2011-11-23,8.497073560536162,8.727157697460578,8.13856978894882,8.256287574768066,7429300
2011-11-25,8.17067075662543,8.400754778980167,8.106460716121056,8.111811637878418,1950200
2011-11-28,8.390055602845495,8.775312883169702,8.34189831523194,8.555930137634277,6133700
2011-11-29,9.128469929744819,9.203381868183877,8.802071630104662,8.871631622314453,12039100
2011-11-30,9.074955173188235,9.219427000028656,9.016097074559307,9.149867057800293,10784000
2011-12-01,9.246185241455757,9.47091894241218,9.005398768793741,9.310394287109375,9430000
2011-12-02,8.989341582441554,9.33714432116692,8.52917306900495,8.652241706848145,19873500
2011-12-05,8.82347431209817,8.941191614524243,8.74321246859927,8.871631622314453,10409200
2011-12-06,8.914430449748775,8.9411840347067,8.711100550550547,8.775309562683105,6139800
2011-12-07,8.74320859856628,8.775313117638376,8.50777307734096,8.73250675201416,7396300
2011-12-08,8.72715846086042,8.764613914505189,8.33119920426853,8.40075969696045,7174500
2011-12-09,8.390054397619261,8.711102595396506,8.256284400260752,8.646892547607422,6427000
2011-12-12,8.641543663384432,8.775313692293121,8.507773634475745,8.753911018371582,8298300
2011-12-13,8.786014188217438,8.828820550061034,8.379353240411193,8.470316886901855,8255400
2011-12-14,8.374004012270158,8.416810382776557,8.02620212433262,8.277689933776855,8240400
2011-12-15,8.363302270764498,8.475669115488481,8.218830394565593,8.229532241821289,6549500
2011-12-16,8.272339837741342,8.32049713695341,8.127867940105142,8.256287574768066,9230000
2011-12-19,8.315147542814321,8.357953924452847,8.036906062163913,8.06365966796875,4976100
2011-12-20,8.245583766987817,8.502422465003223,8.245583766987817,8.422160148620605,8808800
2011-12-21,8.400757889759207,8.561282029877852,8.288391042705372,8.539878845214844,7386800
2011-12-22,8.593386680226445,8.75391133303765,8.491721679129967,8.56128215789795,4420400
2011-12-23,8.566630753309132,8.652243469971854,8.529174807050161,8.646892547607422,2687500
2011-12-27,8.625488496418972,8.646891161862634,8.400754385757,8.464963912963867,5960800
2011-12-28,8.507775410204722,8.598739089671795,8.304445372881906,8.341900825500488,4827200
2011-12-29,8.384706333208484,8.491722265513603,8.283040814799458,8.4810209274292,3537400
2011-12-30,8.470314203593842,8.8288177531828,8.443560108343995,8.775309562683105,8171800
2012-01-03,8.98934467582199,9.048203809506926,8.737857412904564,8.791365623474121,6110200
2012-01-04,8.79671395349293,9.005394790556588,8.673644799286018,9.000043869018555,8512200
2012-01-05,9.738458918871478,9.775914365234279,9.390656012738349,9.577934265136719,28075500
2012-01-06,9.540476345053085,9.866875471156803,9.540476345053085,9.791963577270508,11792100
2012-01-09,9.818721265554796,9.872229486355266,9.706353899815365,9.733108520507812,8663100
2012-01-10,9.850828126029032,10.075561890221449,9.808021743353557,9.952493667602539,10149200
2012-01-11,9.995299480781147,10.016702160607103,9.840125714558383,10.000650405883789,7189400
2012-01-12,10.06485821546214,10.434063836996437,10.05950729102431,10.364503860473633,23587000
2012-01-13,10.305641586040915,10.525024318520039,10.220028862175118,10.455464363098145,10863800
2012-01-17,10.48756914058397,10.594584537789238,10.268186402641343,10.396605491638184,13270400
2012-01-18,10.385900928118138,10.589231864596744,10.34844549786785,10.567828178405762,8890600
2012-01-19,10.589236087235344,10.674848824970951,10.535727871004505,10.615989685058594,7222300
2012-01-20,10.615986696289712,10.749756688913742,10.492918548015776,10.712301254272461,11928800
2012-01-23,10.701601901455982,10.712303748297666,10.444763700761268,10.530376434326172,15262700
2012-01-24,10.648089960454083,10.712299998443099,10.460811788618713,10.567828178405762,14833600
2012-01-25,10.557130431785499,10.64809409222587,10.407308652649117,10.578534126281738,8464700
2012-01-26,10.65879643828479,10.701602808696201,10.519675479301615,10.594586372375488,7326500
2012-01-27,10.888882265048833,11.236684190642293,10.872829491651787,11.113615989685059,18576900
2012-01-30,11.081506593605427,11.236680287455433,10.969140280611256,11.177821159362793,8838000
2012-01-31,11.311593055725098,11.35975034666267,11.215278473849954,11.311593055725098,16201400
2012-02-01,12.622542814136905,13.992347928762154,12.606490039690657,13.660598754882812,75403800
2012-02-02,13.623139905941375,14.077958230107292,13.478669043452276,13.778313636779785,26350600
2012-02-03,13.912078592004196,14.275933118473132,13.890674904290021,14.136812210083008,13584400
2012-02-06,14.120763921650687,14.24918302690232,13.869276634772614,14.126114845275879,12271500
2012-02-07,14.083304013900175,14.527420328208681,14.029795815189175,14.27058219909668,14065700
2012-02-08,14.329446320073083,14.602337310200339,14.286639950283575,14.447163581848145,11061300
2012-02-09,14.479265132662112,14.607684215676944,14.067254290708588,14.275935173034668,14218200
2012-02-10,14.045856654673667,14.152873113609779,13.810421057364975,14.019103050231934,15049400
2012-02-13,14.305421311905265,14.316226258268046,13.927257462955572,14.0731201171875,10088600
2012-02-14,14.04610764286776,14.445881352130192,14.008291364080495,14.370248794555664,8362200
2012-02-15,14.375656815453787,14.462094351874837,14.073124407563395,14.154160499572754,9647900
2012-02-16,14.300019698666192,14.74841469552212,14.208179709892498,14.683587074279785,9997000
2012-02-17,14.721403242748224,14.748414579650905,14.478297088958278,14.521515846252441,6814000
2012-02-21,14.58634189867567,14.656571980360209,14.294614566102348,14.435075759887695,4934700
2012-02-22,14.375648932092053,14.472891364843814,14.229785282964409,14.294612884521484,6679100
2012-02-23,14.235194161132089,14.802440566908563,14.235194161132089,14.645772933959961,9857600
2012-02-24,14.743016372913244,15.007731448250912,14.721406474314245,14.851062774658203,9956800
2012-02-27,14.721403444453236,14.964509601574097,14.424274612786823,14.429676055908203,10897300
2012-02-28,14.49991083992896,14.661980965290164,14.408070827446483,14.62956714630127,7177000
2012-02-29,14.694392306065714,14.834852498285011,14.18657112121582,14.18657112121582,10275000
2012-03-01,14.283818734864173,14.802444023490013,14.035310011251651,14.780835151672363,10556700
2012-03-02,14.716000922874716,14.991520889906763,14.467493323443733,14.737610816955566,12285100
2012-03-05,14.640365595745756,15.013127955069217,14.63496312324353,14.942896842956543,9877900
2012-03-06,14.81324642586602,14.910488908356207,14.327035043831762,14.537726402282715,10013000
2012-03-07,14.71059993804845,14.964511067111593,14.591748599825566,14.921292304992676,8109400
2012-03-08,14.964504302462398,15.429105527615352,14.964504302462398,15.115769386291504,11770100
2012-03-09,15.142788112468057,15.466928302937214,15.142788112468057,15.304858207702637,9046000
2012-03-12,15.250833821984003,15.310260001792422,15.045544975107681,15.061751365661621,6135600
2012-03-13,15.175200514802,15.223821744936036,14.834851903863765,15.126579284667969,8772400
2012-03-14,15.088764905966503,15.288651294712205,14.640369861787073,14.818647384643555,9831200
2012-03-15,14.807840559233783,14.86726673612441,14.267605585075918,14.359445571899414,13668600
2012-03-16,14.49990718148377,14.602552117869964,14.19197340274166,14.429676055908203,15459600
2012-03-19,14.359445086982921,14.52151516159062,14.10553502865315,14.283812522888184,8690300
2012-03-20,14.20278542355949,14.408074368160216,14.008300400998921,14.354050636291504,6848400
2012-03-21,14.418872139248974,14.548528412907944,14.218984740014436,14.429676055908203,6956900
2012-03-22,14.424274455344094,15.115774573977458,14.402664561428573,15.088763236999512,12346100
2012-03-23,15.067155596090739,15.148191679974891,14.732210433647134,15.104971885681152,8567000
2012-03-26,15.164393609656749,15.164393609656749,14.910483575404411,15.072553634643555,5653000
2012-03-27,15.126576465466144,15.126576465466144,14.759216586438225,14.775424003601074,6718800
2012-03-28,14.92128742901461,15.045541200700784,14.55933002814289,14.71059513092041,8829800
2012-03-29,14.57013629526099,14.661976278385538,14.273007483607898,14.634964942932129,6863800
2012-03-30,14.72139924083843,14.74841057039827,14.273004369398347,14.564730644226074,6050300
2012-04-02,14.59174919344231,15.126581782828023,14.516116614261485,15.104971885681152,9874000
2012-04-03,14.980717360667313,15.23462848806556,14.899682311027759,15.067154884338379,8895400
2012-04-04,14.905085959344147,14.932097301213211,14.732210898382196,14.824050903320312,9307700
2012-04-05,14.440486493326562,14.478302792052975,13.435649732821641,13.894848823547363,31554900
2012-04-09,13.803006162106433,14.435081259757524,13.727373579104022,14.321632385253906,10942000
2012-04-10,14.397258965853672,14.521512737673682,13.79759896556673,13.851621627807617,8389500
2012-04-11,14.051512499020324,14.294617631209363,13.911051275116739,13.98668384552002,8748900
2012-04-12,14.05692378226519,14.651182861848294,14.05692378226519,14.580951690673828,8160700
2012-04-13,14.537725405645567,15.002327887729228,14.510714064768585,14.791635513305664,10247800
2012-04-16,15.369682943656326,15.666811719269058,15.137381777435042,15.40209674835205,20482400
2012-04-17,15.612792396522336,15.650608684326357,15.067154884338379,15.067154884338379,20695700
2012-04-18,15.450728186282792,15.985560954255044,15.234634294741015,15.645212173461914,30187200
2012-04-19,15.753251889255981,15.9855530948574,15.369685549154251,15.542560577392578,16091100
2012-04-20,15.666816938666823,15.926129523455113,15.520953223317179,15.780265808105469,12126800
2012-04-23,15.666818944473777,15.909925167847828,15.612795224788792,15.839694023132324,13269900
2012-04-24,15.893712467759126,16.14222005324795,15.791067537466764,16.1206111907959,9645400
2012-04-25,16.1530291209694,16.920162996447434,16.13142025300406,16.758092880249023,14236100
2012-04-26,16.74728293311323,17.011997926793118,16.531189165866007,16.7959041595459,9546000
2012-04-27,15.715436151466443,16.174636105183914,15.045544878567743,15.980151176452637,31256700
2012-04-30,16.100020449821077,16.89003880983182,16.083675916060695,16.75927734375,16583800
2012-05-01,16.813763926814243,17.73454284399267,16.813763926814243,17.374948501586914,23352300
2012-05-02,17.22782955572602,17.614666233361927,17.146102779876788,17.549283981323242,10553300
2012-05-03,17.631022803907314,17.701852586145908,16.791968701695236,17.020801544189453,11519700
2012-05-04,16.775623854566074,16.884591229459634,16.388786919814436,16.57948112487793,9442800
2012-05-07,16.37243255048851,16.98810199273194,16.2634652341334,16.895479202270508,10500000
2012-05-08,16.748375817790347,16.884585771779403,16.208984524697623,16.568578720092773,9750600
2012-05-09,16.252572724063853,16.78106700575701,16.127259807662313,16.65575408935547,8096400
2012-05-10,16.85734419006323,17.282318581255076,16.75927285695758,17.146108627319336,12821700
2012-05-11,16.971766655474298,17.200599508682483,16.895489384138195,16.966318130493164,8454900
2012-05-14,16.791960822156632,17.440319372318243,16.699338023676496,17.091623306274414,10011300
2012-05-15,17.140655184422453,17.434869099288555,16.95541065630576,17.058929443359375,8755200
2012-05-16,17.080724538626328,17.309557250654596,16.42691649306007,16.4759521484375,9753900
2012-05-17,16.437811499058405,16.62305705437023,15.587861976521227,15.620552062988281,13069000
2012-05-18,15.609663404895285,15.664147604402707,14.558122199440826,14.661642074584961,19881200
2012-05-21,14.650738579442969,15.250062431878773,14.579909878692918,15.173785209655762,13688200
2012-05-22,14.705228149683919,14.710676673155705,14.045972397591633,14.361979484558105,20121200
2012-05-23,14.045968055725096,14.302042344544246,13.724512544654637,14.045968055725098,17980000
2012-05-24,14.051417674783242,14.765157457499454,14.04596915257022,14.378320693969727,16544100
2012-05-25,14.329291464755979,14.383775672141326,14.035078407594813,14.263911247253418,6597000
2012-05-29,13.991486207231212,14.095006060036583,13.468439459708835,13.637340545654297,20395200
2012-05-30,13.430301595969212,13.724515602860306,13.217814394903092,13.250504493713379,13417500
2012-05-31,12.994428171361399,13.010772698680764,12.47138147395549,12.765595436096191,20462100
2012-06-01,12.43324310464329,12.613040183119224,11.77943601891233,11.844816207885742,25964400
2012-06-04,11.915645826852952,12.242548846511443,11.823023027496552,12.062751770019531,12569000
2012-06-05,11.915644650312197,12.378757562167465,11.872057516048198,12.313377380371094,11368900
2012-06-06,12.493172531441365,12.929043807525163,12.455033924683919,12.896353721618652,11392200
2012-06-07,12.880013066033277,12.978084400314666,12.275241569963864,12.346070289611816,13993600
2012-06-08,12.346070206128676,12.896358547609193,12.313380107989092,12.743803024291992,9366400
2012-06-11,12.929054565476465,13.010780367844339,12.27524710733351,12.29159164428711,8226700
2012-06-12,12.487726362789326,12.662074906063287,12.149925280796559,12.634833335876465,9771200
2012-06-13,12.634834472006322,13.315884179910078,12.536763147796279,12.994428634643555,13672300
2012-06-14,13.059814025572482,13.081608123720356,12.743806876826875,12.771049499511719,8444700
2012-06-15,12.88001082993708,12.912701961821702,12.70566228334967,12.841872215270996,7510800
2012-06-18,12.88001192281113,13.059809006635165,12.722008928759413,12.988980293273926,5541300
2012-06-19,13.087050276794802,13.446644407567078,12.999876005043905,13.337676048278809,5957300
2012-06-20,13.294091638526929,13.359472875347008,12.988981624832077,13.250504493713379,6186000
2012-06-21,13.048913775714876,13.076155350348317,12.318828352184472,12.356966972351074,11452400
2012-06-22,12.367860459602618,12.754696111940557,12.362411938403598,12.716557502746582,7220700
2012-06-25,12.553110018001618,12.749251647583243,12.307931682025222,12.678422927856445,10677900
2012-06-26,13.054360439381531,13.321332842179029,12.978083203839041,13.141535758972168,20059300
2012-06-27,13.228711610634324,13.479337436727961,13.054361989943665,13.364921569824219,9208800
2012-06-28,12.781940187810124,12.956289782805802,12.455037165291717,12.667524337768555,19810800
2012-06-29,12.96718261312834,13.539264840859923,12.95628661045848,13.473883628845215,89629700
2012-07-02,13.452094439834301,13.47933601311537,13.168777505233798,13.381264686584473,13548200
2012-07-03,13.364914388585769,13.708162844062185,13.294084665913534,13.691817283630371,5961000
2012-07-05,13.566509027781045,13.800790277238356,13.37036743223483,13.664580345153809,7562400
2012-07-06,13.332225144578658,13.653680603931475,12.999873682603027,13.599196434020996,17471900
2012-07-09,13.599199240251387,14.17673010559874,13.462989306967462,14.149487495422363,12315500
2012-07-10,14.045965811901604,14.416455881476184,13.670026182210764,13.811684608459473,10271200
2012-07-11,13.817139443511932,13.937003840867472,13.637342327878832,13.822587966918945,7016500
2012-07-12,13.75175398743549,13.920654004493105,13.392159866371273,13.746305465698242,7193900
2012-07-13,13.817136762955172,14.100452650758829,13.757204056304696,14.0623140335083,4778900
2012-07-16,14.067761434934049,14.329284251698907,13.806238618169191,14.187626838684082,6746800
2012-07-17,14.405568158600083,14.792404013264298,14.073215466024001,14.585365295410156,11691700
2012-07-18,14.579911440269372,15.244615543175174,14.476391599594107,14.999438285827637,9485100
2012-07-19,15.059373308768597,15.14654760271693,14.656191939457667,14.803298950195312,7973300
2012-07-20,14.7542620258642,14.9830947878281,14.460049068596026,14.601706504821777,7912900
2012-07-23,14.285696147961872,14.547219986212298,13.898860470931876,14.465493202209473,6937800
2012-07-24,14.498187794429295,14.776056224490675,14.263906507954044,14.416460990905762,6693600
2012-07-25,14.48729043554019,14.628948908932545,14.187628959763696,14.334734916687012,7836100
2012-07-26,15.865735253169374,16.672097898609174,15.718628259431192,16.377883911132812,28480000
2012-07-27,16.339748018205206,16.448716410830095,15.898428002553674,16.350645065307617,11143900
2012-07-30,16.35609681126635,16.748381231442824,16.317958178093612,16.57948112487793,13062400
2012-07-31,15.228270584556949,16.661198590427222,15.201027975046536,16.356088638305664,20230500
2012-08-01,16.421467200318745,16.819200946280986,16.2798087624581,16.470502853393555,9855000
2012-08-02,16.31795301373572,16.606717453054383,16.04553310391843,16.323400497436523,8569100
2012-08-03,16.40512853824111,16.94451987563083,16.38878296830825,16.857345581054688,9204400
2012-08-06,16.841000714661934,17.402186168739235,16.80831061263013,17.38039207458496,10589100
2012-08-07,17.418529331657847,18.03419789435124,17.260526318251383,17.756330490112305,12876300
2012-08-08,17.69095679408522,18.208553170248877,17.500261532719833,17.78902816772461,17851200
2012-08-09,17.963371170872318,18.137719762921616,17.696398720197298,18.028751373291016,13933800
2012-08-10,17.951735178344947,18.859498616482004,17.89671787686377,18.80448341369629,16376900
2012-08-13,18.705444922520936,19.068550534127976,18.59541247382605,18.81547737121582,8980300
2012-08-14,19.00253150664508,19.06855013500241,18.633923126036752,18.732952117919922,8395600
2012-08-15,18.842980853709324,18.853984306051114,18.545893936562837,18.765958786010742,5245100
2012-08-16,18.820975667126344,19.090555027374283,18.677934971013286,19.046541213989258,6664800
2012-08-17,19.008022377222762,19.64620771858546,18.98051480449114,19.62420082092285,13087800
2012-08-20,19.288616219494177,19.431656939554934,19.184084444551235,19.299619674682617,7681400
2012-08-21,19.39314479313618,19.530684827130056,18.809974293472184,19.101560592651367,9009300
2012-08-22,18.969522768885096,19.45366431528526,18.76596408976581,19.349132537841797,13121500
2012-08-23,19.118071367565065,19.118071367565065,18.369852986884972,18.534900665283203,13623200
2012-08-24,18.474376327201266,18.765960495390104,18.320330079078182,18.738452911376953,9438200
2012-08-27,18.804476780137723,18.96952442896732,18.556904257545973,18.622922897338867,6228400
2012-08-28,18.595414771616806,18.909005924995576,18.353345033531603,18.523893356323242,8656100
2012-08-29,18.501886288788622,18.721949087867003,18.408357972692144,18.47987937927246,5128300
2012-08-30,18.14977977164489,18.177287352585434,17.440072850431733,17.720653533935547,10942300
2012-08-31,17.902210600681958,18.15528374925771,17.429072567182942,17.610624313354492,12064500
2012-09-04,17.60512469232231,18.023245480339426,17.53910501301333,17.8251895904541,8466100
2012-09-05,17.836189587480334,18.10026828459437,17.643634390307856,17.89670753479004,6695900
2012-09-06,17.19250434568617,17.638134813856333,16.98344395455539,17.44007682800293,18354700
2012-09-07,17.231018715915283,17.291536678693014,16.81289680354097,16.834903717041016,13224700
2012-09-10,16.58183105727631,16.840407069095658,16.41678338750236,16.43328857421875,12793200
2012-09-11,16.504803021757077,16.73587030603556,16.284739191336406,16.56532096862793,9386600
2012-09-12,16.570830036297895,16.735877719891384,16.40578130335683,16.504810333251953,9072800
2012-09-13,16.56532167497128,17.005449354579614,16.053672591584615,16.68085479736328,9582800
2012-09-14,16.895417424689903,17.330044439721963,16.41677868970344,16.76888084411621,15565000
2012-09-17,16.64234773651892,16.68636051500524,16.26823859471151,16.367267608642578,7304100
2012-09-18,16.36176280638686,16.59833183981344,16.152702410188496,16.33425521850586,7845200
2012-09-19,16.361764101058125,16.411278602639673,16.15270368831726,16.213220596313477,7905800
2012-09-20,16.202215113871155,16.63684104048111,16.042668183654893,16.515806198120117,9300500
2012-09-21,17.016451039250775,17.142987602810383,16.51030373566529,17.032955169677734,18174700
2012-09-24,16.823899700096135,17.291536102927,16.73037241952996,17.25302505493164,10949400
2012-09-25,17.456580565391807,17.742664083070686,17.258523633369418,17.35755157470703,10753400
2012-09-26,17.286025518931094,17.330038272570096,16.73036384839691,17.043954849243164,7491500
2012-09-27,17.109981258243344,17.577617606090854,16.895418081379642,17.566614151000977,6553500
2012-09-28,17.51709661624492,17.55560765303723,16.944929642910438,17.032955169677734,9110500
2012-10-01,17.198004832616565,17.32454140363122,16.499301254557565,16.554317474365234,9396800
2012-10-02,16.73587086340702,16.774381903844816,16.43878389543459,16.664350509643555,8160400
2012-10-03,16.658850027530082,16.741373841685235,16.43878512398671,16.532312393188477,8421500
2012-10-04,16.56532830693177,16.702868393042202,16.4002795739907,16.504810333251953,10938100
2012-10-05,16.62033837524612,16.658850468929703,16.207718244190193,16.279239654541016,5833100
2012-10-08,16.229722084519505,16.36176037555666,16.103185520110614,16.246227264404297,4528700
2012-10-09,16.163711390234774,16.229731097088433,15.613551014062283,15.784101486206055,9163900
2012-10-10,15.734582772121804,15.81710659666974,15.404486424582704,15.531023025512695,8189700
2012-10-11,15.723577424332545,15.916133691347103,15.476004931121366,15.542024612426758,7329900
2012-10-12,14.986360342996655,15.63554940051493,14.931344125532092,15.4429931640625,16903500
2012-10-15,15.448496937800298,15.674062514881989,15.393480713045621,15.641053199768066,5772800
2012-10-16,15.740081727456198,15.971149025092418,15.646554462952318,15.723576545715332,6295800
2012-10-17,15.745587669384644,15.877626010613238,15.49251339501925,15.613548278808594,4567500
2012-10-18,15.498014842167702,15.767593248446754,15.371478231957676,15.387982368469238,6689000
2012-10-19,15.376978779535314,15.50901710822369,15.305457362320345,15.349470138549805,10379900
2012-10-22,15.387984310624564,15.608049285796431,15.354974984087812,15.57503890991211,7747700
2012-10-23,14.755298699921436,15.454002514856835,14.716787647804086,15.294455528259277,13701300
2012-10-24,15.382477823806862,15.40998646186924,15.090893605776383,15.239437103271484,7693400
2012-10-25,15.393480787666453,15.608043960315081,15.299953519934284,15.476004600524902,6876600
2012-10-26,15.442988805975547,15.635544988087682,15.27243952437761,15.354963302612305,6666600
2012-10-31,15.12389797371567,15.30545072813613,14.727783159347457,15.035872459411621,11797200
2012-11-01,15.041380757093899,15.586039258327105,14.98636452427949,15.531023025512695,7476500
2012-11-02,15.74558065918656,15.74558065918656,15.398979249595273,15.415484428405762,6058100
2012-11-05,15.43749009569862,15.910628055687212,15.431988369495615,15.866615295410156,5604600
2012-11-06,15.9546434523853,16.69735982296922,15.822605149735493,16.664350509643555,9873400
2012-11-07,16.405777356407512,16.609337096590895,16.125195522323708,16.13069725036621,9819900
2012-11-08,16.158202940583106,16.460790582246318,16.158202940583106,16.290241241455078,7583300
2012-11-09,16.21237462792663,16.662872568308437,16.151196576296883,16.16231918334961,9458900
2012-11-12,16.201259096335484,16.23463011668666,15.578348234479952,15.600594520568848,6656000
2012-11-13,15.444861529982026,15.706261392938,15.127844381491816,15.533848762512207,8996300
2012-11-14,15.611714478244316,15.628399984448553,14.855321836638355,14.894254684448242,15458400
2012-11-15,14.855322830403821,15.088914628831395,14.855322830403821,14.944311141967773,11176600
2012-11-16,14.949870174061374,15.189023780381701,14.716278402866122,15.077790260314941,10345400
2012-11-19,15.189025716349365,15.278012968069572,14.949872079546918,15.066668510437012,9254500
2012-11-20,15.016607040831229,15.061100648890129,14.593917233866032,14.810823440551758,11100500
2012-11-21,14.88313389610994,15.183465640270995,14.755214839537858,14.877572059631348,9049000
2012-11-23,14.99992761028269,15.261328591624224,14.888694075526306,15.177903175354004,2963500
2012-11-26,15.150095009298383,15.255767776074334,14.972120493135808,15.211274147033691,5951900
2012-11-27,15.200144657703682,15.239076435614164,14.40482041475049,14.432629585266113,13851600
2012-11-28,14.388137714038018,14.516056731452323,14.143422287949965,14.288026809692383,9984900
2012-11-29,14.315831731540726,14.382572673164068,13.893141930089646,14.048870086669922,10280500
2012-11-30,14.288029342526965,14.288029342526965,13.848653864635722,13.959888458251953,11474600
2012-12-03,14.09893321195539,14.2991540243282,13.993260438795499,14.10449504852295,6603500
2012-12-04,14.1489846965584,14.72183991117348,14.143422861556795,14.716278076171875,11623500
2012-12-05,14.716283284656571,15.828625219187659,14.682913323647979,15.350318908691406,17209400
2012-12-06,15.261322852403623,15.978782435491487,15.244637351099692,15.867548942565918,11358300
2012-12-07,16.0065972970755,16.05665275797819,15.73407371038959,15.761881828308105,7988400
2012-12-10,15.750756624779092,16.58501281092893,15.739632954368977,16.07889747619629,12138200
2012-12-11,16.217939244104482,16.496024623544972,15.978785648055815,16.14563751220703,9494900
2012-12-12,15.722974902475126,15.875132984163969,15.59335923653939,15.638442993164062,10180100
2012-12-13,15.632807389225785,15.8920397959788,15.508827327228326,15.638442993164062,7256800
2012-12-14,15.610267446348198,15.638444393681455,15.413025590370482,15.5820894241333,5682400
2012-12-17,15.67789184325217,15.94275986572562,15.61026674274776,15.807507514953613,5504000
2012-12-18,15.89203852287424,16.619014174569532,15.863860505440185,16.545753479003906,12658100
2012-12-19,16.906422656886345,17.374166974064945,16.793712742554543,17.08675765991211,14140100
2012-12-20,17.05857974716747,17.205102197500803,16.821889800456912,17.120569229125977,5843000
2012-12-21,16.85570446269171,17.188197550478364,16.427408263595648,17.1656551361084,17452400
2012-12-24,17.193838645009436,17.23892241326562,16.872616661823912,17.06985855102539,2795800
2012-12-26,17.13747603777721,17.407978526908895,17.030401732748746,17.120569229125977,4660800
2012-12-27,17.030408249083063,17.131846990041222,16.765541261489236,17.02477264404297,4120500
2012-12-28,16.912060764074912,17.05858324444768,16.844434590486884,16.87824821472168,4348600
2012-12-31,16.85570850186233,17.340359778139884,16.793717922371464,17.143117904663086,6504500
2013-01-02,17.802463160139748,18.033517517340158,17.622128156947372,18.005340576171875,7445700
2013-01-03,17.994075831482753,18.033523993236873,17.6503114363995,17.684123992919922,4948400
2013-01-04,17.734840003444436,17.82500752032853,17.531963627896022,17.723569869995117,4520900
2013-01-07,17.689761046599184,17.982806093455572,17.56578094595158,17.740480422973633,5594000
2013-01-08,17.650310141920272,17.988438906971354,17.368536350191324,17.68975830078125,8464200
2013-01-09,18.03351715206639,18.878838268569503,18.00534021146884,18.86756706237793,17973600
2013-01-10,18.96901062075915,19.002824247983657,18.58579811126799,18.980281829833984,9940800
2013-01-11,19.019731331990492,19.03663707191684,18.62524758552244,18.760499954223633,7241600
2013-01-14,18.90701811585384,19.41421172363466,18.484357492624188,19.143709182739258,11264200
2013-01-15,19.12117549562709,19.549470843452408,18.90702674683239,19.41985511779785,8044400
2013-01-16,19.284598708352156,19.555101286435647,19.19443118232433,19.329681396484375,4906500
2013-01-17,19.391676758285378,19.76925484465041,19.363499802530118,19.735441207885742,7421800
2013-01-18,19.690346470268583,19.955214450830532,19.498740257688993,19.938308715820312,8398000
2013-01-22,19.983398524351777,21.36972518379277,19.915773410413184,21.352819442749023,15325700
2013-01-23,21.3584481020258,21.380988365031524,20.37224011591205,20.63710594177246,11841400
2013-01-24,20.507495399292903,21.059771751059966,20.4398702939117,20.777997970581055,8484500
2013-01-25,20.924522337720347,21.166847970148183,20.80617571158894,20.99214744567871,8976200
2013-01-28,21.245742841320595,21.31900462398317,20.992146016537287,21.082313537597656,8838300
2013-01-29,19.80306480524016,19.808701485815096,18.935200876383607,19.109901428222656,16672000
2013-01-30,19.10989639152088,19.408575890358115,19.076082766274645,19.09862518310547,5940000
2013-01-31,18.715411664459488,19.63399467693384,18.574524791677174,19.149343490600586,13520900
2013-02-01,19.374766022397925,19.38603723174851,18.72668545820131,18.974645614624023,7864900
2013-02-04,18.84502941241737,19.256418868441664,18.687236785384307,19.04790687561035,7083900
2013-02-05,19.059180458881794,19.295871578679684,18.839397229631768,19.138076782226562,5903900
2013-02-06,19.047904808645026,19.55509841158984,19.00282212714053,19.510013580322266,6000400
2013-02-07,19.38040140052056,19.588913408225018,18.895750126047936,19.57764434814453,9803900
2013-02-08,19.639629617096418,20.755455564683178,19.588910255842475,19.994665145874023,10520600
2013-02-11,20.03974688812022,20.096100769818605,19.611449648066436,19.752336502075195,4312000
2013-02-12,19.79179104079937,19.803062250731543,19.53255966164986,19.54383087158203,3486400
2013-02-13,19.684718486375136,19.76925148905637,19.52128916106531,19.729801177978516,3404700
2013-02-14,19.617091386780015,19.870686069606208,19.61145470729839,19.695987701416016,3537500
2013-02-15,19.60018660208042,19.735438984135182,19.29587250454364,19.414216995239258,5091400
2013-02-19,19.577647644888348,19.577647644888348,19.143715666760556,19.262060165405273,4976500
2013-02-20,19.29586989872041,19.29586989872041,18.25330559593231,18.315296173095703,5580400
2013-02-21,18.163130245987666,18.225120796447815,17.68411479898023,17.875720977783203,5673500
2013-02-22,18.02225762706382,18.17441578462775,17.678494214460443,17.943361282348633,4413200
2013-02-25,18.208220106265994,18.25893946616279,17.351627666766294,17.379804611206055,4889800
2013-02-26,17.43053166658085,17.76866052354755,17.05295464002974,17.65595054626465,5136400
2013-02-27,17.62776600942271,18.10678159457471,17.486879135841626,18.016613006591797,3485300
2013-02-28,17.954631480171493,18.31530169261772,17.870098458607643,18.123695373535156,5460100
2013-03-01,18.05042644604601,18.28711752321939,17.875727015151142,18.213855743408203,3921500
2013-03-04,18.19695534226149,18.258945931838287,17.77992910768546,18.056068420410156,4806400
2013-03-05,18.196947416985196,18.38291695495687,18.089872027163647,18.22512435913086,3912700
2013-03-06,18.326567429047838,18.743591431410238,18.287119270709866,18.608341217041016,5379300
2013-03-07,18.698508271404716,18.709779480611655,17.99970942379964,18.157503128051758,5739400
2013-03-08,18.275848014857797,18.34910980148393,18.039156915666982,18.315296173095703,4433600
2013-03-11,18.208220388530737,18.816850566964213,18.14622981994445,18.783039093017578,4424600
2013-03-12,18.75486441492017,19.75798065689954,18.664696880223964,19.690353393554688,8727800
2013-03-13,19.746710435290158,20.186276920227947,19.555104145744306,19.898868560791016,6580600
2013-03-14,20.00593249739487,20.259529254779174,19.932670734203246,20.22571563720703,5130200
2013-03-15,20.118642953415367,20.186268040636293,19.61144942485154,19.92140007019043,10203300
2013-03-18,19.617093529319618,20.039754246543218,19.44239299228564,19.887596130371094,3329600
2013-03-19,19.893233756745758,19.97213009227752,19.21134154277677,19.38040542602539,4444700
2013-03-20,19.617091386780015,19.786155225251925,19.549464131580578,19.695987701416016,2573500
2013-03-21,19.555101609491988,19.600184298368983,19.205702709082395,19.453662872314453,3195200
2013-03-22,19.515654453876955,19.63963346698512,19.24515185741795,19.566373825073242,2421700
2013-03-25,19.684718307943392,19.718531938662096,19.307140289090263,19.566373825073242,3752000
2013-03-26,19.77488582847488,20.55821666667439,19.729800987543104,20.220088958740234,9470700
2013-03-27,20.10737385693489,20.772360042039402,20.056654498756984,20.670921325683594,5966200
2013-03-28,20.654021374336544,20.823085232360068,20.43423599416601,20.603302001953125,4485100
2013-04-01,20.772362497512407,20.93015511949034,20.51876567664555,20.693466186523438,3535000
2013-04-02,20.693469379226578,20.693469379226578,20.175004448822342,20.445507049560547,3947300
2013-04-03,20.524400887395,20.85125950064282,20.25953499882048,20.32152557373047,5040700
2013-04-04,20.36097604227467,20.496226266740372,20.158098555812565,20.479320526123047,2524600
2013-04-05,20.22009180016676,20.22009180016676,19.72980376007195,20.011577606201172,6002700
2013-04-08,20.180641416175064,20.428601599607124,19.82560580713084,20.276443481445312,3671200
2013-04-09,20.28771116300586,21.00341678700571,20.25953421634322,20.828716278076172,5694200
2013-04-10,20.95269473014535,21.358449589179724,20.851256015386756,21.234468460083008,5664800
2013-04-11,20.845626888866583,20.873803839209867,20.14682691163018,20.586393356323242,7282100
2013-04-12,20.563850276135817,20.62583869851576,20.197543522433435,20.338430404663086,3970200
2013-04-15,20.169365060260546,20.597660204157513,19.481836438721746,19.611452102661133,6120800
2013-04-16,19.712895900334633,20.20318173801564,19.61145715464013,19.915773391723633,4611800
2013-04-17,19.729800999138124,19.876324582488962,19.205703696461235,19.566373825073242,4970100
2013-04-18,19.662175218455534,19.808698796820885,18.985917675436024,19.121170043945312,5917500
2013-04-19,19.03100113643749,19.46493301053046,18.721050412017743,19.40857696533203,5205900
2013-04-22,19.44238782724781,19.848142695914532,19.357854846354574,19.617088317871094,3384000
2013-04-23,19.893229355645012,20.422965462328225,19.780519408493472,20.30461883544922,4746500
2013-04-24,20.41169345307765,20.924521650253585,20.3327971380911,20.54694366455078,6283000
2013-04-25,20.856893546616856,21.330273567049716,20.479317726031365,20.59202766418457,8986100
2013-04-26,20.552572608588374,20.71036517917234,20.406049093249656,20.513124465942383,6434600
2013-04-29,20.558213073541822,20.69909995218432,20.20881421644211,20.411691665649414,4811600
2013-04-30,20.394785207021076,20.68219566345215,20.282077416022467,20.68219566345215,5548700
2013-05-01,20.738543741486197,20.97523476566727,20.518760601022656,20.817440032958984,6202800
2013-05-02,21.448621661263637,22.496818353898227,21.442984981598084,22.333391189575195,14001200
2013-05-03,22.541898523870355,23.398490925748984,22.479907958967637,23.235061645507812,8594800
2013-05-06,23.257602628100962,23.80424432157451,23.257602628100962,23.65208625793457,7023400
2013-05-07,23.697178499090825,23.945140843519358,23.421041351585576,23.849336624145508,5535200
2013-05-08,23.770440296286864,23.950775374181962,23.387227718318854,23.849336624145508,5394100
2013-05-09,23.054737036167147,23.33087636362909,22.60389929213494,22.727880477905273,10508500
2013-05-10,22.705334484211765,22.94766013661865,22.57008210738045,22.823678970336914,4252700
2013-05-13,22.772474618728488,23.267406321674482,22.73834289447352,22.909008026123047,4013400
2013-05-14,23.03416530126429,23.438073317997887,22.840744224640094,23.238962173461914,5263900
2013-05-15,23.267409507883666,23.318609271402245,23.02278865664215,23.102432250976562,7891900
2013-05-16,23.176384752494613,23.403937537779914,23.02278548311147,23.09105110168457,6561700
2013-05-17,23.27877861583983,23.59735507177186,23.09104765029251,23.59166717529297,4901200
2013-05-20,23.38687723632708,23.432386936154952,23.159322226811515,23.347055435180664,4386900
2013-05-21,23.347052512341783,23.620117187500004,23.199141123636203,23.6201171875,3118900
2013-05-22,23.409633702743974,24.393805126509243,23.409633702743974,23.98989486694336,7497600
2013-05-23,24.035393505662284,24.803387459686995,23.688373275875442,24.456369400024414,7468800
2013-05-24,24.302784057908266,24.484827205372895,24.029719336711324,24.376737594604492,2749900
2013-05-28,24.77495359449344,24.80339742456545,24.47913298746925,24.52464485168457,3407300
2013-05-29,24.291403574054527,25.025266156960424,24.285713505589985,24.894420623779297,4026200
2013-05-30,24.974057614884224,25.281253930129246,24.786324483783563,24.843212127685547,3707000
2013-05-31,24.797706492202103,24.945615692552558,24.501885921376324,24.50757598876953,6208700
2013-06-03,24.54739832636468,25.030949899556138,24.274331508659596,25.008193969726562,4042500
2013-06-04,25.042338491550105,25.599845988211612,25.042338491550105,25.451936721801758,5100100
2013-06-05,25.446242208962808,25.503132047745833,24.678247831458325,24.85460090637207,4269600
2013-06-06,24.865966038488658,25.09920883178711,24.58152350177717,25.09920883178711,4185400
2013-06-07,25.252811409381042,25.29263319618923,24.820459651124438,25.03663444519043,3292700
2013-06-10,24.854598045264893,25.104908966845056,24.547401631700918,25.013887405395508,3943400
2013-06-11,24.797703885102816,25.37796700108703,24.75219203124148,24.99681282043457,4211000
2013-06-12,25.235751063362233,25.38366027952155,24.69530961986167,24.786331176757812,3389700
2013-06-13,24.843227471198325,25.087848397282155,24.547408936057078,25.019582748413086,2932100
2013-06-14,25.042329189745033,25.212994332248854,24.79202045874776,24.87166404724121,2605500
2013-06-17,25.00819062177381,25.28125523279766,24.888725261349244,25.03663444519043,3120800
2013-06-18,25.133354543032283,25.628284182146785,25.05371094249953,25.594152450561523,4571800
2013-06-19,25.451924643548463,25.628277665564767,25.10490432650053,25.24712562561035,3490300
2013-06-20,24.95130737344889,25.065084857297098,24.120735430569496,24.371044158935547,5166500
2013-06-21,24.55877569688487,24.55877569688487,23.84198122226186,24.035402297973633,5996100
2013-06-24,23.87042125997218,23.89317718764749,23.142248935359973,23.455135345458984,3867400
2013-06-25,23.836290662133653,24.240198631847836,23.574601821782032,24.1207332611084,3339100
2013-06-26,24.33690869059959,24.501885923015845,24.05246608441633,24.291399002075195,2784600
2013-06-27,24.678240849064583,25.59414637813568,24.581529235559486,25.423479080200195,4063500
2013-06-28,25.315392975068914,25.884278210463723,25.167483768721244,25.50312614440918,3896300
2013-07-01,25.87859598519491,26.0435710903247,25.668106839472557,25.867218017578125,2837700
2013-07-02,25.941169516807456,26.077702947372348,25.520195598639123,25.724994659423828,2711900
2013-07-03,25.57707943742657,25.861522052620703,25.355214544795135,25.656723022460938,1948400
2013-07-05,25.95254772688082,26.128902957571338,25.651039201301327,26.009437561035156,2622700
2013-07-08,26.16872527423644,26.407656072036705,25.821704874466732,25.855838775634766,3401600
2013-07-09,25.87290394547018,26.168724570596304,25.78188238159486,26.015125274658203,2552900
2013-07-10,26.026505798206433,26.259748714183157,25.81601881796536,26.072017669677734,3164800
2013-07-11,26.379205422173083,26.453161103861824,26.04925314332097,26.345073699951172,3021300
2013-07-12,26.413339766980254,26.566939029984287,26.305252361218066,26.555561065673828,2474800
2013-07-15,26.527124044495284,26.726233045690286,26.48161217557908,26.572633743286133,1992500
2013-07-16,26.623822546330153,26.737600001638615,26.362135918207816,26.48729133605957,2355200
2013-07-17,26.549886067317708,26.68641954641046,26.441798600208546,26.561264038085938,1811900
2013-07-18,26.697787147419717,26.85138643794189,26.527121992436808,26.680721282958984,2511000
2013-07-19,26.657967763829554,27.169963275133508,26.475924626015875,27.033432006835938,6541200
2013-07-22,27.056180308949216,27.2040895029001,26.58969462863326,26.635204315185547,3830300
2013-07-23,26.811560719002905,26.902582266354898,25.747743807303195,25.77618980407715,5338100
2013-07-24,24.700998062891728,25.19592982392997,23.210519222025486,25.139039993286133,13194300
2013-07-25,24.40518228070323,24.40518228070323,23.3299871508069,24.075227737426758,9627200
2013-07-26,24.012648105772044,24.012648105772044,23.295853579236027,23.352741241455078,7078700
2013-07-29,23.2958590121199,23.46652420870351,22.869194935598017,22.926082611083984,4082500
2013-07-30,22.971585069193903,23.591670026308435,22.93176327865557,23.466514587402344,3970400
2013-07-31,23.421001459573084,23.517713067154027,23.125183080221834,23.27309226989746,4207100
2013-08-01,23.392554206158838,23.853351908589726,23.335666565420183,23.77370834350586,2923700
2013-08-02,23.699760155286278,23.699760155286278,23.18776254652856,23.381183624267578,3658300
2013-08-05,23.31801572662441,23.6510470652988,23.15724212797994,23.21466064453125,2250200
2013-08-06,23.20318589317343,23.369702725085823,22.887379543586505,23.140024185180664,4183300
2013-08-07,23.168731107159818,23.18021525202896,22.697892119408177,23.019441604614258,3382200
2013-08-08,23.140025163569316,23.708478369162194,23.122800038980042,23.490283966064453,3360200
2013-08-09,23.47880349642743,23.570674492585926,23.237642952902874,23.461578369140625,2263600
2013-08-12,23.392670815375574,23.737186431884766,23.306540816059844,23.737186431884766,2118500
2013-08-13,23.737186288213493,23.8577665342242,23.547701167016502,23.639572143554688,2142700
2013-08-14,23.656793432184447,23.85201948140137,23.5132449310066,23.5821475982666,2463400
2013-08-15,23.306537601233636,23.329505889933245,22.55434257414571,22.692150115966797,3871000
2013-08-16,22.795500759453734,22.858662445816982,22.456726233813164,22.508403778076172,3417000
2013-08-19,22.50840876082567,22.76105337183116,22.198343426607597,22.261505126953125,2959400
2013-08-20,22.34189268399098,22.61176461602576,22.19834415680256,22.519893646240234,2030400
2013-08-21,22.42227456839603,22.979243432089202,22.353371903832574,22.686403274536133,2763800
2013-08-22,22.789766724807148,23.249123831371154,22.75531647507876,23.013704299926758,1675000
2013-08-23,23.0653759962147,23.37544133658525,22.86440893692453,23.042409896850586,2144000
2013-08-26,23.042406219046022,23.30079396144681,22.824211882087987,23.025178909301758,2149200
2013-08-27,22.818467878372594,23.00220976184091,21.974402095306505,22.112207412719727,2898500
2013-08-28,22.215572634476523,22.5141538789699,22.04905798247468,22.318927764892578,2396500
2013-08-29,22.146668536490804,22.181120974565072,21.342795837773046,21.871055603027344,6676000
2013-08-30,21.968669887984696,22.318928712558154,21.81938035458766,22.003122329711914,4222900
2013-09-03,22.261505119555807,22.617504841849026,22.11795659713699,22.204084396362305,3539500
2013-09-04,22.244280736883667,22.697892418112794,22.03757050727207,22.519893646240234,3565600
2013-09-05,22.54860159715909,22.85292375611092,22.376343812665162,22.692150115966797,3237800
2013-09-06,22.829953540216426,22.829953540216426,22.25001853695432,22.657695770263672,2855100
2013-09-09,22.651965368127176,23.231900642114024,22.45099605071903,23.059642791748047,3428400
2013-09-10,23.254857190811215,24.041502363960454,23.203179642772138,23.5821475982666,5173000
2013-09-11,23.668280509292817,23.783117572170465,23.082602289035215,23.306537628173828,3170400
2013-09-12,23.226151834023504,23.427118893313676,22.97924819525177,23.042409896850586,2697200
2013-09-13,22.956283983184814,23.128541806085114,22.835703726192307,23.111316680908203,2132100
2013-09-16,23.47879805526828,23.685508296314588,23.249121713287682,23.50750732421875,3654400
2013-09-17,23.564924828539617,23.765891874075102,23.34098949483536,23.691246032714844,3386000
2013-09-18,23.777376619516954,23.92092513863753,23.547698112773404,23.909440994262695,3273200
2013-09-19,24.001311362140815,24.162087189014564,23.731441642359968,23.748666763305664,3132700
2013-09-20,23.708477162789837,23.89221911698259,23.582153747890988,23.771638870239258,4746800
2013-09-23,23.691249273953954,23.811831708148844,23.27208781422197,23.50750732421875,2836600
2013-09-24,23.46156874136705,24.08169716336444,23.369697782909046,24.001310348510742,3073000
2013-09-25,24.098920808531858,25.201372142345853,24.001306697930524,25.18988800048828,7276300
2013-09-26,25.224352566693454,25.258805008848345,24.592739793160508,24.77073860168457,3442500
2013-09-27,24.5755000162955,25.023372775714034,24.414726415177892,24.983177185058594,2890900
2013-09-30,24.920027627849617,25.540156186822166,24.53531639844721,25.12673568725586,4924500
2013-10-01,25.086549245826234,25.6722277195905,24.988937262054286,25.666486740112305,2808500
2013-10-02,25.810026006093718,26.412929391075533,25.574606505657897,26.384220123291016,4297000
2013-10-03,26.269383963669615,26.430157634548486,25.9880278492546,26.160287857055664,4126900
2013-10-04,26.160280975436553,26.378473131267697,25.59182791805741,26.338279724121094,4053000
2013-10-07,26.028217154150468,26.177506642331004,25.81576378007909,25.93060302734375,2090500
2013-10-08,26.44164441055032,26.76319397466115,25.689451355242987,25.71816062927246,4678400
2013-10-09,25.764087536373484,26.010991163896055,25.35641026874378,25.76983070373535,3820600
2013-10-10,25.988021173740787,26.458862299641744,25.913377525936074,26.435894012451172,3028700
2013-10-11,26.269379550254865,26.72873438300367,26.074153472539546,26.567960739135742,2264400
2013-10-14,26.41292980022368,27.23402757576512,26.38996150948958,27.17660903930664,3369300
2013-10-15,26.981378695531017,27.302925953613258,26.711506797889353,26.975635528564453,2853100
2013-10-16,27.27996136550331,27.572801589965824,26.992864308786103,27.57280158996582,3175800
2013-10-17,27.544087520550733,27.923055481736096,27.36034561151397,27.825441360473633,2712700
2013-10-18,27.894347070945404,28.73266983032227,27.463701547794447,28.732669830322266,6733400
2013-10-21,28.594863055983293,29.025508590532368,28.273315792027585,28.991058349609375,5307300
2013-10-22,28.9508643244267,28.9508643244267,28.18718734065727,28.215896606445312,5328300
2013-10-23,28.066610820127483,28.124029359293477,27.492416666960096,27.607255935668945,5438600
2013-10-24,27.561320196299793,27.99196582436698,27.33164165184652,27.882869720458984,4962600
2013-10-25,28.020671697805106,28.60060896657258,27.848413905536912,28.594865798950195,4303100
2013-10-28,28.6522885773368,28.824546381953937,28.422610044262736,28.623577117919922,4292300
2013-10-29,28.020672738586324,28.88196392229519,27.32589837608493,27.704866409301758,8328900
2013-10-30,28.00344224106855,28.623570635320377,27.951764692349542,28.422603607177734,3561200
2013-10-31,28.215893928128327,29.088669105573707,27.871378390620894,27.95750617980957,4945300
2013-11-01,27.968996759826844,28.376674084120324,27.73357724393007,28.25035285949707,4463000
2013-11-04,28.393899768164616,28.57764171195629,28.101059539362627,28.284801483154297,3662500
2013-11-05,28.23311650732343,28.27905307639153,27.53260135204425,27.8311824798584,3798300
2013-11-06,28.055117778124963,28.118279465405518,27.61872913348268,27.8311824798584,3062600
2013-11-07,28.062925835331164,28.138239841038427,27.22289367237523,27.257652282714844,4108000
2013-11-08,27.315575858153707,27.923875601159843,27.315575858153707,27.912288665771484,3412800
2013-11-11,27.929683627015482,27.95285751078827,27.5299440768593,27.750091552734375,2615300
2013-11-12,27.587871724889798,27.929678715489324,27.52414466071285,27.697946548461914,2612700
2013-11-13,27.663176509412022,28.25409698486328,27.541516996520254,28.25409698486328,2608100
2013-11-14,27.976016304103972,29.05357700847967,27.976016304103972,29.03040313720703,4034600
2013-11-15,29.02461561381704,29.09413724452018,28.05712945801499,28.352588653564453,4216100
2013-11-18,28.57853095905169,28.619084139092294,28.0107820185181,28.09768295288086,2739500
2013-11-19,28.01078387340093,28.201965057666055,27.593665106792614,27.72111701965332,3854200
2013-11-20,27.91229255798819,28.086092193085076,27.558898714301247,27.64579963684082,2740700
2013-11-21,27.94705968100309,28.010784533944832,27.373518324665305,27.941265106201172,2593500
2013-11-22,28.03395013748792,28.080297882290218,27.62841621039624,28.00498390197754,2711700
2013-11-25,27.976023005465272,28.613289148239215,27.976023005465272,28.074508666992188,2669900
2013-11-26,28.242516226338815,28.375762704362607,27.836982218015386,28.271482467651367,2829700
2013-11-27,28.416318437042765,28.653845173116565,28.115064638366743,28.39893913269043,2125800
2013-11-29,28.38734096158684,28.619075241184383,28.167193616967364,28.41051483154297,1405600
2013-12-02,28.40473180744338,29.285319333955805,28.40473180744338,28.873992919921875,3086700
2013-12-03,28.874002065525293,28.874002065525293,28.190387877229654,28.758134841918945,3119400
2013-12-04,28.624886406029727,29.459126382586664,28.595920154548928,28.943519592285156,3491700
2013-12-05,28.949306922908423,29.34325403240037,28.827645161166224,28.873992919921875,2806600
2013-12-06,29.314283711128226,29.806718671620835,29.198418741584213,29.789337158203125,2657700
2013-12-09,29.841478226336115,29.968932348861976,29.343253095517035,29.37801170349121,2418700
2013-12-10,29.256358708858983,29.766173103174992,29.00724498265816,29.51126480102539,1716600
2013-12-11,29.528635398022267,29.546014699474654,28.636461090426675,28.717567443847656,2591700
2013-12-12,28.816062950993608,29.018828888321497,28.532188428751596,28.624881744384766,2426900
2013-12-13,29.453328605550194,29.453328605550194,28.648055028407107,28.96668815612793,2713100
2013-12-16,29.094137406803654,30.044244265220765,29.094137406803654,29.742990493774414,3095800
2013-12-17,29.951554943717504,31.07546160911669,29.795134567968987,30.675722122192383,5239600
2013-12-18,30.629370698102097,30.664131514104636,29.80092336822683,30.50191879272461,4859200
2013-12-19,30.501922589460005,30.611995205528828,30.044248400045717,30.409229278564453,2773600
2013-12-20,30.635172618396396,32.46586737717445,30.50192610674285,32.24571990966797,10019000
2013-12-23,32.431099395388685,32.529587270951566,31.932872073086493,32.44847869873047,3885200
2013-12-24,32.21095869924051,32.69180681855908,32.21095869924051,32.40793228149414,1008300
2013-12-26,32.44847864945008,32.54696652486338,32.05453377774473,32.45427322387695,1636400
2013-12-27,32.59911388882799,32.81346678061994,32.129852705191766,32.24571990966797,2358200
2013-12-30,31.886515863414072,33.05676978000538,31.886515863414072,32.74972152709961,2031900
2013-12-31,32.87718444231143,33.06257103241221,32.24571067916113,32.535377502441406,2138300
2014-01-02,32.40214885512415,32.40214885512415,31.909715868626364,32.100894927978516,3023500
2014-01-03,32.21674290490056,33.1031226347408,32.04294326120397,32.9177360534668,3049400
2014-01-06,32.871397694807285,33.35224355442136,32.76132286876407,32.99305725097656,3258100
2014-01-07,33.06837062996515,34.27338364867669,32.91774262138695,34.064823150634766,4676400
2014-01-08,34.05322705824845,35.2234811527453,34.01267388452677,34.54566192626953,4520200
2014-01-09,34.58622259153281,34.592014956183895,33.34644881782673,33.607147216796875,3896600
2014-01-10,33.80412333036475,33.99530452810148,33.42755771994774,33.82729721069336,2044500
2014-01-13,33.97793072002126,34.852723849118874,33.827302683498566,33.91420364379883,3506600
2014-01-14,34.180687528185004,35.049688058562595,33.925781501534665,34.951202392578125,3112600
2014-01-15,34.98016917022782,35.52474204867093,34.88168129275356,35.24666213989258,2682900
2014-01-16,35.34514949465016,35.39728961815902,34.99755014457958,35.14238357543945,2212700
2014-01-17,34.96279187142309,35.56529951806809,34.58622624975717,35.45522689819336,3437000
2014-01-21,35.9766108987496,36.35897093557754,35.36251877868226,35.47838592529297,2869600
2014-01-22,35.69274937703473,35.947655407772935,35.29880228681398,35.33935546875,3301500
2014-01-23,34.63256632587116,35.264040118955,34.58042620680983,35.18872833251953,3985500
2014-01-24,34.99754597291435,35.01492527535146,33.86784490486982,33.93157196044922,3498900
2014-01-27,33.931563751187056,34.10536336345728,33.52602984923522,33.63031005859375,4236400
2014-01-28,31.121801504919198,31.631613478549482,29.2563466173698,29.847267150878906,17575200
2014-01-29,29.83568474631659,31.260845079531226,29.74878380966437,31.081253051757812,5861100
2014-01-30,31.08126588864936,31.4462446693705,30.66993712325934,30.762630462646484,4392200
2014-01-31,30.415014755791542,30.895862716531777,30.19486736352599,30.62357521057129,3402900
2014-02-03,30.7104774906214,30.942211847264993,29.273730225385922,29.59815788269043,4608700
2014-02-04,29.650290198324623,29.835676750851743,28.56114254474128,28.96088409423828,4807900
2014-02-05,28.8334405022296,29.23897456218723,27.92967907232255,28.451080322265625,6074400
2014-02-06,28.45690866357492,29.053048747412657,28.45690866357492,28.749134063720703,3545300
2014-02-07,28.92448568949213,29.321910383181493,28.57381369458411,28.942018508911133,3575800
2014-02-10,28.942019777014306,29.257623917408612,28.60303705670099,29.158266067504883,3161300
2014-02-11,29.11150903790935,29.222553940260926,28.807594209390164,28.85434913635254,2919700
2014-02-12,29.064752388755522,29.38035651190002,28.737458976290423,28.76083755493164,3547900
2014-02-13,28.70239544715898,29.222556597880594,28.468614102574282,28.9887752532959,3320300
2014-02-14,28.901111805542985,29.46802794405743,28.889422514196742,29.30438232421875,2690300
2014-02-18,29.52061703950748,29.789466175811437,29.04721318829436,29.053056716918945,2940400
2014-02-19,29.01799904124939,29.175798881911184,28.64394845113168,28.655637741088867,2390000
2014-02-20,28.801746732095822,29.432954929716654,28.65563397110994,29.234241485595703,3000400
2014-02-21,30.128445157794147,30.274557891080736,29.655041328827757,29.660884857177734,3686800
2014-02-24,29.76608543699353,30.204423625565592,29.514771363851953,29.900508880615234,2698500
2014-02-25,30.105077550685525,30.105077550685525,29.432960070461085,29.62582778930664,1958000
2014-02-26,29.69011246781194,30.671990396074552,29.561534754720643,30.233652114868164,2697300
2014-02-27,30.210270678268927,30.40898410278478,29.830378874888105,30.344694137573242,2033700
2014-02-28,30.39145943421292,30.78304062983789,29.994032478635955,30.502504348754883,4163100
2014-03-03,30.24534518851345,30.631082835070853,30.00572032064452,30.560949325561523,2555200
2014-03-04,30.78303302080767,31.19214916565806,30.67198813371407,31.081104278564453,3121600
2014-03-05,30.934998199159576,31.23306729168254,30.572639126218846,30.718751907348633,2590700
2014-03-06,30.71290182193303,30.71290182193303,28.947859406935713,29.280996322631836,6315300
2014-03-07,29.397888909770618,29.58491307721179,28.404321626799426,28.807594299316406,5123800
2014-03-10,28.912801096889226,29.649208615667654,28.84266534881177,29.30438232421875,3592900
2014-03-11,29.462178398114983,29.69595971830214,28.854348749231487,29.152420043945312,3179600
2014-03-12,28.965389049354783,29.806997590464324,28.88940980378481,29.660884857177734,2910800
2014-03-13,29.61998329466521,29.77778536649541,28.95370936660711,29.088132858276367,3383900
2014-03-14,28.994624167109485,29.67258746474751,28.994624167109485,29.31022834777832,2066800
2014-03-17,29.409584485955317,30.29210705488949,29.397895194303377,29.64336585998535,3092100
2014-03-18,29.53231344917133,30.40314657150067,29.485558520387375,30.35054588317871,3275000
2014-03-19,30.22781175635165,30.71875077198279,30.011563243029155,30.19858741760254,3186400
2014-03-20,30.24534886197735,31.361650537558084,30.110925356797974,31.03435707092285,3513900
2014-03-21,31.519452487264804,31.99285874826227,31.040202695417445,31.26229476928711,6306600
2014-03-24,31.285670501616003,31.390871890862023,30.479129490068892,30.97591209411621,3426700
2014-03-25,31.116171235352606,32.571452930733386,30.987591305984314,32.22078323364258,4555600
2014-03-26,32.37858125991995,33.16758909550059,32.37858125991995,32.46624755859375,4493200
2014-03-27,32.85783589054479,32.904590811141865,31.829200883365658,32.03376007080078,3485200
2014-03-28,32.12143537480766,32.68250795605657,31.88765624737274,32.09805679321289,2008600
2014-03-31,32.255847213889005,33.12083435465508,31.92271034986097,32.8227653503418,2227400
2014-04-01,33.126685104711214,33.676068279344086,32.96303952705542,33.3137092590332,3069600
2014-04-02,33.33124348517902,33.547491984223136,32.898750946098545,33.407222747802734,2980900
2014-04-03,33.47151535576841,33.62347166347074,33.027331263400264,33.541648864746094,2625500
2014-04-04,33.752053444819204,34.10272323815852,32.73510747692853,32.76433181762695,4256400
2014-04-07,32.76432694147442,32.98057320753399,31.811671097692646,32.121429443359375,3444900
2014-04-08,32.21494804903602,32.69419783279657,32.00454526992079,32.460418701171875,2864300
2014-04-09,32.61236277658083,32.670809209663695,32.0980453129689,32.548072814941406,3054000
2014-04-10,32.57729562317383,32.72340835479472,31.519438643617427,31.5311279296875,3246100
2014-04-11,31.273969932076525,31.870110179645334,31.00512302518377,31.20383644104004,2622000
2014-04-14,32.14481320160821,32.407816664613115,31.59542992405678,32.03961181640625,2807100
2014-04-15,32.05129793493975,32.19156717782854,31.297355492108426,32.074676513671875,2627200
2014-04-16,32.42534350199728,32.635746233574295,31.957783114883796,32.5363883972168,1673600
2014-04-17,32.770165085144896,32.770165085144896,32.232471273151674,32.47793960571289,1916200
2014-04-21,32.5188507131517,32.7292534132431,32.27922591127059,32.548072814941406,1708000
2014-04-22,32.629902704143284,32.67081409867173,32.43703279036309,32.5363883972168,2207300
2014-04-23,32.46625977855932,32.46625977855932,31.57789379470596,31.624650955200195,2401500
2014-04-24,31.89933043872728,32.016218832363876,31.361634464085498,31.525279998779297,1895200
2014-04-25,31.344115854381773,31.560362156004327,30.671996138887405,30.812265396118164,2571700
2014-04-28,30.97591163652403,31.133713718061927,30.08754560129453,30.742130279541016,4751900
2014-04-29,31.02851340421332,31.455162500394298,30.78888850828964,31.26229476928711,3768100
2014-04-30,30.68952079689073,32.27922821830775,30.029092777128653,30.73043441772461,7607100
2014-05-01,30.3330043220974,30.783029578657125,28.977078335558115,29.660884857177734,5977500
2014-05-02,29.584912690781024,30.27456513527626,29.5381577642834,29.83038330078125,3088200
2014-05-05,29.619983921148677,29.6959631935267,29.14073416523343,29.520626068115234,2751300
2014-05-06,29.52061491162775,29.842064700396413,29.333590796073246,29.374502182006836,2127800
2014-05-07,29.47385910126042,29.71348388137216,28.754984760925197,29.21670150756836,3199900
2014-05-08,29.10566310243657,29.637513491750127,28.679014085031532,28.801748275756836,3078000
2014-05-09,28.860191441503147,29.070594161411403,28.340030400343103,28.95954704284668,3541700
2014-05-12,29.160005739389188,29.395833620632622,29.000822256903074,29.34866714477539,2305300
2014-05-13,29.319185602224856,30.09741436562072,29.165899072655826,29.92643928527832,4452300
2014-05-14,30.050255760669753,30.486534444916504,30.003089281820646,30.215333938598633,3567700
2014-05-15,30.02077239326409,30.16816425045573,29.466579819871153,30.00308609008789,3184400
2014-05-16,30.01487068502337,30.24480156859478,29.53732036982224,30.179948806762695,2304000
2014-05-19,30.17407597733511,30.616251765691107,30.056161983969037,30.492443084716797,2903200
2014-05-20,30.380403482629514,30.433464631744403,29.90285538961637,29.991289138793945,2028900
2014-05-21,30.073832603892033,30.533696713169586,30.073832603892033,30.168163299560547,1522800
2014-05-22,30.174054319056626,30.598543490876466,30.132784788354225,30.427568435668945,1988300
2014-05-23,30.42167512781365,30.639816672111614,30.26838860251604,30.62802505493164,2140300
2014-05-27,30.79899580541274,31.535954908012368,30.745934660064737,31.45931053161621,3237300
2014-05-28,31.35907958402193,31.541846231647067,31.152731956881023,31.31781005859375,2081400
2014-05-29,31.288331053267303,31.506470287047907,30.940486316093722,31.28243637084961,1743800
2014-05-30,31.53594959360485,31.70692236734007,31.288330207369192,31.677444458007812,2979300
2014-06-02,31.65976897734666,31.75999435311788,31.30602719745867,31.73051643371582,1610900
2014-06-03,31.547751602341183,31.8071627060848,31.471109457163497,31.571334838867188,1738700
2014-06-04,31.53006184573588,31.818950838982243,31.39446162409648,31.618497848510742,2417400
2014-06-05,31.718719229458138,32.1196251599727,31.42983252157072,32.04887771606445,1984200
2014-06-06,32.308291616065375,32.76815569670221,31.99582162781578,32.72098922729492,3601300
2014-06-09,32.72098760520083,32.750465522608536,32.14910656160342,32.21985626220703,1753100
2014-06-10,32.2080631531261,32.37314128217734,31.86611302978185,32.149105072021484,2083500
2014-06-11,32.21397067701504,32.34957094407382,31.87202266639327,32.131431579589844,1369800
2014-06-12,32.125518715457886,32.21984938042719,31.78946333192052,31.96633529663086,2335700
2014-06-13,32.64434530680845,32.85658992414058,32.37314485089343,32.638450622558594,3423600
2014-06-16,32.53822964228027,32.99809382340879,32.514648651444645,32.96271896362305,2129000
2014-06-17,32.80352457083486,33.711458762527315,32.76225503930527,33.49921417236328,2598200
2014-06-18,33.446147941660946,33.69376734222594,33.03345044006626,33.67607879638672,1867400
2014-06-19,33.623026756245885,33.67608791008247,33.14547862073763,33.357723236083984,1924600
2014-06-20,33.48743497337793,33.752740809457464,32.91555600340829,33.174964904785156,4148700
2014-06-23,33.25748654274698,33.25748654274698,32.650233030352524,32.98628616333008,1853700
2014-06-24,32.89197373700399,33.29287984583991,32.838912568216244,33.0098876953125,2951900
2014-06-25,32.8094232185774,33.505112856475414,32.7681536848903,33.4697380065918,1921300
2014-06-26,33.40489021209779,33.54638738367374,33.19854251294666,33.43436813354492,1203100
2014-06-27,33.29287061196644,33.61713222061369,33.16316506889912,33.55817413330078,1212800
2014-06-30,33.67608391449305,33.69377246302058,33.39898880979737,33.49921417236328,1676700
2014-07-01,33.74093902090904,35.03798763495823,33.72325272017422,34.71372604370117,3610800
2014-07-02,34.6311817453483,34.87879891432756,34.55453737203637,34.802154541015625,1972600
2014-07-03,34.88470967583698,34.961354084474614,34.25976953331647,34.93777084350586,1757300
2014-07-07,34.87291019832132,34.94955233572667,34.48379583118748,34.76089096069336,1698600
2014-07-08,34.85522544520266,35.15590609061893,34.2125968636709,34.60171127319336,2359700
2014-07-09,34.6193986250344,34.902390708601565,34.3894676976999,34.477901458740234,1530700
2014-07-10,34.14773764996253,34.872907423252705,33.98855645477482,34.68424606323242,1484900
2014-07-11,34.82573798067306,35.197165985397554,34.536851281792266,35.049774169921875,1436300
2014-07-14,35.214860174333126,35.36225202283562,34.87291225529833,35.17948532104492,2387800
2014-07-15,35.34456916180868,35.93413661321826,35.12642983451311,35.191280364990234,2104100
2014-07-16,35.52732625414442,36.32324349766603,35.52143157042391,36.1463737487793,3160100
2014-07-17,35.745470707950595,36.05204601396502,34.91418079609226,35.0733642578125,3660000
2014-07-18,35.19717752845089,35.23844707039694,34.04752054090188,34.66067123413086,5444600
2014-07-21,34.57223402640191,34.92007890299108,34.336408401829374,34.536861419677734,3337900
2014-07-22,34.760887795278755,35.26791603789239,34.50147899048561,34.925968170166016,3195900
2014-07-23,35.067467082359826,35.303294931209955,34.83753616669252,34.89649200439453,1355600
2014-07-24,35.12641906738281,35.173583279547465,34.424832575885645,35.12641906738281,1842900
2014-07-25,34.90238061573766,35.2030589147603,34.89058900120455,35.07925033569336,1050000
2014-07-28,35.07926144675278,35.27971445926651,34.81395565827562,34.861122131347656,1730800
2014-07-29,34.819855829311486,35.17359541415598,34.489697234174244,35.01441192626953,1401000
2014-07-30,35.14411665370474,35.51554478326519,35.05568063508798,35.42710876464844,2009200
2014-07-31,34.802159154149685,35.59807640784275,34.28334151732114,34.54864501953125,3414500
2014-08-01,34.41895362870819,34.75500694672101,33.84707239499225,34.30693435668945,2999100
2014-08-04,34.24797607595449,34.73731593019156,33.99446187169162,34.60761260986328,2225600
2014-08-05,34.542756091676864,34.78447864996151,33.681988176714114,33.82938003540039,2397100
2014-08-06,33.72837858389143,33.936286473223724,33.294745236657334,33.823421478271484,3584800
2014-08-07,34.08480887111274,34.096689522341734,33.579891390891895,33.7640380859375,2744900
2014-08-08,33.781863366375205,33.977890744196955,33.38981087673459,33.84126663208008,2005700
2014-08-11,33.98382853684138,34.239256903835525,33.74622228182546,33.85908508300781,1236200
2014-08-12,33.85907292512535,33.93035454943453,33.425439456074685,33.74026870727539,1356900
2014-08-13,34.684762426223685,34.684762426223685,33.73433311405881,34.41151428222656,1924500
2014-08-14,34.2927011452735,34.8629585844663,34.251120015290795,34.68475341796875,1951700
2014-08-15,34.9580139641006,35.047117712142615,34.54814170831269,34.89861297607422,2358400
2014-08-18,35.08274868476076,35.30847418141797,34.95800302334292,35.177791595458984,1444400
2014-08-19,35.11246180252636,35.480752930738575,35.10652034384408,35.39759063720703,1505000
2014-08-20,35.39164117409722,35.73617089960506,35.35599923035424,35.54014587402344,1445500
2014-08-21,35.629247936661834,35.93219879859352,35.486684691283806,35.89655685424805,1447200
2014-08-22,35.93220002882685,36.08070473634787,35.77775386404386,35.86091613769531,1226400
2014-08-25,35.985665899438665,36.31237583987418,35.914382000214644,36.21139144897461,1364500
2014-08-26,36.163865097644894,36.33018963615251,35.94407651061481,36.033180236816406,1478300
2014-08-27,36.01536919671144,36.57968764651624,36.01536919671144,36.342079162597656,1943500
2014-08-28,36.31831856321004,36.94203801305271,36.16387463187854,36.88263702392578,2015700
2014-08-29,36.971728144152,37.39348091448976,36.76382022122372,37.1736946105957,1776000
2014-09-02,37.363785693299185,37.58357202815331,36.359892410150756,36.72224426269531,3370600
2014-09-03,36.76976705062295,36.870749165599776,36.47275763104119,36.650962829589844,2740700
2014-09-04,36.65096643018036,36.728189521338585,36.01536639111421,36.21139144897461,2892900
2014-09-05,36.11041026422673,36.454940055437085,35.955964077889206,36.42523956298828,1941700
2014-09-08,37.316265448615404,37.316265448615404,36.23515128022334,36.40741729736328,1292200
2014-09-09,36.34207623943064,36.63314422951635,36.11040923254545,36.13417053222656,2127800
2014-09-10,37.25092284768324,37.25092284768324,36.021303966286744,36.38959503173828,1431800
2014-09-11,36.27673269558883,36.413356765598806,35.593610079536745,36.157928466796875,2470700
2014-09-12,36.44900449645185,36.650971037638286,35.59361572624927,36.24109649658203,4207300
2014-09-15,36.32425265295061,36.383653630027396,34.922367840319026,34.95206832885742,3891100
2014-09-16,34.85703843873425,35.40947634290869,34.36994299337657,35.19562911987305,4139500
2014-09-17,35.14215229506889,35.29659618680906,34.583775436005936,35.03522872924805,4075100
2014-09-18,35.05305169095207,35.62925070631766,34.993650711760644,35.516387939453125,2959000
2014-09-19,35.58173538267366,35.61143587644836,34.62536452751229,34.637245178222656,4673100
2014-09-22,34.39369208572114,34.71446054036152,34.031340227143794,34.215484619140625,2418300
2014-09-23,34.203604633770794,34.310525936306654,33.704628735928296,33.73432922363281,2655600
2014-09-24,33.85907396229307,34.22142581813408,33.53236405269942,34.12044143676758,2203900
2014-09-25,34.06698294880441,34.1620258819975,33.24129704181402,33.41950225830078,2489900
2014-09-26,33.45514132167829,33.942236595519326,33.37197904555939,33.722450256347656,1591800
2014-09-29,33.401680293126695,34.04322175089932,33.13437135238811,34.0075798034668,2122200
2014-09-30,33.98381301438087,34.32834498588916,33.704625735608786,34.01945495605469,2311600
2014-10-01,33.894712361494214,34.00757511379682,32.57005075561938,32.71855545043945,3999100
2014-10-02,32.807657256627316,33.122486487873374,32.302742195270206,32.979923248291016,2314300
2014-10-03,33.146257075860724,33.698694882625276,33.05715559264215,33.312583923339844,2388600
2014-10-06,33.532384981342815,33.79969408002914,33.08092911111625,33.3601188659668,2909900
2014-10-07,33.10467071130364,33.47890322662814,32.79578063297254,32.819541931152344,2731600
2014-10-08,32.819546873342226,33.930361671497735,32.302751023120514,33.89472198486328,3948700
2014-10-09,33.72245071867673,34.120442264417015,33.31257852389914,33.40167999267578,3328100
2014-10-10,33.46703017654856,33.758100480336175,32.611643641870955,32.63540267944336,4447500
2014-10-13,31.946331625593334,32.379965095138715,31.346373610469442,31.47111701965332,4587300
2014-10-14,31.774073605403384,31.964159481978417,31.12659288019393,31.221635818481445,3612600
2014-10-15,30.544448391145878,31.33449455480588,29.96231018602898,30.865219116210938,5456100
2014-10-16,30.40189046569508,31.32856085636194,30.336548017724642,31.114713668823242,3184000
2014-10-17,31.399846302105235,31.845360574800253,31.20976039370225,31.45330810546875,2018500
2014-10-20,31.15628998596836,32.017617795174765,31.132528687479407,31.9879150390625,2290300
2014-10-21,32.30868114786915,32.83735750059259,32.11265612838827,32.7957763671875,2052800
2014-10-22,32.8373622198594,32.9977475857584,32.17800091538647,32.243343353271484,1876000
2014-10-23,33.122492281512436,33.71651117101304,32.95022852571896,33.57394790649414,3630200
2014-10-24,33.70462150787541,34.785735343685865,33.47889377092554,34.66693115234375,4481900
2014-10-27,34.27489325170297,35.33224623856373,33.97788378204523,34.89267349243164,3252700
2014-10-28,34.613489717903406,35.439175820589504,34.613489717903406,35.32631301879883,3043800
2014-10-29,35.37977173251636,36.00943040940298,35.14810242380999,35.77776336669922,2954000
2014-10-30,35.011467758301066,35.920318076215196,34.9877087281218,35.73023223876953,3183000
2014-10-31,36.336134859674026,37.34002824633905,36.235152734815465,37.322208404541016,5946000
2014-11-03,37.38161235787506,38.53994748682363,37.25092746496705,38.118194580078125,4963400
2014-11-04,37.88058832580968,38.61123135491313,37.88058832580968,37.95186996459961,4683600
2014-11-05,38.02314810578429,38.18947265974985,37.53011136938334,37.86870193481445,2614400
2014-11-06,37.96456537528792,38.09037678335037,37.2576346591164,37.461326599121094,3840000
2014-11-07,37.40740010621962,37.69496473341607,36.67051532052362,36.88019943237305,3931500
2014-11-10,36.916143203272206,37.16177146264813,36.84425261855158,37.00600814819336,2192500
2014-11-11,37.12583077479902,37.137812920929825,36.808309615734444,37.02997589111328,1845000
2014-11-12,36.99402332976307,37.49726195716131,36.89217853254882,37.335506439208984,1884200
2014-11-13,37.33551063774318,37.50924831938064,36.946098907915825,37.20970153808594,1251500
2014-11-14,37.143794066291996,37.766851805567846,37.10784763640142,37.66500473022461,1745500
2014-11-17,37.485284477695,38.533698224792914,37.353483161030155,38.33599853515625,3398000
2014-11-18,38.41987967762912,38.94109287386245,38.365963435289025,38.73141098022461,2853000
2014-11-19,38.5995992553297,38.77333694072492,38.22816187839146,38.71342849731445,2045800
2014-11-20,38.521716506165326,39.27058343225158,38.4078872707695,39.264591217041016,2288800
2014-11-21,39.85169261668056,39.85169261668056,38.785307051581476,38.905128479003906,4190800
2014-11-24,39.13877621400776,39.797778095344164,38.97103077920071,39.55813980102539,1986400
2014-11-25,39.55215557802629,39.82175042762525,39.33648609735682,39.534183502197266,2256400
2014-11-26,39.582122549395805,39.7079316841809,39.12681003489561,39.450321197509766,1670300
2014-11-28,39.84571362301041,39.94755843038775,39.3364850154026,39.606075286865234,1183800
2014-12-01,39.42634541181677,39.833729212251214,39.07288240813451,39.50423049926758,2573200
2014-12-02,39.68994875010208,40.66048197254534,39.360445460492016,40.4627799987793,3081500
2014-12-03,40.26508970034797,40.4567995142402,39.42635755054853,40.049415588378906,4069100
2014-12-04,40.07936996352807,40.23513560734884,39.450319742087416,39.59410095214844,2161100
2014-12-05,39.863684588839114,39.89962873850809,39.24062676049136,39.77981185913086,2747600
2014-12-08,39.67197628615401,40.061388014412486,39.31850870887533,39.683956146240234,1825800
2014-12-09,39.07288554266022,39.67797136185901,38.70144586311533,39.39639663696289,3074000
2014-12-10,39.27657322705804,39.58211222943078,39.000990731657204,39.07288360595703,2262400
2014-12-11,39.288559688859486,39.654007153343834,39.0129771792145,39.240631103515625,2172600
2014-12-12,38.98902100928776,39.08487362922339,38.306052238016456,38.365962982177734,2238300
2014-12-15,38.74936866271117,38.85121346310336,37.826764102798904,38.16824722290039,2128100
2014-12-16,37.98253062576404,38.905135208255196,37.66500950157448,37.90464782714844,1929700
2014-12-17,37.916640629434994,39.04293513427021,37.88069418488707,38.94708251953125,2533500
2014-12-18,39.642026264804485,40.504722595214844,39.53418922350319,40.504722595214844,3218900
2014-12-19,40.46877579353808,41.52916948809773,40.46877579353808,40.978004455566406,4496800
2014-12-22,40.85817710419888,41.187680375491176,40.744352441069566,41.115787506103516,1771800
2014-12-23,41.42132784577556,41.57709344919581,41.013944047329495,41.12777328491211,1465600
2014-12-24,41.30150712287201,41.487224644208254,40.9660116566483,41.2296142578125,1179000
2014-12-26,41.2176441035658,41.33146878664222,41.037914183960496,41.19367980957031,729600
2014-12-29,41.09182569602675,41.30151210171423,40.58259707661687,40.85219192504883,2054200
2014-12-30,40.75033189883615,40.816232539855335,40.289031982421875,40.289031982421875,1725500
2014-12-31,40.480747729011625,40.5885847421517,39.76782499932328,39.839717864990234,1756700
2015-01-02,39.94156241415733,40.265073451559516,39.24062411847958,39.55215072631836,2397300
2015-01-05,39.45630513854294,39.83972467957587,39.05491352069931,39.34247589111328,2269700
2015-01-06,39.48027704183372,39.4862692588329,38.108351875252836,38.25812530517578,3425800
2015-01-07,38.407889622384644,38.82126565352491,37.85073241243435,38.50374221801758,1886500
2015-01-08,38.94107811518158,39.64201642428187,38.64752357534587,39.19868850708008,3472500
2015-01-09,39.39040356211411,40.12129847359347,39.222658088146,39.80377960205078,2545900
2015-01-12,39.68994859249755,39.80976547694116,38.79730046244557,38.96504592895508,2133100
2015-01-13,39.35445878527066,40.08535368515998,38.41986969113484,38.79130935668945,2142700
2015-01-14,38.47378055730028,38.779319484427546,38.10833320170416,38.69544219970703,1927000
2015-01-15,38.7074393801134,38.91712123419473,37.20371310532166,37.31155014038086,3552200
2015-01-16,37.35948506568969,38.060423627135776,37.000027459386075,37.98853302001953,2500300
2015-01-20,38.120327845685395,38.330009699449676,37.347496524049944,37.814788818359375,1772100
2015-01-21,37.569150669630936,38.132299989780684,37.38343315797321,37.9166259765625,1724000
2015-01-22,37.83275577055993,38.61756679980427,37.33550706423105,38.30603790283203,3563300
2015-01-23,38.43185273920977,38.59360598908652,38.02446893609964,38.33000564575195,2594200
2015-01-26,35.29857893012291,36.08938425118352,33.86075626764851,35.38245391845703,15325600
2015-01-27,35.34651628635777,35.34651628635777,33.84878254541041,34.19026565551758,8078000
2015-01-28,34.79535410732823,35.20872782965948,34.43589660997189,34.465850830078125,7678200
2015-01-29,34.232214436498175,35.328557029585376,34.14834168223468,35.16680145263672,5046000
2015-01-30,34.90918181348717,35.16080001025844,33.7349589911668,33.81283950805664,5504500
2015-02-02,33.85477423914136,34.71147816643881,33.48333689193003,34.62760543823242,5027900
2015-02-03,34.69351786747206,35.574186383273286,34.66356363799718,35.49630355834961,4239000
2015-02-04,35.33452826596835,36.221186218912564,35.33452826596835,35.90366744995117,4049100
2015-02-05,36.01750073906702,36.36497606757361,35.81980107158182,36.19123840332031,2189500
2015-02-06,36.300038424025395,37.025435166023655,36.14891419885795,36.233543395996094,4216400
2015-02-09,35.97965404621224,36.723184920982085,35.66531539650935,36.51161193847656,3563200
2015-02-10,36.53580218801016,36.971040817600574,35.97361972678032,36.390724182128906,3419200
2015-02-11,36.433031507982456,36.94685299386568,36.22750245243459,36.753414154052734,3024800
2015-02-12,37.07984464394868,37.30350787966087,36.789686371842144,36.97103500366211,1830000
2015-02-13,37.37604756733807,37.847554450956224,37.17051851186836,37.3820915222168,2566200
2015-02-17,37.25516234079806,37.357925755887024,36.74738461065703,36.965003967285156,2318300
2015-02-18,36.910592405019294,37.0979850233367,36.5358025564378,36.983131408691406,2173700
2015-02-19,36.8320105976209,37.212844438111816,36.8320105976209,37.15239334106445,1291300
2015-02-20,37.13425838414446,37.5997214447412,36.79573916571769,37.58763122558594,1746900
2015-02-23,37.67224967024799,37.738744703581375,37.29746220760958,37.4727668762207,1555500
2015-02-24,37.31559372160192,37.40022291946573,36.269814351192586,36.692962646484375,3580900
2015-02-25,36.300051747786384,36.40886141432283,35.98571296734483,36.281917572021484,3268900
2015-02-26,36.35444875619744,36.79573128395959,36.3484048009012,36.680877685546875,2406000
2015-02-27,36.57812145213515,36.98313574085855,36.37259232934424,36.94686508178711,2752300
2015-03-02,37.001269465593346,38.31907341810716,36.886415838896674,37.21284484863281,4083600
2015-03-03,36.45116614742798,36.56602204540053,34.94597001165058,35.55651092529297,6555700
2015-03-04,35.35098166363474,35.35702792453159,34.59536046962928,35.10918426513672,4209500
2015-03-05,35.13337004610689,35.51420385653892,34.69813371158653,35.32680892944336,3474300
2015-03-06,35.1273186039992,35.357028093748646,34.30520237203099,34.395877838134766,3771700
2015-03-09,34.41402380239492,34.982250307583264,34.34752874526118,34.44424819946289,3283400
2015-03-10,34.25684842151884,34.33543368760236,32.745605721307705,32.89068603515625,6728400
2015-03-11,32.8786001803157,33.08412930706011,32.34059807659541,32.86046600341797,4559600
2015-03-12,31.923496593766327,33.32592985317385,31.766326037158027,32.969276428222656,5734400
2015-03-13,32.78792138934846,33.029718828586915,31.929534369222768,32.49776077270508,4054600
2015-03-16,33.12643525861768,33.23524490348907,32.624703945909,33.15061569213867,4261700
2015-03-17,32.92091265399122,32.99949792538847,32.43127146183752,32.443359375,3299200
2015-03-18,33.03577387077739,33.70071988787963,32.57635469396496,33.42869567871094,4951900
2015-03-19,33.42869281426969,33.779302277371585,33.42869281426969,33.676536560058594,2471200
2015-03-20,33.94856407011364,34.274993125108466,33.67049589999535,34.16013717651367,4848700
2015-03-23,34.16013751386955,34.528881193785985,33.616091389479244,33.76116943359375,2650800
2015-03-24,33.57377460643325,33.9243817787842,33.40451382456409,33.44683074951172,2842400
2015-03-25,33.519363966759826,33.74907350570766,32.30432352940596,32.40708923339844,4358300
2015-03-26,31.736095274934712,32.80000907333286,31.50638574917696,32.358726501464844,4253900
2015-03-27,32.485677820827235,32.588441229349804,31.784461219817373,31.893268585205078,2938000
2015-03-30,32.17738125278987,32.24992026113835,31.754232809805682,32.086708068847656,2209400
2015-03-31,31.84491038695672,31.84491038695672,31.27668389003187,31.45198631286621,3776400
2015-04-01,31.46407781360752,31.633338592369853,30.85958063253543,31.306909561157227,3640900
2015-04-02,31.17391726882007,32.06252880092103,31.022792984093982,31.705875396728516,3695500
2015-04-06,31.464062135208135,32.03833463226399,31.433837752409953,31.881166458129883,2444900
2015-04-07,32.02020754489268,32.70328750988728,32.002071066424904,32.49171447753906,3338900
2015-04-08,32.54612892882358,32.82419708387481,32.080665813990635,32.225746154785156,4025900
2015-04-09,31.96580961296658,33.132489285093435,31.96580961296658,33.0599479675293,3384000
2015-04-10,32.993456626730016,33.845797543707015,32.98136640662004,33.59795379638672,3725700
2015-04-13,33.585872818934,33.96066052158814,33.45288266709974,33.49519729614258,1938700
2015-04-14,33.833710422557196,33.97274450759606,33.386381461410224,33.71281051635742,2710600
2015-04-15,34.015053728253946,34.48051679433782,34.00296350895616,34.25685119628906,3736100
2015-04-16,33.91227736537075,34.18430144919441,33.519355738490205,33.8276481628418,4461700
2015-04-17,33.94856254338938,35.405400698156555,33.88811374598611,34.71627426147461,9537500
2015-04-20,35.06083545612143,35.95549098069873,34.88553072540714,35.749961853027344,4910500
2015-04-21,36.034078591867235,36.034078591867235,35.012476844332525,35.30868148803711,3509800
2015-04-22,35.12128578293512,35.33890514008226,34.95807357104853,35.19987106323242,2271300
2015-04-23,35.48397772624826,35.90107986565303,35.18777315353014,35.51420211791992,2750200
2015-04-24,35.64115650688496,35.68347112895763,35.000390912085194,35.2663688659668,2454400
2015-04-27,35.272411863828005,35.35704341164419,34.879490054421055,35.01247787475586,2214800
2015-04-28,35.07895479733085,35.70763213443915,34.77066238919521,35.66531753540039,3685900
2015-04-29,35.293173833119695,35.76903844619197,34.57938040442166,35.488399505615234,3996600
2015-04-30,35.226072709644555,36.04358122079514,35.226072709644555,35.823951721191406,3902600
2015-05-01,35.98257018307189,36.65976033524586,35.90325901668267,36.37912368774414,3432500
2015-05-04,36.33641251485115,36.51943628551313,35.83614645564742,36.12288284301758,2074500
2015-05-05,35.79953901903923,35.98256278074639,34.95152713888641,35.20166015625,4170400
2015-05-06,35.311478329389374,35.35418380038514,33.938796491536166,34.34144973754883,3500300
2015-05-07,34.44515867244712,34.805106408936666,34.21942944602013,34.426856994628906,2291200
2015-05-08,34.713615727669634,35.05525965624871,34.518389960688815,34.921043395996094,2413500
2015-05-11,34.99424671457921,35.061355997292544,34.57939144623711,34.628196716308594,1761300
2015-05-12,34.32314551709282,34.542774982147556,33.914392489453746,34.26213836669922,1586300
2015-05-13,34.63428600906269,34.975932082193495,34.46346413613403,34.524471282958984,1653700
2015-05-14,34.7563162632988,35.110162042773325,34.615997908742145,35.03695297241211,1518500
2015-05-15,35.18336666049757,35.31148542650859,34.6831004763375,34.70750427246094,2299900
2015-05-18,34.5793816313608,34.896623942240794,34.50617258339578,34.713600158691406,1789100
2015-05-19,34.7135993752047,34.76240463032196,33.16399354339875,33.645957946777344,6521700
2015-05-20,33.53614110938184,33.81677770869942,33.218898825568,33.31040954589844,3153500
2015-05-21,33.2067028739624,33.926598506985776,33.12739170699572,33.78017807006836,2885900
2015-05-22,33.810687273360486,34.17063514974931,33.676471038406106,34.03641891479492,1745100
2015-05-26,33.84729687390354,33.963211437294206,33.17010652605248,33.304325103759766,2748300
2015-05-27,33.40193112327669,34.024213954983225,33.32872206286241,33.761878967285156,2282200
2015-05-28,33.93269436199161,34.7380008535873,33.93269436199161,34.390254974365234,3727700
2015-05-29,34.39026315003956,34.40856716143202,33.71307291037286,33.94490432739258,2711000
2015-06-01,34.00591986120371,34.06082725058727,33.53005504412132,33.676475524902344,2414600
2015-06-02,33.731380462646484,34.01811696212063,33.52395282085965,33.731380462646484,2610700
2015-06-03,33.871688884846435,34.237736461922246,33.77407604247463,33.963199615478516,1805400
2015-06-04,33.93879569342551,33.950997588747875,33.127387109039944,33.273807525634766,3307700
2015-06-05,33.09078865420519,33.27381245661658,32.81014967474888,33.206703186035156,2500900
2015-06-08,33.10908750940136,33.15179298207535,32.13295676775971,32.35868835449219,3769500
2015-06-09,32.43799915650543,32.462402950163884,31.864523969174854,32.102455139160156,4191500
2015-06-10,32.38309273025989,32.889458627065665,32.1878647165943,32.69423294067383,3034800
2015-06-11,32.84065537983307,33.249408458469574,32.64542735421429,33.12739181518555,2895600
2015-06-12,32.889452128484066,33.13348535189255,32.584411762860114,32.669822692871094,2264700
2015-06-15,32.46849828647419,32.804042233795926,32.19396148329336,32.56000900268555,3213600
2015-06-16,32.4563102722168,32.65153600968455,32.36479718959626,32.4563102722168,2639300
2015-06-17,32.444095611572266,32.75523578100837,32.2000623720853,32.444095611572266,2008200
2015-06-18,32.51121723419849,33.078592753620384,32.34649508398494,33.02978515625,2252300
2015-06-19,32.962676319080686,33.0419875022425,32.48681387465855,32.547821044921875,4805300
2015-06-22,32.75525174974198,32.944377718910125,32.535624519859894,32.86506652832031,1853500
2015-06-23,32.822345919847955,32.938262758990874,31.77910833120275,31.901124954223633,5030400
2015-06-24,31.88892205001458,32.02314056381733,31.498470730523064,31.70589828491211,3168400
2015-06-25,31.675398446682955,31.675398446682955,30.72977353995263,30.924999237060547,5463700
2015-06-26,30.50404562883789,31.108026756289433,30.205104957674724,30.540651321411133,6308500
2015-06-29,29.875668213243518,30.50405091741445,29.66213846045698,29.906171798706055,6360400
2015-06-30,30.253918878186195,30.253918878186195,28.93004181070045,28.978849411010742,7949600
2015-07-01,29.204574955070107,29.350995409728977,28.57619230988959,29.02155113220215,5134900
2015-07-02,29.16796155063676,29.778042301793807,29.07034872354257,29.375389099121094,4713700
2015-07-06,28.966639372436035,29.08865601165537,28.496876824169583,28.686002731323242,4603800
2015-07-07,28.69820609366992,29.26558151683452,27.892899491876413,29.174068450927734,6126800
2015-07-08,29.003250274375546,29.058157655527612,28.100330705532592,28.307758331298828,4723200
2015-07-09,28.75310569376474,28.844616407655774,28.08811759948731,28.088117599487305,2672200
2015-07-10,28.40536811263133,28.484676955587823,27.795287200371607,28.033218383789062,3489500
2015-07-13,27.60005862527127,28.600590844995978,27.124193980634246,28.234540939331055,8885300
2015-07-14,28.44807284420063,29.271681123240903,28.380963573248295,29.04595184326172,6537000
2015-07-15,29.186263318013474,29.588916521921888,28.698199181044696,28.85681915283203,5312900
2015-07-16,28.893429469726815,29.491308424309874,28.88732735794478,29.22287368774414,4873600
2015-07-17,29.22286891133183,29.680429474699615,28.862921175058236,29.375389099121094,6084800
2015-07-20,29.436407815118336,29.436407815118336,28.67990636229388,29.119165420532227,5942700
2015-07-21,29.13136081532869,29.656030722795798,29.106957022592134,29.350990295410156,3694100
2015-07-22,29.271687691562438,30.015987296740846,28.820229030300528,29.93057632446289,7763600
2015-07-23,28.875134628322378,30.015985438042037,28.533488433092067,29.289987564086914,8724200
2015-07-24,29.393694155396997,29.43029984249224,28.563983866093974,28.8690242767334,5298900
2015-07-27,28.75921460895799,29.424202914387536,28.454174144582495,29.22897720336914,4880500
2015-07-28,29.34488518511437,29.881756934091936,29.14965951771772,29.814647674560547,4486600
2015-07-29,29.741446764516,30.253914863395547,29.47911176584705,30.15019989013672,4949500
2015-07-30,30.73587081017299,31.583882734759715,30.63825797699625,31.291044235229492,7974300
2015-07-31,31.169036906503866,32.26108240331566,30.571157834100426,30.87009620666504,8155300
2015-08-03,30.986007077482423,31.535078448730747,30.876192337778004,31.394760131835938,4790600
2015-08-04,31.26054196277669,31.626589520611695,31.010408921892257,31.352052688598633,4558700
2015-08-05,31.37036254948412,31.779118012031667,31.083626074401447,31.6387996673584,5239500
2015-08-06,31.705906406788028,32.01704665443746,31.27274718144897,31.30935287475586,3895800
2015-08-07,31.29702091299202,31.444998410992493,30.489317557141344,30.513980865478516,5325400
2015-08-10,30.760606033367438,31.568311718674305,30.56947127915081,31.53131675720215,2976800
2015-08-11,31.297027784733597,31.518992904458873,31.00107507577425,31.451169967651367,3671700
2015-08-12,31.186033474973215,31.864257832317893,30.68661218142319,31.82726287841797,4263500
2015-08-13,31.66079075406705,31.90125443884063,31.506648632865122,31.67312240600586,3723600
2015-08-14,31.531302297315882,32.27734937137404,31.51897064914698,32.073883056640625,3813000
2015-08-17,31.685452551149304,32.425335168138005,31.54980673829514,32.33901596069336,3767000
2015-08-18,32.13555921697405,32.406850943781315,31.648471743159234,32.09239959716797,4400000
2015-08-19,31.83960794386826,31.962922156798772,30.45849534471085,30.476991653442383,6785500
2015-08-20,30.07005654177264,30.563311043843413,29.774103840530177,29.996068954467773,6015400
2015-08-21,29.724777078679942,31.10589203019919,29.6384578352143,30.039228439331055,7832800
2015-08-24,28.183344814944505,29.983726009729427,28.134020559318373,29.360990524291992,7211400
2015-08-25,30.11321038113254,30.402998374461863,28.528629274500673,28.565624237060547,6053300
2015-08-26,29.336344350885717,29.84809522691282,28.436152124003854,29.52747917175293,4102500
2015-08-27,30.03305114295759,31.068886413617907,29.903572322130593,30.85308837890625,3585200
2015-08-28,30.93324462890974,31.60530447734762,30.791434137297294,31.247695922851562,3680000
2015-08-31,31.124379411634553,31.78410755692064,30.859254753021755,31.69162368774414,3734400
2015-09-01,30.976403473702717,32.13555059762266,30.914745210501287,31.198366165161133,5924800
2015-09-02,31.266194372368183,31.734787843947892,30.14403966435422,30.686620712280273,7750100
2015-09-03,30.55714047905729,31.192205380592867,30.057719069331057,30.513980865478516,4644000
2015-09-04,30.181025549843618,30.705107782017958,29.564457111039957,29.724763870239258,3508700
2015-09-08,30.218024368333086,30.62495952759084,29.97756300404747,30.587966918945312,3284800
2015-09-09,30.964075144119214,31.389506621766177,30.56330462237718,30.890085220336914,4068300
2015-09-10,30.267349095005343,30.871585969432175,29.724768132490983,30.347503662109375,4473900
2015-09-11,30.057714738271148,30.421490251748548,29.915904263799916,30.174861907958984,4339400
2015-09-14,30.162528789526064,30.20569074681023,29.6631098280585,29.798755645751953,3049700
2015-09-15,29.8850819834894,30.045388790976556,29.601458628669594,29.97140121459961,3272600
2015-09-16,30.06388615159273,30.53247963980271,29.897414686911073,30.304349899291992,2668000
2015-09-17,30.00838865898215,30.08237857463981,29.385655490341374,29.447311401367188,3745200
2015-09-18,29.139028044884903,29.28084087827749,27.881230016028706,28.14635467529297,10100400
2015-09-21,28.208015366211345,28.713601464394735,28.06620486082066,28.485471725463867,3183200
2015-09-22,28.010712485512013,28.158687636602195,26.820734865391454,26.999540328979492,4132000
2015-09-23,27.17217845950127,27.37564722980928,26.48778692595265,26.8515625,3589300
2015-09-24,26.561770347563105,27.406468477981896,26.228822815156747,27.1906681060791,3904300
2015-09-25,27.270829807545425,27.37564769610169,26.16100676084349,26.44462776184082,3802700
2015-09-28,26.358306040913646,26.358306040913646,25.704742518083393,25.93903923034668,4796000
2015-09-29,25.9513680986125,26.635759505704165,25.643083850518757,25.760231018066406,5109300
2015-09-30,27.443463245025228,28.34981970406359,26.75907417712231,27.622268676757812,9312400
2015-10-01,27.628443510832305,27.653104470596066,26.12401442016802,26.42613410949707,6315600
2015-10-02,26.093171574456328,26.648084013052184,25.902034545157417,26.62342071533203,4368400
2015-10-05,26.93171692698359,28.09703121724361,26.796071080871602,27.646936416625977,4959200
2015-10-06,27.61611003448777,28.68893815423391,27.53595545247644,28.485471725463867,3813100
2015-10-07,28.88006593209217,29.552125628295855,28.54711840875707,29.157522201538086,3561300
2015-10-08,29.237676073300694,29.95289776512285,29.126695911213968,29.798755645751953,2963200
2015-10-09,29.848082478595202,30.52014227117262,29.7124366491873,30.23035430908203,5099200
2015-10-12,30.390669297952282,30.390669297952282,29.700110717064728,30.22419548034668,2097500
2015-10-13,30.181021097701564,30.476973622427362,29.9405598183632,29.97755241394043,2808000
2015-10-14,29.85425102156477,30.3721687489883,29.311672337233528,29.47197914123535,4271400
2015-10-15,26.06851189371003,27.22766117515106,24.983352515695472,25.550594329833984,21466700
2015-10-16,25.445786439636375,25.501277707794465,23.82421036081454,24.391454696655273,13945600
2015-10-19,24.169483167922028,24.43460778363308,23.6947251898353,23.892026901245117,6879500
2015-10-20,23.76254718088743,24.00917313466034,23.263125920062894,23.750215530395508,9698700
2015-10-21,23.485095613563434,24.35445715462222,22.689721638205608,22.893190383911133,6846000
2015-10-22,23.176811876886973,24.32979440623897,23.07199400038823,24.194150924682617,8104900
2015-10-23,24.416107055816205,25.79105662136486,24.21264071222896,25.371789932250977,6726600
2015-10-26,25.297807527223327,25.544435894596962,24.0646703944,24.385286331176758,5303100
2015-10-27,24.212646608723343,24.434611657252997,23.996846210642932,24.16948699951172,2525900
2015-10-28,24.268135713714305,24.385282878015424,23.750218097189105,24.25580406188965,4387600
2015-10-29,24.20647687910642,24.20647687910642,23.287791184220062,23.466596603393555,6953900
2015-10-30,24.12632467218482,24.47776850875504,22.89935239305538,23.466596603393555,6977100
2015-11-02,23.281622982161114,24.138655079249897,22.998002067625098,23.97218132019043,4854400
2015-11-03,23.97218892375594,25.22382248639508,23.898198994913237,24.8908748626709,5302400
2015-11-04,24.796917323426737,25.059980213833082,24.1079410386693,24.30837059020996,4586200
2015-11-05,24.26451870798588,24.615269111914674,24.07035159916249,24.3459415435791,2826700
2015-11-06,24.30837059020996,24.471218704845977,23.926301010926597,24.30837059020996,2808900
2015-11-09,24.32090435221083,24.41485438606794,23.794776038959146,23.97641372680664,2891200
2015-11-10,23.694562758925773,23.957625737805653,22.70493942471778,22.886579513549805,4946500
2015-11-11,23.02436370812432,23.06194514187618,21.93452841171405,22.623504638671875,6369100
2015-11-12,22.416817806462465,22.567138796918986,21.339507021184804,21.34577178955078,8054800
2015-11-13,21.28314130511092,21.345777057683847,20.28099315704064,20.71316909790039,7420900
2015-11-16,20.713164614123865,21.621362520701734,20.713164614123865,21.483566284179688,4095400
2015-11-17,21.502363497158978,21.75916411710127,21.132820908528874,21.220508575439453,3164400
2015-11-18,21.189187925114826,21.709051448442388,21.189187925114826,21.533676147460938,2829600
2015-11-19,21.86563560572214,22.04101089374599,21.345772120804682,21.471038818359375,3392700
2015-11-20,21.608836412011694,21.82179315628215,21.25808342459293,21.552465438842773,3102800
2015-11-23,21.62136411461513,22.047277614073046,21.533676462840145,21.734106063842773,4500400
2015-11-24,21.57124841589687,21.6213569943005,21.207970779704674,21.464771270751953,3089200
2015-11-25,21.35829367706251,21.82805089039358,21.126547454158963,21.65267562866211,2394600
2015-11-27,21.615103785116307,21.796743894991103,21.45225559684533,21.684001922607422,911900
2015-11-30,22.21012262409744,22.52955889811557,21.7403653652664,22.510766983032227,6184200
2015-12-01,22.64230866691904,22.936688359595337,22.341661814634197,22.86779022216797,4034700
2015-12-02,22.66735078413352,22.77383032940714,21.521144413724098,21.633886337280273,5145500
2015-12-03,21.77167997630699,21.865632374899896,20.963699383504782,21.151601791381836,4558000
2015-12-04,21.11402355671243,21.70278755049019,20.919858741155178,21.577518463134766,4357700
2015-12-07,21.577518572134625,22.066065387048678,21.326980396158174,21.98464012145996,3640700
2015-12-08,21.790472740464242,22.27901949788264,21.5649888864838,22.19133186340332,3799400
2015-12-09,22.028481930592715,22.84899211208239,21.95332144039263,22.37297248840332,3649600
2015-12-10,22.38549952647026,22.861519147841737,22.235176157489907,22.68614387512207,4904600
2015-12-11,22.316602810071664,22.899102018650872,21.552463549503454,22.53582191467285,5420100
2015-12-14,22.573404992093348,22.654827871525058,20.9198596567008,21.088970184326172,4997700
2015-12-15,21.239292793765106,21.934533963644203,21.13907800103626,21.45224952697754,4141600
2015-12-16,21.665200196632206,21.915738302989414,21.339501614091223,21.784204483032227,3919800
2015-12-17,21.871896986763954,21.922005574946432,20.951174377346316,21.245553970336914,4021800
2015-12-18,21.10775778815326,21.72783596756437,20.988751099086024,21.358293533325195,6627300
2015-12-21,21.47730548822632,21.909481367392747,21.389617836451336,21.734106063842773,2476200
2015-12-22,21.652682412598594,22.29155270960842,21.389619437581924,22.20386505126953,2926900
2015-12-23,22.3291380429473,23.331286297309095,22.210131295091273,22.936689376831055,3804700
2015-12-24,22.84899528740157,23.337542125558706,22.842732907893325,22.955474853515625,1818500
2015-12-28,22.99931748733257,23.287434715980808,22.711197869375216,23.011844635009766,2366000
2015-12-29,23.199750021253006,23.450285838723712,23.0368994700531,23.268648147583008,3351000
2015-12-30,23.174689791652685,23.763451320802965,23.174689791652685,23.287431716918945,2704000
2015-12-31,23.18095387065728,23.39391059074907,22.92415333077974,22.961734771728516,2391700
2016-01-04,22.567137262777802,22.817675415585533,21.990902856352484,22.71746063232422,4653200
2016-01-05,22.86152211243287,23.099533148637374,22.49824198405182,22.75504493713379,3092700
2016-01-06,22.329124742265446,22.49823521814148,21.502352327569017,21.76541519165039,4120900
2016-01-07,21.32697723664207,21.802999222614535,21.145337205433922,21.633886337280273,5974800
2016-01-08,21.533680010065265,21.627630057025073,20.143197333410825,20.381208419799805,9802300
2016-01-11,20.744478988953283,20.744478988953283,19.197412246469682,19.635852813720703,7834300
2016-01-12,19.867602347439632,20.005398591560002,19.05335680982955,19.773651123046875,6090000
2016-01-13,19.78617843187324,20.32483387491672,19.385319234066728,19.460479736328125,4734000
2016-01-14,19.535634327435,20.312299338011584,19.072140749896757,20.11186981201172,5229900
2016-01-15,19.0909358046914,19.566956664239925,18.73392045869365,19.347736358642578,8660100
2016-01-19,19.7047517388344,19.873864648701925,18.408221819159166,18.683813095092773,5466900
2016-01-20,18.282953027752047,18.47711902880573,17.3810187474359,18.301742553710938,6750500
2016-01-21,18.445805622263613,18.458331576902875,17.168065065991335,17.26201629638672,10447100
2016-01-22,17.68792899642107,17.85704192009784,16.930054419036136,17.493762969970703,8349800
2016-01-25,17.29333338376342,17.343440784007583,16.504140933926877,16.535457611083984,6461800
2016-01-26,16.598092451953068,17.62529477235048,16.598092451953068,17.374757766723633,5956800
2016-01-27,17.161802886617348,17.48750162681206,16.742152908388917,16.892475128173828,4982500
2016-01-28,17.017741112666897,17.080375658056706,16.441505445458915,16.760940551757812,8695500
2016-01-29,18.176475289681523,18.884242398539033,17.568921776898776,18.19526481628418,12431000
2016-02-01,18.201527241643614,19.372789177043632,17.91341003513875,19.047090530395508,7997400
2016-02-02,18.608654237137543,19.285105979610858,17.706720969815937,17.919677734375,6713400
2016-02-03,18.903032957918864,19.623327208112883,18.64623240954234,19.115989685058594,9232900
2016-02-04,19.147301093516013,21.05764634408793,19.141037521539694,20.161975860595703,11677300
2016-02-05,20.02143889525764,20.385581014104957,19.484808019534533,20.181150436401367,7819000
2016-02-08,19.74672957053564,19.989491730536567,18.967337896773877,19.39536476135254,4843100
2016-02-09,19.146213177901895,19.299536063646123,18.494591218114426,18.78845977783203,5722000
2016-02-10,18.992886791448484,19.65089845434072,18.948167776994968,19.28675651550293,5512100
2016-02-11,18.833180046087268,19.03761057393321,18.296549301240642,18.545700073242188,5989400
2016-02-12,18.852347954572572,19.120663356735502,18.213501874994385,19.088720321655273,4263000
2016-02-16,19.280378020452655,20.142820612211935,19.069558828556158,20.015050888061523,4966400
2016-02-17,20.13003774908925,20.698611521705985,20.07254151120102,20.423906326293945,5097300
2016-02-18,20.334469688187518,21.49717052075251,20.149204967623618,21.152193069458008,5550200
2016-02-19,20.7241624715689,20.90942838848371,19.81700236033746,20.021432876586914,4411600
2016-02-22,20.430294377836752,20.788049007983574,20.168367620569768,20.59000587463379,4554500
2016-02-23,20.468624936660063,20.481402148171558,19.58701683839837,19.638124465942383,4239100
2016-02-24,19.40174953249676,19.963933359767008,18.673464414951237,19.855329513549805,4672600
2016-02-25,19.81061475292058,19.81061475292058,19.03761045357531,19.75311851501465,3040400
2016-02-26,20.008655900697697,20.526122021872364,19.87449882976486,20.24502944946289,3485600
2016-02-29,20.21309014734338,20.4366865253056,19.963940559086694,20.03421401977539,3555800
2016-03-01,20.315305035644858,21.63132884936501,20.219478366500745,21.22885513305664,6653800
2016-03-02,21.260804823951904,21.83576748876047,20.96693610060767,21.676055908203125,4881000
2016-03-03,21.55466254781316,22.404326359482177,21.522718302010457,22.19989585876465,4239200
2016-03-04,22.30850243923115,22.781249578828447,21.98907942077478,22.05935287475586,5198400
2016-03-07,21.867694764870865,23.145386559046226,21.57382623709142,22.66625213623047,5139400
2016-03-08,22.51294214468221,22.60876761666936,21.803822441754495,21.874095916748047,5744100
2016-03-09,21.95075113262142,22.43627306861811,21.6568825282812,21.854923248291016,4585900
2016-03-10,21.93158716258699,22.506547174125753,21.701602183169722,22.32767105102539,4281500
2016-03-11,22.78124719890443,23.11344739583509,22.519320448613485,23.107057571411133,3333100
2016-03-14,22.806807391657628,22.99207335475258,22.008249726942758,22.589599609375,6751600
2016-03-15,22.583213073024982,22.67904098155183,21.663275386588044,22.11685562133789,3614500
2016-03-16,21.893253222009513,22.327668707080928,21.59299481517964,22.03380012512207,4212700
2016-03-17,22.15518409656673,22.710979550145396,22.008249778356493,22.314895629882812,4231600
2016-03-18,22.468209360638642,23.630911152449745,22.334052305161734,23.362594604492188,11672900
2016-03-21,23.228450395151146,23.605369785895537,23.036797004621217,23.343442916870117,2886800
2016-03-22,23.196497885914997,23.924781896704822,23.062338381029537,23.66285514831543,4086200
2016-03-23,23.458421685873443,23.509528089450786,22.19989451210843,22.231836318969727,4559800
2016-03-24,22.097686199434648,22.167959658774695,20.69861414922573,21.22885513305664,8570000
2016-03-28,21.503555978226903,21.714376325201666,21.241629219169933,21.426895141601562,3924600
2016-03-29,21.216071697765162,21.67604152438458,20.749714484444343,21.59299087524414,3537100
2016-03-30,21.739930533276404,22.08490798883283,21.433284718449904,21.829368591308594,3719900
2016-03-31,21.70798706446822,22.123237944566828,21.65049082625463,22.00824546813965,2741200
2016-04-01,21.656883684235638,21.797428168549754,21.299128992244917,21.522724151611328,4555700
2016-04-04,21.509947518294616,21.61855262506681,21.22885610506843,21.433286666870117,2313200
2016-04-05,21.254404147908243,21.33745480024859,20.858320358060407,20.992477416992188,3464300
2016-04-06,20.99247749042498,21.541885375976562,20.44945699184325,21.541885375976562,3526000
2016-04-07,21.2735729414301,21.465226268703397,20.858324471838667,21.152193069458008,3183000
2016-04-08,21.331070409277324,21.797427759346963,21.133029682414733,21.22885513305664,2972900
2016-04-11,21.944360495250475,22.864300352367692,21.854922439587245,22.346834182739258,7545200
2016-04-12,22.321285806750545,22.474609970165424,21.7399358503525,22.38517189025879,4681500
2016-04-13,22.187132478585564,22.44267198227944,21.624947032662224,21.676055908203125,7300200
2016-04-14,18.954562119111753,19.069554601657764,17.204124109861215,17.319116592407227,48458900
2016-04-15,17.229683168054088,17.325511081714378,16.316134041147482,16.34807586669922,19415600
2016-04-18,16.296963175249616,16.782486328214773,16.06058959635128,16.469451904296875,10781300
2016-04-19,16.507780286279814,16.686657600051372,16.086142035284443,16.181968688964844,8957100
2016-04-20,16.245856540624537,16.616387230401365,16.111698225816212,16.399179458618164,8669500
2016-04-21,16.44389919737579,16.58444490695083,16.11808752569965,16.24585723876953,8587500
2016-04-22,16.277796243778184,16.443896354653727,15.977539054023596,16.175580978393555,7220700
2016-04-25,16.181968609220736,16.85275640017994,16.137249585623724,16.79526138305664,7857800
2016-04-26,16.954969910476294,17.312723255141062,16.891085080017852,17.248838424682617,7447600
2016-04-27,17.24884711449687,17.497996738452166,16.929424019783962,17.466054916381836,7210200
2016-04-28,17.33827847679095,17.62575963810551,17.11468337188177,17.184955596923828,7380400
2016-04-29,16.718602087071048,16.750543903908476,13.80546428171788,13.907679557800293,24443200
2016-05-02,13.505204956467065,13.517982169765085,12.911077941632524,13.083566665649414,18806300
2016-05-03,13.01968092683471,13.077177164239691,12.329727296476966,12.419166564941406,13705500
2016-05-04,12.655537795711812,13.083564626466925,12.617207380293992,12.872745513916016,11708700
2016-05-05,12.904691993065331,13.045237699515713,12.713037427721432,12.783310890197754,7901700
2016-05-06,12.756925719652191,12.79650217902173,12.40733009723454,12.578829765319824,8456900
2016-05-09,12.611813999102989,12.723948373995542,12.341371235327689,12.440314292907715,8927200
2016-05-10,12.367752620152064,12.783308554619518,12.26221456510913,12.697559356689453,6101000
2016-05-11,12.664580701603356,12.829484089602811,12.328177639110907,12.347965240478516,5394200
2016-05-12,12.44031012290714,12.446906408408946,12.150079851391816,12.394137382507324,10122100
2016-05-13,12.347965326307659,12.842675493744691,12.288600005566174,12.592022895812988,6507400
2016-05-16,12.585423157091297,12.77011535519406,12.51946156790369,12.638192176818848,7248800
2016-05-17,12.552447643446607,13.363772094223933,12.552447643446607,12.954811096191406,7165900
2016-05-18,12.915233459001934,13.548463131042636,12.90863717242606,13.350578308105469,7862400
2016-05-19,13.291211244707268,13.56165266830118,13.198865760976526,13.535268783569336,8915800
2016-05-20,13.548464672380192,13.79911730021374,13.383561263562203,13.462714195251465,7197800
2016-05-23,13.621020333529959,13.9046543775213,13.462713223465434,13.719962120056152,4304200
2016-05-24,13.898054871203586,13.917843727169991,13.640806034204251,13.772727966308594,4871500
2016-05-25,13.996998373900073,14.353190276874548,13.983807059729601,14.168498039245605,6800000
2016-05-26,14.135518215520612,14.287229026185313,13.957422259637891,14.21467113494873,5244300
2016-05-27,14.194885937639345,14.478520006193385,13.997001089337065,14.2872314453125,4165900
2016-05-31,14.372983517567338,14.907270276818098,14.247656558889096,14.880885124206543,8221700
2016-06-01,14.702785453478493,15.210686890052926,14.537882079212181,15.177706718444824,6727600
2016-06-02,15.336015249553478,15.705398490389358,15.243669753872764,15.66582202911377,8292300
2016-06-03,15.6196439950565,15.76475847603068,15.382182791541842,15.59325885772705,7702300
2016-06-06,15.560277113704236,15.817525885974357,15.547084546379494,15.758160591125488,4050300
2016-06-07,15.804340097634011,16.35182055343036,15.791148782763562,16.25947380065918,5741100
2016-06-08,16.32543610051735,16.42437788586757,15.86370609139891,15.99562931060791,7107800
2016-06-09,15.876900061590481,15.982438142996358,15.593265996019749,15.923072814941406,6315300
2016-06-10,15.692203194739614,15.7845486669951,15.243665887019768,15.263453483581543,5599300
2016-06-13,15.24366643300332,15.467935094895891,14.946839892818229,14.96003246307373,5398500
2016-06-14,14.867685730471704,15.223876290465729,14.709377417015872,15.012800216674805,4012200
2016-06-15,15.118340969258586,15.349205938229629,14.880879714532615,14.986417770385742,4369900
2016-06-16,14.913864755982768,14.973230084044683,14.55767278761128,14.966633796691895,4273300
2016-06-17,15.045782680079325,15.408570838182142,14.986417367991825,15.316224098205566,7652100
2016-06-20,15.52070881313169,15.824130472122944,15.368996725522939,15.454747200012207,4353900
2016-06-21,15.421762153880492,15.777954026466826,15.303032787797878,15.738377571105957,3550500
2016-06-22,15.73838071048076,15.989033321915032,15.679015386541286,15.744976997375488,3949300
2016-06-23,15.93625897464529,16.27925823019966,15.903278809274266,16.147335052490234,4714600
2016-06-24,15.441555751888846,15.77795887102964,15.177710538282307,15.276652336120605,6496800
2016-06-27,15.17111151079827,15.217284257576534,13.700173609741903,13.766135215759277,6672700
2016-06-28,14.168501276377421,14.90726913756938,14.135521096246723,14.861096382141113,6165100
2016-06-29,15.32942033520838,15.870303300806544,15.111747891538068,15.797746658325195,8997000
2016-06-30,15.698799464433307,16.07478018433952,15.303032404511487,16.06818389892578,8335400
2016-07-01,15.969243796751815,15.969243796751815,15.784552803836723,15.85051441192627,4944400
2016-07-05,15.685613360795655,15.698804677891069,15.098556345143736,15.276652336120605,3785000
2016-07-06,14.742360870420942,15.5932615673544,14.570861222315969,15.514108657836914,6386800
2016-07-07,15.843914531861262,16.05499062338473,15.50751153920346,15.652626037597656,7493500
2016-07-08,15.96264820658218,15.969243234857354,15.507514510703002,15.837321281433105,6369800
2016-07-11,15.923070161860279,16.04839708444039,15.79114821114018,15.890089988708496,5236900
2016-07-12,18.126179437357653,19.484984210119208,18.119583151107783,19.359657287597656,29492300
2016-07-13,19.359655371274325,19.88734563790045,19.10900155104229,19.67626953125,10546600
2016-07-14,19.808191431115983,19.979691071078218,19.15517429709406,19.25411605834961,7786500
2016-07-15,19.392636722575347,19.412425580571707,18.66706161817665,19.062829971313477,6444400
2016-07-18,19.260714213501366,20.09842238103508,19.128791013610623,19.887346267700195,7113000
2016-07-19,20.019273977904554,20.15119594940425,19.597120398011317,19.78181266784668,3351600
2016-07-20,19.808199488065018,20.11821746826172,19.597122051255,20.11821746826172,3760900
2016-07-21,20.10502379009041,20.810810195697815,20.05225474830985,20.593137741088867,7436700
2016-07-22,20.69866991329893,20.949323733757033,20.487593806458104,20.83059310913086,4602600
2016-07-25,20.856983293096274,20.99550154990091,20.645905877120942,20.738252639770508,4319300
2016-07-26,20.63271113911591,21.41765157184061,20.448018902559234,21.40445899963379,4435500
2016-07-27,21.457231626519402,21.787038457624718,20.97571395505281,21.14061737060547,4490400
2016-07-28,21.153800795999622,21.523185192906748,20.949321001431063,21.503395080566406,4133100
2016-07-29,21.16700005372458,21.378076199730447,20.619520828229447,21.127422332763672,6416000
2016-08-01,21.10763751083654,21.397866620769012,20.975714273148515,21.391271591186523,7349600
2016-08-02,21.965127002545852,22.26195355316652,19.96649908874264,20.217151641845703,14367000
2016-08-03,20.210558843451818,20.513981731782266,19.84777189286783,20.26992416381836,6056900
2016-08-04,20.40844593575592,20.705271312515954,20.256733845646767,20.619522094726562,4459400
2016-08-05,20.764636223190255,21.424249835805803,20.764636223190255,21.19338607788086,5094900
2016-08-08,21.259344467367224,21.602343816166456,21.232959321407435,21.509998321533203,5216500
2016-08-09,21.503396809586903,21.53637949406439,21.272533115597767,21.43084144592285,3238800
2016-08-10,21.457228601261775,21.523191467918583,20.645904213078605,20.698673248291016,4537600
2016-08-11,20.711864958722813,21.094440762602126,20.711864958722813,20.942729949951172,2330400
2016-08-12,20.94932384926399,21.021881733182894,20.665689857340467,20.81080436706543,2250200
2016-08-15,20.82400144474377,21.358289374129527,20.82400144474377,21.107635498046875,3627400
2016-08-16,21.107631110537614,21.60234121469084,21.041669511694614,21.411052703857422,3174100
2016-08-17,21.43084105832598,21.444031112407764,20.777822667355583,20.962514877319336,3514700
2016-08-18,20.988899511297163,21.43084182562507,20.870168890506122,21.1538028717041,2352500
2016-08-19,21.04826695669862,21.582554804453167,21.04826695669862,21.325305938720703,2659100
2016-08-22,21.246150445665204,21.32530587814716,20.6788836854533,21.021883010864258,2807000
2016-08-23,21.226364370695823,21.424247933666262,21.08784487012611,21.186786651611328,2565800
2016-08-24,21.193381268612256,21.371477205551514,20.73165134131333,20.83059310913086,2772700
2016-08-25,20.718465029386895,21.272540606292882,20.718465029386895,21.14061737060547,2591600
2016-08-26,21.25934409778461,22.083861022999148,21.24615152503406,21.984920501708984,6087200
2016-08-29,22.044281048372714,22.40707047131404,22.044281048372714,22.248762130737305,3972300
2016-08-30,22.097057481597908,22.519209818948628,22.097057481597908,22.374094009399414,2928700
2016-08-31,22.163011649960065,22.519203528690042,21.978320683015205,22.255359649658203,5297500
2016-09-01,22.26854916980254,22.479627790672712,21.99151272604122,22.23556900024414,4149500
2016-09-02,22.288346045780706,22.591767723723237,22.077269877105348,22.374094009399414,2723700
2016-09-06,22.492820529206863,22.80283969574162,22.308129544663235,22.736879348754883,4357200
2016-09-07,23.45586188493462,24.174840851365776,23.271168355167692,24.08249282836914,9483800
2016-09-08,24.062702249697583,24.128665115112053,23.647145004377535,23.95056915283203,4738300
2016-09-09,24.253991690815088,25.03893094686525,23.73949390249869,23.80545425415039,7724200
2016-09-12,23.63395147979033,24.214409512912813,23.126048813638906,24.108871459960938,6149700
2016-09-13,23.779066994309147,24.075893582821998,23.396492459512732,23.83843231201172,4716900
2016-09-14,23.805449880111507,24.1616417525263,23.38989269562758,23.79225730895996,4066300
2016-09-15,23.831831638838302,24.168233348651576,23.765868792445783,24.04290771484375,4246900
2016-09-16,24.616770844144867,24.616770844144867,23.81863926784104,24.00992774963379,8966600
2016-09-19,24.352251665405642,24.499923255083758,23.828692480971874,24.130746841430664,4950100
2016-09-20,24.27842433430774,24.305274189162517,23.71459274561602,23.84883689880371,2624600
2016-09-21,23.7615727356936,24.647597238735777,23.7615727356936,24.627458572387695,3641100
2016-09-22,24.67444699044139,24.9026656010189,24.405956164230773,24.43280601501465,2585400
2016-09-23,24.278423984665967,24.734861268451464,24.278423984665967,24.473081588745117,2497600
2016-09-26,24.412666639812592,25.117458558955175,24.285133693095833,24.969789505004883,5411700
2016-09-27,24.848970658666108,25.862528290282633,24.835545732086313,25.788692474365234,6853000
2016-09-28,25.9833549563953,26.204862445812775,25.27185163763388,25.64773941040039,4971500
2016-09-29,25.5873267520372,26.084038852628275,25.110753323991965,25.365821838378906,4046500
2016-09-30,25.46650612262934,26.077326299870933,25.46650612262934,25.875957489013672,3840000
2016-10-03,25.88266618056965,26.399514315875667,25.641022630500046,25.781980514526367,3671000
2016-10-04,25.91623004996316,26.171298554102624,25.540339757575694,25.667875289916992,3593600
2016-10-05,25.768557946568603,26.117598377440256,25.526914374384916,25.869243621826172,2679700
2016-10-06,25.647730846833742,25.71485546994641,25.15102143851278,25.379240036010742,4165300
2016-10-07,25.459793199875186,25.674586924860634,25.2248633633421,25.43294334411621,3340100
2016-10-10,25.600750882708777,25.882669244679057,25.278560297987855,25.486642837524414,4466600
2016-10-11,25.654447879524437,25.654447879524437,23.378975355304682,23.560205459594727,14457900
2016-10-12,23.83540858841966,24.16431286235158,23.593767610652037,23.647464752197266,5153100
2016-10-13,23.331988507967704,23.84883668688555,22.539938281134653,23.613906860351562,7302300
2016-10-14,23.73472582254699,24.17102438572244,23.47294617253317,23.600479125976562,5413500
2016-10-17,23.647463712706863,23.875682315463237,23.258151131853406,23.499792098999023,4548300
2016-10-18,23.721303939819336,23.90924780280184,23.372263508178197,23.721303939819336,5505100
2016-10-19,23.459525987439722,23.694455833504698,22.513090298152818,23.036649703979492,10115000
2016-10-20,23.150754517362678,23.68102497432713,23.090343634855,23.479656219482422,5159200
2016-10-21,23.358837577544087,23.49308428557023,22.909114050280948,23.157468795776367,4484100
2016-10-24,23.291716408665785,23.37226341239346,23.150758512006586,23.170894622802734,2949600
2016-10-25,23.51993230395581,23.51993230395581,22.922537188426084,23.003084182739258,4172300
2016-10-26,22.929247744174027,23.56020387670535,22.88897296784716,23.385684967041016,5638800
2016-10-27,23.728016427353378,24.016645981678458,22.96281344539134,22.982952117919922,6846000
2016-10-28,22.969526631859615,23.35883929719896,22.841991097601397,22.92254066467285,3142900
2016-10-31,23.083631071893265,23.25815254607668,23.003084077947026,23.02993392944336,3121400
2016-11-01,23.07020769554769,23.244729181452026,22.190896764601412,22.627195358276367,4147100
2016-11-02,22.600346653204102,22.721168438647716,21.895554611811736,21.915693283081055,5446200
2016-11-03,21.90897953478551,22.338566967147095,21.781446565972875,22.204322814941406,3855900
2016-11-04,22.123773466613123,22.600346869000614,22.016376607475898,22.150623321533203,3641400
2016-11-07,22.526513909930884,23.358838939235547,22.46610301582465,23.258155822753906,4564600
2016-11-08,23.110478248657,23.338696838877034,22.727876871014956,23.150753021240234,2676800
2016-11-09,22.419117245735297,23.70787958389957,21.86870801040974,23.331989288330078,6167000
2016-11-10,23.49308613770372,24.587193437640302,23.439386426042528,24.278425216674805,6204000
2016-11-11,24.077050008997787,25.050335259122097,23.90253111364745,25.00334930419922,4736200
2016-11-14,24.936233375219192,25.80211944354807,24.936233375219192,25.506778717041016,5205800
2016-11-15,25.600737847687007,25.909503347430476,25.379233053711683,25.849092483520508,3526600
2016-11-16,25.62088450609471,26.003488508874053,25.55376243433295,25.68129539489746,2607400
2016-11-17,25.775267608159034,26.379373882394564,25.741704014693713,26.332387924194336,4720700
2016-11-18,26.312245000701108,26.50018878481761,25.842382979867836,26.372655868530273,2394400
2016-11-21,26.392802848523804,26.80225417027972,26.251844952341855,26.728418350219727,2177700
2016-11-22,26.81567910672163,26.91636222093876,26.117598248426646,26.151159286499023,4799300
2016-11-23,25.96321039938118,26.238414955174587,25.761841649381076,26.05718231201172,2805700
2016-11-25,26.110875225517567,26.339093765688403,25.808820898741182,26.22498321533203,1802300
2016-11-28,26.11759735476322,26.52704866264806,25.86252886516327,26.426362991333008,3177600
2016-11-29,26.453209493560326,27.030468473471576,26.399512353393728,26.513620376586914,3996200
2016-11-30,26.60088404057897,27.02375770781028,26.56060926060996,26.91636085510254,3961900
2016-12-01,27.33923657311932,27.500333129448652,25.52691247699311,25.580612182617188,5532700
2016-12-02,25.708148253630178,26.19143542055836,25.54034049406269,26.090749740600586,4144600
2016-12-05,25.104031559719118,26.60087585390246,25.104031559719118,26.285396575927734,3813200
2016-12-06,26.19814268933696,26.50691086681266,26.17800658057176,26.2786922454834,3408900
2016-12-07,26.68814256894162,27.08416894853619,26.11088607849492,27.030471801757812,7636400
2016-12-08,27.0438936006506,27.097590741218283,26.271977040716514,26.332387924194336,3584300
2016-12-09,26.446505602096114,26.943215167877874,24.499934443973984,26.433080673217773,4125500
2016-12-12,26.426357121535567,26.439782045431844,25.802112243342076,26.292110443115234,3836400
2016-12-13,26.325682808127592,27.822527754175017,26.231710870072913,27.413076400756836,5722100
2016-12-14,27.433215524946675,27.51376510401706,26.849245159675917,26.983491897583008,4504900
2016-12-15,27.07074969618193,27.50033716199606,26.62102355753426,27.25197982788086,2927800
2016-12-16,27.426498508679742,27.43320969190352,26.18471964775441,26.24513053894043,8418500
2016-12-19,26.265598697582895,26.66811057393059,26.149621978496103,26.408864974975586,4271300
2016-12-20,26.524842760753685,26.811375298948878,26.26559717680896,26.442974090576172,3301300
2016-12-21,26.340636914960733,26.981925755553622,26.340636914960733,26.545303344726562,3136400
2016-12-22,26.79090568600486,27.043327544229907,26.43614930560681,26.620349884033203,3098800
2016-12-23,26.51801652903224,26.756796223787287,26.320173767918213,26.681751251220703,2473000
2016-12-27,26.62717562678722,26.96146620219141,26.606709759764165,26.865955352783203,1940000
2016-12-28,26.872774778749463,26.988754090482285,26.381573180775728,26.463441848754883,2592800
2016-12-29,26.463449446999626,26.702226624308818,25.808515529972087,25.93813705444336,2710800
2016-12-30,26.047284276534366,26.37475112905666,25.917662794017797,26.04046058654785,2897500
2017-01-03,26.238310766205792,27.357156701367458,26.19737902868446,27.02968978881836,5129300
2017-01-04,27.104728515084325,27.47312968251212,26.558950453603376,26.68857192993164,3842700
2017-01-05,26.654454786334966,26.76361037200116,26.313343255818804,26.640810012817383,2889500
2017-01-06,26.647642780144036,26.74315362483491,26.04728555319025,26.25877571105957,4529200
2017-01-09,26.258773255170077,26.429329062588113,25.938127504432135,25.958593368530273,3263400
2017-01-10,25.992707012825967,26.36110822400958,25.631129492113562,25.67206382751465,4266900
2017-01-11,25.65158893874058,25.965413559990427,24.710122882415263,25.153566360473633,6268100
2017-01-12,25.09899823841018,25.133108886186076,24.314440327186492,25.07170867919922,3849600
2017-01-13,25.071709107842626,25.508331652780377,25.071709107842626,25.174043655395508,2515300
2017-01-17,25.33777504013877,25.801687130685867,25.071708347540554,25.255908966064453,3291300
2017-01-18,25.317310368115198,25.56973229321171,25.07170953181559,25.4060001373291,2866800
2017-01-19,25.31049043141867,25.453759342163185,24.64873541597473,24.792001724243164,2958700
2017-01-20,24.805642724786814,25.2763759241109,24.778353164759878,24.880687713623047,3041400
2017-01-23,25.017124485943587,25.023948175599912,24.246214113183544,24.812458038330078,4955500
2017-01-24,25.828967849945176,25.924478670757278,24.969365257686874,25.54243278503418,8551300
2017-01-25,28.960376754527733,31.8461807171414,28.76253139241028,29.110464096069336,46074200
2017-01-26,29.076358288877223,30.556784303547133,29.076358288877223,29.94960594177246,14711900
2017-01-27,30.06558386567232,30.69323072265742,29.75858282706415,30.35894012451172,7679900
2017-01-30,30.29071475977948,30.84331395257861,30.09286938341854,30.631826400756836,6863600
2017-01-31,30.59771624297583,30.829672286351297,30.174738494164885,30.802385330200195,5597600
2017-02-01,31.11620578281828,31.14349533998543,30.051936475578117,30.549959182739258,5382100
2017-02-02,30.21566835376385,31.198068896439384,30.21566835376385,30.884246826171875,5447300
2017-02-03,30.91153963649558,31.627873603632022,30.904715945893795,31.58011817932129,5768000
2017-02-06,31.40955866621369,31.648335759771136,30.75462497890601,31.00022315979004,4651800
2017-02-07,31.02752267146154,31.696101350459134,30.795566590790866,31.45050048828125,4946800
2017-02-08,31.07527468951103,31.443675942280898,30.795563205550728,31.245830535888672,4852600
2017-02-09,31.689277989915258,31.812078412203647,31.21172108129106,31.63469886779785,3452400
2017-02-10,31.73021470511751,31.79161492589079,31.266305106745836,31.696104049682617,3657800
2017-02-13,31.989440904421464,32.801288063111905,31.777953407935403,32.61026382446289,5521600
2017-02-14,32.50793230707875,32.84222017435997,32.3169080661577,32.64437484741211,4105100
2017-02-15,32.69896247272268,33.108295405417394,32.40560625005051,32.84905242919922,5004200
2017-02-16,32.95138807101792,32.98549871883699,32.30327535255308,32.453365325927734,4450800
2017-02-17,32.34420808887385,32.39196351394955,31.982630555450527,32.16000747680664,3270800
2017-02-21,32.35785675048828,32.56252325429603,32.09861112434471,32.35785675048828,3217100
2017-02-22,32.33739313178132,32.41243552650291,32.19412422691506,32.303279876708984,2658400
2017-02-23,32.40559992575065,32.569334628359144,32.09177789843207,32.3305549621582,4064600
2017-02-24,32.05085571855154,32.576168060302734,31.873478775773275,32.576168060302734,3172600
2017-02-27,32.21459309731555,32.61710504885357,31.989458102949328,32.53523635864258,5420600
2017-02-28,32.33738829705126,33.21063336484469,32.31691982657289,32.8763427734375,5592800
2017-03-01,33.19016470368548,33.9064986507306,32.98549563097942,33.75640869140625,4625300
2017-03-02,33.77005371299814,33.96789909671889,33.03325129189,33.37436294555664,4130200
2017-03-03,33.44258380671872,33.87238518007692,33.25838321813664,33.401649475097656,3098600
2017-03-06,33.14922555932073,33.30613658381528,32.74671376519126,33.09464645385742,3474100
2017-03-07,33.12195243862901,33.22428701090415,32.719440444810424,32.93775177001953,2285400
2017-03-08,32.896803237978006,33.25838069790167,32.71942375020323,32.82175827026367,2081000
2017-03-09,32.43971731775817,32.610273142354664,31.095739189621032,31.84618377685547,6329500
2017-03-10,32.21458813062453,32.26234355798024,31.791607770508843,32.25551986694336,3527000
2017-03-13,32.30327535255308,32.548876180811384,32.00991909685295,32.453365325927734,2949500
2017-03-14,32.228232088655,32.31009816168132,31.389095080851927,31.859830856323242,3492600
2017-03-15,31.9144063023938,32.194117761471915,31.389094029983596,32.105430603027344,4056800
2017-03-16,32.269175731846886,32.48748707546165,31.928063932139253,32.22142028808594,3191600
2017-03-17,32.37832485837355,32.43290398448232,31.900767914825735,31.975812911987305,6829500
2017-03-20,31.975812364972683,32.356146962004416,31.66462855360731,31.865169525146484,3441500
2017-03-21,31.858263353874122,31.968906230131996,30.606613672885363,30.77949333190918,4693400
2017-03-22,30.71725191604691,31.194401391261902,30.219360366950802,31.125247955322266,4311100
2017-03-23,31.01459641439687,31.443339683410684,30.800227417823077,31.208223342895508,3662900
2017-03-24,32.11411215476462,32.28007772426362,31.028428524844493,31.284292221069336,5278200
2017-03-27,30.89012004006145,31.18747310898047,30.620428335212306,31.05608558654785,3164900
2017-03-28,31.04917938722058,31.422597344513708,30.862469089607245,31.311954498291016,3418200
2017-03-29,31.222043612227967,31.595461385490495,30.793300486219657,31.58163070678711,2608100
2017-03-30,31.50556498528478,32.77104171244508,31.394922196910482,32.58433151245117,5955200
2017-03-31,32.446032272564004,32.52901635483905,31.747600059977273,31.761430740356445,3387300
2017-04-03,31.55397550629299,31.809836496009346,30.903946724402065,31.325773239135742,6306700
2017-04-04,31.270467492715316,31.872087850605624,31.173655324541443,31.789106369018555,2353900
2017-04-05,32.04496132165609,32.63966754100377,31.726863505053032,31.809844970703125,3669900
2017-04-06,31.982717514038086,32.217833813172106,31.581635682248965,31.982717514038086,2958200
2017-04-07,31.989636680000192,32.480616697516105,31.595471444229958,32.39763259887695,3589300
2017-04-10,32.612007875855404,33.37959372751176,32.59126316784308,32.91627502441406,5389100
2017-04-11,33.53863649556375,34.20941006961355,32.88861026365609,33.946632385253906,7672400
2017-04-12,33.891305888426686,33.946628610743886,32.99233275423291,33.4279899597168,4226700
2017-04-13,33.26202255904731,33.75991648015531,33.08222899749856,33.310428619384766,3791200
2017-04-17,33.44182490619422,33.739177981748576,33.172133195327,33.53172302246094,2973900
2017-04-18,33.32426644694296,33.607788848846376,33.075322070925054,33.56629943847656,3322900
2017-04-19,33.56628940803527,34.015774592966615,33.49713601486199,33.58012008666992,2957000
2017-04-20,33.109903216728895,33.670031457592394,32.65350115776104,33.573219299316406,5842400
2017-04-21,33.55247311074829,33.68386065719486,33.11681577978681,33.372676849365234,3359400
2017-04-24,33.93972907805391,34.35463912082474,33.697696021492824,34.174842834472656,4584600
2017-04-25,34.44451687241094,35.23976108991602,34.25089001420488,34.9285774230957,7791500
2017-04-26,30.848627145527438,31.021506694526867,28.877798704174396,29.050678253173828,34476600
2017-04-27,29.161324495778008,29.735285932307068,28.89854944964139,29.251222610473633,9673200
2017-04-28,29.53475010545596,29.54858078994922,28.490558486581527,29.133670806884766,8613100
2017-05-01,29.09909643594037,29.251228694839103,28.857063405713433,29.16824722290039,7376800
2017-05-02,29.202827091491397,29.361876036219233,29.02303343508327,29.348045349121094,6508900
2017-05-03,29.265056781944633,29.541665181096924,29.099093852799818,29.39644432067871,5381400
2017-05-04,29.44484901428223,29.52783046752973,29.28579749181967,29.444849014282227,4947000
2017-05-05,29.278883198927645,30.12253631925794,29.147495679340473,30.115619659423828,4885400
2017-05-08,30.157112332672042,30.164026354717333,29.562406195328343,29.645387649536133,3001400
2017-05-09,29.645395549891187,29.80444447864725,29.382620435216076,29.61773681640625,2798000
2017-05-10,29.66614306897961,29.87359807995098,29.583158954244198,29.81136131286621,3493500
2017-05-11,29.742200026068325,29.852842845216934,29.34112079587945,29.375696182250977,5224800
2017-05-12,29.375690252655183,29.783686060522573,29.230472076447896,29.762941360473633,3544700
2017-05-15,29.845923643877445,30.12944598361621,29.728366823027617,30.067209243774414,4448700
2017-05-16,30.198606974873243,30.468301364174874,30.011899330028513,30.426809310913086,4080500
2017-05-17,30.053382608883933,30.170942083488363,29.126748045376203,29.154409408569336,5852800
2017-05-18,29.500176276152466,29.500176276152466,28.81557186609809,29.21665382385254,4102000
2017-05-19,29.306548833197436,29.583154594416527,29.292718149446504,29.39644432067871,3272100
2017-05-22,29.624644703189848,29.845930352828763,29.195904086756077,29.57623863220215,2506200
2017-05-23,29.80443916105915,29.852845233438337,29.35495382640483,29.479427337646484,2702300
2017-05-24,29.769863919425553,29.873592725285253,29.451766117091044,29.5485782623291,2385100
2017-05-25,29.652312383190377,30.025730347765403,29.37570394327283,29.81136131286621,2951200
2017-05-26,29.507086652296593,29.735288973416772,29.18207482242821,29.410274505615234,3272100
2017-05-30,29.188981511043583,30.115615970343338,29.188981511043583,29.901247024536133,3566900
2017-05-31,30.00496875085161,30.12944221496582,29.638465016477596,30.12944221496582,4522300
2017-06-01,30.122544073393072,30.122544073393072,29.47943171577723,29.652311325073242,3492900
2017-06-02,29.707624425767072,29.977316130628903,29.673049039644532,29.887420654296875,2682400
2017-06-05,29.63847787746329,29.728376004540063,29.085263706862463,29.09909439086914,3322200
2017-06-06,29.04377030513572,29.285800669171934,28.760247891007673,28.967702865600586,3406600
2017-06-07,29.106015748232473,29.431030309455572,28.8847300242311,29.002286911010742,2397400
2017-06-08,29.078344601548075,29.61081402034579,28.753332787478247,29.57623863220215,3210600
2017-06-09,29.638470475434463,30.101786403248166,28.76715606615208,29.299625396728516,4759000
2017-06-12,28.870893816884617,29.00228136603597,27.88202227272072,28.725675582885742,6519300
2017-06-13,29.036849715570764,29.320372065578614,28.89162889205843,29.06450843811035,3981100
2017-06-14,29.20281458172651,29.20281458172651,28.22085995980834,28.54587173461914,3917200
2017-06-15,27.971911601316286,28.8017339654535,27.93733621904652,28.711835861206055,3694900
2017-06-16,28.628853881370933,29.112914499970287,28.580447819510997,29.06450843811035,7267700
2017-06-19,29.240026372438972,29.59104708433824,29.16982062321382,29.36639404296875,3068300
2017-06-20,29.261098638824528,29.30322210546268,28.804770456845908,28.811792373657227,3294500
2017-06-21,28.91708519182897,29.39447357276684,28.83986288503576,29.247045516967773,2799300
2017-06-22,29.457661978375704,29.647213512988397,29.197907361940196,29.49276351928711,2443800
2017-06-23,29.492760832445512,30.363293429351305,29.443618144031344,29.95610809326172,3597000
2017-06-26,30.152680920673674,30.377333971228992,29.654232132133785,29.759536743164062,3631500
2017-06-27,28.853899633093743,28.924105377905665,27.737653732299805,27.737653732299805,9008700
2017-06-28,28.08166680053235,28.292278765921054,27.688522501217378,28.20803451538086,4744000
2017-06-29,27.96932781550171,28.025489731553943,26.874142332693044,27.316429138183594,6082400
2017-06-30,27.660435316678242,27.695536854978645,27.03561615139798,27.2041072845459,3872600
2017-07-03,27.32345007149929,27.569166168964827,27.077736652109177,27.091777801513672,1975100
2017-07-05,27.23920581183775,27.47789999520133,26.789899743876983,27.39365577697754,5116900
2017-07-06,26.874156076526816,26.98648264415197,25.933420068387417,26.179136276245117,9051800
2017-07-07,26.31251293195748,27.16198243427071,26.12998333534102,26.817983627319336,5852100
2017-07-10,26.775863670505956,27.098802133314123,26.593334050072276,26.951374053955078,3632000
2017-07-11,26.937328331608665,27.491941691948057,26.937328331608665,27.18304443359375,3751200
2017-07-12,27.611291479965306,28.201003726286338,27.484923804874917,27.87104606628418,4980200
2017-07-13,26.410795992275922,27.38663308296437,26.20018411367937,26.902225494384766,11523700
2017-07-14,26.958390237567166,27.864021588286533,26.944349088507323,27.730634689331055,5357200
2017-07-17,27.37960831934025,27.55511862907961,27.070711138305903,27.42875099182129,3813400
2017-07-18,27.421732611612047,27.421732611612047,26.88817975366933,27.260263442993164,3497300
2017-07-19,27.379612232734242,27.688509457919565,27.330469553229193,27.54810333251953,4143900
2017-07-20,27.548105912410133,27.800838568643808,27.288348664328314,27.674470901489258,2778800
2017-07-21,27.716592733916123,27.885083839656996,27.435777795115033,27.78679847717285,3256600
2017-07-24,27.821908291899966,28.172929078451045,27.541090591428674,27.913171768188477,6279100
2017-07-25,22.69699835930464,23.960672266401975,22.381077873973872,23.30777359008789,35475700
2017-07-26,23.41307823283418,23.46222091367915,22.521488064318163,22.704017639160156,12637600
2017-07-27,22.8163474650131,23.188428582073723,22.535529809598067,22.858470916748047,7709600
2017-07-28,22.675936153279235,22.90058918177148,22.381078718623748,22.893569946289062,7865500
2017-07-31,22.97781682569561,23.265653719192702,22.80230645946383,23.139286041259766,7171700
2017-08-01,23.202465291292366,23.525403658550626,23.097160699225608,23.4271183013916,6029200
2017-08-02,23.490307262246414,23.497329176764087,23.1884292118036,23.46222496032715,5838400
2017-08-03,23.525406230068512,23.707938494523354,23.349895879364084,23.567529678344727,4934900
2017-08-04,23.665812813204205,23.89046582666218,23.42009941663303,23.469242095947266,6768000
2017-08-07,23.448181119930094,23.630710684471126,23.335854616041363,23.504343032836914,5520700
2017-08-08,23.441161938266717,23.60263113904066,23.146305835481797,23.16034698486328,5981500
2017-08-09,22.98484470554923,23.160355117332948,22.79529313945365,22.88655662536621,4285900
2017-08-10,22.718058995401535,22.83038550665632,22.12132356746196,22.149404525756836,6368500
2017-08-11,22.64083630944294,23.34287774539466,22.44426422532286,22.66891860961914,5647200
2017-08-14,22.92165763549245,23.279697646963637,22.84443263664597,22.851451873779297,4163000
2017-08-15,22.87952955214363,22.935691472082045,22.647854602449662,22.661895751953125,2938600
2017-08-16,22.704016052041027,22.82336178915733,22.59168954966536,22.80230140686035,2533500
2017-08-17,22.67594045582476,22.886552375238445,22.093246050473116,22.121328353881836,3483100
2017-08-18,22.170466912431813,22.282793427049107,21.791365260357864,22.023038864135742,2901000
2017-08-21,22.093240361642096,22.142384379953167,21.86156677432595,22.086219787597656,3141400
2017-08-22,22.233652330152456,22.732102445977816,22.156427343705676,22.66891860961914,2639500
2017-08-23,21.8475287078069,22.01601848119922,21.482466862604703,21.77030372619629,7757300
2017-08-24,21.840504684240507,22.065157679953995,21.728178186383765,21.777320861816406,4542600
2017-08-25,21.812427415758837,22.044101038344785,21.657978780380798,21.93879508972168,3504800
2017-08-28,22.001982395370845,22.2547177831409,21.84753373564359,22.107288360595703,2856300
2017-08-29,21.90369419347791,22.149407634435214,21.728183827629653,22.079204559326172,3357200
2017-08-30,22.016016324759377,22.170464933814877,21.70009719369409,22.114301681518555,3807000
2017-08-31,22.324918529105314,22.324918529105314,21.945816826192765,22.13536834716797,4289300
2017-09-01,22.177490677443075,22.479368731044552,22.149408375229974,22.324918746948242,2115300
2017-09-05,22.352996206464013,23.413077443626175,22.34597563243172,22.991853713989258,8454400
2017-09-06,23.062062105808632,23.385003229774473,22.92165594886567,23.019941329956055,5927700
2017-09-07,23.118222147764364,23.15332368007145,22.388098492245888,22.704017639160156,4284300
2017-09-08,22.68296166944588,22.68296166944588,22.39512342455706,22.45830726623535,3562500
2017-09-11,21.952834872467935,22.317896721389637,21.68605839093373,21.728181838989258,6630300
2017-09-12,21.763285111125043,22.465326566322624,21.73520281017899,22.38810157775879,5159400
2017-09-13,22.549563734584684,23.062053515134927,22.423197436985053,23.012910842895508,5299700
2017-09-14,22.8233713953414,23.019944865791395,22.711044845688342,22.921659469604492,3368200
2017-09-15,22.928673234373345,23.616673521536626,22.746143639034333,23.553489685058594,9565600
2017-09-18,23.6938960263988,23.813241772759344,22.682957426712882,23.532426834106445,8551000
2017-09-19,23.432259651551473,23.55389144498704,22.68099691088785,23.024431228637695,7963200
2017-09-20,23.031591118033436,23.382181947081605,22.874184021183652,23.16753578186035,4594000
2017-09-21,23.16753645239519,23.646912810951378,22.931423753256183,23.410802841186523,4696900
2017-09-22,23.37502545187129,24.07620710767613,23.29632395073416,24.018966674804688,4397600
2017-09-25,23.91164048223307,24.111979253283696,23.5896726236451,23.725614547729492,3625700
2017-09-26,23.739922357672107,23.968878591539916,23.468035806438987,23.51811981201172,3423900
2017-09-27,23.62543966038734,23.94741015477159,23.317779269017173,23.739917755126953,3785400
2017-09-28,23.7900050621658,23.87586296282725,23.18899429878878,23.59682273864746,4585600
2017-09-29,23.60398160543188,23.775697424575245,23.432263056914778,23.73276710510254,2524400
2017-10-02,24.069047951395444,24.670058781319504,23.99750014781767,24.469722747802734,7402300
2017-10-03,24.469714918589887,24.505488808932732,23.99033605400256,24.362390518188477,3755400
2017-10-04,24.355249129591883,24.51265487245403,24.226460875830146,24.312318801879883,3067400
2017-10-05,24.38386690745764,24.52696252675985,24.154907911951337,24.398174285888672,3210800
2017-10-06,24.226448891549747,24.419631176629416,23.976026197836294,24.17636489868164,3555600
2017-10-09,24.348087542834964,24.91332445556391,24.212145627992957,24.21929931640625,3678900
2017-10-10,24.498339688337488,24.577041170010087,23.868708729342973,24.147748947143555,5237500
2017-10-11,24.026112477892816,24.398164209673432,23.897324290209966,23.9688720703125,3610700
2017-10-12,23.89732759251558,24.162057690724712,23.768539387035844,24.054733276367188,5111100
2017-10-13,24.22645688139768,24.727299704628866,24.08335854199251,24.612821578979492,4178500
2017-10-16,24.655745239892813,24.720139345891454,24.39101512828658,24.67721176147461,4041500
2017-10-17,24.355236929271868,24.462558600729604,23.718452398754785,24.297996520996094,5936500
2017-10-18,24.40533163227347,24.56274009473874,24.34093750938987,24.512653350830078,3732200
2017-10-19,24.26937854165647,24.57703894091006,24.219294544510362,24.56988525390625,4362900
2017-10-20,24.720141506840815,25.24244808809984,24.619973495280675,24.999181747436523,8315300
2017-10-23,28.369128779511264,29.263489677612213,26.93099492691614,28.15447998046875,33601200
2017-10-24,28.261819251119146,28.862830200064753,27.553483846179063,27.789596557617188,12140500
2017-10-25,27.524858478705664,27.675110490594268,26.830833381829486,27.295902252197266,7430700
2017-10-26,27.410381878794574,27.632181700197677,26.8809188699035,27.317367553710938,4276300
2017-10-27,27.374603340074568,27.374603340074568,26.365764128737002,26.401540756225586,5297400
2017-10-30,26.437307640025814,26.458771427325438,25.84345071725719,26.244125366210938,5870300
2017-10-31,26.34430329554645,26.995398140137,26.16543105550098,26.451627731323242,4432600
2017-11-01,26.74497621330304,26.923848440758086,26.22982332483296,26.444469451904297,2784300
2017-11-02,26.451619564482005,26.473083353260986,26.029481099133466,26.308521270751953,2745200
2017-11-03,26.186891060999812,26.458777590744706,25.872076946655934,25.993711471557617,2280100
2017-11-06,25.957931002582452,26.852291940977636,25.807679019981578,26.802207946777344,3186100
2017-11-07,26.78074529955347,26.823675609001207,26.358606809456553,26.558942794799805,2842300
2017-11-08,26.5017048404938,27.331671709048774,26.27990233800892,26.981081008911133,4241200
2017-11-09,26.566105313850226,27.281594259436694,26.566105313850226,26.766441345214844,4349600
2017-11-10,26.616188196438024,27.24581920615983,26.616188196438024,27.181425094604492,3011500
2017-11-13,27.117027201964465,27.14564468026373,26.702042378833,26.945308685302734,2305600
2017-11-14,26.916692472365256,27.138495020685188,26.709202759378982,26.823680877685547,2598800
2017-11-15,26.71635078285084,27.081248854652316,26.644802997595036,27.052631378173828,3497300
2017-11-16,27.159956507615146,28.104401585754143,27.138492715185343,27.98992347717285,5258400
2017-11-17,28.075787179559796,28.333360905038507,27.746660193151886,28.204572677612305,3154700
2017-11-20,28.147328036646467,28.669634505945655,27.96130215924974,28.512226104736328,3993100
2017-11-21,28.655330543528326,29.07746911319635,28.590936431905288,28.719724655151367,3848100
2017-11-22,28.633864584465705,28.955835118237022,28.49076626619252,28.855667114257812,2364900
2017-11-24,28.877133261444694,29.013075173733952,28.59809301921359,28.827049255371094,1340100
2017-11-27,28.240345833587238,28.404907941857804,27.58925108809354,27.961305618286133,5631700
2017-11-28,28.175951467801468,28.6553276836392,27.875444733760894,28.605243682861328,3809300
2017-11-29,28.583782158640116,28.977300508560674,27.660800820725196,27.725194931030273,6069800
2017-11-30,27.896909054520926,28.018540838423146,27.33882594371762,27.589248657226562,6782500
2017-12-01,27.41037474877185,28.104396974061924,26.651955698012532,27.982765197753906,5125100
2017-12-04,28.44783114313434,28.633859744255606,27.7466525044323,28.04715919494629,4592200
2017-12-05,28.27611428879967,28.58377465399535,27.9326800337988,27.997074127197266,3945600
2017-12-06,28.025699569929312,28.125870310987217,27.589253623215416,28.032855987548828,2520300
2017-12-07,28.018541213497556,28.69109970087501,27.889753011539916,28.319047927856445,3725000
2017-12-08,28.497929252647502,29.06316350959647,28.319056995915467,28.970151901245117,5502100
2017-12-11,28.869974713154555,29.42805788580321,28.741186498648975,28.955835342407227,3740700
2017-12-12,29.098925745134853,30.45835544285758,29.04884175168566,30.136384963989258,6354900
2017-12-13,30.315266365197644,30.51560512927278,30.007605895121248,30.107776641845703,4509100
2017-12-14,30.200788856333386,30.258029284199008,29.936058700889454,30.007606506347656,3301600
2017-12-15,30.19362277519195,30.20077646105216,29.628386064190828,30.064834594726562,6241800
2017-12-18,30.30810475939307,30.816101131470838,30.215090454990378,30.75886344909668,4628900
2017-12-19,30.64994730546903,31.027535246122156,30.453891868785703,30.628164291381836,4553200
2017-12-20,30.816953750011642,30.860522543731697,30.032734852812027,30.15617561340332,3321900
2017-12-21,30.29414655328032,30.882310120630876,30.199748871249298,30.468416213989258,3425300
2017-12-22,30.44663714652966,30.780656347835176,30.42485412860829,30.620906829833984,1713300
2017-12-26,30.4902051444112,31.005756867978214,30.286886825988105,30.599123001098633,2968800
2017-12-27,30.671731121916558,30.853263614240962,30.301403286393807,30.577333450317383,1934600
2017-12-28,30.635415070349865,30.686243934429992,30.308658878396287,30.511974334716797,1368800
2017-12-29,30.504714015524083,30.75159827723118,30.38127326965332,30.38127326965332,1866400
2018-01-02,30.75160705836233,31.325250472892527,30.432110827847897,31.17276382446289,2888400
2018-01-03,31.172755797420706,31.332505256525327,30.845996799236556,31.11466407775879,3446100
2018-01-04,31.129200238113214,31.390607547763082,30.47568473395537,30.962190628051758,2825000
2018-01-05,31.107409393803444,31.21633000208053,30.816956285041968,31.180021286010742,2183200
2018-01-08,35.420613858709615,36.08865477357904,33.126043600617066,33.401973724365234,23460800
2018-01-09,33.75052867295395,34.3386950852524,33.43103240761282,33.685176849365234,10500200
2018-01-10,33.518161611943604,34.324166377327195,33.26401721293356,34.17893981933594,3808800
2018-01-11,34.38950729022991,35.6166656378796,34.207974842768785,35.58761978149414,6246600
2018-01-12,35.66750628245544,37.67162671556257,35.66024620094375,37.2214241027832,7747400
2018-01-16,36.865619466817314,38.0056433153607,36.611472311494225,37.4029541015625,6885300
2018-01-17,37.228672857239644,38.063720413196364,36.9527427748532,37.86040496826172,4113600
2018-01-18,37.90398820731185,37.96934002096105,37.48283145935785,37.766021728515625,3981600
2018-01-19,37.86041184424866,38.31787444839849,37.56996155158716,38.208953857421875,3871200
2018-01-22,38.114560870611314,38.66641839321305,37.787801851323394,38.60106658935547,3591700
2018-01-23,38.61560140580466,39.29816274620888,38.43406886921098,39.25459671020508,3192200
2018-01-24,39.24006307113478,39.26910893385875,37.97659574230097,38.463104248046875,5551500
2018-01-25,38.818911967804155,39.06579629661782,38.24526856115382,38.608333587646484,3618300
2018-01-26,38.855218979308255,39.9371540066369,38.804390095806205,39.893585205078125,7318600
2018-01-29,39.21101650778901,40.38734622743224,38.85521162069261,40.01702117919922,8941000
2018-01-30,39.211030678062095,39.94442095899598,38.59382111796824,39.922637939453125,7756300
2018-01-31,40.04607625102566,40.9900448300505,39.987984513255995,40.08238220214844,5110200
2018-02-01,39.73383586877565,40.32199941646022,39.065794805151334,39.530517578125,5356400
2018-02-02,39.2037725484289,39.21103263198267,37.308572194688345,37.59176254272461,6567200
2018-02-05,37.221415852465064,38.063726389396635,35.95068858218244,36.05234909057617,7359000
2018-02-06,34.91234163066936,35.907139237201896,34.27334627386076,35.348018646240234,9556600
2018-02-07,35.72559196873005,36.74943502652449,35.427878817739206,35.979736328125,6042700
2018-02-08,35.91438006564726,36.05960658296602,34.440337424280614,34.44759750366211,4587900
2018-02-09,34.89053935171318,35.217298343949125,33.48910849498559,34.72352981567383,5633200
2018-02-12,34.963157729360766,35.95069212128244,34.963157729360766,35.70380783081055,3380100
2018-02-13,35.81273665184366,36.22663059119243,35.449671598382174,36.037837982177734,2919500
2018-02-14,35.59488825180561,37.56269962825414,35.59488825180561,37.301292419433594,3675000
2018-02-15,37.664361672772806,37.87494003392143,36.705870310953095,37.41021728515625,3207600
2018-02-16,37.36665420613595,37.70793623883957,37.10524692746649,37.337608337402344,2738000
2018-02-20,37.22142538433735,38.049215973449286,36.99632684016364,37.84589767456055,2635600
2018-02-21,37.9039874392654,38.317881327334874,37.30856104695612,37.35212707519531,2345400
2018-02-22,37.46104259936568,37.88219651163647,37.14880651287049,37.29403305053711,2121200
2018-02-23,37.671629412921206,38.90605110576303,37.533662924624316,38.695472717285156,3214500
2018-02-26,38.82618074163887,38.91331558569715,38.01291296387251,38.88426971435547,2972000
2018-02-27,38.927828892640235,39.276370952628824,38.041949425607115,38.3904914855957,3662500
2018-02-28,38.375978665546,39.60314043486723,38.346935563702004,38.775352478027344,4306400
2018-03-01,39.08031779699808,40.02428627727043,38.709992702340564,39.211021423339844,5929200
2018-03-02,38.76082582583122,39.40708117684253,38.27431721452953,39.298160552978516,3142400
2018-03-05,38.884260128750434,40.27116828880222,38.85521426456904,40.0388069152832,4328400
2018-03-06,40.300220917308856,40.91017031766678,40.08238243931671,40.83029556274414,3797500
2018-03-07,40.49627453649799,41.13526977684759,40.32200210005123,40.88112258911133,3224900
2018-03-08,41.38941048351093,43.19021257215196,41.30227565808354,42.75453567504883,8549200
2018-03-09,43.07403243066563,44.02526375109123,42.950591657233815,43.70576477050781,4783800
2018-03-12,43.676721295091006,43.90908267714913,43.379008101206146,43.72028732299805,3245900
2018-03-13,43.67672359911678,43.90908499343239,43.18295494370453,43.33544158935547,4374700
2018-03-14,43.546013635994605,44.301186672717954,43.03045927048667,43.5169677734375,4136200
2018-03-15,43.73481135206602,43.77838015103151,42.95785244196193,43.25556564331055,2882000
2018-03-16,43.23376972089949,43.94537660508049,43.13937206964082,43.633140563964844,7073300
2018-03-19,43.45888353961311,44.09061869427983,43.27735102228813,43.85825729370117,6849400
2018-03-20,44.12241659315476,44.643402371125624,43.93897066013717,43.96098327636719,4445000
2018-03-21,43.95363998413086,44.55534232896017,43.55005675355795,43.95363998413086,3421100
2018-03-22,43.40330652830352,43.90227966310507,42.896993989046344,43.32258987426758,4309900
2018-03-23,42.86764477937337,42.91901221644172,41.282672011750385,41.29734802246094,5264100
2018-03-26,42.17787813465963,42.82360844267853,41.62020386807201,42.65483856201172,4736400
2018-03-27,43.13180673021825,43.66013191126311,41.8109965767689,42.097171783447266,4105000
2018-03-28,42.03846006448354,42.57412171770365,41.17993185923447,41.74494552612305,3804500
2018-03-29,42.06782313778742,43.1464833316436,41.656903235884265,42.94102478027344,4278400
2018-04-02,43.293228876023065,44.07837704018068,41.98709507007152,42.375999450683594,5554100
2018-04-03,42.537435846800086,42.86763622482374,41.86969288811845,42.77958297729492,3257400
2018-04-04,41.245985726180294,43.35194719651806,41.238649119989915,43.241878509521484,4112200
2018-04-05,43.61610245029667,43.711495115783954,42.55945492200074,42.74290084838867,2686900
2018-04-06,42.35398902435606,42.72088081341206,41.14324500080639,41.54682540893555,3101000
2018-04-09,41.84034929564402,42.30997044255587,41.28267208431406,41.3046875,3158500
2018-04-10,43.53538706188532,44.98827841184808,43.43999439975509,43.5500602722168,9450100
2018-04-11,43.30058317919388,43.82157183310742,42.83096196932522,42.97038269042969,3557300
2018-04-12,43.25655703503445,44.19579943511663,43.205192391227655,43.931636810302734,2668200
2018-04-13,44.210473464913214,44.848864580142994,44.11508078819423,44.47463607788086,3350900
2018-04-16,44.680098571441675,45.05432990576317,44.23982937723632,44.87088394165039,2073600
2018-04-17,45.179065005110296,46.00824142163241,45.091011739379624,45.413875579833984,2969200
2018-04-18,45.46524868078937,45.83948002833732,44.614059489189046,45.5753173828125,2945600
2018-04-19,45.127692657172844,45.589977121816666,43.8875993463246,43.95363998413086,4247900
2018-04-20,44.056377783922294,44.45262168757593,43.54272859020419,43.76286315917969,2410300
2018-04-23,43.88026297533163,43.968316232104904,42.45672366098637,42.72088623046875,2863200
2018-04-24,43.1171361231968,43.52071946438496,42.35400307613904,42.75758361816406,3592200
2018-04-25,42.86763622482374,43.26388003744685,41.96508273995706,42.77958297729492,2128400
2018-04-26,43.11711739008919,43.68947042566603,42.87497028974516,43.5427131652832,2276900
2018-04-27,43.83624947818179,44.28385528608105,42.889667617262255,43.6748161315918,3418000
2018-04-30,43.74817445324138,43.99032436826174,42.46405324115212,42.478729248046875,4985700
2018-05-01,38.09070999313224,39.91049314905791,36.0141036737511,39.778411865234375,15641500
2018-05-02,38.310836356455766,40.35809301961319,38.22278311908741,40.13795852661133,7818800
2018-05-03,39.976527288975845,40.43881170716985,39.76372938863043,40.336082458496094,4095300
2018-05-04,40.181992309417375,41.06253326825023,40.12329107171521,40.85707473754883,2533600
2018-05-07,40.893757759934594,41.33402957862982,40.65161063894006,41.05519104003906,4219700
2018-05-08,40.820380771225324,41.55416434101608,40.72498812338712,41.45143508911133,3097200
2018-05-09,41.71560338854323,42.111847269391234,41.34871152831273,41.994441986083984,2359100
2018-05-10,42.42003228062236,42.933678577722944,41.899043780593736,42.02378845214844,3469200
2018-05-11,42.119177901120445,42.39801364141973,41.55416421815268,41.61286544799805,2462000
2018-05-14,41.965082666319624,42.64016502728874,41.788976171571,41.87702941894531,2147900
2018-05-15,41.656906060448044,42.50075573876653,41.488136124784354,42.390689849853516,2679300
2018-05-16,42.44939133982764,43.65279911262102,42.434718127219206,43.56474304199219,2741200
2018-05-17,43.37395155898543,44.03435515778279,43.139141017302485,43.30791091918945,2138000
2018-05-18,43.315260470639295,43.68949180772604,41.106572278032985,41.31937026977539,4302200
2018-05-21,42.045813387953245,42.412705307218395,41.671584861934605,42.009124755859375,2600600
2018-05-22,42.177883286304606,42.889654312752285,42.16320727760685,42.56678771972656,2599600
2018-05-23,42.331979171715304,42.77225105588694,42.06781940020741,42.76491165161133,1976800
2018-05-24,42.74289903710965,43.036413626557405,42.1485332531011,42.76491165161133,2146200
2018-05-25,42.85297038383942,43.439996800228435,42.06782202707609,42.17055130004883,2021700
2018-05-29,41.84035480889699,42.588814660097476,41.80366617680311,42.009124755859375,2617700
2018-05-30,42.36867912313687,43.33727354445472,42.12652911822584,42.58147430419922,2620600
2018-05-31,42.60347739184462,42.977705801203804,41.20195080912081,41.34870529174805,4473100
2018-06-01,41.53216278607866,42.530109221785956,41.36339284462274,42.486083984375,2874400
2018-06-04,42.55945577606354,42.5741317863686,41.44410418534303,42.17055130004883,2637800
2018-06-05,42.574126950071424,43.47668048758509,42.50074690688184,43.425315856933594,3480800
2018-06-06,43.806889388354406,43.9096186630343,42.98505239175241,43.051090240478516,3192400
2018-06-07,42.99972489624584,43.10245696839968,39.78575421625582,40.52687454223633,8569800
2018-06-08,40.35810930845425,41.35605573194758,40.28473204755866,41.07721710205078,3560600
2018-06-11,41.37805503352957,42.79425754650481,41.23129775980674,42.515419006347656,3551500
2018-06-12,42.55946204616625,42.55946204616625,41.06988177028265,41.89905548095703,3053200
2018-06-13,41.94308012575175,42.331984627605166,41.708269543595385,41.78898620605469,2606000
2018-06-14,42.02377962377268,43.469333954062,41.80364514280948,43.3519287109375,3876600
2018-06-15,43.05109127369936,43.05109127369936,42.119188374358835,42.87498474121094,4056600
2018-06-18,42.56679333281925,43.40330914392422,42.053146956477796,43.278564453125,2771900
2018-06-19,42.573938514766276,43.063464510872905,41.99540573436046,42.981876373291016,2483600
2018-06-20,43.12280485902772,43.36756930197725,42.870624597830506,43.078304290771484,2033600
2018-06-21,43.14506058470783,44.45046545297578,42.89288312109049,43.34532165527344,2705200
2018-06-22,43.649413267673005,43.87934323211092,43.13022113730499,43.1821403503418,1959000
2018-06-25,42.833532694475764,42.94478975530616,41.13502483152131,41.40945816040039,2460000
2018-06-26,41.780313839266626,42.128913847934484,41.46137992985354,41.913818359375,2896600
2018-06-27,42.188262185511036,42.425608014818614,41.27596362360026,41.30562973022461,1690600
2018-06-28,41.21662164740464,42.06958508174678,40.81609953931084,41.80257034301758,1696500
2018-06-29,42.18084377645931,42.581365926710895,41.876744254094696,41.88416290283203,2091300
2018-07-02,41.10535965753043,42.78161739311073,41.04602462788578,42.729698181152344,2368700
2018-07-03,42.863212713061074,43.10797434908687,41.995414770422514,42.203094482421875,1637300
2018-07-05,42.59619514039158,43.47140884399414,42.22534197206456,43.47140884399414,2123300
2018-07-06,43.48623478363481,43.627157941388745,42.95962123753417,43.456565856933594,1877200
2018-07-09,43.753244168746804,43.94608651019157,43.107957823339234,43.575233459472656,2200400
2018-07-10,43.61974974345014,44.07960687010381,43.493658197637885,43.67908477783203,1565300
2018-07-11,43.152475624253256,43.159891442816026,42.14375453660581,42.45527267456055,1642100
2018-07-12,42.87062996893222,43.864516672361,42.87062996893222,43.7755126953125,1653900
2018-07-13,43.54558268943633,44.25020434541841,43.38982502225509,43.7755126953125,1579900
2018-07-16,43.69392167424094,43.69392167424094,43.12280743594862,43.35273742675781,1240500
2018-07-17,43.15988951536477,43.278562412765595,42.766786073234215,43.093135833740234,2054000
2018-07-18,43.18955844706124,43.69391896836103,42.95962847049117,43.093135833740234,1565400
2018-07-19,43.08571534822759,43.337895581559934,42.21791758111328,42.410762786865234,1568800
2018-07-20,42.32917401595937,42.514600572128586,41.884151412907116,41.89156723022461,2030600
2018-07-23,41.787723496369885,41.90639636404845,40.964429238994164,41.79513931274414,2023400
2018-07-24,42.10667200117328,42.18826015658377,41.261127171255986,41.327880859375,1854400
2018-07-25,41.505881664028834,41.884153441389486,41.18694774562078,41.861900329589844,2165400
2018-07-26,41.93607012086148,42.781614754181554,41.75064356690937,42.67777633666992,2277000
2018-07-27,42.39593066147183,42.7296990518518,40.43040789653356,40.56391525268555,4346900
2018-07-30,40.32656213304047,41.63938234340942,38.531634628184726,40.05213165283203,7894700
2018-07-31,40.319153694284516,40.400741837504384,38.516807213757,39.02858352661133,6606300
2018-08-01,39.03600451549313,39.71837297356546,39.03600451549313,39.36235427856445,3915000
2018-08-02,39.00632598830638,39.76286659009973,38.93957232257801,39.62194061279297,2721300
2018-08-03,39.636789761918344,40.371080357010584,39.636789761918344,39.96314239501953,2663100
2018-08-06,39.90379860673534,40.25240147517066,39.636783884477225,40.22273254394531,2177200
2018-08-07,40.23755739165915,40.860590651544086,40.18563818911744,40.69741439819336,2221700
2018-08-08,40.60841374300114,41.11277417657091,40.31914878273882,40.823509216308594,1650300
2018-08-09,39.00632877663243,39.30301238538537,37.44132825776063,37.84185028076172,8401900
2018-08-10,37.50066845113361,38.12370180488151,37.1149808674435,37.738014221191406,5029100
2018-08-13,37.73801473408297,38.3091288852292,37.6193418474412,37.834434509277344,3522300
2018-08-14,38.14594387518072,39.54035209614249,38.0791902148851,39.481014251708984,4355000
2018-08-15,39.05825538658095,39.84446511821964,38.79124065397215,39.22884750366211,4646100
2018-08-16,39.69611794121554,40.348820218672834,39.27334561463353,39.34751510620117,3044600
2018-08-17,39.34751970506352,40.356240752835426,39.03600440880841,40.2449836730957,4200700
2018-08-20,40.29690577329161,40.68259057030735,39.866714749057415,40.45266342163086,2293900
2018-08-21,40.71966962266836,41.29078088031465,40.482323876030186,40.652915954589844,2741500
2018-08-22,40.25982128226078,41.24629212285639,40.25982128226078,41.03119659423828,1980900
2018-08-23,40.964443484196956,41.41688483373857,40.72709766630387,41.327880859375,2496500
2018-08-24,41.498458521549466,41.69871951608956,41.09052071610159,41.35011672973633,1853600
2018-08-27,41.60972510754197,42.358850105575016,41.60972510754197,41.80257034301758,2137900
2018-08-28,41.96573865477741,42.42559571203605,41.5355476955404,41.876731872558594,1865900
2018-08-29,42.084419850103615,42.21050857241605,41.453967750385814,41.520721435546875,2442600
2018-08-30,41.12019623156591,41.3501262030223,39.362353093728004,39.41427230834961,4906300
2018-08-31,39.488437659398805,39.86670656043844,39.19916987697498,39.7109489440918,3124300
2018-09-04,38.00503280670478,38.227544135217556,35.80216414684269,36.647708892822266,10362400
2018-09-05,36.48453082100881,36.83313367730863,35.57965108521628,36.618038177490234,6634000
2018-09-06,36.640292182577596,37.06306454527476,36.26943903428991,36.63287353515625,4333900
2018-09-07,36.48452473526286,37.27073427791265,36.061752453386546,36.93696594238281,4072700
2018-09-10,37.174312076052956,38.14594816760518,36.974051072631454,37.3004035949707,3428000
2018-09-11,37.00371833354563,37.08530646046013,35.67606368320891,36.328765869140625,4272500
2018-09-12,35.409055924877165,36.929553098713114,35.008533889998034,36.69220733642578,6623800
2018-09-13,37.166903008667504,37.38199851392685,35.52031412333527,35.757659912109375,5089400
2018-09-14,35.75765966659757,36.05434331522066,35.36455623714918,35.81699752807617,4459600
2018-09-17,35.89858295394905,35.89858295394905,35.460976161536166,35.557395935058594,3871200
2018-09-18,35.54988961689218,36.40669412257963,35.512311025198706,36.06096649169922,3837500
2018-09-19,36.08351438299491,36.41421288285123,35.88058940707219,36.14364242553711,2561000
2018-09-20,36.41419966325456,37.06056155061736,36.271397047590504,36.84260177612305,4281000
2018-09-21,36.63216077190076,37.18081607911691,36.346558397232776,37.03801345825195,8344400
2018-09-24,37.053043353116344,37.36870972125301,36.82756901419688,36.9403076171875,2830900
2018-09-25,36.97789447825967,37.21840087591807,36.43675364999705,36.444271087646484,3115400
2018-09-26,36.07599441062157,36.15115158548539,34.61792400200143,35.37702178955078,5261500
2018-09-27,35.52734100200375,35.88810062232728,34.76072573366778,35.0012321472168,3589300
2018-09-28,34.82835814163558,35.910636685643816,34.79077956309827,35.58745574951172,3493900
2018-10-01,35.90313101366978,36.10605882853156,35.13651577987946,35.30937957763672,3083300
2018-10-02,35.279319381129,35.92568148356193,35.13651958501166,35.27180480957031,1928900
2018-10-03,35.564903154787956,36.308971498930404,35.39955399674268,35.918148040771484,2321500
2018-10-04,35.8580358075582,35.97828901166221,34.858431586017836,35.06135940551758,3219900
2018-10-05,35.324409881182085,35.90312928072978,35.136514083941755,35.181610107421875,6324800
2018-10-08,34.91103418577173,35.08389794787808,34.197029695637255,34.45256805419922,2707400
2018-10-09,34.144424372202515,34.302256153180764,32.716415171858074,33.06966018676758,4961200
2018-10-10,32.84418526137834,33.76111478361395,32.67132147548916,32.81412124633789,5120500
2018-10-11,32.941885341971414,33.97155328281999,32.43080865591627,32.5736083984375,3968700
2018-10-12,33.422912786953674,33.452973942251155,31.807007423366375,32.310569763183594,4747800
2018-10-15,32.310561965824014,32.64877210104003,32.10011672714958,32.1376953125,2728700
2018-10-16,32.58864495869932,33.23500690889544,32.2053359570425,33.1523323059082,3037300
2018-10-17,33.084693898566414,33.62583473786315,32.64877425200793,33.15985107421875,2287600
2018-10-18,33.04711689027631,33.42290852062445,32.73896786807333,32.8892822265625,2218400
2018-10-19,33.11476428103169,33.54316657213571,32.731455157161975,32.9268684387207,2115700
2018-10-22,33.189915351273164,33.34023257081771,32.46839613793434,32.76902770996094,1808300
2018-10-23,30.281280047309917,32.78404997034172,29.161420105107076,32.67131423950195,6298300
2018-10-24,32.505978151339875,32.74648458112927,31.002811531624737,31.325992584228516,4595000
2018-10-25,31.634139737076723,32.37069099269531,31.363569302959153,32.02496337890625,3970500
2018-10-26,28.39480950633826,30.251220740017857,27.575583786522373,29.16142463684082,10747700
2018-10-29,29.875436413749128,29.92804701580454,28.019024730453555,28.432397842407227,5157200
2018-10-30,28.424875376150727,29.214037134462004,28.394811361132973,29.199005126953125,4154400
2018-10-31,29.68754104023562,30.521798981362167,29.477098628802914,30.236196517944336,5308100
2018-11-01,30.47668528892725,32.55857021592602,30.311339004503818,32.30303192138672,7270700
2018-11-02,30.8149095463509,33.70098899415503,30.47669655108826,33.272586822509766,10706000
2018-11-05,32.964450084486685,34.3398462866173,32.400762505386886,33.78367614746094,7798400
2018-11-06,33.88888093184408,34.197029877597096,33.16736186867535,34.13690185546875,4114100
2018-11-07,34.227094086128126,34.437536430667635,33.56570017421005,34.42250442504883,3797300
2018-11-08,34.39996284337846,34.865943616952,33.88137147603349,34.06926727294922,4497100
2018-11-09,33.76111762180078,33.76111762180078,31.8220343616756,32.34062576293945,7537400
2018-11-12,31.942280369416416,32.19781872705422,31.025348109587487,31.483814239501953,4512800
2018-11-13,31.72432382941759,32.212854019985244,31.551460050294523,31.979862213134766,3953000
2018-11-14,32.4157767954022,33.017042644296836,31.874636097866173,32.107627868652344,3726000
2018-11-15,31.867132303177563,33.25004565672065,31.724329644679447,32.96444320678711,3509700
2018-11-16,32.588656063361825,32.86674111329896,31.9873899282019,32.54356002807617,4290900
2018-11-19,32.513496758631746,32.6788460247843,31.43121769024279,31.61159896850586,3215600
2018-11-20,30.814910042233308,31.85961019225223,30.416571878659486,31.664199829101562,3969700
2018-11-21,31.88967836316924,32.71641881302541,31.604075917901817,31.972352981567383,4019000
2018-11-23,31.56650136312143,32.75400445725767,31.476312162004437,32.2805061340332,1419400
2018-11-26,32.844194164442996,33.03960458105122,32.02496816842814,33.00954055786133,2880400
2018-11-27,32.8967884373122,33.272579939405695,32.62621809707502,33.13729476928711,2859800
2018-11-28,33.159849360060825,33.44545177348829,31.506365777621973,33.14481735229492,4361000
2018-11-29,32.851687786296566,32.94939436582207,31.67170286570049,32.05501174926758,3178100
2018-11-30,31.97234535825281,32.43832607158966,31.408658040372732,32.38571548461914,4699200
2018-12-03,33.04710548968478,33.72352847072146,32.611185972674406,33.64085388183594,4701600
2018-12-04,33.29513255833017,33.70098814238763,31.22827892148384,31.243310928344727,5824600
2018-12-06,30.431609296477905,31.536434805788684,30.401545276167507,31.30344581604004,6689700
2018-12-07,31.175666615111208,31.273373220798177,29.98816680908203,29.98816680908203,4344600
2018-12-10,29.88294886293247,30.191097881826938,29.29671484334362,29.920530319213867,2775200
2018-12-11,30.48420958386298,30.75477707391911,29.371867012315064,29.687530517578125,2835200
2018-12-12,30.176070244344007,30.92013609598798,29.67250794910433,30.063331604003906,3207200
2018-12-13,30.2061237288824,30.333894346636303,29.454540629578474,29.612375259399414,2647600
2018-12-14,29.191487695245076,29.612375263049472,28.838242721068852,28.973527908325195,3245600
2018-12-17,28.943466053172028,29.49963884967973,27.88373391873226,28.131757736206055,4774100
2018-12-18,28.41460194686279,29.09496482091975,28.093534382243888,28.536916732788086,3931800
2018-12-19,28.598069861117622,29.15611792293558,27.352015741636503,27.65779685974121,5128900
2018-12-20,27.520200583404627,28.689808175032802,27.520200583404627,27.96358299255371,5705900
2018-12-21,27.971221838471696,28.621003084245263,27.29850511281729,27.795398712158203,13106400
2018-12-24,27.61193127532393,28.284648045355727,27.32144239502314,27.619577407836914,2915100
2018-12-26,27.803039822231472,29.02616131406851,27.046236114817066,28.98029327392578,4256700
2018-12-27,28.666872295462404,29.40074352635143,28.284647331522905,29.385454177856445,3123800
2018-12-28,29.461901561111155,29.859415882191353,28.896207319073344,29.316654205322266,2821600
2018-12-31,29.507771009818164,29.874709603088743,29.125545981628058,29.5001277923584,2598500
2019-01-02,28.987932248729336,30.126963625087914,28.789176602808443,29.874696731567383,3472900
2019-01-03,29.515413714132535,29.515413714132535,27.87949125013417,27.917713165283203,4428100
2019-01-04,28.42225835307598,29.354888519866623,28.246435158969657,29.156129837036133,3232900
2019-01-07,29.331941655876687,30.073458987224594,29.30136587634553,29.93585777282715,2855500
2019-01-08,30.157550906240516,30.318084694777156,29.377811612590257,29.920570373535156,3008600
2019-01-09,29.997007920334674,31.21248307656244,29.997007920334674,30.68501091003418,3961000
2019-01-10,30.685016820761078,31.25835421402237,30.333370586102234,31.036663055419922,3019800
2019-01-11,31.044306692522017,31.243062356444867,30.448036784608924,31.090171813964844,2196900
2019-01-14,30.578001766056552,30.96022678813226,29.935863612323544,30.669734954833984,3899700
2019-01-15,30.822608465372433,30.975498972701722,30.142248769708157,30.310428619384766,2408700
2019-01-16,30.28749828262713,30.70794506195583,30.21869768847193,30.36394500732422,2002900
2019-01-17,30.019943167890585,30.065811204437438,28.743310520709056,29.607139587402344,4738000
2019-01-18,29.874702894232836,30.78439720722608,29.691233638798586,30.75381851196289,3961800
2019-01-22,30.65444085425694,30.73088759651433,29.278431571219443,29.416032791137695,3677400
2019-01-23,29.67594349637825,30.195769637350807,29.217274744294134,29.630075454711914,2812600
2019-01-24,29.89763786178845,31.946363950849687,29.828837249986204,31.319515228271484,5162200
2019-01-25,33.444685622549244,35.40167856250382,32.718457580087716,33.375885009765625,9455300
2019-01-28,32.680230740694135,33.26885746888494,32.38973898425633,33.070098876953125,3614700
2019-01-29,33.19240911697038,33.27649906206202,32.47382735043705,32.695518493652344,2688300
2019-01-30,33.253572964454854,33.64344115748598,32.726103546555066,33.437042236328125,2923800
2019-01-31,33.360590821847246,34.0103749408092,33.02423393932871,33.84983825683594,4352300
2019-02-01,33.94158582682337,34.75190107175108,33.71989459650908,34.5990104675293,4487000
2019-02-04,34.392606178693335,35.08060941691527,33.69695680756438,34.82834243774414,6598700
2019-02-05,33.25356966597313,35.501051255654346,33.1465471497233,34.507266998291016,10650700
2019-02-06,34.59135822622226,35.43225195587134,34.53784696612523,34.57606887817383,5192200
2019-02-07,34.29322314452132,34.36966696842878,33.628152544862544,33.98744201660156,4317400
2019-02-08,33.62815623386832,34.430828137529524,33.414108254385454,34.4155387878418,3189600
2019-02-11,34.6678069205289,34.68309627072522,33.55935673467715,34.132694244384766,2471300
2019-02-12,34.44612393399597,34.93537155098737,34.28558719030219,34.69839096069336,3015400
2019-02-13,34.89714557709708,35.22585932838597,34.76718755358623,34.965946197509766,2672400
2019-02-14,34.82835013936507,35.24115100712311,34.69839209651564,34.98888397216797,3338800
2019-02-15,35.241135758560596,35.241135758560596,34.8359782845629,34.94300079345703,1953300
2019-02-19,35.11883028287622,35.22585572735712,34.85127396203693,35.08060836791992,2818900
2019-02-20,35.25643150963505,35.47047948245167,35.05002966949681,35.08060836791992,2277900
2019-02-21,34.981227558476384,35.0958962145812,34.41553624259347,34.484336853027344,2950200
2019-02-22,34.599006741393175,35.93679428100586,34.560784823490465,35.93679428100586,3043700
2019-02-25,36.594217929894405,37.404535918733174,36.49484153699676,36.73181915283203,3360200
2019-02-26,36.50247953316075,36.861771887909995,36.21198778004126,36.296077728271484,3011700
2019-02-27,36.20435339305575,36.31901914630286,35.60808331096365,35.79154968261719,2397400
2019-02-28,35.70744677860317,35.81446927598896,34.40023841857207,35.59278106689453,3638900
2019-03-01,35.69981018579759,36.12790025474192,35.35580715457812,35.4322509765625,2634600
2019-03-04,35.57750346351715,35.92150654446084,35.210567815892304,35.48576736450195,2673500
2019-03-05,35.56984554690418,35.60042423644577,35.264067399921366,35.38637924194336,2157600
2019-03-06,35.50870026618693,35.50870026618693,35.06531790161241,35.36345291137695,3449400
2019-03-07,35.31759020434831,35.31759020434831,34.36202771459942,34.545494079589844,3061100
2019-03-08,34.20148144337687,35.439889161940144,33.94156842430613,35.33286666870117,4290800
2019-03-11,35.60807962151557,37.213423329804385,35.40167778768214,37.175201416015625,4601000
2019-03-12,37.33574151191731,37.66445527510181,36.60187014505473,36.7547607421875,4013300
2019-03-13,37.045229141234664,37.045229141234664,36.250200809607044,36.44895935058594,2685400
2019-03-14,36.41840115824012,36.66302494929658,35.921510358470414,36.074398040771484,2800200
2019-03-15,36.30371496767365,36.915274101177985,36.15846766861739,36.44895935058594,4855200
2019-03-18,36.60951229138503,36.84649285581362,36.2272872678105,36.815914154052734,2694100
2019-03-19,37.00180445622295,37.234178603184596,36.55254521127251,36.60676574707031,2522000
2019-03-20,36.637763798275095,36.862393506853394,35.70051937188823,35.7934684753418,3044600
2019-03-21,36.0723051453223,38.27211946330044,36.00259260530618,37.939048767089844,4866900
2019-03-22,37.67569355096004,37.861594657109215,36.32792161187039,36.351158142089844,3012800
2019-03-25,36.38989014577759,36.87013052980532,35.824445203093724,36.273704528808594,2719800
2019-03-26,36.67648766916105,36.90886483036665,36.25046779828135,36.56804656982422,1672300
2019-03-27,36.56804039466973,36.74619402132421,35.29772552301318,35.491371154785156,2781000
2019-03-28,35.413924435766965,36.0645740669028,35.328719860113665,35.62306213378906,3827200
2019-03-29,35.95610871676435,37.16445816073047,35.824431144912616,37.09474563598633,3713900
2019-04-01,37.46655118179623,37.76089333151853,36.93209037067721,37.51302719116211,3868500
2019-04-02,37.50528803829106,38.04749644873883,37.39684694716114,37.768646240234375,3055200
2019-04-03,38.18692586428968,39.17064623099869,38.18692586428968,38.4193000793457,3391900
2019-04-04,38.272120015627856,38.5044941674359,38.0087618556327,38.12495040893555,1731400
2019-04-05,38.357316193147696,38.64391081936414,37.83834451101829,38.132686614990234,3401300
2019-04-08,38.489004630038885,38.489004630038885,37.82286614011015,38.24113845825195,2233400
2019-04-09,38.14818480543133,38.24113386999974,37.559503456768056,37.88482666015625,2593500
2019-04-10,37.85384432311045,38.7291233378901,37.691182714242736,38.504493713378906,2427000
2019-04-11,38.690395118708196,38.791091667545174,38.07072973124532,38.31859588623047,1914200
2019-04-12,38.636175310235664,38.9537540119713,38.38830915057847,38.4735107421875,2059800
2019-04-15,38.57419711771978,38.92275973616722,38.00100788275901,38.25661849975586,2364800
2019-04-16,38.512242848569045,39.24809385978882,38.380562287063846,39.224857330322266,2854300
2019-04-17,39.63538877538405,39.720593331038295,38.60519549152327,38.953758239746094,1910900
2019-04-18,38.86855076321995,39.15514546586719,38.71363366956276,39.116416931152344,1736000
2019-04-22,38.767860630443465,38.837573186396156,37.67569922371675,37.90807342529297,3397600
2019-04-23,37.94680512104231,38.0397542112026,37.303900106671094,37.35037612915039,3273100
2019-04-24,37.37359348772181,37.37359348772181,36.33565315660669,36.397621154785156,3722600
2019-04-25,36.38213430692182,36.65323695034859,35.60755194879138,35.68500900268555,2597600
2019-04-26,34.29077217574135,34.87945365367593,33.64012267128832,34.848472595214844,3954200
2019-04-29,34.848473468821,35.24350930598567,34.54638376416777,34.80974197387695,5327000
2019-04-30,36.58353461850899,37.82286850989163,35.68501895078564,37.42782974243164,7424400
2019-05-01,38.52772746186608,38.58194799008469,37.14896886700037,37.420074462890625,3950300
2019-05-02,37.77638637782116,37.993268517922786,37.20319406567002,37.4820442199707,2314300
2019-05-03,38.032008735986174,38.45803157752042,37.55951577911826,38.4193000793457,2545800
2019-05-06,37.08701214989363,38.396055554318245,36.98631559423087,38.24113845825195,3265800
2019-05-07,37.77638535555725,38.17142109359483,37.24966906830884,37.61372375488281,3642000
2019-05-08,37.52852700781548,38.558720314136124,37.36586537336454,37.985530853271484,3593500
2019-05-09,37.34261795985044,37.55175556895073,36.14976031748473,36.846885681152344,4581200
2019-05-10,36.552549195712395,36.88561992608985,35.68501757358405,36.715213775634766,3336600
2019-05-13,35.50686157348329,35.623050129274404,33.94995206370913,34.112613677978516,6427200
2019-05-14,34.3527286382126,34.910428917919006,34.27527157927443,34.57735824584961,3121500
2019-05-15,34.32950071770883,35.35194951696132,34.21331214537636,35.3132209777832,1961400
2019-05-16,35.05760455147415,35.669525468817255,34.91818241232558,35.382930755615234,1711800
2019-05-17,34.933678350787794,35.50687084500563,34.79425322935098,35.02663040161133,2184800
2019-05-20,34.298517389236665,34.9646589136734,34.10487173468172,34.63933563232422,2347500
2019-05-21,35.073093014442016,35.863167482073756,35.057601010590695,35.75472640991211,2398600
2019-05-22,35.28997720288481,35.514603865938334,34.523139283419944,34.6315803527832,2786000
2019-05-23,34.08163922785437,34.21331687020414,33.531686213102006,33.8802490234375,2704800
2019-05-24,34.07388823209194,34.14360078092442,33.237337646102176,33.454219818115234,2346100
2019-05-28,33.624635609547674,33.93446987810833,33.00497002722492,33.02046203613281,3241800
2019-05-29,32.78807997280399,34.05839485154547,32.63316287556282,33.872493743896484,3884300
2019-05-30,33.99643585722231,34.51540782755432,33.624636498004676,34.01967239379883,3599000
2019-05-31,33.33802612697693,33.47745119085162,32.37754268192878,32.4162712097168,3135900
2019-06-03,32.50923329603396,33.08242277642844,32.24587508875055,32.93525314331055,4126200
2019-06-04,33.314791547400716,34.26753060896748,33.29155501826904,34.205562591552734,2960400
2019-06-05,34.44568754126049,34.73228226238609,33.50069586834072,34.120361328125,2591500
2019-06-06,34.1358505897129,34.55412584949046,33.9886809782198,34.39146423339844,1619000
2019-06-07,34.314011353876445,34.37597938517259,33.67110928056992,33.740821838378906,3750700
2019-06-10,34.05839208939672,34.91043162292564,33.895727525346814,34.04290008544922,3100000
2019-06-11,34.631578783684674,34.956904931832,33.849251851011715,33.91896438598633,2595200
2019-06-12,33.89572539972839,34.19006754667723,33.60913073166627,33.80277633666992,2373400
2019-06-13,33.887986995615236,34.569620475670476,33.6556128186049,34.51539993286133,2718000
2019-06-14,34.13584661049644,34.36822074279687,33.740810881065464,34.283016204833984,2314400
2019-06-17,34.0274143179826,34.70130036182033,33.30705225378434,34.3604850769043,3368300
2019-06-18,34.643351458465524,36.010543326844484,34.57263458600857,35.774818420410156,3833900
2019-06-19,36.08126107162853,36.09697626690071,35.609817202931204,35.704105377197266,1624600
2019-06-20,36.35626057126708,36.58412633194374,35.8219560966847,36.293399810791016,2170300
2019-06-21,36.199115453264675,36.80413684797472,36.073396916530534,36.50555419921875,4533300
2019-06-24,36.58413117087068,37.33058331737676,36.45841263065599,37.18129348754883,2886600
2019-06-25,37.12629609728642,37.3541619143944,36.136262853533495,36.30912399291992,3278500
2019-06-26,37.11842564299762,37.66058613853677,36.91413119723577,37.12628173828125,3040000
2019-06-27,36.86700390314623,36.96915117664697,36.3641296295535,36.70985794067383,2674900
2019-06-28,36.96128164163083,37.41701016239916,36.66269902621062,37.024139404296875,2322100
2019-07-01,38.320621663970066,38.96492959456242,37.02414670754809,37.33058547973633,3001500
2019-07-02,37.33057948631992,37.33843858029542,36.77270370870475,37.25200653076172,2157700
2019-07-03,37.283440446840444,37.46416065965162,37.08700504195442,37.34629821777344,748300
2019-07-05,37.079136174482606,37.4720068807078,36.81984306700409,37.12628173828125,1667300
2019-07-08,36.70198467375601,36.91413523802445,36.285542638728664,36.607696533203125,2135200
2019-07-09,36.387695334883524,36.536985162949044,35.85339079593711,36.17554473876953,2643800
2019-07-10,36.74128384809958,37.47988303024944,36.63128047987308,37.11844253540039,3382300
2019-07-11,37.354161830564976,37.354161830564976,36.54484582633679,36.6627082824707,2088500
2019-07-12,36.7491396447623,37.66845599442785,36.7491396447623,37.41701889038086,3693800
2019-07-15,37.7156014567819,38.132043597043186,37.589882905153964,37.98275375366211,2182400
2019-07-16,37.83346324206498,37.99846827615607,37.016291172232954,37.21272659301758,2321900
2019-07-17,37.094856532225556,37.2284341495886,36.56841115125002,36.92985153198242,1920300
2019-07-18,36.92985748396993,37.3148722106228,36.63913391325237,37.2205810546875,1352600
2019-07-19,37.55845544331768,37.59774193175516,37.15772846546827,37.165584564208984,1555900
2019-07-22,37.33058440591217,37.67631264960859,36.945572676625815,37.2205810546875,1778300
2019-07-23,37.39344513522498,37.5584501618797,37.0398607942745,37.503448486328125,1216900
2019-07-24,37.56630885674638,38.57991329351936,37.53487847180411,38.44633865356445,1873300
2019-07-25,38.24989754128777,38.29704311167254,37.574159352603026,37.7784538269043,1713200
2019-07-26,38.0063165872651,38.0063165872651,37.41701044565055,37.56630325317383,1273500
2019-07-29,37.47987859343424,37.51916507781203,36.98486049764758,37.30701446533203,1661800
2019-07-30,37.008432876625655,37.377732434838606,36.75699577237713,37.27558517456055,1721200
2019-07-31,37.3384419484003,37.36201323772078,36.03411098586085,36.3876953125,2780200
2019-08-01,36.3012689739909,37.86489335748471,35.99483017508341,36.348411560058594,4414200
2019-08-02,33.174015930973766,36.39555574065917,33.07972476773901,35.303375244140625,5655200
2019-08-05,34.2269110943409,35.47624057429777,34.08547734209168,34.91836166381836,5457200
2019-08-06,35.24837880636102,35.468385558561046,34.619785944812925,35.1069450378418,3955500
2019-08-07,34.5883571955905,35.185519693088914,34.391921729689166,35.02837371826172,2970500
2019-08-08,35.1462259962068,35.49195126628494,34.88693279298988,35.468379974365234,2780300
2019-08-09,35.24836485761675,35.46837152275411,34.855494099948025,35.26408004760742,2930200
2019-08-12,34.86335747826689,35.405521155407214,34.86335747826689,35.216941833496094,2537200
2019-08-13,35.28764494264044,36.874842875834005,35.02049275591746,36.010528564453125,3110900
2019-08-14,35.319075397368074,35.609798866786974,34.824057491972845,35.0676383972168,2250500
2019-08-15,35.09908760851355,35.27195177766427,34.674789280165854,35.02837371826172,2590200
2019-08-16,35.33479852162936,36.332690651478735,35.232651280696366,36.16768264770508,2080100
2019-08-19,36.733427942152005,37.142014024401156,36.45056042387436,36.481990814208984,2747600
2019-08-20,36.521273221081174,36.58413399472382,36.081256797682606,36.43484115600586,2470800
2019-08-21,36.83557501860827,37.44059654122098,36.83557501860827,37.11844253540039,2473500
2019-08-22,37.330592544033955,37.54274319508775,37.23630436491021,37.385597229003906,1909300
2019-08-23,37.07915120688829,37.43273558531214,36.5684208801577,36.867000579833984,3322300
2019-08-26,37.44844716296623,37.44844716296623,36.80413924555988,36.984859466552734,1973500
2019-08-27,37.25200901311175,37.39344274043409,36.72556358158573,36.88270950317383,2668100
2019-08-28,36.7805619940613,37.16557366414461,36.426977707090664,37.04771423339844,3020200
2019-08-29,37.519167801770486,38.52491626222076,37.432735731444254,38.43848419189453,2811400
2019-08-30,38.902071411124986,40.190690355435926,38.86278492442387,39.452091217041016,3875700
2019-09-03,39.0435030845065,39.192795922343706,38.501342403187074,39.01993179321289,3820300
2019-09-04,39.56994752862464,41.01571219518817,39.310651361410144,40.99213790893555,4235900
2019-09-05,41.628598896132665,42.595060920077444,41.52645162607987,42.508628845214844,3806400
2019-09-06,42.351469587022386,42.862199782150974,42.21789196854096,42.68933868408203,2544400
2019-09-09,42.940782531553126,43.35722464844856,42.63434076912266,43.04292678833008,2866100
2019-09-10,42.88578374742136,43.48294612507323,42.540055478505295,43.47509002685547,3076800
2019-09-11,43.38078908042603,44.44939803904317,43.20006888850784,44.16653060913086,3089200
2019-09-12,44.04081968037911,44.79513095866784,43.875814650259684,44.23725509643555,3014100
2019-09-13,44.08011053940973,44.53584218863151,43.8443886162181,44.11940002441406,2842900
2019-09-16,43.66366466309923,44.0408203076151,43.32579550288086,43.765811920166016,1907700
2019-09-17,43.58509245438324,44.24511559313477,43.514375582468205,44.04082107543945,2102900
2019-09-18,43.88367444436919,44.944427578840795,42.90149728135854,44.590843200683594,4106400
2019-09-19,44.795120281302786,44.88941141663858,41.02356179148128,41.59715270996094,10548100
2019-09-20,41.42429625282553,41.526440498139486,40.54426354220084,41.17285919189453,8865700
2019-09-23,41.06284987484464,41.95073861783587,41.0078482090932,41.4478645324707,3251800
2019-09-24,41.78982193041763,41.87729873318773,40.875298614177964,41.24110794067383,3335200
2019-09-25,41.40014429128301,42.31466734010474,41.24904693664578,42.21128845214844,2379700
2019-09-26,42.290831836030556,42.86340517886164,41.98068895319625,42.67254638671875,3227300
2019-09-27,42.52939772836454,43.221255075299595,42.25106518465424,42.79182815551758,2399400
2019-09-30,42.91906800602294,43.13378299113158,42.394210164734275,42.77592468261719,2010200
2019-10-01,42.94292647174714,43.10197495428792,41.70235194824602,42.036354064941406,2355000
2019-10-02,41.662598766111344,41.8614086499226,41.217266567876905,41.551265716552734,3230100
2019-10-03,41.68643411130897,42.23515105741837,41.03433826156448,42.21924591064453,2022700
2019-10-04,42.171539284324794,42.74411255346652,42.07611141733357,42.688446044921875,1531200
2019-10-07,42.70435241373134,43.03040041605365,42.370350319334406,42.64073181152344,1655000
2019-10-08,41.909112943559386,41.93296915250665,40.65263335665078,40.724205017089844,3145800
2019-10-09,40.970729027537764,41.702347726116585,40.835536769306444,41.487632751464844,1507000
2019-10-10,41.68644724975341,42.46578451931469,41.575114220843936,42.06816482543945,2023500
2019-10-11,42.82363542222932,43.27692158404166,42.60096938726108,42.79182815551758,2366700
2019-10-14,42.744114070207566,43.0224466228072,42.51349393599798,42.847496032714844,1165900
2019-10-15,42.831580622036604,43.71429655397154,42.465771345219274,43.69043731689453,2196000
2019-10-16,43.73815689397769,43.87334610461439,43.32463213749391,43.658634185791016,1379000
2019-10-17,43.777923734104604,44.33459186196078,43.42006543522583,43.88130569458008,1133400
2019-10-18,43.793823543136355,43.98468229045934,43.4041580246807,43.722251892089844,1694400
2019-10-21,44.05625167540692,44.43001202622767,43.698393438581334,44.119869232177734,1714500
2019-10-22,44.43002060809391,45.098021767996975,44.18349835679459,44.42206954956055,1590300
2019-10-23,44.3743476954139,44.67653944723699,43.952871881216325,44.612918853759766,1684500
2019-10-24,44.907166923439554,45.312737655875964,44.35844983217002,44.72426223754883,1250100
2019-10-25,44.89125428034266,45.432017189072276,44.67653932832382,45.2650146484375,1502100
2019-10-28,45.55926234931564,45.95688201785511,45.408164933768354,45.925071716308594,1636800
2019-10-29,45.94097290189698,46.235210581813156,45.43997131337166,46.10002136230469,1987400
2019-10-30,46.092069705031754,46.092069705031754,45.27297418602979,46.00459289550781,1749500
2019-10-31,45.76602109583856,46.187499987570064,44.94692558781234,46.147735595703125,4766100
2019-11-01,44.13577571724685,46.274968078834775,43.428013312742166,45.82168197631836,4870900
2019-11-04,45.98073988080646,46.27497759669998,44.970785522363876,46.187503814697266,3170500
2019-11-05,46.11592956899398,46.235213647009985,45.630833097709306,45.8614501953125,2237700
2019-11-06,45.72624261092021,46.10795696781462,45.60695554719243,45.99662399291992,1514200
2019-11-07,46.306779931652045,46.71235363717761,46.10797012444063,46.219303131103516,1703400
2019-11-08,46.18749800641784,46.760068214856446,45.7739732242362,46.75211715698242,1540600
2019-11-11,46.58511948056795,46.74416491311131,46.171594682041416,46.322689056396484,1439100
2019-11-12,46.38630798431916,46.64078430753268,46.05230591410326,46.10002136230469,1694000
2019-11-13,45.85349715406459,46.322688454605334,45.694448689990296,46.22726058959961,1512700
2019-11-14,46.044356057750576,46.44992676045659,45.909163801117145,46.29087829589844,1278800
2019-11-15,46.521502029899274,47.300836229787265,46.394263855093016,46.98274230957031,2367600
2019-11-18,47.16564117245686,48.167641296134065,47.03840301336139,47.785926818847656,2714000
2019-11-19,47.9847338580396,48.03244930254085,47.380353395674554,47.43601989746094,1863500
2019-11-20,47.07816876364155,47.563265238471885,46.91912029152708,47.40421676635742,1405700
2019-11-21,47.38830764507752,47.77002212600966,47.08611587674068,47.30083084106445,1795100
2019-11-22,47.02248917815773,47.34853709021126,46.83958454784442,47.14177322387695,1374900
2019-11-25,47.483740676757414,47.69845566445853,47.17359781683271,47.59507369995117,1819400
2019-11-26,47.64279182772635,47.64279182772635,47.125885009765625,47.125885009765625,2412800
2019-11-27,47.4121656725091,47.94497757486529,47.181548583689434,47.905216217041016,1459900
2019-11-29,47.81773527079848,48.016545076309,47.40421051130496,47.459877014160156,1038000
2019-12-02,47.714350230990746,47.921111080542495,47.109969796180735,47.181541442871094,1952200
2019-12-03,46.71235718201712,46.80778504731316,45.95687925056374,46.29087829589844,2605200
2019-12-04,46.744164588933444,46.95092850356136,46.29883252714499,46.63283157348633,2125800
2019-12-05,47.03840223545731,47.03840223545731,46.4658290121982,46.59306716918945,1476100
2019-12-06,47.15768554891755,47.66663816876308,46.86344788436877,46.911163330078125,2250100
2019-12-09,46.29883351041324,46.497643337533056,44.54930642503944,45.424068450927734,7402600
2019-12-10,45.575159765165424,46.441970616811986,45.42406237526208,45.82168197631836,3452600
2019-12-11,45.9966377204205,46.81573316611223,45.93301712515278,46.0761604309082,2345300
2019-12-12,46.26702401713471,47.078168489965556,46.10002448750411,46.95888137817383,2421200
2019-12-13,46.807785790623726,47.60302509244581,46.5930708151001,46.7282600402832,3155100
2019-12-16,47.261068880432006,47.451924601659066,46.935020909205214,46.96683120727539,2483000
2019-12-17,47.261069938762695,47.261069938762695,46.65668639628324,47.05430603027344,2556500
2019-12-18,47.11792525295238,47.19744796399115,46.42606795940479,46.760066986083984,2540800
2019-12-19,47.29288351782282,47.30878866831728,46.3306416312908,46.48173904418945,2621000
2019-12-20,46.72826406628981,47.48374207483059,46.386313927954035,47.41217041015625,4169400
2019-12-23,47.55530080839627,48.37439919996387,47.28491937465877,48.00858688354492,2563500
2019-12-24,48.13721457281226,48.20956521709133,47.550371821044244,47.82369613647461,820000
2019-12-26,47.85585409277817,48.20152908498897,47.83173823128933,48.16937255859375,1071000
2019-12-27,48.23367997264789,48.44269123655219,47.79153851955491,47.89604568481445,1298100
2019-12-30,47.91212348828117,47.96839587265071,47.33332138239229,47.66291809082031,1060300
2019-12-31,47.55037937534214,48.016636771847445,47.453909789900756,47.83174133300781,1266200
2020-01-02,48.08094152585028,48.74817251021327,48.048785002922834,48.63562774658203,2018200
2020-01-03,48.12114547227235,48.27388438744393,47.27705650606496,47.357444763183594,1649700
2020-01-06,46.947457856991136,47.196663284004714,46.54551045433408,46.794715881347656,1995900
2020-01-07,47.0278480024125,47.46195195073017,46.64197884833528,47.357444763183594,1914400
2020-01-08,47.34939405880577,48.1532886739528,47.01979738926007,47.72722244262695,2541200
2020-01-09,48.14525770049867,48.78033531027182,47.9201681442713,48.603477478027344,2313800
2020-01-10,48.61152304998953,48.691911309152275,47.96036711095544,48.217613220214844,1734800
2020-01-13,48.41858683680259,49.03758624427334,48.27388551730992,49.02954864501953,2112000
2020-01-14,48.99738528933609,49.13404592392233,48.482893143527754,48.860721588134766,2007900
2020-01-15,48.68386631851197,49.214436721633206,48.47485196983737,48.64366912841797,1950400
2020-01-16,49.09384749164331,49.47167896970767,48.88483622573174,49.46363830566406,1496800
2020-01-17,49.44755094476666,49.560098754362215,48.9812937143278,49.10187911987305,2013600
2020-01-21,49.03757992353234,49.38325491258481,48.860722096589654,49.07777404785156,2352300
2020-01-22,49.415410603655566,49.576187098215605,49.02954149680437,49.25463104248047,1242500
2020-01-23,49.527953647195865,50.47654965173159,49.166200413836485,50.452430725097656,3000600
2020-01-24,50.782026444755495,51.585921140287084,50.37204149934494,50.83026123046875,2902600
2020-01-27,49.75303788593924,49.962052205891936,48.42661359371565,48.77228546142578,2398000
2020-01-28,49.5038376636947,49.98617326256077,49.021498998213694,49.81735610961914,1745100
2020-01-29,48.965229322558415,49.40737082374652,46.971570701483884,47.437828063964844,2897100
2020-01-30,46.987657437857585,47.46999315038532,45.93455401667936,46.9313850402832,2778700
2020-01-31,46.81882552162527,46.81882552162527,45.645137008106964,45.81395721435547,2900700
2020-02-03,46.489234478223246,47.068036608116046,46.3204142514984,46.58570098876953,3609100
2020-02-04,47.863893738938984,48.11309914665997,46.65805162431978,47.40567398071289,4698200
2020-02-05,45.84611133471893,46.43295406668493,43.69167340734564,43.997154235839844,6600900
2020-02-06,44.28656208525028,44.75281944755904,43.9408870959764,44.34283447265625,4046400
2020-02-07,44.101673030266824,44.157945425801095,43.25758403063717,43.4907112121582,2884900
2020-02-10,43.386194143176574,44.230282890979325,43.16914222517907,44.16596984863281,2311600
2020-02-11,44.391071596803066,45.259276381459124,44.33479920643718,44.817134857177734,2434400
2020-02-12,44.98595100313972,45.74161405645929,44.95379447605905,45.19496536254883,1668900
2020-02-13,44.78497585728941,45.14672910868414,44.53577044702924,44.85732650756836,2307700
2020-02-14,44.9055572771134,45.018102041558926,43.19326075152338,43.40227508544922,3451400
2020-02-18,43.00033376146271,43.65148658016832,42.662696354276434,43.57109832763672,2769300
2020-02-19,43.66755735076531,43.940881655732404,43.24149416555165,43.3701171875,2107700
2020-02-20,43.42640173518137,44.117751821837295,43.02445429564798,44.01324462890625,2220200
2020-02-21,43.78010869866773,43.812265225646684,43.048564576280256,43.442474365234375,2355700
2020-02-24,41.890943390857316,42.64660312598938,41.770357987757414,41.83467102050781,3115800
2020-02-25,42.32506348217489,42.46976479504439,40.299248168617275,40.53237533569336,3426900
2020-02-26,41.030793604505526,41.95527083582926,40.870014022261905,41.062950134277344,3056800
2020-02-27,39.92945055733956,40.35551685796975,38.85223454177158,38.87635040283203,4479900
2020-02-28,37.903645260901364,38.603032956009365,37.139944502667475,38.54676055908203,6011000
2020-03-02,39.3988787496095,40.532370178454336,38.86027076093836,40.4921760559082,4057000
2020-03-03,40.3394400462751,41.360386778302434,39.27025852377653,40.363555908203125,4147100
2020-03-04,41.271952457931995,41.48900438670727,40.38766954806069,41.35234069824219,2912100
2020-03-05,40.26709524400303,40.88609467854573,39.92142019527638,40.41179656982422,2204600
2020-03-06,38.99693621766038,39.92945408257949,38.61106707355061,39.599857330322266,3010700
2020-03-09,36.70582706086226,37.855396576284356,35.95820484267546,36.42446517944336,4427500
2020-03-10,37.8956070360973,38.53872237571017,35.909985550090234,38.506568908691406,3888900
2020-03-11,37.397181524787015,37.64638998385448,35.68488496828511,36.440547943115234,3463400
2020-03-12,33.835923315810284,36.36015183029517,32.67027555043081,35.81350326538086,6520500
2020-03-13,37.21228650054786,39.37476214546835,35.548224712335475,39.33456802368164,5238500
2020-03-16,34.35041923286432,35.700962537623454,32.93556594848633,32.93556594848633,4638000
2020-03-17,33.46614250245474,36.41643504519841,32.3567667826819,36.29585266113281,4473800
2020-03-18,34.08514253326735,35.87782766323966,32.461274584156165,34.55944061279297,4210200
2020-03-19,34.13337173629476,37.37306979576406,33.659073691853266,34.294151306152344,3452800
2020-03-20,34.63178838090443,34.80060554767619,32.638126640172004,32.74263381958008,3817500
2020-03-23,32.58989245583053,33.224970016156455,31.367972122021214,32.7828254699707,4791600
2020-03-24,34.686242800416366,35.968800308317185,33.97552695401651,35.50315856933594,3622200
2020-03-25,35.86260035945166,39.34265985892616,35.1682201469466,36.36908721923828,4310800
2020-03-26,36.46711230446271,39.29363956503569,36.35274461775414,39.187442779541016,3660700
2020-03-27,38.04375967988389,40.40464529240872,37.667979247474115,39.187442779541016,3417200
2020-03-30,39.38350591281909,41.352272663346106,38.9423706783559,40.739585876464844,2985300
2020-03-31,40.3801439164324,41.35227249240237,39.75111844388025,39.86548614501953,3620800
2020-04-01,38.71363619269194,39.78379692767167,38.11728807994768,39.09758758544922,3020400
2020-04-02,38.738152609287,39.87366839031891,37.70067210165157,38.86886215209961,2798300
2020-04-03,38.77081831580821,39.28547607859464,37.12881913244246,37.38206100463867,2492700
2020-04-06,39.105750137346575,40.04520435359962,38.55024726245908,39.73477554321289,2334100
2020-04-07,40.89479983069637,41.60551559570491,40.05337456599468,40.08605194091797,2782000
2020-04-08,40.4209912828996,41.948622875948104,40.24943972183622,41.68721008300781,2168800
2020-04-09,42.193699459673084,43.51710209350823,41.74439330706543,41.8669319152832,3275800
2020-04-13,41.491154782627376,41.66270635500393,40.4781778059671,41.58918380737305,2002100
2020-04-14,42.52046394055663,42.96976697743574,41.687209505985756,42.01397705078125,2809700
2020-04-15,41.61368555942096,41.61368555942096,40.38831198223356,41.03367614746094,2328800
2020-04-16,41.254243200771285,41.52382687988079,40.110559964532484,41.360443115234375,2270500
2020-04-17,42.177363966658355,42.47145415563559,41.368615946970955,42.04665756225586,1965600
2020-04-20,41.61367706269261,42.128334732588044,40.968316145521925,41.52381896972656,2064000
2020-04-21,40.44549516489125,41.05818194336111,39.98802436472353,40.63338851928711,2720400
2020-04-22,41.58100850549059,41.61368276364292,40.82944447484001,41.45030212402344,2966800
2020-04-23,40.38014415316328,40.97649225280429,38.98321902456778,39.122093200683594,5733200
2020-04-24,39.51420087714909,39.75110711415028,38.81982396597758,39.726600646972656,3117000
2020-04-27,40.05337905883789,41.14804631127043,39.85732101987805,40.05337905883789,2555800
2020-04-28,40.73959371600488,40.73959371600488,39.93084874681466,40.02070999145508,2368300
2020-04-29,40.788603838539956,42.062993536393606,40.1840848095323,41.71171951293945,2992500
2020-04-30,41.46664285993884,41.66270401470343,40.68240447345314,40.8049430847168,2676500
2020-05-01,39.66125739132513,40.159576476725874,38.5012385703411,38.97504806518555,3282600
2020-05-04,38.6074432539096,38.88519477874147,37.692498337640345,37.93757247924805,2532100
2020-05-05,38.39503625879951,38.975045633098276,38.1417912807615,38.1908073425293,1782500
2020-05-06,38.67277918215628,38.97503703902769,38.08459903578143,38.81982421875,2337900
2020-05-07,39.342658850817365,39.87365528699237,39.1465977173153,39.800132751464844,2570900
2020-05-08,40.49451366855171,41.834255006243694,40.31479120549527,41.71171951293945,2702500
2020-05-11,41.1970526076671,41.25423644849088,40.54352077233427,40.73141098022461,1449100
2020-05-12,40.89479770049835,41.13170086563699,39.70209850821365,39.71843719482422,1656300
2020-05-13,39.832803506628046,39.832803506628046,38.305172198682016,38.746307373046875,1767800
2020-05-14,38.23165499980655,39.26913833618164,37.65164558762174,39.26913833618164,1775500
2020-05-15,38.54208272581998,39.0567404860487,38.2398247913366,39.02406311035156,1811000
2020-05-18,40.16773978397278,40.60070718428138,39.87365277666354,40.33929443359375,1598800
2020-05-19,40.478170449459746,41.68720525588124,40.28211243560002,40.984657287597656,2078200
2020-05-20,41.515667580239445,42.87991881258069,41.466651502260966,42.35708999633789,2601200
2020-05-21,42.29989959144688,42.88807997111963,41.78524487551972,41.87510299682617,2195600
2020-05-22,41.79341155170591,41.96496311912233,40.89480543223156,41.630027770996094,1520400
2020-05-26,42.847228753996724,43.084135053057224,41.71988422423128,41.82608413696289,1820100
2020-05-27,42.12833976103444,42.6184879038201,40.97648882083081,42.4877815246582,2219900
2020-05-28,42.75736793751975,42.83905826114835,41.88326838629209,41.956790924072266,1801100
2020-05-29,41.76890322868228,43.59062497978469,41.76890322868228,43.3292121887207,4214000
2020-06-01,42.9942767786696,43.28836694716329,42.520464148032815,42.60215759277344,2471100
2020-06-02,42.44693354510581,43.06779114208666,41.801569477499754,43.04328155517578,2571200
2020-06-03,43.133148988928376,43.803019623754125,42.683845970392,43.394561767578125,2323300
2020-06-04,43.198506917108645,44.61993861596548,43.12498437294113,44.154296875,2592300
2020-06-05,44.93036406477986,45.5430508474814,44.26866121759918,44.432044982910156,2863700
2020-06-08,44.832335790219105,45.57572897415129,44.530074728717295,45.44502258300781,2929700
2020-06-09,44.84050541316594,45.02839566336366,44.19514121708271,44.7914924621582,2016200
2020-06-10,45.036559792360244,45.510369239794464,44.284995788321574,45.19994354248047,2393000
2020-06-11,44.113453684580186,44.13796016163772,41.5810159232763,41.87510299682617,3746200
2020-06-12,43.124989229950266,43.15766661243535,40.682409424207414,41.344112396240234,4377900
2020-06-15,40.73141546781113,41.51565375661404,40.241264200094854,41.45030212402344,3728000
2020-06-16,42.88807126161516,43.04328411193713,41.54015920402148,42.21820068359375,3349000
2020-06-17,42.381590874554256,42.65934236005147,41.53199772876439,41.67904281616211,2421100
2020-06-18,41.09903580901955,41.27058738240481,40.273949090056355,40.551700592041016,4329200
2020-06-19,40.92747210831957,42.52045822143555,40.608875508953545,42.52045822143555,10603400
2020-06-22,42.071164260445144,42.22637714264966,41.22974197244792,41.58918380737305,4659600
2020-06-23,41.65538164634589,41.845701842637084,40.3645105224625,40.43898391723633,4799600
2020-06-24,40.18245871628825,40.62929583732166,39.1232814111945,39.404624938964844,3598600
2020-06-25,39.41290824903982,39.54530504023233,38.295807364051385,39.49565505981445,3006100
2020-06-26,39.31360504383224,39.48737838265983,38.585424330661155,38.86676788330078,3791600
2020-06-29,39.09018255747239,39.58666962466675,38.85021244047374,39.520469665527344,2000900
2020-06-30,39.710801588829725,40.44725893286785,39.611501628567964,40.05834197998047,2618700
2020-07-01,40.02523552778815,40.09970890766024,39.0984581445038,39.13983154296875,2478200
2020-07-02,39.68597262318096,39.90111936749671,39.098462098436435,39.172935485839844,2548100
2020-07-06,39.719084510756126,40.00870157267803,39.53703769663994,39.7439079284668,1871600
2020-07-07,39.5618496766164,39.74389326698767,38.94123921007836,38.98261260986328,2117800
2020-07-08,38.99089887753165,39.06537228432416,38.138594566031124,38.52751159667969,2607900
2020-07-09,38.601982528214826,38.90814955580111,38.00619531207814,38.70955276489258,2313800
2020-07-10,38.875030730958706,39.371520889403456,38.610237242423125,39.206024169921875,2159700
2020-07-13,39.57012131162613,39.76044146733485,39.03225766888432,39.16465759277344,2757600
2020-07-14,38.75091055878805,39.28877095136898,38.58541383930647,39.206024169921875,3373400
2020-07-15,39.71906685106478,40.05006033745879,39.32187656134467,39.91766357421875,2516700
2020-07-16,40.02524673798633,40.372790326924815,39.66115631029783,40.13282012939453,2933900
2020-07-17,40.28176039666209,40.38105719599928,39.63632646608783,39.9424934387207,1962800
2020-07-20,39.652876893344825,40.30658745774414,39.222589671718275,40.20729064941406,2294500
2020-07-21,40.50517501902854,40.98511211396386,40.40587823328122,40.89408874511719,4468000
2020-07-22,41.0016673945646,41.14234075272917,40.670677013838414,40.93547058105469,3152600
2020-07-23,40.94374076500826,42.05256492386455,40.894090791356284,41.37403106689453,3574100
2020-07-24,40.96029546592588,41.10096567256561,39.495654218959736,39.752174377441406,4082000
2020-07-27,39.801822605766,41.03477030576512,39.60322899448643,41.02649688720703,3403900
2020-07-28,41.01821940539268,41.431959769099755,39.98386849612498,40.190738677978516,4440300
2020-07-29,37.269736734221695,37.840697361257405,36.020238933567335,36.66567611694336,14154300
2020-07-30,36.43397270319185,36.7897896419946,36.14435573281204,36.740142822265625,3771400
2020-07-31,36.94702207019737,37.57590614185245,36.541555055414555,37.41868591308594,7369400
2020-08-03,37.584173505813666,37.71657345386994,36.95528953548888,37.03803634643555,3674800
2020-08-04,37.31937510536951,37.90688875096811,37.06285813059517,37.55934524536133,3177400
2020-08-05,37.78276769899308,37.898614489066766,37.00493699664955,37.34420394897461,3402600
2020-08-06,36.82288901555524,37.24490275919427,36.549818885221384,37.203529357910156,3215400
2020-08-07,37.195259053686584,37.675196230613736,36.78979211135139,37.4931526184082,2781300
2020-08-10,37.56762166158616,38.5274990609346,37.56762166158616,38.122032165527344,3625200
2020-08-11,38.378555125208244,38.72609549838938,37.79931801331804,37.88206481933594,3529500
2020-08-12,37.824139670922015,37.989636431876505,37.44349933033841,37.76621627807617,2515600
2020-08-13,37.77449541595355,37.77449541595355,36.864264747221775,37.15388488769531,2910300
2020-08-14,37.29456329345703,37.52625693151528,37.12906648487725,37.29456329345703,1948700
2020-08-17,37.40212846768093,37.60072206903408,37.095961490918285,37.15388488769531,1749800
2020-08-18,37.23662398794332,37.410394142306004,36.85598370031429,37.28627395629883,2218800
2020-08-19,37.3855801797588,38.06411413573835,37.327656780340185,37.567626953125,2540100
2020-08-20,37.393849819072685,37.451773212637264,36.95528608020137,37.26972961425781,2159500
2020-08-21,37.07940937848286,37.17870617348336,36.82288923842768,37.10423278808594,3163500
2020-08-24,37.22007657254291,37.74966364527571,37.03802983257053,37.741390228271484,2051600
2020-08-25,37.66692706163341,38.23788768736956,37.360760044057976,37.60072708129883,1950500
2020-08-26,37.59244704342233,37.89034058930239,37.36075346622151,37.84069061279297,2073300
2020-08-27,38.105478400451126,38.196501765298756,37.49314456589253,37.69173812866211,2112800
2020-08-28,37.939985987598256,38.80056660865254,37.650369026949285,38.56059646606445,2181700
2020-08-31,39.09018964607035,39.88457036026909,38.59369933225487,39.71080017089844,4854300
2020-09-01,39.727339236257905,39.752165798874934,38.28752486798011,38.94950866699219,3031000
2020-09-02,38.974342916010144,40.42243426022734,38.94951950307478,40.20729064941406,3135800
2020-09-03,39.97558795613494,40.13280812996315,38.692990531865796,38.966060638427734,3026700
2020-09-04,38.85021356787261,39.49564740527275,38.18822974020735,38.89986038208008,3193200
2020-09-08,37.82413666035886,38.23787695151988,37.443496350071825,37.807586669921875,4418800
2020-09-09,38.568868538393986,38.668165319514024,38.11375487195704,38.254425048828125,2512700
2020-09-10,38.66816358159776,38.94123366313962,37.89033304403896,38.00617980957031,2639700
2020-09-11,38.08895016865244,38.64336409097778,37.90690649155465,38.51096725463867,2835700
2020-09-14,38.85849112652056,39.57840157514075,38.78401774068359,39.4294548034668,3107800
2020-09-15,39.79354599533883,39.87629280063672,39.04881212130473,39.172935485839844,2591500
2020-09-16,39.55357222038935,40.76996971777803,39.41290203294091,40.27347946166992,3208300
2020-09-17,39.446005407340934,40.68722651881052,39.35498517736752,40.66240310668945,2672500
2020-09-18,40.81134622934844,40.97684299400702,39.92594216850147,40.397605895996094,4722900
2020-09-21,39.71907692709246,39.99214709612876,39.17293974560848,39.90939712524414,3362900
2020-09-22,40.03520870158673,40.14425165032628,39.53193896845348,40.0184326171875,2304900
2020-09-23,39.75840544186158,41.25144153627322,39.75840544186158,39.942935943603516,3520800
2020-09-24,39.51516710933059,40.152642386110706,39.33063336091814,39.77518844604492,2110900
2020-09-25,39.892618572103785,40.496541638994735,39.47322604245484,40.44621658325195,1839700
2020-09-28,40.73140193162744,41.77149356991425,40.52170567555386,41.6540641784668,3549000
2020-09-29,41.61212641524924,42.52640223835141,41.50308346394962,41.99796676635742,3538200
2020-09-30,41.914084918599464,41.99796213360152,41.15917718473836,41.326934814453125,2925100
2020-10-01,41.788270201852875,41.788270201852875,40.957874808760245,41.150794982910156,1947500
2020-10-02,40.60558843696772,41.2346772910003,40.3287910050433,40.882389068603516,1728200
2020-10-05,41.25143700097979,41.503071802751904,40.88237283836138,41.19272232055664,2000000
2020-10-06,41.39404441203775,42.283157791561734,41.1424095158589,41.60374069213867,2669600
2020-10-07,41.68761880576473,42.60189466415049,41.64568019201901,42.316707611083984,2602900
2020-10-08,42.61866768226501,43.0967748839207,42.37541926045117,43.05483627319336,2403000
2020-10-09,43.26453568926351,43.47423195794033,42.55995609852094,42.75287628173828,2408700
2020-10-12,42.5683375409788,43.23097844008915,42.559951099089766,43.02128219604492,2120900
2020-10-13,43.423910962184955,44.02783734086027,42.90386502483213,42.92902755737305,2463200
2020-10-14,42.97934976132735,43.36519013786561,42.7193252294631,42.81159210205078,2016800
2020-10-15,42.43413053150541,43.079995323668115,42.15732996355969,43.07160568237305,1501300
2020-10-16,42.74447835271944,43.42389528341677,42.45090491336841,43.1470947265625,2304900
2020-10-19,43.281299564762186,44.45559970477243,43.09676906254549,43.74263381958008,3693100
2020-10-20,44.02782043242751,44.329780306088914,43.45744644932746,43.5245475769043,2299500
2020-10-21,43.658759381940854,43.82651702484897,43.16387609520293,43.35679626464844,3478100
2020-10-22,43.02966779002454,43.70069511780118,42.97095309882601,43.440673828125,3960300
2020-10-23,41.75471576039157,43.24775521775482,41.04174979908155,42.55995178222656,5912600
2020-10-26,42.3167007553336,42.62705028642543,40.76494670045324,41.06690979003906,4051700
2020-10-27,41.15918232025245,41.22628666039535,40.647522925651444,40.73140335083008,3541300
2020-10-28,40.26168470737142,40.521709239669235,39.50677683922372,40.043601989746094,3618700
2020-10-29,40.010042186205574,40.161023731036245,39.355787758702455,39.97649002075195,3619700
2020-10-30,39.69969583916682,40.152637310276596,39.50677247219032,40.11069869995117,3416300
2020-11-02,40.664301083463954,40.924325615205355,40.21974600634561,40.73979187011719,2765500
2020-11-03,41.259843150870324,42.47608234009119,41.01659787279546,42.23283386230469,2764500
2020-11-04,42.47608040709265,43.03806813365513,42.14895470343772,42.33348846435547,3435500
2020-11-05,42.56833323257229,44.41366063333525,42.44251421899579,44.24590301513672,3147500
2020-11-06,44.12848352977646,45.11825017923426,43.61682411949779,44.866615295410156,2880700
2020-11-09,46.04930444778093,46.61967858634745,45.38666343390053,45.42021560668945,4140900
2020-11-10,45.378270206369564,46.30932212959398,45.378270206369564,45.898319244384766,3698300
2020-11-11,46.1331721054091,46.317705817738144,45.52085947779349,45.82282257080078,2669000
2020-11-12,45.77250705014749,45.77250705014749,44.262694364983986,44.61498260498047,3013200
2020-11-13,44.84145310797886,46.133182999906985,44.84145310797886,45.88993453979492,2628200
2020-11-16,46.133174126204835,46.971959110317655,46.116398042557286,46.921630859375,3242400
2020-11-17,46.477081633325575,46.87969809190545,46.133179874973315,46.56095886230469,2207000
2020-11-18,46.69517023427462,47.34942486168091,46.334495544433594,46.334495544433594,2499700
2020-11-19,45.96542303022777,47.03907013847334,45.73895066832545,46.90486145019531,1931300
2020-11-20,46.81260172997952,47.34942372958227,46.619681523854254,46.64484405517578,2174800
2020-11-23,47.064230854533974,47.84430122668623,46.980350427591674,47.74364471435547,3005400
2020-11-24,48.28885378875222,49.328948630973905,47.84429874797836,49.110862731933594,3521800
2020-11-25,48.96826362040919,49.07730335420216,48.27207061381628,48.93471145629883,2488800
2020-11-27,49.228294823865795,49.59736230411123,48.90955879964981,49.05215072631836,1463300
2020-11-30,49.094094582483564,49.773511716631134,48.75019279352993,49.328956604003906,4122800
2020-12-01,49.78189817484592,51.090404181828475,49.36250559308745,50.57035827636719,3974400
2020-12-02,50.494867335285676,51.50141016849063,50.41937654280252,51.33365249633789,2433000
2020-12-03,51.19105021217616,52.70086585116749,51.174274127330584,52.289859771728516,3649000
2020-12-04,52.00467063747658,53.95065160535367,52.00467063747658,53.7409553527832,3216500
2020-12-07,53.49771368042861,54.02615239919691,52.96089171808366,53.02799606323242,3351100
2020-12-08,52.56666297555504,54.03453696462443,52.50794827196917,53.5648193359375,3160900
2020-12-09,53.833221169525125,54.789435550707026,53.00282261761352,53.28800964355469,2886900
2020-12-10,52.784745236813364,54.56297190671652,52.52472071062752,54.37004852294922,3195600
2020-12-11,54.42876861852259,55.334658128816436,53.304796374108825,54.31972885131836,2921200
2020-12-14,54.688772669815755,55.15849656327116,54.10162580227263,54.21905517578125,2752000
2020-12-15,54.873327833224025,55.35982479913868,54.38683086730937,55.34305191040039,2117000
2020-12-16,55.35981358089805,55.78759575040681,55.19205912981568,55.619834899902344,2064600
2020-12-17,55.86308299364131,55.93857697576447,55.27593601900371,55.53595733642578,2499100
2020-12-18,55.72888230923269,55.93018893495527,54.18551444690024,54.286170959472656,6019000
2020-12-21,53.858386449098596,54.59651497774689,53.40544176126147,54.56296920776367,2495400
2020-12-22,54.67313871195496,54.98671480395414,53.87647335516191,53.99512481689453,1794300
2020-12-23,54.05444350241273,54.130719894014824,53.39338359720088,53.41880798339844,1457800
2020-12-24,53.55441858612801,53.55441858612801,52.88488485707047,53.351016998291016,797300
2020-12-28,54.12225277139727,54.22395356158975,52.70690249542519,52.9865837097168,1781900
2020-12-29,52.68995566402629,52.800133414018404,51.35935864377185,51.49496078491211,2520500
2020-12-30,51.04578797212551,51.986529400575996,50.93561020341232,51.35936737060547,3258900
2020-12-31,51.35936830229606,52.783192668534944,51.07121329405698,52.68149185180664,3483700
2021-01-04,52.79165707259813,53.096762683262334,50.70677304373928,50.91865158081055,3266200
2021-01-05,50.723712059688786,51.43562395536555,50.723712059688786,50.98644256591797,3000400
2021-01-06,50.78305194547813,51.41868762843861,50.28302164523907,50.74067687988281,3192300
2021-01-07,50.97797788031729,51.291557213432476,50.35928970012985,50.94407653808594,3534600
2021-01-08,51.45258244266832,51.511908173572934,49.81687990084716,50.003334045410156,3144300
2021-01-11,49.51177253960515,50.16435878943582,49.189719506969034,49.766029357910156,4921400
2021-01-12,49.95248260022688,50.35081528340103,49.74908101567702,50.02875900268555,4107700
2021-01-13,50.020289121502095,50.94407974081843,49.99486472973518,50.757625579833984,4296200
2021-01-14,50.85084927912018,51.435632881946496,50.4016678117178,50.81694793701172,3074900
2021-01-15,50.63897924094772,51.77464852814044,50.61355484660348,51.28308868408203,6259900
2021-01-19,51.867864545783284,52.274670933501966,50.799994949138195,51.88481521606445,4425200
2021-01-20,52.12212779745509,52.571309327650326,51.84244653547743,52.054325103759766,2795600
2021-01-21,52.05432625866234,53.40187411215578,51.82550024488971,53.34254837036133,6121800
2021-01-22,51.28308379399775,51.48648862838745,49.45245321653104,50.850852966308594,9787600
2021-01-25,50.94407290027542,52.393321230573676,50.12198319142344,51.8593864440918,4524200
2021-01-26,52.07974900362382,55.01215063589941,52.07974900362382,54.96977233886719,4653700
2021-01-27,54.78331615449827,65.31791768526506,54.35108211160845,60.78371810913086,20290200
2021-01-28,59.32599938484073,59.71585517630433,56.19019914662175,56.4868278503418,7263000
2021-01-29,57.08856315764285,58.097107233034826,55.207080397105614,56.03764724731445,4117100
2021-02-01,55.605406388166045,57.06313182598976,55.46980101440565,56.56309509277344,2352700
2021-02-02,57.2750218237797,57.30044621993777,55.77491779024003,56.597007751464844,2312700
2021-02-03,56.36816210908806,58.139463396078156,56.36816210908806,57.17329788208008,2215200
2021-02-04,57.359756343341935,57.56315792322771,56.65631806646321,57.39365768432617,2010500
2021-02-05,57.49535542949799,59.12258747197069,57.42755921332719,58.851383209228516,1831700
2021-02-08,59.05478614200732,61.021018708415475,58.99546041023716,60.52098846435547,2307600
2021-02-09,60.65659289883828,61.444781387693645,60.334539820711505,61.32612991333008,1820600
2021-02-10,61.69904436064948,61.995673075975276,59.936213043826115,60.1650390625,2076800
2021-02-11,60.275200088182544,61.43629017000595,60.09722291796185,61.410865783691406,1809400
2021-02-12,61.28375526139455,62.04651940340896,60.834573729436286,61.199005126953125,1496800
2021-02-16,61.461730314835556,61.77531291382686,60.12266271946047,60.17351150512695,2290000
2021-02-17,59.79212577916781,60.80914017123347,59.368368704803814,60.52098846435547,1924000
2021-02-18,61.470198448781474,62.58891683508781,60.88541163343283,61.419349670410156,2934100
2021-02-19,62.17364058551847,62.57197328355048,60.91084627139022,61.987186431884766,2491300
2021-02-22,61.77531190371058,63.0889615507929,61.444781870241954,62.27534866333008,2130300
2021-02-23,61.190528173702745,61.73293679335282,59.919256759019,61.199005126953125,3031800
2021-02-24,61.554958987998354,64.65686431412672,61.173580153615035,63.004207611083984,4154700
2021-02-25,63.86865600848204,64.04663317381711,61.665120886118885,61.74139404296875,2933900
2021-02-26,61.521046322970456,63.96189110523426,61.495621934158464,62.06346130371094,3657800
2021-03-01,63.80934709772931,63.86019588235903,62.34314463604164,62.555023193359375,2539600
2021-03-02,62.02110116811901,62.87709248282164,61.36004100140623,61.46173858642578,2241700
2021-03-03,62.44485301956934,64.79246475307298,62.224497494129075,64.36023712158203,5505500
2021-03-04,61.6990230279855,62.24990196625597,59.63108675724615,60.69047927856445,8329100
2021-03-05,61.76684795799135,62.71606642626483,60.33455300001608,62.19060516357422,4810500
2021-03-08,62.5126586162417,63.8347788982128,61.76684186967653,63.19066619873047,4064900
2021-03-09,63.927999670015026,64.58905974563166,63.28388703422576,63.690696716308594,3097000
2021-03-10,64.25853295590215,64.31785869732751,63.16523875018856,63.50424575805664,2122500
2021-03-11,64.21614285495545,66.10610221196147,64.0042643222248,65.47046661376953,2712400
2021-03-12,65.25012077256214,65.39420311028786,64.61448508042957,65.0721435546875,2614500
2021-03-15,65.36877568428004,65.45353228716559,62.927936826066805,63.91105651855469,2650900
2021-03-16,63.63984616220309,64.40261033114713,63.30931609999752,63.97038269042969,2454300
2021-03-17,65.16537835238802,66.14002115554314,63.936485121902045,66.08917236328125,3426700
2021-03-18,65.08060892911834,65.16535904645383,62.30923418350945,62.60586929321289,4150600
2021-03-19,62.91099181007996,64.08903621616338,62.6736823652824,63.24999237060547,9605100
2021-03-22,64.04665450714862,64.91111623615137,63.78392714690657,64.36023712158203,3088000
2021-03-23,63.84717927106806,64.34311447654524,61.29055767860096,62.07720947265625,2921700
2021-03-24,62.46201143976223,62.98359752477642,60.9229038899536,60.991310119628906,1936800
2021-03-25,60.700582426299675,62.69286968443954,60.30725642005528,62.40215301513672,2680700
2021-03-26,62.32518125030337,65.05281853956627,62.06866122378373,65.00151062011719,2832600
2021-03-29,64.72790644064536,65.95063999011694,64.19777450462416,64.32603454589844,2365500
2021-03-30,64.19776578006737,64.95876699167657,63.915595032326664,64.72789764404297,1913600
2021-03-31,64.83905010510854,66.2926461046337,64.49702559828648,65.62570190429688,2765200
2021-04-01,66.06179980539989,67.12207017001914,65.66847380761493,67.11351776123047,3178800
2021-04-05,67.6008963218617,68.28494546212346,67.34438278694559,67.7206039428711,2188700
2021-04-06,67.25887163746295,67.84030486865433,66.70308258129864,67.31017303466797,2314200
2021-04-07,67.44698227339342,68.23364070306721,67.2759732585289,67.51538848876953,1680900
2021-04-08,68.39611830489083,68.52437836719764,66.90831854343413,68.40467071533203,2302200
2021-04-09,68.33625542471637,69.06305365005377,67.89162799435202,68.85784149169922,2022300
2021-04-12,69.11435737879654,69.11435737879654,67.7462655336786,68.32770538330078,1954500
2021-04-13,68.79798994304016,68.83219305782362,67.31874273922428,68.38756561279297,2465300
2021-04-14,68.41319542771711,68.99463515433641,67.59234049429728,68.64405822753906,3445100
2021-04-15,68.84927624050817,69.81549608121131,68.49015339947768,69.54187774658203,2535000
2021-04-16,69.7898404392922,70.84155818834064,69.54187282178623,70.17461395263672,5786300
2021-04-19,70.06345478094349,71.11517247034448,69.72143027538205,70.39692687988281,3111500
2021-04-20,70.55938240838653,71.58545590971644,70.37127513053872,70.46533203125,2832400
2021-04-21,70.60215820926324,71.79068863413242,69.77275067746747,71.72228240966797,2646400
2021-04-22,71.92747549996925,72.73977792494166,71.08096345135561,71.89327239990234,4529300
2021-04-23,71.38880681971472,76.28829314371616,71.14083916052394,76.22843933105469,4343700
2021-04-26,76.59611383972428,80.17025731684947,76.59611383972428,79.75127410888672,5177900
2021-04-27,79.28954113535202,80.88849562041146,79.27243632000905,80.57212829589844,3829500
2021-04-28,80.939809363923,81.61529957631102,80.38402024966632,81.40153503417969,2972900
2021-04-29,81.9145716246814,83.0432480975602,80.67473341959526,82.79528045654297,3231400
2021-04-30,82.94919589740121,83.02614800231153,78.94752335265913,79.38359832763672,4829600
2021-05-03,80.37547482778682,80.37547482778682,77.75044628318409,78.32333374023438,3622700
2021-05-04,77.92999938585068,77.92999938585068,74.27890395025487,75.65554809570312,5893000
2021-05-05,76.3908924981698,76.57900633619413,74.66367789404626,75.61279296875,3836900
2021-05-06,76.02321281487377,76.96377534608175,75.0655454698106,76.94667053222656,3609400
2021-05-07,77.00654379148239,78.64826058692825,75.5700456727027,78.28913116455078,4634900
2021-05-10,79.05866491666202,79.09286802079733,75.94625419967558,76.94667053222656,4500400
2021-05-11,75.57695441332967,76.77440017289048,73.78509076862323,74.74132537841797,5254500
2021-05-12,74.00045717103157,74.68963093049629,72.2688963520135,72.71686553955078,3179100
2021-05-13,73.23374946766461,75.61140787451707,73.07868421743416,75.06006622314453,3082500
2021-05-14,76.2402873377751,85.34604794674226,76.17136798650779,84.39842987060547,9345400
2021-05-17,83.78678972769735,91.5055800090253,83.74371348781092,89.79125213623047,10344500
2021-05-18,90.23920009299762,90.58379023840375,86.56071721500147,87.1551284790039,4536000
2021-05-19,81.64169865546201,86.07828077579848,78.979753326766,85.76815032958984,4625400
2021-05-20,87.00870769072442,87.87018004409794,82.27060974717013,83.40775299072266,3285700
2021-05-21,81.83122918754849,83.1665135103432,80.44425864432647,80.90945434570312,3355000
2021-05-24,82.02938351839062,85.80262936909537,80.94392671160821,84.55349731445312,3465600
2021-05-25,84.56210891991843,84.79470350719642,80.18582884529928,80.54764556884766,3244700
2021-05-26,81.4866392329567,83.39910826321182,80.74577930595353,83.38188171386719,2589400
2021-05-27,83.70922659023051,84.42424987576422,82.50316456321774,83.07173919677734,3255200
2021-05-28,84.46734276071906,84.46734276071906,81.79677396973439,82.48595428466797,2333600
2021-06-01,84.5534720406121,85.17373288765731,83.1406585879022,84.63961791992188,2214800
2021-06-02,85.18235368559475,86.48317831754468,84.03660085759607,84.45010375976562,2157200
2021-06-03,83.04590468462695,84.41564205221322,82.753000777857,84.05382537841797,1392000
2021-06-04,84.51904839940364,85.7251109413349,84.18307472613515,85.3891372680664,1250000
2021-06-07,85.88874873572212,85.92320840160065,84.11411866428782,84.98420715332031,1734400
2021-06-08,85.36326979182995,87.17236651404212,83.45941718248841,86.86223602294922,3200600
2021-06-09,87.56864533692966,87.56864533692966,85.54418709951149,85.57003021240234,2284700
2021-06-10,85.88876392114972,86.276430301442,83.40772669182275,83.95906829833984,2105200
2021-06-11,84.32949796822746,85.58724636536016,82.7185428778023,83.3646469116211,2318400
2021-06-14,83.35603357200598,83.57140157461994,81.00421209155732,81.54694366455078,2018700
2021-06-15,81.94323418858872,82.44288304605651,80.78024151510103,80.92669677734375,1382800
2021-06-16,80.76300414994934,81.21096672106327,79.5827850832011,79.84984588623047,1840000
2021-06-17,79.25542675261546,79.74646554676931,75.48218162767063,76.51594543457031,3802900
2021-06-18,75.18928501776837,75.69755698245979,73.22512965050934,73.48357391357422,4831700
2021-06-21,74.42256355360288,74.66377465551719,72.94944726190376,73.49217224121094,2641800
2021-06-22,73.50943430528436,73.53527742316368,72.09662023277612,72.7944107055664,2459800
2021-06-23,73.04421469149915,74.07797850527562,72.30334821503901,73.01837158203125,2263600
2021-06-24,74.83607874747975,74.83607874747975,73.65585968237203,74.42256927490234,2002700
2021-06-25,74.29334179962234,75.55109010315554,74.17273624808557,74.51732635498047,1727900
2021-06-28,74.51734481491881,75.04284337929892,74.08660871772275,74.26751708984375,1428500
2021-06-29,74.51732211037336,75.6544647975966,74.34503035299468,75.53385925292969,1739600
2021-06-30,76.27473553297072,76.49872010462109,74.99975401647266,75.74923706054688,1533600
2021-07-01,75.89568724978282,76.14551493614175,74.50871670595137,74.62071228027344,1648800
2021-07-02,74.89637814513316,75.09451302548516,73.90568402584375,74.97390747070312,1294800
2021-07-06,74.69825194446719,75.47357822102515,73.3285143329741,73.76786041259766,1729100
2021-07-07,74.13827975922743,75.8698403555549,73.69031720181196,75.65447235107422,2161800
2021-07-08,73.23373494361934,75.7923077787387,72.8633017288965,74.51732635498047,1894300
2021-07-09,75.41326874308415,76.33504363109977,74.98253269125424,75.77508544921875,1437000
2021-07-12,76.1972075832717,77.04145316605299,75.61140626955897,76.65379333496094,1384200
2021-07-13,75.81816825369113,76.92946815241712,75.4132752782819,76.24028778076172,1584100
2021-07-14,77.10174489406491,77.81676823975859,76.53317021266707,77.20512390136719,1500100
2021-07-15,78.02353331391818,78.15275545249592,73.62141004794347,74.21582794189453,2136300
2021-07-16,74.42256709971319,74.93944899594518,72.42395228110887,72.75992584228516,1611900
2021-07-19,71.54527866799054,72.74272466469637,70.75271913999907,72.6135025024414,1938100
2021-07-20,72.5790237605357,74.09521648295784,72.41534195983085,73.64724731445312,2470500
2021-07-21,70.42534281705885,72.35503844354751,67.93568902186519,71.1575927734375,6407600
2021-07-22,71.05422689511444,72.21721300064537,70.60625768975477,71.62279510498047,2309900
2021-07-23,71.68310334744243,73.74202144783288,71.64864366959978,73.6386489868164,2723200
2021-07-26,73.85400185507794,75.2065127128142,73.85400185507794,74.3191909790039,2467300
2021-07-27,74.0693759443065,74.13828871896101,71.61417513850374,73.38019561767578,2111700
2021-07-28,73.41465593470063,74.99976149832897,73.3198934746456,74.60348510742188,1436900
2021-07-29,75.57693169127691,75.57693169127691,73.871214459663,75.12034606933594,1011200
2021-07-30,74.73270963540435,76.62794575219696,74.5259581579841,75.72340393066406,3085100
2021-08-02,76.36950992201099,76.90361846615836,75.65448643660797,76.24028778076172,2174100
2021-08-03,76.37812375020515,78.48011132074407,75.9646142275109,77.8943099975586,1962200
2021-08-04,77.48079316345235,77.85983637111383,76.67962394696033,76.9466781616211,1617100
2021-08-05,77.36020508912746,78.4887315518789,77.11037736597807,78.30782318115234,1784000
2021-08-06,78.69547091106641,80.27196634914526,78.68685435021341,79.38465118408203,1472100
2021-08-09,79.11759076562625,80.22889051074468,78.68685473600718,79.7033920288086,1044400
2021-08-10,80.00490703567638,80.78884313826107,79.47079202937543,79.91875457763672,1547200
2021-08-11,79.94459466225553,81.22818594834898,79.0831227653455,81.09034729003906,1704500
2021-08-12,81.391879376856,81.391879376856,77.48940560365267,78.24750518798828,2058700
2021-08-13,77.88569540373175,79.04006485830135,77.62725114576307,77.82538604736328,1347400
2021-08-16,79.0572774202627,79.59139239172231,78.04935682304104,78.14411926269531,1787400
2021-08-17,77.18788810198598,78.52317230013665,76.66238966832742,77.71338653564453,1255600
2021-08-18,77.71339862463316,78.25612369041494,76.65379160489103,76.69686126708984,1384200
2021-08-19,75.87845904434994,76.4901034055299,75.3443440121529,75.93014526367188,1435100
2021-08-20,76.09382202817123,77.11896922122644,75.8009181355057,77.05005645751953,1269800
2021-08-23,77.59280304672177,79.5483421056643,77.49804057616612,78.9625473022461,1254900
2021-08-24,78.13550944147472,78.53179235375555,72.95806734299192,74.14689636230469,5323300
2021-08-25,74.00046918455698,77.12761115335725,74.00046918455698,74.85332489013672,3235600
2021-08-26,74.88776259762122,75.12035714998669,72.91499089270572,73.00113677978516,2325000
2021-08-27,73.10452106991961,75.03421668446971,73.08728794775261,74.35365295410156,1659000
2021-08-30,74.38810699443967,75.18065966885231,73.8970682100199,74.81022644042969,1484200
2021-08-31,74.95667300179974,76.00766978742058,74.56039671046074,75.4563217163086,1896900
2021-09-01,75.9990705927565,75.9990705927565,74.08660145703143,75.11175537109375,2051900
2021-09-02,75.73201574560765,77.18789913067945,75.33573279433426,77.10175323486328,1629000
2021-09-03,77.22235759064762,78.1785921359627,77.05006580172129,77.80815887451172,1484600
2021-09-07,78.09244503840219,78.22166716436135,75.7836996108018,75.8612289428711,1810500
2021-09-08,74.43118851991815,74.4570316305406,71.82092918688542,72.64794158935547,3542800
2021-09-09,72.74270307320388,76.3264234361144,72.67378373078958,75.240966796875,4818400
2021-09-10,75.1462159574795,75.80954659831,72.02768451539971,72.29473876953125,3662700
2021-09-13,72.25165553878257,73.04420816334603,71.64862122421603,72.31195831298828,1856000
2021-09-14,72.08798818055166,73.20790457978717,70.70101752392601,71.26959228515625,2100000
2021-09-15,71.48494120596422,72.69961316814415,71.28679977691596,72.66515350341797,1867000
2021-09-16,72.49287602036065,74.09521459670096,72.47564289835124,73.07006072998047,1782600
2021-09-17,72.57039969782114,73.38018548390457,71.95013880401339,72.13966369628906,4437200
2021-09-20,70.90777241014776,71.5366499879322,70.05491679973748,71.45911407470703,2267000
2021-09-21,72.15390073090443,72.21469455517288,70.59930822343398,70.84248352050781,1697600
2021-09-22,71.6936011019778,72.88342399491842,71.34620499323916,72.03231048583984,1504700
2021-09-23,72.49260823346424,74.47275745909226,72.34496703924437,73.85613250732422,1564500
2021-09-24,73.89955438110584,74.91568918944786,73.25687586742507,74.75936126708984,1247600
2021-09-27,74.681173618321,76.63526880166347,74.42063156949216,75.48018646240234,1250200
2021-09-28,74.91567425233693,75.56703936128413,72.85735812269346,73.1265869140625,2114400
2021-09-29,72.90080484282089,73.37846874303507,71.63281454937129,72.17127227783203,1578800
2021-09-30,72.54469202634833,72.71839333965556,71.63278497908881,71.66751861572266,1228400
2021-10-01,72.66631289354427,73.83876913440865,70.64273639296785,73.30899810791016,1655500
2021-10-04,73.15267595645204,74.43803323484144,72.58815798068605,73.07450866699219,2131600
2021-10-05,73.32636366380336,74.49881988435504,71.93678567551878,73.95167541503906,2085000
2021-10-06,70.49508624290829,71.1725050239393,68.92312693687326,70.00873565673828,4414100
2021-10-07,70.66010125525737,71.76307680490962,70.06084311845326,71.02486419677734,2111200
2021-10-08,71.41568204276395,71.69359759093864,69.33999221686108,69.41815948486328,1985700
2021-10-11,69.34868646655666,71.40700306691154,69.21841208976937,70.89459228515625,2514400
2021-10-12,71.17251092843236,71.30278531082972,67.91568449864997,68.6191635131836,2558100
2021-10-13,68.81024730249875,69.73952838914418,68.40205723738715,69.10552978515625,1357400
2021-10-14,69.91319556958747,72.50996954974111,69.7568676622789,71.6501693725586,2102600
2021-10-15,71.61543480944431,72.34496731037436,70.97275630640884,71.20724487304688,1733200
2021-10-18,70.68614440925958,71.39830336341318,70.16505362285945,70.55587005615234,1911800
2021-10-19,70.56457635183095,70.7903848514454,69.34000636941522,70.45167541503906,2425500
2021-10-20,70.5471996164623,71.38094631405039,69.8958343877813,69.93925476074219,1983200
2021-10-21,69.60923514249815,71.43305653739587,69.33999966383003,71.42436981201172,2606300
2021-10-22,75.12413443372236,77.26929863898896,73.90825116392418,75.75813293457031,5172600
2021-10-25,76.93925933792453,78.05092825206344,76.06209224791876,77.4343032836914,3979600
2021-10-26,76.21844197459056,77.2953642960101,74.63779546414038,76.4876708984375,3877500
2021-10-27,77.0087502250164,77.29535256071362,76.02736217899864,76.45291900634766,2154400
2021-10-28,76.85240202754959,78.15513234537372,76.85240202754959,77.77300262451172,1766100
2021-10-29,76.6439885904276,77.76433777401195,76.21843175552577,77.35614776611328,2702300
2021-11-01,77.77301407449617,80.986413347804,77.6948467983836,79.81395721435547,2293400
2021-11-02,80.01368220339414,80.02236892621579,78.5893644579356,79.74445343017578,1754500
2021-11-03,80.07449726954718,82.34993555286036,79.82264187510866,81.16879272460938,2722000
2021-11-04,81.63776436491656,82.79285347224157,81.31642184321619,82.76679992675781,1375900
2021-11-05,83.11419389036169,84.55588532851176,82.96655270723429,84.02610778808594,1636900
2021-11-08,84.34744710661334,85.23330079758222,84.24322629695801,84.86853790283203,1275200
2021-11-09,84.84250062061463,86.41446003458239,84.14770834178378,86.2320785522461,2631900
2021-11-10,86.13653494338344,87.4305786282316,85.26804800369457,85.99757385253906,1876500
2021-11-11,86.11048295410119,92.65018866817329,86.06705595591885,91.41693878173828,5507400
2021-11-12,92.00751592496786,101.55218630597334,91.7122268961438,93.90081787109375,7778500
2021-11-15,93.9615987750645,94.0571328630729,91.37350492670558,91.76432800292969,3037300
2021-11-16,92.13776809503544,92.45042389572941,89.74074912442025,90.02735137939453,2918100
2021-11-17,90.03602775566091,90.75687341224427,87.16133847891325,87.62163543701172,3194800
2021-11-18,88.09063884197263,88.5335690781566,87.06582389172213,87.93431091308594,2736700
2021-11-19,88.48146518069302,89.29784519179735,87.41322973632077,87.52613067626953,1831300
2021-11-22,87.80403642025014,90.05342124818671,87.40453318606703,88.25565338134766,2405400
2021-11-23,88.52488589247291,89.86235675397785,86.85739233502406,88.22091674804688,2040700
2021-11-24,87.87351025087199,88.35986082467242,87.28293885724447,87.75192260742188,1644700
2021-11-26,86.17128314731089,87.16135781960044,85.17252174953666,85.65019226074219,1345400
2021-11-29,87.5174328102323,90.69609843744705,87.44795888543106,90.374755859375,2425400
2021-11-30,89.41073205724783,90.95664444952993,88.27301623229293,89.16755676269531,4115800
2021-12-01,90.46161515170863,94.18741880003101,90.07079199994746,90.1836929321289,3057500
2021-12-02,89.70602833106076,92.15516155088103,89.1241435968906,91.28667449951172,2016200
2021-12-03,90.12290856084604,92.33755344181226,89.5323370343238,91.54723358154297,3038400
2021-12-06,90.96530625766272,91.5124571864168,88.23825821533077,89.96654510498047,1937800
2021-12-07,91.28666245403828,95.00378548325165,90.57450343092758,94.24819946289062,2593200
2021-12-08,94.5261208863123,94.66508198531722,90.72215025245656,91.799072265625,2301000
2021-12-09,91.50378755160249,92.21594660088977,89.30651658097334,89.39336395263672,1519800
2021-12-10,89.89708783564677,90.30527777042043,88.2817015464738,90.2444839477539,1214000
2021-12-13,90.04473621918561,90.13158359763904,87.50006893692176,88.3077621459961,1458900
2021-12-14,87.76060764261558,89.1241318687942,86.90948752882159,88.96780395507812,1824100
2021-12-15,89.21097690155854,90.93057728138282,87.36978225777915,90.7829360961914,1610900
2021-12-16,91.56458368887073,92.70229952628769,90.31396030201061,90.85242462158203,2084000
2021-12-17,90.2705267176617,91.46034948006597,89.05464378348665,90.76556396484375,4205400
2021-12-20,90.22709432224252,92.05091530129981,89.58441593698069,91.30401611328125,1986700
2021-12-21,94.02312784209515,95.5444226179682,92.49308811433922,95.4919662475586,2088600
2021-12-22,94.74006276393354,96.47993468578372,93.76957986525898,96.44496154785156,1583800
2021-12-23,96.7422212893586,98.08865696311607,96.61107370137664,97.41543579101562,1105300
2021-12-27,97.55533233223643,99.62743895966844,97.49413101139336,99.3301773071289,849200
2021-12-28,99.67116544500738,99.92471570141727,98.79685697619152,99.5312728881836,753200
2021-12-29,99.75858468700292,101.72577853930315,99.75858468700292,100.54546356201172,1456000
2021-12-30,100.53671787211735,101.31485178989902,99.391376038843,99.47880554199219,1446700
2021-12-31,99.40012370041134,100.65912325506159,98.57827167342572,98.77936553955078,1060200
2022-01-03,98.82308794610447,100.0296379361343,97.55534329879615,98.93675231933594,1421700
2022-01-04,99.39139986751414,101.85694980190995,99.05916500771794,101.4372787475586,1590000
2022-01-05,101.39356177310222,102.879883612986,99.9334681219719,100.29193115234375,2276300
2022-01-06,100.25694304579136,100.98262062172846,97.94002444202658,98.25477600097656,1644000
2022-01-07,97.92253372909558,98.49083548214773,96.20014523819681,97.01325225830078,1501500
2022-01-10,96.17393392845545,100.1782684147469,95.58814884088879,100.03837585449219,2566100
2022-01-11,99.8897413360755,100.54547267963837,94.97612540028459,97.67774200439453,2403500
2022-01-12,98.52582033435677,100.06459838753975,97.88757223753811,98.9979476928711,1286200
2022-01-13,99.67117391082887,99.86352285757708,96.54989267886018,96.90835571289062,1195100
2022-01-14,96.28760218597404,97.41546106249811,94.55647492094278,95.47449493408203,1288000
2022-01-18,94.54771383329003,94.7138345708441,91.81986910878605,92.2045669555664,1579200
2022-01-19,92.72040945368764,92.97395302233734,89.2581422836441,89.49420928955078,2063200
2022-01-20,90.78818139960299,90.91932899419069,87.6406724817166,87.80679321289062,2158100
2022-01-21,86.74890789528415,87.04616964329402,83.27790138448115,83.51396179199219,2735400
2022-01-24,81.91397081178005,85.14890980339266,80.37518588426319,84.94782257080078,3036700
2022-01-25,83.1904628239187,84.27460359673414,80.34021498187094,82.8669662475586,2324900
2022-01-26,85.54234183853342,86.512824823056,82.62215460254268,84.20465087890625,3665600
2022-01-27,93.80456209739155,102.32032523136505,89.63410671326704,90.64830780029297,11944400
2022-01-28,89.7127848941604,93.72585722314179,88.00788619304615,93.5684814453125,3850900
2022-01-31,93.1138651338099,95.8154754837659,92.86905979509552,93.68216705322266,3820500
2022-02-01,93.68216255020712,95.0723099441344,92.24829706056289,94.39035034179688,1931800
2022-02-02,94.48652746778349,96.71601700302206,93.93571546669345,96.51492309570312,2075100
2022-02-03,94.95864194700822,96.13021207632401,94.51274276668998,94.57394409179688,1565500
2022-02-04,94.25917816519964,96.08648602884408,93.37613156171577,95.05480194091797,1297400
2022-02-07,95.85916227697098,96.20888693397313,94.86245134030277,95.6843032836914,1374100
2022-02-08,95.84170913842439,97.04825257995002,95.02860189053133,96.82093048095703,1284300
2022-02-09,98.09740542069581,98.24604292673163,96.40125156361728,97.99249267578125,1227400
2022-02-10,96.8908753281717,99.23402255938737,95.78924466375257,96.24388885498047,1794300
2022-02-11,96.68103317000944,97.60779802283612,94.53023511298407,95.04607391357422,1734400
2022-02-14,94.74008598314416,94.98489133822301,92.16961641392497,92.79037475585938,1809500
2022-02-15,94.2679496165549,96.5236673248546,93.59473495360787,96.10399627685547,1204800
2022-02-16,95.64935156000016,98.47336428917366,95.37831138817438,97.7914047241211,1329200
2022-02-17,97.54659792284956,98.47336278733081,96.7946920881195,97.21436309814453,1221900
2022-02-18,96.81219461974237,97.0307717706607,94.81002711687704,94.9848861694336,1906500
2022-02-22,93.73461485893068,94.78378907658089,92.18709172623569,93.85701751708984,3470800
2022-02-23,94.40783596137251,94.9761311572186,91.3914675958811,91.65376281738281,2818100
2022-02-24,87.78057874226629,90.34230303105578,86.9324983912707,90.19367218017578,2948600
2022-02-25,90.55211881311946,91.83735320130873,89.61660911164975,91.71495056152344,1911300
2022-02-28,90.21115541597851,91.40021556390813,88.81226308619213,90.19367218017578,2011900
2022-03-01,89.87890827243096,91.16413604706212,87.48329839815831,87.97291564941406,1672300
2022-03-02,88.65487595433332,92.75537794672479,88.58492967917017,92.41439819335938,1652000
2022-03-03,92.64172395292904,93.21877074040886,91.01550967786946,91.505126953125,950800
2022-03-04,90.29858827557824,91.27781627786788,89.03084351398154,90.2111587524414,1591900
2022-03-07,89.41552958746263,91.27781100793898,87.43085217801728,87.50953674316406,1541300
2022-03-08,87.94671256916445,90.46472599840932,78.88888019929108,79.18614196777344,5207500
2022-03-09,80.2352831837605,80.57626961463372,76.283411941391,79.02873992919922,3827200
2022-03-10,78.11946123217386,78.51290404982736,76.34461608781079,77.56864929199219,2047700
2022-03-11,78.19815450891495,78.46044305709897,75.41785320731961,76.35336303710938,1871100
2022-03-14,76.27466256393181,76.79050798596323,73.88780437940756,75.49652862548828,2426300
2022-03-15,75.66265489984293,77.79596967596711,75.22550067001055,77.47247314453125,2165200
2022-03-16,78.23310597264773,79.35221947721638,77.0615294366231,79.07244110107422,1852900
2022-03-17,78.62655605073971,80.82107204075515,77.8134489577344,80.5238037109375,1756200
2022-03-18,80.10414487140555,82.6920971566468,79.86807784773461,82.46477508544922,3945100
2022-03-21,82.58808427253827,83.44250556876965,80.89685563490816,81.27561950683594,1267800
2022-03-22,81.56632244102792,82.64095542791863,80.59739337295807,82.50882720947266,1445600
2022-03-23,82.27981145595129,82.27981145595129,79.98080332298453,80.51811981201172,1397300
2022-03-24,81.09948602565221,82.78190500922577,80.844039894728,82.72904968261719,1296200
2022-03-25,82.39431274362157,82.39431274362157,77.9812736286063,80.08649444580078,2736300
2022-03-28,79.71653458843302,81.46061200377235,79.496323166918,81.38133239746094,1316900
2022-03-29,82.50002127723486,83.39848104090589,80.48288357844227,82.4912109375,1410300
2022-03-30,82.50002505933183,82.81712338080193,79.97199506514599,80.4828872680664,1160400
2022-03-31,80.764756533649,81.11708949039803,79.09995844782446,79.18804168701172,2125400
2022-04-01,79.70773299010466,79.98079975254306,77.13566491765005,78.76522827148438,1834800
2022-04-04,79.25851862248578,80.35076567861846,78.84451996596295,80.13055419921875,1111800
2022-04-05,79.86629703424914,80.86165721339786,77.29422859033112,77.64656829833984,1663300
2022-04-06,76.35169711618914,77.07399024164091,75.39157191461331,75.84080505371094,1544200
2022-04-07,76.09625611968919,76.67761748172927,74.97758508710776,76.21957397460938,1476700
2022-04-08,75.92009365837792,76.06983581573375,74.73094657733492,74.90711975097656,1117500
2022-04-11,74.81021607904553,75.1008967360451,73.15422879244666,74.44906616210938,1376600
2022-04-12,75.25946238575924,76.47502709103047,73.1190069627836,73.24232482910156,1891200
2022-04-13,73.51540643586182,74.51957033936024,72.85477193512223,74.07914733886719,1519400
2022-04-14,71.50705828219763,72.91641013869312,71.25161220815787,71.70965576171875,2806400
2022-04-18,71.70086739298888,73.33924152829276,71.58635310934952,72.50243377685547,1909400
2022-04-19,71.79772625894313,74.37860411854662,71.59512881535386,74.10553741455078,1865400
2022-04-20,74.88950534300578,76.59834830863281,74.59883134272158,75.54133605957031,1863100
2022-04-21,75.94652521909278,76.52787994692179,73.91177359121113,74.21125793457031,1310500
2022-04-22,73.87655008026091,74.07033053851073,72.42315296130032,72.59931945800781,1564400
2022-04-25,71.80653549140862,72.89878895216734,71.17233225911146,72.70500183105469,2155300
2022-04-26,72.14125500458933,72.27338318685912,69.54275648767843,69.79820251464844,2797600
2022-04-27,70.46766926159516,74.73096002616776,70.265071755527,71.92106628417969,3259100
2022-04-28,71.94747684535473,73.21589680034052,70.45884546597942,72.37908935546875,2145600
2022-04-29,73.09259228916166,74.79262506473738,72.13246680891021,72.26459503173828,2798400
2022-05-02,72.31741494958474,72.68736845051274,70.50287535142733,72.6257095336914,1960800
2022-05-03,73.08378084503255,74.16721747115328,72.17651069980805,73.89415740966797,2309900
2022-05-04,74.0967583388698,76.40457025884919,72.71383056686356,76.14912414550781,2099700
2022-05-05,74.99520084629053,75.1361393811984,72.04436915492897,72.86355590820312,2042600
2022-05-06,72.229355364202,73.86772908447901,71.55991067669781,72.77548217773438,1479600
2022-05-09,71.357310558673,72.70500337646952,70.43241990472835,70.78475952148438,1592100
2022-05-10,71.83296701561072,72.37908702954257,70.29148709442009,71.17233276367188,1867400
2022-05-11,70.64381678494074,72.05317516813982,67.75464419595654,67.93962097167969,1611500
2022-05-12,67.45516953331378,69.01426356278172,67.19091311867594,68.79405212402344,1780200
2022-05-13,69.85108177340635,71.49825928689624,69.64848426174119,71.09307098388672,1399300
2022-05-16,71.0490231373399,73.80606798213663,70.83761531360194,72.96045684814453,3144500
2022-05-17,73.63871158844309,76.85380027944082,73.63871158844309,76.72167205810547,1895700
2022-05-18,75.66467282877085,76.20198942699811,73.28638459391536,74.07914733886719,1892500
2022-05-19,73.28637559279557,74.43147794156333,72.38791573908117,72.67859649658203,1584800
2022-05-20,73.17185654501618,73.5418101489663,68.79405207064704,70.5733642578125,2312700
2022-05-23,71.09307621040394,72.29983758787937,70.5381456781571,72.16770935058594,1274900
2022-05-24,71.84177653510892,72.0267533344084,69.00545217187754,70.07128143310547,1959700
2022-05-25,69.85105775230623,73.5770308227422,69.67488460267711,72.81069946289062,1806600
2022-05-26,72.26458492346879,75.75273322848145,72.26458492346879,75.51490783691406,1640400
2022-05-27,76.64239172100068,77.73463858544082,75.76154595799285,77.66416931152344,1451800
2022-05-31,76.46621662344938,76.65119342261556,72.28219935382295,74.58120727539062,4015100
2022-06-01,74.95995898636711,76.1314852436557,73.700349513412,73.70915985107422,1904800
2022-06-02,73.70917553522415,75.11852744673207,73.57704732345029,74.5547866821289,1086400
2022-06-03,73.45372696910468,73.75321802035987,72.01795080782296,72.85475158691406,1159700
2022-06-06,73.71797568757681,74.32575462523482,72.34385188346856,72.70500183105469,1175500
2022-06-07,71.97391054376939,74.56359938341164,71.80654768886673,74.42266082763672,1305200
2022-06-08,74.24648551173166,74.29052376492695,72.63453625369323,73.71797943115234,1841000
2022-06-09,73.2247012134648,75.04805155838778,72.93402723755837,72.97806549072266,1613800
2022-06-10,71.81535853508838,72.4055236208369,70.58217304464293,71.0049819946289,1540500
2022-06-13,69.2785136359155,70.00080682011378,67.53443624365572,67.8603515625,2376300
2022-06-14,68.26553859966357,68.36243215981766,65.9577205528504,66.61835479736328,1558900
2022-06-15,66.83857278921485,68.09818247484627,66.02819631574673,67.15567779541016,1815700
2022-06-16,65.173791816443,65.24426110732868,61.75611185234535,62.38151168823242,3201200
2022-06-17,62.48721374281585,64.46911712712236,61.97632147976196,64.02869415283203,3171200
2022-06-21,64.93594964200585,65.74632611759105,63.359234946060006,64.03748321533203,2077000
2022-06-22,63.75562024211797,64.26651244830288,62.68099394953939,63.06856155395508,3195800
2022-06-23,63.66454020659595,63.66454020659595,62.07225872353937,62.935115814208984,1790900
2022-06-24,63.130833971880485,66.20865028845934,63.07746359221089,65.95957946777344,1948500
2022-06-27,66.56447356026754,66.56447356026754,65.34579777019817,66.01295471191406,1046100
2022-06-28,66.42213434937511,66.91138542065232,64.50961668893298,64.8565444946289,1657400
2022-06-29,64.85652981099877,64.98106518518878,63.21976851402186,63.5844841003418,1411100
2022-06-30,62.60598871913246,64.27833269580911,62.098949846488274,63.54890823364258,1526600
2022-07-01,63.16640347113436,63.62006517818597,60.50666698781794,61.45847702026367,1782500
2022-07-05,60.133067848370096,63.45106415014519,59.919579562108645,63.43326950073242,1796300
2022-07-06,63.22867591668485,64.02036811596027,62.445874255076816,63.62896728515625,1610100
2022-07-07,64.30503299274791,66.6445275011171,64.12712040731776,66.26202392578125,1714400
2022-07-08,65.55037640131772,67.20492567633195,65.23014061991694,66.60003662109375,1105000
2022-07-11,66.31538270839013,66.70677671447763,65.47921075538031,66.11968231201172,1330900
2022-07-12,66.39543075762222,67.48957067435235,66.00403000908972,66.51996612548828,1163200
2022-07-13,65.38135948324766,66.82242046199771,65.15897390677404,66.32427215576172,1432800
2022-07-14,65.40804118509621,67.5073614582007,64.0648304744229,67.23160552978516,1550100
2022-07-15,67.83650829261443,69.31314521215981,67.04481606490566,69.01070404052734,1985300
2022-07-18,69.52663683632689,70.67414055336849,68.64598497905791,68.94843292236328,1577800
2022-07-19,69.25976766650454,72.05293009259246,69.14412960461868,71.86612701416016,2298200
2022-07-20,71.40355896502344,73.12927323573913,71.18117338525778,73.0047378540039,2211000
2022-07-21,73.32498110353708,74.52586199930626,72.1241002077679,74.37464141845703,3380600
2022-07-22,66.71568723832608,70.48734552326499,66.71568723832608,68.34355163574219,8009900
2022-07-25,68.4147149792418,70.26495816854438,66.96475640217142,68.06778717041016,3441500
2022-07-26,67.9966269090254,69.18861053195701,67.59632873535156,67.59632873535156,2383400
2022-07-27,67.7030656851435,70.38948047235648,67.04480627670985,69.98918914794922,2387800
2022-07-28,69.90024603711454,71.28793006132014,68.55703506257159,70.98548889160156,1859600
2022-07-29,70.71861605574438,71.92839418151834,70.26494756191177,71.14559936523438,3995200
2022-08-01,70.24717247109159,71.35020327333966,69.08187396516833,70.75421142578125,1325600
2022-08-02,70.2738480372584,71.52810605096792,69.66006162317333,70.28274536132812,1309700
2022-08-03,70.71862383089243,71.75049631671847,70.3094351237556,71.30572509765625,1169900
2022-08-04,71.35018942126531,71.80385790949171,70.46954441549472,71.51030731201172,1180600
2022-08-05,70.32719645020633,72.08849279924726,69.93580254004985,72.00843048095703,1223800
2022-08-08,71.89280920125249,72.71118649740735,71.48362055317506,72.12409210205078,1163000
2022-08-09,71.47473540190731,71.49253005166719,67.31167641191841,68.79721069335938,2195500
2022-08-10,69.95362362285648,71.80387370365194,69.87356805320874,71.4658432006836,1282900
2022-08-11,72.32868518850456,74.4013204607606,71.54589037580826,73.36055755615234,1766200
2022-08-12,73.52957108893558,74.28568070010685,73.18264334200337,74.21451568603516,1019000
2022-08-15,73.72526564092433,73.7519576115447,72.25752623026457,73.12037658691406,1259600
2022-08-16,72.5866582848833,73.29829491761221,72.39095787154935,72.80904388427734,845800
2022-08-17,71.98175886077475,71.98175886077475,69.41987956633373,70.4873275756836,2550500
2022-08-18,70.7364221783621,72.76458493871138,70.72753163906562,72.61335754394531,1067400
2022-08-19,71.91949832344696,71.91949832344696,70.78978251434853,71.13670349121094,1014700
2022-08-22,69.5711156459112,69.98920169196703,67.87209306017105,68.11226654052734,1880700
2022-08-23,68.19231573765934,68.77941012454285,66.89357801192213,67.21381378173828,1658600
2022-08-24,67.01811162300795,68.21899912148066,66.98253590433923,67.66748046875,1131100
2022-08-25,68.20120421321302,70.50512222161848,68.17451903097961,70.4873275756836,1215500
2022-08-26,70.06035189745052,70.08703707999277,66.32427024814885,66.37764739990234,1789400
2022-08-29,65.46142415001073,66.68009972201249,64.49182615915069,64.54519653320312,1290000
2022-08-30,64.17156988367744,64.22494024071545,61.21829022977198,61.75201416015625,3582100
2022-08-31,58.1849759155195,60.33766705284245,57.909213136328084,59.56376266479492,6244300
2022-09-01,57.90030813616821,58.852124963113674,56.48593906136686,58.63862991333008,3028500
2022-09-02,59.501490870239536,59.99074190718656,57.882523966164776,58.23834228515625,1727200
2022-09-06,58.318402531755176,58.79875628300561,56.717226754255634,58.13159942626953,2432400
2022-09-07,57.695714894089136,58.75427241700854,57.215361231251826,58.371768951416016,1734800
2022-09-08,57.86473501785798,58.94997102973621,56.73501238526982,58.825435638427734,1813700
2022-09-09,59.71499213985072,61.556345045605944,59.43033878005619,61.22721862792969,2292300
2022-09-12,61.57412243906462,62.13453167532782,60.91586300154869,61.173824310302734,1917900
2022-09-13,59.510384555498085,59.821723020576094,57.64234697836047,58.03374099731445,2466100
2022-09-14,57.882525768276516,58.04264367747429,55.685354875767736,56.236873626708984,2989200
2022-09-15,56.10343057376724,56.521516525612704,55.24057348790216,55.66755676269531,3894900
2022-09-16,55.44517945598666,55.87215940105743,54.74244014514031,55.783203125,3219400
2022-09-19,54.9559304724858,55.84547290625649,54.582324279102956,55.1694221496582,2315400
2022-09-20,54.602602809955734,54.73755871576867,53.28005072051675,53.9188346862793,2143300
2022-09-21,54.017803493946815,55.71823011081759,53.52297087808532,53.558956146240234,1875200
2022-09-22,53.154096345632865,53.4869832492153,52.6862535295344,52.938167572021484,1290000
2022-09-23,52.26340057024904,52.48832482757803,51.17476798847392,51.984493255615234,2087500
2022-09-26,51.34570439968158,51.86753027541063,49.62728337124143,49.83421325683594,2443500
2022-09-27,50.85086400858244,51.08478366859066,49.987155896453835,50.859859466552734,1524300
2022-09-28,50.868859363567765,51.47165458956797,50.64393515707736,51.26472473144531,1429900
2022-09-29,50.1311120106187,50.1311120106187,47.719924061158636,48.92551803588867,4334000
2022-09-30,48.925522025483396,49.807224641277564,47.79190192512549,47.890869140625,2632600
2022-10-03,48.19676080005601,50.05013757813889,48.19676080005601,49.267398834228516,4374100
2022-10-04,50.17610691297619,51.786565521091944,50.10412949868024,51.28273391723633,4755700
2022-10-05,50.266065396020686,51.966492006630304,49.68126446381817,51.669593811035156,2745200
2022-10-06,51.17475940662123,51.38168927681377,49.114452731297575,50.12211227416992,3313400
2022-10-07,49.00649760383412,50.37403748123199,47.89087179287973,48.36771011352539,2926300
2022-10-10,48.520662279749736,48.67360913116631,46.415371041185004,46.99117660522461,1889700
2022-10-11,46.910202401272905,47.82789377993035,46.19044546666073,46.75725555419922,2802800
2022-10-12,46.95518228805379,47.46800927174544,46.39737114356088,46.62229537963867,1573800
2022-10-13,45.569649861139695,48.54764443650564,45.25475388341893,47.71992492675781,2100600
2022-10-14,48.02582115266536,48.02582115266536,44.64295890997226,46.43335723876953,3943900
2022-10-17,47.53099657447993,47.872878980774004,46.90120795603906,47.7379264831543,1861100
2022-10-18,48.83555279547918,49.07847140097758,46.95518589994427,47.656951904296875,1625700
2022-10-19,47.144119845708104,48.223753400956646,47.144119845708104,47.548980712890625,2211100
2022-10-20,47.9988287926443,49.43834590839613,47.48600182832867,47.7109260559082,2690200
2022-10-21,47.65694474920546,50.176095322421936,47.52198884461104,50.12211227416992,3434400
2022-10-24,50.40102476812437,50.877863064878,49.42935039126236,50.66193771362305,3276800
2022-10-25,50.34704005249409,52.18242263793945,50.34704005249409,52.18242263793945,4275700
2022-10-26,47.68393550153517,49.321383578154254,45.40770345227187,48.03481674194336,10041400
2022-10-27,47.80988774543024,48.82654609769454,46.59529842955598,46.74824523925781,5480800
2022-10-28,46.78424999382753,47.40503976781504,46.19944549607583,46.2894172668457,4390500
2022-10-31,45.92053796011323,46.1724520342287,44.60698109926566,44.678955078125,4408000
2022-11-01,45.43469130479245,46.51432822023145,44.759918661651966,45.911529541015625,2528800
2022-11-02,45.722596065807025,46.127460356179725,44.481013386021196,44.5260009765625,2400300
2022-11-03,43.85122501934469,44.1571220789324,42.70860963300444,43.62630081176758,2154700
2022-11-04,44.822906283034804,46.20844054909866,44.66995943354466,45.99251174926758,2675000
2022-11-07,46.31639224146683,47.56697028184806,45.88453817636136,47.297061920166016,2224600
2022-11-08,47.773905392515445,48.65561140012128,46.95518132722838,47.683937072753906,2848900
2022-11-09,46.946185190488166,47.054147859058034,45.470682802438425,45.51566696166992,1933100
2022-11-10,47.86388113975637,49.19543228939172,47.647952349404186,48.4036979675293,3155500
2022-11-11,48.58363945471524,51.82254737886754,48.53865528978264,51.417686462402344,2597600
2022-11-14,50.868873169678615,51.82254986750595,50.679937608645496,50.733917236328125,2131200
2022-11-15,52.06546091686001,52.236405531854544,49.99615864286248,50.14011001586914,3516400
2022-11-16,49.48333247595223,49.48333247595223,46.991171501223874,48.502662658691406,2886100
2022-11-17,47.63895782487959,49.13245473858543,47.387040325843785,48.9525146484375,1314300
2022-11-18,49.582299426085115,49.68126663964161,48.25074835294201,49.09646224975586,1405300
2022-11-21,48.529663095059206,49.08747779983636,47.980850715825845,48.673614501953125,1667900
2022-11-22,49.08746239133896,49.330380957734135,48.22375078902128,48.68259811401367,1647500
2022-11-23,48.889534505505054,49.447345677544824,48.68260460994306,49.31239318847656,1213900
2022-11-25,49.123449119131436,49.861200298840586,48.97050229429794,49.21342086791992,883000
2022-11-28,48.682610207454694,49.01549717058429,46.91020583758017,47.06315612792969,2083200
2022-11-29,46.694281655129785,47.04516298095195,46.046498633875245,46.2894172668457,2313600
2022-11-30,45.758590656642994,47.77391004496253,44.69694790612634,47.656951904296875,4164300
2022-12-01,47.989834678901886,48.46667295647438,47.477007700210706,47.9538459777832,2449200
2022-12-02,46.784244702921725,47.72892588070099,46.3793803604244,47.656951904296875,1992800
2022-12-05,47.61195431325839,48.49366022164111,46.89219753994995,47.009159088134766,1867700
2022-12-06,47.0091641523403,47.40502956228799,46.39736997110298,46.96417999267578,2660300
2022-12-07,46.29839789307855,47.84587753375975,46.18143977666132,47.297061920166016,1835100
2022-12-08,47.66593979713491,49.46533353850839,47.503994085845605,48.97050094604492,2433600
2022-12-09,48.73658453813094,50.13111762507615,48.547648993008494,48.7095947265625,2454900
2022-12-12,48.583637170569986,50.10412383906612,47.980841838255444,50.04114532470703,2566600
2022-12-13,51.822547244358766,52.34437316602351,50.25707634350809,50.535980224609375,2859000
2022-12-14,49.978172201100314,51.012825217865064,48.95251807711272,49.25841522216797,2212800
2022-12-15,48.12479337674265,48.41269613820836,46.94618908744314,47.117130279541016,4101400
2022-12-16,46.67627891710142,47.486004116156685,46.18144627900017,46.90120315551758,4321300
2022-12-19,46.78424562250598,47.40503533848953,45.34473174541144,45.875553131103516,2546300
2022-12-20,45.67485544999652,46.997575155474976,45.65661063228417,46.53234100341797,2468300
2022-12-21,46.997577535169015,47.380708286998455,45.729592218623935,45.82993698120117,2079400
2022-12-22,44.9450884458439,45.82994312926229,44.6440541177286,45.802574157714844,2214400
2022-12-23,45.756953498298856,46.094473912417136,45.30084351387409,46.076229095458984,1072500
2022-12-27,46.21306768994682,47.64525289303884,45.6657370507455,47.490177154541016,2427000
2022-12-28,47.34422539843669,47.946290535626176,46.276926053511396,46.5688362121582,1683700
2022-12-29,47.15265518671638,48.812895471683845,47.0431897503019,48.365909576416016,2045200
2022-12-30,47.654380925356406,48.302056379816825,47.335101793269935,47.99190139770508,1220500
2023-01-03,48.20170774118376,48.77640734894742,46.468488248493564,47.32597732543945,2887200
2023-01-04,48.32030392739244,49.15954482057005,47.67262495652975,47.88243865966797,2649800
2023-01-05,47.54491079945088,48.90412028420776,47.33510059331807,48.794654846191406,2111800
2023-01-06,49.259880089825174,51.148175214881014,48.49361514923417,51.002220153808594,2499100
2023-01-09,51.56779845271616,51.74112248978566,50.34542344320938,50.48225784301758,2025400
2023-01-10,50.63733463315898,51.53131336540865,50.318059000100824,51.503944396972656,1918400
2023-01-11,51.27589026439723,52.29757926750963,51.19379031735862,52.1881103515625,1618600
2023-01-12,52.580365948664564,53.24628620334168,51.90532502412875,52.69895553588867,2669700
2023-01-13,52.00566385808497,52.790173662969465,51.89619842572815,52.23371887207031,1268600
2023-01-17,51.9326916919377,52.12425708190865,50.96573711233008,51.978302001953125,2771500
2023-01-18,54.07641130103837,54.632866169097106,52.44353981916582,53.55644607543945,3945300
2023-01-19,53.44697791686081,53.7297674118144,52.14250284376323,53.082088470458984,2462800
2023-01-20,53.00911134081611,54.222362281990534,52.0695257376639,54.131141662597656,2185100
2023-01-23,55.24405007821447,58.1449102519949,55.18019495009959,57.6796760559082,4092400
2023-01-24,58.7469754689759,59.21220966581387,56.54852518075251,56.7674560546875,3787400
2023-01-25,55.69103692558685,57.442501343350976,55.14370625244756,56.785701751708984,4527700
2023-01-26,62.751622929406324,64.76762856071106,59.95110743763349,62.95231246948242,9520500
2023-01-27,62.28637241803514,63.83715039296315,62.28637241803514,62.93404769897461,3587500
2023-01-30,62.03096167280756,62.85196108688495,60.78121773361828,60.899810791015625,2803000
2023-01-31,60.252139633468325,61.894131617069746,59.61358139566197,61.83027648925781,4584300
2023-02-01,61.948875901400314,64.8588535494458,61.62047607909931,64.30239868164062,3877400
2023-02-02,65.0504140782766,67.2671092328675,64.4118627825867,66.01737213134766,3689500
2023-02-03,64.38450369761956,66.10859932718043,64.31152441094164,64.66728973388672,1673600
2023-02-06,63.68208083059092,63.96487378474913,62.84284003689805,63.627349853515625,1616700
2023-02-07,63.74593256398103,65.26934528846024,63.3354363383928,65.04129028320312,2165200
2023-02-08,64.51220689510238,65.2784684421294,64.2385380799144,64.84060668945312,2091200
2023-02-09,65.88966508064605,66.4734854250446,63.02528738135084,63.672969818115234,2567200
2023-02-10,64.08345528091543,65.30582674562439,63.20772491223894,65.02304077148438,3299500
2023-02-13,64.785871573515,65.27847128650512,64.43010627408113,65.06866455078125,1576000
2023-02-14,64.08346632479342,66.236306462017,63.764190660308465,66.09947204589844,1234100
2023-02-15,65.2055027605639,65.96264023490559,64.96832356057044,65.6524887084961,1093000
2023-02-16,64.55781332125969,65.15988192703769,64.01960680368877,64.33888244628906,1214000
2023-02-17,64.32975490481377,64.79498907932309,63.08001788971524,64.09258270263672,1804400
2023-02-21,63.134749078682766,63.41753506821779,61.03664713107556,61.19172286987305,2095200
2023-02-22,61.08226305064592,61.34680774074997,59.90549817108834,60.56229782104492,1711900
2023-02-23,61.50187434746802,61.72081217132096,60.04232365354851,61.19172286987305,1679600
2023-02-24,58.98415199991245,61.11874358445113,58.975027850665185,60.28861999511719,1302600
2023-02-27,60.47107553958135,60.78122705485987,58.53716628536299,58.610145568847656,2633600
2023-02-28,58.646636504261394,59.36729128527223,58.4277056086656,58.8929328918457,2159700
2023-03-01,58.59190284745669,59.17572318220473,57.88948943991811,58.49155807495117,1908400
2023-03-02,57.93509251709436,59.49499141153851,56.98638633150985,59.16659164428711,2793500
2023-03-03,59.330794567503126,59.41289103367863,58.43681583092212,58.90205001831055,2127400
2023-03-06,59.52236495808954,59.63183388189074,57.58845920890325,57.76177978515625,1829500
2023-03-07,57.41512765627755,57.66142748290602,56.38432152390017,56.68535232543945,2331500
2023-03-08,57.13234323500817,58.208763182365296,56.54852295437584,58.04456329345703,3477300
2023-03-09,57.588460121933956,59.130110951550506,57.588460121933956,57.69792556762695,2477600
2023-03-10,57.69791605404997,58.11753642655342,55.90084150767045,56.329586029052734,1646500
2023-03-13,55.654547468161965,56.10153685390146,54.75145150654327,55.04336166381836,2514300
2023-03-14,56.08328998696737,56.977265245971346,54.86091494305511,55.66366958618164,2090300
2023-03-15,54.4686566361184,55.02511140588078,53.6841468610333,54.59636688232422,2259300
2023-03-16,53.65678465739814,56.11065541208843,53.65678465739814,55.8278694152832,2279100
2023-03-17,56.06504632493131,56.78570103670413,55.380881252199934,55.691036224365234,5781300
2023-03-20,55.15283044156796,57.1414706832911,54.57813424205481,56.61238479614258,2243300
2023-03-21,57.34125439277132,57.60881347762411,56.372493481655965,57.29512023925781,1680100
2023-03-22,57.05523886537938,57.47042161045961,55.80969414968045,55.837371826171875,2025600
2023-03-23,56.132614086596874,57.68262737652593,55.929635066390816,56.83380889892578,2950300
2023-03-24,56.53856987972012,56.94452792926727,55.9849952006638,56.8707160949707,1758100
2023-03-27,57.40582854186369,57.645709910784994,56.87070342109443,57.212074279785156,2265900
2023-03-28,55.55135448952937,55.96653722134667,54.60105008523552,55.75433349609375,2594500
2023-03-29,57.202863432883035,58.9927582151994,57.06446800063183,58.854366302490234,2919100
2023-03-30,59.684730775580384,60.14604418200389,58.86358995573127,59.952293395996094,1667000
2023-03-31,59.91538939983929,61.08712239252694,59.76776572629026,61.00408935546875,2096800
2023-04-03,60.893364967955385,61.336228901282674,60.22907258750616,60.6627082824707,2112500
2023-04-04,60.76420133321219,60.82878492735345,59.64782375500818,60.28443145751953,1841600
2023-04-05,59.78621645514628,59.91538363753707,58.872814420388686,59.84157180786133,1405900
2023-04-06,59.39871118558296,59.850803388278045,59.0850214505706,59.41716766357422,1023700
2023-04-10,59.38949601700356,61.659157343635684,59.31568417571033,61.21629333496094,2317300
2023-04-11,61.50230070841474,62.221948425802736,61.31777114044136,61.70527267456055,1278200
2023-04-12,62.57255390604686,62.57255390604686,60.80111200887136,61.24396896362305,1805900
2023-04-13,61.09634705013107,61.17015888257838,59.14037572478002,60.29365921020508,2539100
2023-04-14,59.87847125852686,61.511517339077095,58.9097104560949,59.011199951171875,2600200
2023-04-17,58.74364144625486,59.73085175296119,58.466854134760474,59.27876663208008,1948700
2023-04-18,59.14960170258578,59.39870782871853,58.27310558325883,59.297218322753906,2579700
2023-04-19,58.18084870026457,58.346921809896145,56.95375333682485,57.99632263183594,2927600
2023-04-20,54.112063693373734,57.13827849715657,52.18377352400187,52.66353988647461,7959700
2023-04-21,51.75936327536048,52.340619158343856,50.117088659438245,52.054603576660156,5906600
2023-04-24,52.07305246680161,52.6635365428066,51.46411895300617,52.59894943237305,2325200
2023-04-25,52.26681345668336,52.460564254186735,51.639426905160065,51.75014114379883,2386500
2023-04-26,52.40520047397589,53.14330119510814,51.66709975284364,51.98079299926758,1939500
2023-04-27,52.045377073346216,52.589727020125686,51.47334944912535,52.40520095825195,2686800
2023-04-28,52.75579783271855,54.398072321034206,52.598949455098,54.222774505615234,2891900
2023-05-01,54.195095308656605,54.51801325419406,53.78913729764765,54.029022216796875,2335800
2023-05-02,54.056704270438175,54.093610187072024,52.34984610085497,52.451332092285156,1876600
2023-05-03,52.691220450415805,53.272476356724454,51.47335327879723,51.593292236328125,2351400
2023-05-04,51.39953639625814,51.49180118477545,50.25548117497797,50.855186462402344,1841500
2023-05-05,51.5840586228786,52.1376332347042,50.68910959820373,51.61173629760742,1564400
2023-05-08,51.47335225982823,52.03615519548112,51.12275307507786,51.93466567993164,885100
2023-05-09,51.251918705804655,53.06949465180849,50.845964175535116,52.8757438659668,2185900
2023-05-10,53.512349940754625,53.60461120524962,52.51591139040887,52.83883285522461,2091100
2023-05-11,52.4790127908182,52.58050230082585,51.68555318844048,52.40520095825195,1562300
2023-05-12,53.106394940879355,53.143297334598856,52.368290753823636,53.11561965942383,1853700
2023-05-15,54.259687532869606,56.39095335167832,53.63230097923061,56.33559799194336,2576500
2023-05-16,56.335595701968984,56.898395113803076,55.431421827782174,56.09571075439453,2061500
2023-05-17,56.55701725973463,57.046011814861934,55.58825990716946,56.40939712524414,1806700
2023-05-18,56.38172148340067,58.19006907601611,56.252554301005524,57.89482879638672,2010800
2023-05-19,57.9225115853708,58.153168294161915,56.90762347450673,57.442745208740234,1308100
2023-05-22,57.08291852441694,58.38382215782216,56.90762070131336,58.0793571472168,1307200
2023-05-23,58.42995967388668,58.688294063749765,57.41506803456065,57.54423522949219,1304500
2023-05-24,57.03678332892447,57.39660718521047,56.18796843917716,56.575469970703125,1443900
2023-05-25,56.99987999810944,57.42429098175379,54.96087570707849,55.4590950012207,2866500
2023-05-26,55.5698158512059,57.83947710236395,55.5698158512059,57.470428466796875,3603600
2023-05-30,57.230535897447304,57.40583723160003,55.17307867731524,56.28023147583008,2916200
2023-05-31,55.18231195744204,55.708208968865335,54.250456888399334,55.44987106323242,5061800
2023-06-01,55.818925124088125,56.787682624812625,55.69898264661414,56.55702590942383,2483500
2023-06-02,57.27667131451691,57.60881399381458,56.44630581741825,57.396610260009766,1715500
2023-06-05,57.1105985126082,57.34125520527699,56.14183758776584,56.151065826416016,1922000
2023-06-06,54.896291865553636,55.837371577022424,54.038248702730385,54.05670166015625,2864300
2023-06-07,54.49956156024458,55.09927035247256,52.64508335089416,54.71176528930664,5208100
2023-06-08,54.44420321158057,55.36682996569308,53.36473159864898,55.246891021728516,2327600
2023-06-09,55.7082071505338,56.22487590585132,54.970106414693106,56.17874526977539,2142600
2023-06-12,56.36327121692396,58.53144278388104,56.335593539244094,58.50376510620117,2347200
2023-06-13,59.075793457053564,60.219848729328874,58.98353218396561,59.684730529785156,2341100
2023-06-14,59.80466463213827,60.49663468282134,59.02965803459157,60.23830032348633,1791000
2023-06-15,60.02610608258913,61.76987042498543,60.02610608258913,61.022544860839844,2613300
2023-06-16,61.33623207869054,61.40081567240855,59.0204368655156,59.32490539550781,4024200
2023-06-20,58.60665803082517,59.07304873847161,58.14959357168903,58.37346267700195,1950500
2023-06-21,57.729855810451326,58.30817943774689,57.254138734089416,57.431365966796875,1623300
2023-06-22,57.2821168202876,57.5992627005652,56.95564468983095,57.11421585083008,1311600
2023-06-23,56.535884520440334,56.91832477441272,56.13478821038651,56.265377044677734,1176400
2023-06-26,56.377309090920164,57.067568923856136,56.218737953705,56.479915618896484,1419000
2023-06-27,56.7410994317832,58.13094185158287,55.96688909137855,57.93505859375,2204000
2023-06-28,57.636567711200684,57.79513885264785,56.57319740793713,57.47799301147461,2101600
2023-06-29,57.57127593056384,58.354812541223076,57.18883565383012,57.776485443115234,1525800
2023-06-30,58.102959342594865,58.242874429866866,57.36606111814716,57.71118927001953,1534700
2023-07-03,57.83245000617787,58.420103317074854,57.68320511623502,58.00035095214844,817800
2023-07-05,57.655224796400226,57.69253335146133,56.15344603811222,56.73176956176758,1555900
2023-07-06,55.910920859680665,56.797063980973235,55.74301990792928,56.73176956176758,1466000
2023-07-07,56.76908044761882,57.515304906890336,56.078820598868354,56.228065490722656,1139000
2023-07-10,55.761680651438965,56.89034904602909,55.64042161031019,56.34000778198242,1616800
2023-07-11,56.43328753114435,57.25413634609743,56.256060305828804,56.95564651489258,1190200
2023-07-12,57.832450965322096,58.31749775525053,56.15344503604917,57.47799301147461,1964800
2023-07-13,57.83245630766216,58.72792574489056,57.68321140145743,57.851112365722656,2255400
2023-07-14,57.46867808682358,58.373477426933434,57.198170554049355,57.431365966796875,2223100
2023-07-17,56.750420819880205,57.188829218858906,55.94822824229309,56.85302734375,1859800
2023-07-18,56.3866448840983,57.4500152718718,56.3866448840983,57.263458251953125,1414800
2023-07-19,57.32875275582797,57.60858650696003,55.771009287615996,55.8363037109375,2138500
2023-07-20,55.37923637557028,55.92025135077842,55.12738494486432,55.313941955566406,1691100
2023-07-21,55.435206492693304,55.84562908402534,54.48376890715713,55.60310745239258,2163300
2023-07-24,55.341930009167264,55.89226769717518,54.521081264575876,55.2952880859375,2393600
2023-07-25,55.006125370314315,55.397891886476394,54.30653925578576,54.3251953125,2299300
2023-07-26,54.21326410019619,54.800917488303874,53.46703955243685,54.07334899902344,3603400
2023-07-27,54.59569864314883,59.53944331180393,53.905442343652275,57.97237014770508,9241400
2023-07-28,58.541360837386925,59.77263559557954,57.78581015824088,59.18498229980469,3232700
2023-07-31,59.819274379894246,60.6774387591084,59.19431248969191,59.231624603271484,2815500
2023-08-01,58.8678407072284,61.03189349054163,58.839858401033176,60.92928695678711,2991800
2023-08-02,60.52818893644999,61.19046292526009,59.92187955846508,60.6401252746582,3010600
2023-08-03,60.341633310699265,64.11007116228919,60.1084379519367,63.69031524658203,4846300
2023-08-04,63.62502796728127,63.63435777531437,61.83408911907825,62.300479888916016,2958000
2023-08-07,63.12133260693881,64.76303030512064,62.72956602154427,63.90487289428711,2696500
2023-08-08,63.42913536862742,63.73695493941952,61.73147350077645,62.55231857299805,1601500
2023-08-09,62.52434339583554,63.158635106478016,62.281818210912725,62.36577224731445,1620500
2023-08-10,62.71091192735846,63.27057948036144,62.2538438061122,62.636287689208984,1677900
2023-08-11,62.48702269236472,63.690311527298746,62.27248696010351,62.3564338684082,1922700
2023-08-14,62.44971473863129,63.31720176495583,62.26316129672484,63.25190734863281,1703800
2023-08-15,62.776188716611415,62.944089646988374,61.08784960655501,61.0971794128418,1958400
2023-08-16,60.62146890025599,61.09718946737106,59.80995353368359,59.875247955322266,2097700
2023-08-17,60.313658095664465,61.40501079497885,60.27634597988982,60.56550598144531,1995300
2023-08-18,59.64204627901822,60.44424247577411,59.352886298831606,60.02448654174805,1629400
2023-08-21,59.903220404186534,61.1438213277187,59.81926638071953,61.0971794128418,1113100
2023-08-22,61.89005046386645,62.029969110736104,61.255758765740964,61.46097183227539,1840000
2023-08-23,61.28374382243579,62.00198958754369,61.24643882371697,61.71282958984375,1283900
2023-08-24,61.95534222077396,62.048618942492155,60.518857933329166,60.53751754760742,2127900
2023-08-25,60.8826494341071,61.01324540005025,59.240955450261836,60.089786529541016,1507300
2023-08-28,60.313653735401985,61.68483652906152,60.229699701838726,61.62887191772461,878900
2023-08-29,61.56357347962774,62.37509587381987,61.311725628496355,61.93668746948242,1899700
2023-08-30,61.47030789622141,63.99814513846479,61.35837154402128,63.58771896362305,1627400
2023-08-31,64.23133985622258,66.19017974139888,63.92352022834324,66.03160858154297,3442000
2023-09-01,66.69388549034028,69.50156014487781,66.00362908769213,68.74600219726562,4548800
2023-09-05,68.13968932359924,69.06314098752986,64.82831225393346,66.1248779296875,5134200
2023-09-06,65.67714374485237,66.93639724902306,65.29469994352127,66.44202423095703,2786500
2023-09-07,62.56165714120468,62.944100985728866,58.858513316098026,59.1756591796875,11692900
2023-09-08,59.343558075815885,60.994581758981596,59.14767481466378,60.975929260253906,10087300
2023-09-11,61.36770252104127,61.36770252104127,59.1476813093774,59.9871826171875,4318700
2023-09-12,59.77264229099986,60.099114403956285,58.42010835766195,58.504058837890625,2841000
2023-09-13,58.34548406241227,59.31557770880583,58.233551274991214,59.12902069091797,2706200
2023-09-14,59.25960199390302,60.033812274205125,58.97044203334383,59.93120574951172,2481200
2023-09-15,59.772636631572176,60.39759849099551,59.35288427017204,59.46481704711914,3973800
2023-09-18,59.45549500380557,60.50953910625994,59.315576354015676,59.912559509277344,1699300
2023-09-19,59.80062083072341,61.069204203908626,59.71666679750489,60.50953674316406,2535500
2023-09-20,60.91062855464949,61.97399878635324,60.891968941289164,61.218441009521484,2270900
2023-09-21,60.388274518316074,62.30047950963283,59.96852567464085,61.0505485534668,2506500
2023-09-22,61.67551565146622,62.50569062130763,61.19979509144266,61.47030258178711,2115600
2023-09-25,61.28173952571088,61.46087306607253,60.24466537232983,60.76319885253906,1827600
2023-09-26,60.527501632241915,61.592865738785655,59.69784372375999,59.79212188720703,2065600
2023-09-27,60.32952000140493,61.37602058162691,60.22581186187843,60.61235809326172,1557000
2023-09-28,60.43321326108667,62.15853141330092,60.22580061724073,61.9322624206543,2210100
2023-09-29,62.42252384706049,62.52623198507302,61.68714409967192,62.17739486694336,2034700
2023-10-02,62.2999593179905,63.07305172435762,61.94169224650367,62.40366744995117,2096800
2023-10-03,61.97940591368367,62.771358279811814,61.50800792214341,61.677711486816406,2138200
2023-10-04,61.621152360717666,62.40367483338415,61.20631978379311,62.196258544921875,1835600
2023-10-05,62.507383754936725,63.53502804223512,62.15854661155185,62.809078216552734,1728500
2023-10-06,61.99825962442219,63.02590368997766,61.75313067945155,62.271671295166016,1863700
2023-10-09,62.0642597248201,62.77135669426992,61.64942720099492,62.44137954711914,1622600
2023-10-10,62.41309520464894,63.619880182459106,62.403672423146965,62.7713623046875,2068500
2023-10-11,62.94106970374021,65.65631988459043,62.94106970374021,65.58089447021484,3240600
2023-10-12,65.87316202247338,66.10886103289633,64.64752429108884,65.38290405273438,2374100
2023-10-13,65.78830666548127,66.2219919816826,64.3081171671339,64.51553344726562,3446200
2023-10-16,64.67580591072218,65.50547101665859,64.44953687863173,65.00578308105469,2496800
2023-10-17,64.40237955552188,65.44888348129648,64.40237955552188,64.99634552001953,5386900
2023-10-18,64.53437792695644,64.80778960725142,63.77071553255595,64.56266784667969,3180200
2023-10-19,64.4401032987171,65.10006479541799,62.6110840028009,63.044769287109375,2892900
2023-10-20,63.261607452963744,63.7330054327816,62.35652419486894,62.875064849853516,2198000
2023-10-23,62.488515678459564,62.76192737264261,61.35716339277186,61.51743698120117,2148500
2023-10-24,62.7996501621558,65.01521960674563,62.73365472143912,64.20441436767578,4260300
2023-10-25,63.59158527455835,64.64751935001374,63.25217815005349,63.2616081237793,3147600
2023-10-26,65.5243375845039,66.29743020066005,60.4520964875735,62.073699951171875,5171000
2023-10-27,63.03533252235335,65.0529151112359,62.9693370990894,64.29867553710938,4000800
2023-10-30,64.97749385182928,65.52431721823481,63.582159901715585,64.50609588623047,2985900
2023-10-31,63.8084469094562,64.6475349494645,63.10134976160893,64.34584045410156,3707600
2023-11-01,64.50610277048031,67.31563811019308,64.41182460589137,67.16478729248047,4662800
2023-11-02,67.88131249814073,68.26786231359945,66.70281748949245,67.70217895507812,2608100
2023-11-03,68.35270280911188,69.59719311046963,67.89073483174168,68.1452865600586,2313400
2023-11-06,67.7870147884778,68.34326081953448,66.53309473455462,67.0610580444336,2219600
2023-11-07,66.75937596503114,67.17420846643131,66.28797801088075,66.78765869140625,1868300
2023-11-08,66.94795336342185,67.815324052847,66.38227713957775,67.74932861328125,1777800
2023-11-09,67.75874862324095,68.8806709308604,67.51361965820576,67.88130950927734,2333600
2023-11-10,68.409281219918,68.409281219918,67.00451707563344,68.27729034423828,1964800
2023-11-13,68.22072422986538,68.67326231559989,67.57019263953846,68.32443237304688,2538600
2023-11-14,69.29551387310438,70.53057447167944,69.01267216378389,70.3420181274414,2673200
2023-11-15,70.47398719407971,70.775681567259,69.82345577977138,70.28543090820312,1891900
2023-11-16,70.07802016383013,71.31308047681598,70.07802016383013,71.26593780517578,1738800
2023-11-17,71.6524981592627,71.86934441070098,71.09625195512218,71.53936004638672,1478600
2023-11-20,71.53936344406377,72.83099665379854,71.36023708137297,72.65186309814453,1512500
2023-11-21,72.40673488019907,72.4633003378284,71.19994997139362,71.70906066894531,1725300
2023-11-22,71.7562184011704,72.90643090071624,71.7562184011704,72.17105102539062,936800
2023-11-24,71.31308041026315,72.06731999803169,71.31308041026315,71.72791290283203,647500
2023-11-27,72.12389897091701,73.67008394204602,72.01076085365277,73.12326049804688,1923400
2023-11-28,72.57643139852233,72.96297397639188,71.93532990011457,72.54814147949219,1279100
2023-11-29,73.86806302356682,74.5185945464876,73.4626604675812,73.99063110351562,2052800
2023-11-30,74.0094810420152,74.87685157759796,73.51923031976125,74.57515716552734,3095200
2023-12-01,74.39603722931406,74.85800526408157,73.78321837905187,74.65058898925781,2030000
2023-12-04,74.1320578014796,74.70716402156222,73.6418069742268,74.09434509277344,1450100
2023-12-05,73.67007860431583,73.87749487445713,72.47273085344915,72.55757904052734,1808000
2023-12-06,73.6700874552868,74.82029986028795,73.264684840294,73.35896301269531,2522800
2023-12-07,73.75494210747252,75.01828542952785,73.63237401091017,74.27347564697266,2238400
2023-12-08,73.99062666794576,76.13077023280682,73.89634132195658,75.97991943359375,2360000
2023-12-11,76.36648433601235,77.99752475895701,76.33820160379909,77.29985046386719,2399900
2023-12-12,77.35641256137346,77.90322875976562,76.63988560694199,77.90322875976562,2107800
2023-12-13,77.54496881932641,80.58077300482935,77.47897338890081,80.54306030273438,3645200
2023-12-14,81.58958163897736,82.90006774343847,80.26023558300467,80.44879913330078,3462000
2023-12-15,79.98681819298763,80.5336416608648,79.22315564875593,79.45885467529297,5120500
2023-12-18,79.49655735714005,79.88310716453428,78.86488577199405,79.16658020019531,1953000
2023-12-19,78.90260725070635,79.82654339291786,78.79889910513683,79.10059356689453,1426300
2023-12-20,78.8819109700195,79.27170571601022,77.7885722132987,77.81709289550781,1890600
2023-12-21,79.39531776357269,81.13514493911613,79.20516776250179,81.09712219238281,2041900
2023-12-22,81.21120389337727,81.49642526456897,80.6597797775964,80.96401977539062,1003500
2023-12-26,80.9640218935041,81.78164152178324,80.84993189134653,81.6390380859375,938400
2023-12-27,82.00982871959057,82.10490010298724,81.14466244767317,81.45840454101562,962500
2023-12-28,81.57248349364212,82.55173239147703,81.48691418274942,82.51370239257812,1589200
2023-12-29,82.30452892743814,82.69433091874454,80.97350817554542,81.16365814208984,1295800
2024-01-02,80.52667343403328,80.62175205421474,78.26394299123292,78.61571502685547,2011400
2024-01-03,77.30370204824433,78.29246017538475,76.12480119620307,76.4670639038086,2874600
2024-01-04,75.90612866073309,77.36074875889008,75.87760797804998,76.7903060913086,1361600
2024-01-05,77.13258045392364,77.78858526875098,75.8776194517415,76.324462890625,1395200
2024-01-08,76.12481635143683,77.35125675560799,76.12481635143683,76.98998260498047,2167300
2024-01-09,76.01071417883261,76.30544484346775,75.48781803818629,76.16283416748047,1471700
2024-01-10,76.03924448861335,78.67275840627069,75.79205312609041,78.58719635009766,2260200
2024-01-11,77.45582337624543,77.80758814876964,75.47830708761798,77.71251678466797,2752000
2024-01-12,78.34951389720443,78.74881799758407,77.8456218617953,78.70127868652344,2112600
2024-01-16,79.49037764653906,81.16366114667522,78.30196751219118,80.6312484741211,3012300
2024-01-17,80.53618442507603,80.58372373615745,78.37803461671639,79.22418212890625,2412400
2024-01-18,80.53617838119123,82.04783986767508,79.02452414818734,79.8326416015625,1720000
2024-01-19,80.43161521821816,81.23023078674117,79.72807828542234,81.21121215820312,2327300
2024-01-22,82.70385283936889,84.03487391092365,81.6675624733715,82.80843353271484,4171400
2024-01-23,83.23626464784232,84.9000391544818,82.50419980297146,84.83348846435547,4020500
2024-01-24,85.67961661538861,85.83172933537531,83.71160979291615,84.77642059326172,3775900
2024-01-25,86.70641170149892,86.70641170149892,82.23799192050538,86.50675964355469,5756700
2024-01-26,86.41167329989459,87.50501202600252,85.00459982479111,85.98384857177734,3071000
2024-01-29,86.21203436701217,87.07719326624276,84.03486589584416,84.2630386352539,2648300
2024-01-30,84.42467193425443,84.78594605985363,82.8939988636279,83.27428436279297,2406100
2024-01-31,83.04611912953303,83.45493260627215,81.18269245172816,81.45840454101562,5221000
2024-02-01,81.64853318317533,83.19822475303337,81.64853318317533,82.52320861816406,2001900
2024-02-02,82.38058911285215,83.63554988115551,81.70557305031954,83.20771789550781,2160200
2024-02-05,82.87496855449645,82.8939871788624,80.92598025882222,81.2872543334961,2095600
2024-02-06,81.80066129632206,82.49468887210988,81.25874647206375,81.95277404785156,2560000
2024-02-07,82.22849063602173,83.01759688505022,81.12564955300823,82.48519134521484,1818600
2024-02-08,82.42813120435933,83.91127211371534,81.5629723229254,83.35984802246094,1670600
2024-02-09,83.3978752449186,85.0616495227074,83.04610321493324,85.00460815429688,1536700
2024-02-12,84.92855533005458,86.19302562875029,84.60530395698703,84.70988464355469,1599800
2024-02-13,83.03659499371109,83.42639702558665,81.8101620358848,82.86547088623047,2040700
2024-02-14,83.75915512371353,83.84472443572437,81.90523798742025,82.53271484375,1854000
2024-02-15,82.5802582315674,84.13945201633742,82.53271891660641,83.81620788574219,1299700
2024-02-16,83.86372258807987,84.32007525540817,82.79890453330022,83.20771789550781,1797500
2024-02-20,82.86546531768238,83.05560803775904,81.32528317253406,82.49467468261719,1781100
2024-02-21,81.6865669862141,81.82917767002311,79.8136312307749,80.71682739257812,1928200
2024-02-22,82.05734591204693,84.04437155626202,81.78163387273094,83.68309020996094,2214400
2024-02-23,83.87323803122176,84.06338075864555,82.7418692186539,83.64506530761719,1461900
2024-02-26,83.83521221794756,85.32785518848718,83.40738743315792,84.29156494140625,2134200
2024-02-27,86.29759927073573,88.41772644035319,85.50850034310706,86.23104858398438,3381400
2024-02-28,85.67012194020117,87.42896772639166,85.67012194020117,87.0962142944336,1979600
2024-02-29,87.91383926079263,88.83604679052038,87.67615720688262,88.46526336669922,2184700
2024-03-01,90.31917306977739,93.31396815383971,89.4825349199628,92.37274932861328,5101500
2024-03-04,92.72452102319953,95.006270174511,91.9924634941169,93.53263854980469,3563000
2024-03-05,92.5914237077446,93.93195402221257,92.2681795843438,93.77032470703125,2392400
2024-03-06,95.06331517856984,96.27074411156744,88.38920609076347,89.50155639648438,5282100
2024-03-07,89.96740196641652,90.3001626207507,86.83950549142813,89.18780517578125,4626700
2024-03-08,88.76950426422012,90.22411740728354,87.90433802680099,88.12300872802734,2746900
2024-03-11,86.82049875410736,87.38143216275587,85.67011850490677,87.21980285644531,2602100
2024-03-12,87.7331921701918,88.18003555945963,86.27857926707236,86.62084197998047,2893900
2024-03-13,86.03139627092362,86.08844489760061,84.0633891073671,84.30107116699219,3737300
2024-03-14,83.74013569470922,83.78766774927078,81.05908264981295,81.5344467163086,3321400
2024-03-15,80.74535223088029,81.800661190462,80.47914947593735,81.77214050292969,6079500
2024-03-18,82.39009932309176,82.855954053741,80.91646789003357,81.18267059326172,2265400
2024-03-19,80.46962184973626,82.56122066557076,80.06080849668466,82.30452728271484,1894200
2024-03-20,82.54416642836513,84.21191687740576,81.90198031175672,83.7901840209961,2319100
2024-03-21,87.5570012652562,87.67202130696198,84.46112009692725,84.77741241455078,3747600
2024-03-22,85.12245553093977,85.89882792695153,84.01062450486988,85.31415557861328,2454100
2024-03-25,84.98828539442114,85.32375140119312,83.98188737410518,84.5473861694336,1835000
2024-03-26,89.61772646140116,93.88295222890531,88.90845452410363,90.78707122802734,7346800
2024-03-27,91.68805154184177,92.33023034484688,89.46437452974611,90.65289306640625,2762500
2024-03-28,90.63371372186916,90.71039374767545,87.92122545061173,89.18641662597656,3296300
2024-04-01,89.28225703094915,90.42284125994682,87.90204590918005,87.9691390991211,2672700
2024-04-02,86.14803197445376,87.20236401577071,85.50585323118581,86.48350524902344,3246200
2024-04-03,85.96593518321006,88.85095007487004,85.92759516740128,87.82537841796875,2585000
2024-04-04,89.20559142225576,90.31742996388846,86.82856158546782,86.99150848388672,2281200
2024-04-05,87.58574805233847,87.58574805233847,85.9275846196602,86.25346374511719,2598100
2024-04-08,87.52823751250989,88.21834305418317,85.04578224118919,85.4483413696289,2612900
2024-04-09,86.30140236143178,87.18320079926629,84.18316581913761,85.81257629394531,2816700
2024-04-10,84.89243659374182,85.17039622362056,82.7454468988634,84.33651733398438,3200200
2024-04-11,84.46111990659588,85.16080504905204,83.7614274515298,85.09371185302734,1970600
2024-04-12,83.75184921015726,84.02022933439311,81.5665193867972,81.65278625488281,2529700
2024-04-15,83.0809057637755,83.48346492589194,79.84125149168996,80.39716339111328,2925200
2024-04-16,80.07127322583574,81.19269101411273,79.57286044486243,80.20545959472656,2454000
2024-04-17,81.42273143012108,82.71668302923119,80.55051995000343,80.70387268066406,3465900
2024-04-18,80.31089929904044,81.66234992749393,79.85082648795694,79.97543334960938,1811700
2024-04-19,80.29173725313312,80.79015014662815,78.89235958119912,79.0361328125,2883500
2024-04-22,79.18950097074178,82.09368982692531,79.11282093119496,81.64320373535156,3562900
2024-04-23,82.09369054330934,83.98189448611348,82.05535052320135,82.93714904785156,6008700
2024-04-24,83.92437729148695,87.22154575683577,79.87959674681156,83.4930648803711,7274500
2024-04-25,82.33329437854273,84.4706970728029,80.95308317006676,83.63682556152344,3166500
2024-04-26,83.9722943362031,84.05855388330826,81.61443831806582,82.46748352050781,3637400
2024-04-29,82.40997485194218,83.39720641957786,81.81571562003857,82.50582122802734,2050400
2024-04-30,81.89238665760239,83.04255766960328,81.85404664885449,82.3428726196289,2113000
2024-05-01,83.35887066015604,84.13523585245393,80.83806769609033,82.24703216552734,2047700
2024-05-02,83.04257354385517,83.12884040818076,80.9626770318037,82.70710754394531,1415500
2024-05-03,84.14481904767919,84.25025225597899,83.0809074458247,83.86685943603516,1655400
2024-05-06,84.413187667674,87.19277633451651,84.34609447593616,86.11927795410156,1932600
2024-05-07,86.38765555337612,87.07776117134509,85.697557248017,85.79340362548828,1305900
2024-05-08,85.07455127275556,86.44517578103364,85.07455127275556,86.31098937988281,913300
2024-05-09,86.42599097262173,88.11291491435955,86.05218500152776,87.86370849609375,1740100
2024-05-10,88.56340138878434,90.14489213570378,88.46755501588821,90.10655212402344,2789100
2024-05-13,90.62414368036818,90.65289686490004,88.61133301181144,89.28227233886719,2008400
2024-05-14,90.6145334894872,92.59858314945575,89.76148844275635,92.22477722167969,2353500
2024-05-15,93.20244323212135,94.81268733447578,92.77113085095566,94.6209945678711,2872300
2024-05-16,94.79351846514533,95.08105760741533,93.95005276422239,94.16091918945312,1854600
2024-05-17,94.41013602777686,94.41013602777686,90.8445946950857,91.31424713134766,2661000
2024-05-20,91.26632120267567,93.10659811245387,91.21839435406888,92.79029846191406,1486900
2024-05-21,89.82860495085549,91.03628989172677,89.18642611974073,89.71358489990234,3084300
2024-05-22,90.13531980265108,91.12255149623282,89.75192693678936,90.7391586303711,2129500
2024-05-23,92.01393535945216,92.74238106191211,89.14808671193352,89.57939910888672,1841000
2024-05-24,90.07781127692361,90.73915645928534,89.12891231128242,90.27909088134766,1301700
2024-05-28,91.05544925034341,92.89572604858712,90.63371640851716,92.81904602050781,2979600
2024-05-29,91.34298684868112,92.35897152815356,89.49312339801703,90.3461685180664,3602500
2024-05-30,90.63372842904182,91.82224708407153,88.50590489959777,89.81902313232422,2273400
2024-05-31,89.95320272369504,90.83500115887975,86.68479495166534,89.3685302734375,3589700
2024-06-03,89.74234574650815,90.0298922421359,86.79023731277073,87.53784942626953,2696900
2024-06-04,87.13528245143695,88.56341334442588,86.51226997459409,88.03624725341797,3724000
2024-06-05,89.13849870730728,93.62417828959877,89.13849870730728,92.58901977539062,2962900
2024-06-06,92.2343768879673,92.57942237403525,90.80623884964794,92.01392364501953,1440400
2024-06-07,91.77430905993572,93.10659348373434,91.13213027114848,92.1193618774414,1779200
2024-06-10,91.49635146069465,95.41653210238113,91.06503908559006,95.38777160644531,2231800
2024-06-11,94.88935651416234,97.54433832231346,94.44845735130664,97.41973876953125,2768600
2024-06-12,98.81913317793382,100.90861662772433,97.83190148005949,98.57951354980469,3311800
2024-06-13,98.57950472135849,100.6402348012392,98.4453183266323,100.41020202636719,1964000
2024-06-14,99.04915640149734,99.758435697296,98.73286408051688,99.54756927490234,1311300
2024-06-17,100.0843203076369,102.33674325468442,99.43255465406553,101.57955169677734,2086700
2024-06-18,101.752081118971,103.4294184947774,101.13864815107432,101.5891342163086,2848900
2024-06-20,101.41543805868098,101.82067350764014,98.74279801411059,99.0129623413086,3109500
2024-06-21,99.00332140493241,100.10325050836724,97.4595619054823,99.45680236816406,3420600
2024-06-24,99.18665885090316,100.10326410788214,98.4533702285838,99.69802856445312,1784800
2024-06-25,100.10325560921203,100.52779225365316,98.41476696038194,100.0936050415039,2274100
2024-06-26,99.9778352604574,100.3444758876977,98.2314504340853,99.13841247558594,1953300
2024-06-27,99.09015614048057,100.66286736878797,98.21214590047661,100.44094848632812,1366800
2024-06-28,100.79794663430948,101.76279726565353,99.49539975424024,99.64012145996094,1550000
2024-07-01,99.3796160665929,99.72696288640336,98.21214767381794,98.83930206298828,1298000
2024-07-02,98.66562012608216,100.33480746920112,98.42440748657272,99.50503540039062,1102600
2024-07-03,99.50505492791422,99.7076727015181,97.65254325962687,97.80692291259766,1059800
2024-07-05,97.9034045202696,98.73317673501309,97.51746275693337,98.453369140625,1548500
2024-07-08,99.21560093012391,100.83655042805991,98.93579333903193,99.79450988769531,2001000
2024-07-09,99.76556185109904,101.29002769321495,99.36032633192184,100.68216705322266,1618100
2024-07-10,101.30932072085017,103.21972829338299,100.93302954707084,102.978515625,2067500
2024-07-11,103.23901891350692,103.23901891350692,101.30931762540399,102.38030242919922,1584300
2024-07-12,102.68906204061449,105.13978374361085,102.09085194640652,103.33551025390625,2040600
2024-07-15,103.57671585232069,105.12047542077693,102.4381917903543,105.11083221435547,2212100
2024-07-16,105.45817407101809,105.77656917613648,104.38718931056974,104.88890838623047,1933500
2024-07-17,103.15218976391381,103.15218976391381,100.8461898656762,101.22248840332031,2825000
2024-07-18,102.05225147532863,102.05225147532863,98.877899269177,99.83309936523438,2237600
2024-07-19,100.3058743066536,100.60497565737994,98.86824887613578,99.02262115478516,1977200
2024-07-22,100.47954918916467,102.51538471211035,99.76556174737199,102.44784545898438,2310900
2024-07-23,101.47334247360565,102.84342864854132,100.82689429600978,101.5987777709961,3793900
2024-07-24,105.16871459223941,109.57808150592372,103.3933930352634,105.68008422851562,9398100
2024-07-25,104.98539411350094,105.23625733705545,99.99711815071066,100.30587005615234,4194900
2024-07-26,101.31897402230919,102.03296147884274,99.26383732105383,100.03572082519531,3069200
2024-07-29,100.42166917689137,100.6339375225417,97.79727392380933,99.74626922607422,2977500
2024-07-30,99.86204360764894,100.05501079573357,95.17286879717427,95.61669921875,3058400
2024-07-31,98.75246216809238,99.16734824041485,96.68768237408553,98.57878875732422,2670500
2024-08-01,98.44371493059771,100.5277959587834,94.66150198451247,95.52986907958984,3437000
2024-08-02,92.14324500892624,92.78005002614648,90.16529806162607,91.24593353271484,4204800
2024-08-05,87.4058140967125,90.59947465324184,86.83655576453351,89.28727722167969,3365600
2024-08-06,90.10740707185116,92.50988327471094,89.83725005128562,90.38721466064453,3209100
2024-08-07,91.34241317446029,91.96956759602166,88.8048585065,88.86274719238281,3288400
2024-08-08,89.05572724462074,92.25903144287406,87.99438552974374,92.09500122070312,2332500
2024-08-09,91.86342315853312,93.58085601912106,90.96611182155758,92.89581298828125,1483600
2024-08-12,92.63532045918566,93.67735365092432,91.75730276329058,92.4616470336914,1284500
2024-08-13,93.77384287482647,94.77728849672707,93.31071129501592,94.74833679199219,1637500
2024-08-14,95.34655405048571,95.51057691684761,93.29142453340842,93.6484146118164,2176000
2024-08-15,95.38512673010948,96.63943539970161,94.76762296203427,96.1087646484375,2196900
2024-08-16,96.67803858182313,98.96473742365482,95.86756751559018,98.15426635742188,2494400
2024-08-19,97.99022708472668,100.33481439709593,97.20870043434563,100.30587005615234,2951900
2024-08-20,100.18045059906184,101.32861793389303,99.21559989278843,99.91029357910156,1703300
2024-08-21,100.53743536436116,101.21283523998558,99.79450359852322,100.76900482177734,1150100
2024-08-22,101.1356409231411,101.51193207317509,99.29278008082409,99.60153198242188,989000
2024-08-23,100.6725199115987,100.99092241374306,99.84275507033053,100.74006652832031,949000
2024-08-26,100.10325754602525,101.53123978417567,99.33137406142073,101.0777587890625,1404700
2024-08-27,99.34101107391652,99.36031220707248,96.99642395879782,97.17009735107422,2423600
2024-08-28,96.48507452131219,96.50436829727657,94.01505896915923,95.76143646240234,2058200
2024-08-29,95.57811162899982,96.81311939427113,93.74490111811537,94.11154174804688,2042800
2024-08-30,95.34653625330024,96.08946797835362,94.48781980589497,96.0508804321289,1975700
2024-09-03,96.05088285144934,96.05088285144934,92.87652340563216,93.37824249267578,1670300
2024-09-04,92.72214421366292,97.48850868880145,91.37135185733578,97.18940734863281,3916900
2024-09-05,96.56225706451093,98.5498470941453,96.34998873877785,97.26659393310547,1736200
2024-09-06,96.7745328447784,97.17011782311302,93.9089249490972,94.53607940673828,2612500
2024-09-09,95.85791847045361,97.81656427286545,94.5360776826806,97.77796936035156,2318500
2024-09-10,97.71041911138106,99.13840126884006,96.4271733804865,98.6656265258789,1878900
2024-09-11,98.72352207047426,99.12875759261166,96.54295745514077,98.92613983154297,2373500
2024-09-12,98.37617890709845,98.68493084423963,96.56226219654734,97.08328247070312,2002600
2024-09-13,97.29552592815487,99.15768778409515,96.48505499954693,98.5401840209961,1795100
2024-09-16,98.2507418420135,98.51124827429402,97.44026348149134,97.87445068359375,1593500
2024-09-17,98.72351245311293,98.9261301944432,97.53674298392042,98.4822998046875,1499300
2024-09-18,98.58844867607331,99.84275757961784,97.17976748232942,97.38238525390625,1833300
2024-09-19,99.85239782595437,100.79795475983428,98.98403071549869,100.46025848388672,1507100
2024-09-20,100.18043858195438,102.08119542310467,100.18043858195438,101.0584487915039,5499800
2024-09-23,102.09779565959339,103.69079653100327,101.89381465406879,102.8457260131836,1477300
2024-09-24,102.99142248380579,103.72964470395345,101.83552277984802,103.57422637939453,1626000
2024-09-25,103.20512311071423,104.6718521118164,103.02056569559264,104.6718521118164,1695300
2024-09-26,106.85737730916767,107.75101052027327,104.73013512532015,107.58588409423828,2660800
2024-09-27,107.50817055022435,107.54702513313744,105.05067561431416,105.62376403808594,1320000
2024-09-30,105.6334751025263,106.46883007320886,104.7204109692794,106.39112091064453,1600500
2024-10-01,106.13856878365819,106.13856878365819,103.44795390068187,104.7301254272461,2155000
2024-10-02,104.96325763180825,106.84766426390397,104.12790257288465,105.44892883300781,1476900
2024-10-03,104.94383033754644,106.28428013763676,104.73013383084637,105.68205261230469,1135000
2024-10-04,106.73110680647191,106.73110680647191,103.31198460897971,104.16676330566406,1447800
2024-10-07,103.04969980150446,103.56451743930106,101.52469270540838,103.08855438232422,1871300
2024-10-08,103.90449852378885,105.8277523407606,103.44796640650888,105.5363540649414,1551400
2024-10-09,105.97345496164378,106.25514514853927,102.52519386844959,106.15801239013672,3410500
2024-10-10,104.66215364917134,105.6140725533021,103.4576910325357,105.02155303955078,1255900
2024-10-11,104.8855578283084,106.74081799790616,104.84670324219711,106.6631088256836,1054900
2024-10-14,106.8476682052773,108.22697268898249,105.72090741976848,107.87728881835938,1619100
2024-10-15,108.82920798575351,112.0152100067125,108.17841032882384,108.58637237548828,2511100
2024-10-16,108.04241262727625,109.63541348511389,107.44989320214414,108.52808380126953,1238100
2024-10-17,109.15945383969348,110.06280254822576,108.78063090489809,109.22744750976562,1728300
2024-10-18,109.42170871836448,111.38381685237023,108.49892911102114,108.90689849853516,1951000
2024-10-21,108.41152177774917,109.35372505601838,106.18714687615338,109.1885986328125,2419300
2024-10-22,108.69321887316077,109.51885845251441,107.1682115618708,109.4120101928711,3166100
2024-10-23,102.70972567012488,104.71069570995695,99.52372433074565,100.5533447265625,8774000
2024-10-24,101.53441696363834,102.0686582325621,99.4168902961606,101.00018310546875,2746300
2024-10-25,101.2332991023501,102.62231893457742,99.97055110550568,100.05797576904297,2485700
2024-10-28,100.79620609958312,100.9127698652986,98.13472977383068,98.41641998291016,2766700
2024-10-29,98.45527892157054,98.7952473231512,97.31880994596288,98.42613983154297,2014700
2024-10-30,98.07644404152562,98.39698881448537,96.10462014061382,96.93025970458984,2862200
2024-10-31,96.57085738000254,98.30956112479359,96.07547810328452,97.49363708496094,2708500
2024-11-01,96.73598507025974,98.08615781035591,95.83264376181552,96.26974487304688,2001600
2024-11-04,95.9977689773322,98.36783933987051,95.9977689773322,97.02738952636719,1961200
2024-11-05,97.33821834625545,98.95065024321394,97.16337642261843,98.73695373535156,1519500
2024-11-06,100.99045826630298,101.7966741391118,99.64029308690195,100.0288314819336,2411600
2024-11-07,100.80591402587358,102.26292763945415,100.02884454508329,102.0978012084961,1953500
2024-11-08,102.44747312341205,103.19540343044403,101.20415617051269,101.7772445678711,1329800
2024-11-11,101.6898327799735,101.8161046173376,98.69809656965809,98.92150115966797,1633400
2024-11-12,98.02787064021066,99.3100422779145,95.92005946646529,96.93997192382812,2064800
2024-11-13,97.00796536947071,97.76561123398783,95.39553347462316,95.45381164550781,1630300
2024-11-14,94.92928928451214,95.9297706998812,94.21049062371463,94.66702270507812,1814400
2024-11-15,94.14249956083927,94.75444998927526,93.64712029399135,94.01622772216797,1926400
2024-11-18,94.59903864913858,94.75445699507499,93.579126133506,94.23963928222656,1384500
2024-11-19,94.21050673225837,95.02643828353231,93.34601250257552,94.99729919433594,1766600
2024-11-20,95.19154443250714,95.60922191369215,93.81224015910676,95.21096801757812,1875600
2024-11-21,95.92007248917552,97.33823165896537,95.25955928851606,97.0565414428711,1744500
2024-11-22,97.52278263762355,97.77533374749964,96.32802817349275,96.76513671875,2675600
2024-11-25,98.10559259605502,100.4271005804676,97.92103514943267,98.45527648925781,4038900
2024-11-26,98.99920962753608,100.21338755392586,98.3484120375721,98.74666595458984,2412500
2024-11-27,98.41641085774462,98.50383552661398,95.80349745190993,97.13423919677734,1799200
2024-11-29,97.1342524947811,99.3877668562298,97.10511340475351,98.42613983154297,1460300
2024-12-02,98.90208685320268,102.10751986654981,98.5329793942146,100.20368957519531,2476800
2024-12-03,99.12549847338401,99.77629612636669,95.10414138464125,95.96863555908203,3267100
2024-12-04,97.12450628852658,97.34791825936504,92.24837161561496,94.83213806152344,4572300
2024-12-05,95.22068358779373,96.55142519415033,95.06527267484715,95.36638641357422,2285600
2024-12-06,95.36639827974837,96.25031602082724,94.81273340149438,95.68694305419922,2720200
2024-12-09,95.60923275946111,97.03710727364523,95.28868798877602,96.13375854492188,2437000
2024-12-10,96.01719025558751,96.10461492108044,93.99679637974306,94.79329681396484,2812400
2024-12-11,95.14298812359755,96.28917248826379,93.80253823709147,95.57038116455078,2555600
2024-12-12,95.63837365584861,97.30908380173223,94.33677837195364,94.84187316894531,2834700
2024-12-13,95.48773176684446,96.20207522774004,93.47189635858633,93.69696807861328,4938000
2024-12-16,93.27617426012323,95.06693769105377,93.0021791382817,93.53060150146484,3552500
2024-12-17,92.76733215639197,94.39173509297285,92.0725491760304,92.46397399902344,2406200
2024-12-18,92.57161550956086,93.266391020344,89.5576540944226,89.63594055175781,3132100
2024-12-19,89.63594667262443,90.13501353995625,85.53579211165942,85.66300201416016,4522300
2024-12-20,86.20120156542798,87.1014809224603,85.00736664835593,85.43792724609375,6072500
2024-12-23,85.58471016437264,86.71984140437362,85.42814471467348,86.63176727294922,2106800
2024-12-24,86.42626773237603,87.21889755691731,86.14248493284474,86.59262084960938,1142200
2024-12-26,86.82748077759445,87.25804135053286,86.25991517484914,86.50455474853516,1382800
2024-12-27,86.054414857579,86.92533110244526,85.13456771391071,85.51620483398438,1611400
2024-12-30,84.82143734400309,84.99757814411402,83.4220986169573,84.67465209960938,1731200
2024-12-31,84.73334567032173,85.34984207599234,83.89179253934422,84.4593505859375,1458400
2025-01-02,85.34006857054005,85.6629946018009,83.95051757432395,84.53765106201172,2046500
2025-01-03,85.05628373976796,87.26782753867683,84.92907385130688,87.23847198486328,2351500
2025-01-06,88.38338013871328,89.62614582137813,86.84704399705954,87.19932556152344,2499300
2025-01-07,87.90388943158679,88.94115878802762,87.3558917345744,87.67881774902344,2379100
2025-01-08,87.35589584548823,87.51246875651914,86.00548808397969,86.78833770751953,3189100
2025-01-10,85.56513889185969,87.0818997552315,84.78228927696588,86.9644775390625,2201900
2025-01-13,85.67279305066056,87.77668769067327,85.1052273726608,87.02320098876953,2715800
2025-01-14,87.44397323447517,89.78272705308939,87.18954597746807,89.27388000488281,3252100
2025-01-15,90.1545715477606,92.94346861528354,90.1545715477606,92.31718444824219,3853600
2025-01-16,92.35633228181217,93.76545866277654,91.69091232033539,93.03153991699219,3820500
2025-01-17,94.52873328964485,95.83021766178165,93.5501749585599,95.57579040527344,5656300
2025-01-21,97.709042191433,100.3413663382435,97.09255316634145,99.07902526855469,6545200
2025-01-22,106.30078372741715,109.51046117094555,103.59018056507556,105.86043548583984,9814200
2025-01-23,105.10694505271799,106.20292551289803,103.64888788710326,106.09528350830078,3602100
2025-01-24,106.408418911952,107.87625624415327,105.29286313674356,105.8702163696289,3320400
2025-01-27,102.84647486283104,104.70573710838437,100.12608400912367,101.26121520996094,4188600
2025-01-28,101.78961881766132,101.79940648990818,96.7011192570352,98.12002563476562,3460800
2025-01-29,99.30410105298499,99.84230364654364,96.9653398124911,97.2491226196289,2548200
2025-01-30,98.98117155646646,99.24537900722156,95.84978057967542,96.1727066040039,4212800
2025-01-31,95.996565968152,97.84604052381181,94.20580252035212,94.29387664794922,2799400
2025-02-03,92.57161993512013,93.57953385762185,90.91786137324583,91.47563934326172,3437000
2025-02-04,90.88848865144134,92.75753851472017,90.69277998544044,92.4835433959961,2909700
2025-02-05,92.59118974008933,94.06880740898112,92.15083402224535,93.38381958007812,2680700
2025-02-06,94.03945604535429,94.70487602271908,93.57953242581878,94.47002410888672,2301100
2025-02-07,94.97886304738871,96.14334977468489,93.41317131266722,94.08837890625,1976100
2025-02-10,95.32138099505781,96.09443559088979,94.63638560921788,95.70301818847656,1946300
2025-02-11,95.14522734957653,97.22955385305777,95.10608412145106,95.73236083984375,2133900
2025-02-12,94.64616314302168,98.50168536331523,94.03945428899446,97.08277130126953,3386000
2025-02-13,97.25891677003499,100.53708584916893,97.25891677003499,99.30410766601562,2555000
2025-02-14,99.95973914409907,100.20437873697948,98.46254603020019,99.29431915283203,2235000
2025-02-18,100.36093614636282,101.07528698524604,98.77567648973512,100.88935852050781,2365500
2025-02-19,100.72300512455766,101.24163982391502,100.27286920689264,100.79150390625,1727300
2025-02-20,100.86001227604305,101.15358277737937,99.37260681826541,100.4392318725586,1479200
2025-02-21,100.46858268656021,101.20250143944583,98.34511288667169,98.68760681152344,2484200
2025-02-24,98.80502880381935,99.80315494504507,97.11211972740074,97.93411254882812,4204100
2025-02-25,97.85582800964004,99.50959389206125,97.16105252666846,97.58183288574219,3405900
2025-02-26,98.16895653019348,99.17687026323313,97.56224776959773,98.12002563476562,1924100
2025-02-27,100.37072933205104,101.6134951475243,98.43318052044309,98.51146697998047,4616000
2025-02-28,98.10047360488616,100.09673351478774,97.5426956496054,99.72488403320312,4521400
2025-03-03,100.74257610059567,101.64285542939291,97.64054801666794,97.91454315185547,3190400
2025-03-04,96.82834921532637,97.4839890073304,91.99427586988126,92.06277465820312,7037600
2025-03-05,91.67134086735771,91.75940752983327,88.2561745271171,90.4481430053711,5175600
2025-03-06,88.608454002598,88.7258762164412,84.53764803107349,84.78228759765625,5272900
2025-03-07,84.99757281988754,87.84517353319892,84.44958257200514,86.11312866210938,4617700
2025-03-10,85.34007796560421,86.06420909794494,82.55118799270372,84.55723571777344,4520500
2025-03-11,84.55723429851047,86.0739953277414,83.56888823143716,85.105224609375,3805500
2025-03-12,86.11313477672829,87.55161674536878,84.42022554673039,84.87036895751953,3808900
2025-03-13,84.92907584921562,85.56514023809846,83.17745559433222,83.78416442871094,1573500
2025-03-14,85.08564675208585,86.72962510201808,85.06607886976393,86.0152816772461,2261100
2025-03-17,85.76085545264446,89.09774309750783,85.76085545264446,88.56932067871094,2948500
2025-03-18,88.53996162281463,88.62802828956303,86.54370171930019,86.73941040039062,2204900
2025-03-19,87.25243689238827,88.43632037392625,86.99592604484091,87.73585510253906,2225500
2025-03-20,87.10444180922038,88.57443196523758,87.10444180922038,87.19322967529297,2060500
2025-03-21,86.76901402290143,87.49908280336044,85.43714318041756,87.084716796875,2576000
2025-03-24,88.20940223723747,88.86053581446824,87.29189001668078,87.59772491455078,1715000
2025-03-25,87.13403614047049,87.25242748664083,84.57881834960502,86.77886962890625,3154000
2025-03-26,86.42370452078772,87.00578590689423,84.7859989370438,86.45330047607422,3534900
2025-03-27,86.03893596548853,88.05154357910156,85.14115943516471,86.32504272460938,2977400
2025-03-28,85.8218973709571,86.18693172575574,83.19761972832154,83.77969360351562,1886200
2025-03-31,83.35545822202693,84.16444688378786,81.76707685137069,83.80928039550781,2628600
2025-04-01,83.46398469347473,84.1841855221772,82.1913059864996,83.40479278564453,2728200
2025-04-02,82.61553098348307,85.18061648593559,82.39848395543117,84.37162780761719,2810100
2025-04-03,79.1033457261076,80.07018962809322,70.32285314709924,70.56949615478516,12915600
2025-04-04,67.73803029694889,67.75775842310128,63.09127378565034,65.83394622802734,9249900
2025-04-07,64.1271799776963,71.58566188647916,63.31819123905555,67.738037109375,7297500
2025-04-08,70.0367500188875,71.45741622610299,64.53168351982278,65.6465072631836,5679900
2025-04-09,64.85723434072906,74.99919222811613,62.34147675842067,73.29242706298828,10253500
2025-04-10,70.74706799357065,71.50673254962459,67.72816047576443,68.80352020263672,5483500
2025-04-11,68.30038622262252,70.25379466336494,66.72186492362383,69.2080307006836,3879000
2025-04-14,73.92383811234552,74.21981271452128,70.63855164137114,71.69418334960938,3437300
2025-04-15,71.12196809917805,72.51303815841675,70.88519293926704,71.0331802368164,3147600
2025-04-16,70.53002818582408,72.12827749050686,70.3425846294278,71.84217071533203,5798900
2025-04-17,72.50317000104728,75.4135617497686,71.91122834049354,74.76242065429688,4588400
2025-04-21,73.45028526640307,73.64760419030063,71.64486415616116,72.93727111816406,2950600
2025-04-22,73.69692708934883,74.89068586060124,73.59827139246232,74.34806823730469,2177900
2025-04-23,78.0871684411218,80.08990822075906,76.51851518500213,77.04139709472656,4013700
2025-04-24,78.09703798903426,82.15184171717134,78.07730233524383,81.92493438720703,4105400
2025-04-25,82.211037909649,82.68458820469384,80.89889548135024,81.58949279785156,4055400
2025-04-28,81.10608678131204,81.77695607187407,79.47824140438017,81.0567626953125,2895700
2025-04-29,80.48453670557161,81.56976428070475,80.1293702225177,80.50426483154297,6502500
2025-04-30,85.96989054130967,90.28121324523785,84.32231697240887,89.80765533447266,11880100
2025-05-01,90.76461415531094,91.91890146364508,88.68294685894105,88.80133819580078,5496500
2025-05-02,90.32066540650365,92.0372984990521,90.06415459089862,91.82025146484375,3409300
2025-05-05,91.0901950279322,93.06333903792819,90.7448963315723,92.32341003417969,2805700
2025-05-06,91.21844825944639,93.14226821869525,90.68569846428274,92.63911437988281,2754100
2025-05-07,92.72790256010971,94.38534386386512,92.07676893735609,94.16829681396484,3715800
2025-05-08,95.0167420139571,95.92439392765401,93.69473921503128,95.00688171386719,2392700
2025-05-09,95.80601472614133,96.4176921218364,94.34588474449241,94.42481231689453,2568200
2025-05-12,99.7720202001855,101.65637626795909,98.65719658843699,100.58100891113281,5791900
2025-05-13,100.53168000688854,104.55689524108989,100.18638134078101,104.05374145507812,4336000
2025-05-14,103.73804018675958,104.43850535545916,103.07703879858558,103.77750396728516,4245700
2025-05-15,105.52372913281131,106.54976480827267,104.4878331577875,105.98741912841797,4711900
2025-05-16,106.07621169310059,107.51661334943297,105.56319759607895,106.34259033203125,3234900
2025-05-19,104.48783818941446,108.19734327900701,104.24119520344411,107.5758056640625,3286200
2025-05-20,108.00002966208822,108.00989748886751,104.85286281772673,105.53359985351562,3404100
2025-05-21,105.0699058339992,106.37218042213148,102.33710502228575,103.02770233154297,4800400
2025-05-22,104.65554760533112,109.97316947542163,103.93534681578654,107.3982162475586,8056800
2025-05-23,106.82600998316653,111.65034623644824,106.82600998316653,111.22611999511719,5981600
2025-05-27,112.34094952568499,115.78408348899079,111.67994060535744,115.4782485961914,4485900
2025-05-28,115.66569519989103,117.03702963063648,115.25133678058955,115.76435089111328,4094000
2025-05-29,115.98139820717908,116.61280366485758,114.71858729182209,116.5536117553711,2434800
2025-05-30,115.59663572329607,117.53031587799825,115.10334973912879,116.3563003540039,4352600
2025-06-02,115.43878546661598,118.15185831711975,115.2118706072628,117.550048828125,3097600
2025-06-03,117.500709657183,122.37437716356484,117.15541100382411,121.57525634765625,4835200
2025-06-04,122.0685557095511,125.97537988911768,122.0685557095511,125.9260482788086,5769200
2025-06-05,126.19243150021845,128.20503181020874,125.64981387496059,125.98524475097656,4765100
2025-06-06,127.16912185639528,128.21490079763674,125.05786595400976,125.26504516601562,4377400
2025-06-09,127.80052819702672,130.45440924288758,127.14940212847783,128.4220733642578,5425500
2025-06-10,128.22475515290617,128.93508814796155,124.65336205085401,126.2713394165039,6119700
2025-06-11,127.31711027111659,127.34670622463398,124.02195611882834,124.7914810180664,4553200
2025-06-12,124.4659239928465,125.63993952490388,124.10088965235484,124.37712860107422,3005000
2025-06-13,123.48921262064806,126.58704802792862,122.9564628495496,125.5610122680664,3000800
2025-06-16,126.97180552494463,129.72434966464044,125.89644572448397,129.28038024902344,3530300
2025-06-17,128.69831247108044,131.7073600370119,128.25435808847604,129.1126708984375,3410800
2025-06-18,129.1126772083074,131.9638697829977,128.60953089061894,129.5369110107422,2816800
2025-06-20,130.39520535290603,130.82929939465376,128.57005638232977,129.2014617919922,6027300
2025-06-23,130.5530854646004,132.09213550445207,129.16201521554396,131.2930145263672,4372700
2025-06-24,132.20065056107478,135.6931088850195,132.05267077976563,134.47962951660156,4670500
2025-06-25,136.54260118435076,137.55425251313233,135.163984675078,137.4054718017578,3574900
2025-06-26,137.4054548595531,139.64695684368678,136.8698837126068,139.53785705566406,3047100
2025-06-27,140.4205606562536,141.3032715734867,139.14111637890824,140.28170776367188,4651100
2025-06-30,140.837135026802,143.29682159824785,140.4205763026417,143.14805603027344,3663500
2025-07-01,142.46370479984995,144.53658577018695,141.4619813253112,143.85223388671875,4951400
2025-07-02,143.85223594721936,150.80483954261274,143.60428324002459,150.69573974609375,6703600
2025-07-03,150.7552504160838,150.91394378548372,148.01785789618205,148.21621704101562,3619700
2025-07-07,148.24597754235967,150.55689877270183,146.53014891000123,147.17481994628906,3661700
2025-07-08,147.83933480616594,148.48402099097396,142.25543442737194,143.28692626953125,4598800
2025-07-09,144.72502974860706,144.72502974860706,140.54951476626633,140.8470458984375,6198800
2025-07-10,143.31666564941406,145.04242195039635,141.28345041101232,143.31666564941406,5593500
2025-07-11,142.8207499636103,146.69873368154728,142.3248445817922,145.97470092773438,2868600
2025-07-14,147.3335028441175,148.73195975622693,144.4274892224894,147.85916137695312,2856700
2025-07-15,149.07906754389575,149.72375359497087,146.58962807415233,147.8293914794922,2461100
2025-07-16,147.7599756892117,147.7798161436168,144.31839084079803,145.9152069091797,2694300
2025-07-17,145.91521195115962,148.4244922690608,145.15152846924744,145.51849365234375,5155500
2025-07-18,146.40119273772672,148.68236060362634,145.0225763316038,147.8492431640625,3336500
2025-07-21,148.23605705663667,149.68409243008273,146.81775966430328,148.4046630859375,3453900
2025-07-22,147.77980928751165,148.05751510096957,143.57452604484195,145.38954162597656,3045000
2025-07-23,145.94495854589536,151.57845196713447,145.7961929739447,151.50901794433594,4024900
2025-07-24,150.98335789237547,152.61985483652717,149.84278149534455,151.47926330566406,2429700
2025-07-25,151.15197162771943,152.074363613084,147.22440902905853,149.6543426513672,3125900
2025-07-28,150.2394956158314,150.79490724193514,148.513754510985,149.2278594970703,2585200
2025-07-29,150.5072802556377,154.2464109943542,148.77161145532557,151.42965698242188,6242800
2025-07-30,139.84531487787845,147.32356122735598,137.16742889634483,146.21273803710938,12025100
2025-07-31,147.08554881008385,156.16061183219057,145.69700457067026,155.72421264648438,7049800
2025-08-01,152.10411361245352,155.3274988972284,149.684092700317,153.542236328125,3827300
2025-08-04,155.5060175872224,156.32922241447096,151.1519685309875,153.542236328125,2510000
2025-08-05,155.515935689795,156.11101308652286,146.00447379743474,150.49737548828125,3449500
2025-08-06,151.74705172373956,151.74705172373956,145.64742138445527,146.06398010253906,3776600
2025-08-07,143.79271671668693,147.33348831949897,143.56460448416743,146.88717651367188,3472500
2025-08-08,148.27572399126927,149.84278697058141,147.34341935880727,149.2179412841797,1901600
2025-08-11,150.36843774284515,154.82167373483665,149.99154479163394,150.44778442382812,2759400
2025-08-12,150.98337164734318,156.706124875524,150.98337164734318,154.31585693359375,2361600
2025-08-13,155.0696244447495,156.21020080982825,153.59182090636915,155.63494873046875,2052600
2025-08-14,153.98854435345024,155.55560728432766,152.9372272927706,154.45469665527344,2319600
2025-08-15,154.47454184107775,154.47454184107775,150.8048446764351,153.16534423828125,1431500
2025-08-18,153.68108476146193,157.5194029565688,152.80830152388674,157.40037536621094,2016300
2025-08-19,156.7953663343541,157.67807734434754,154.03813351060688,156.6366729736328,2546400
2025-08-20,155.89280341830118,157.3706068555182,151.2511364619375,157.10281372070312,2177100
2025-08-21,156.94414451989627,158.05496775947867,151.77680365623505,153.33395385742188,2300000
2025-08-22,153.84970141423503,159.2550829069449,152.95707766096484,157.90621948242188,1920000
2025-08-25,157.6979132861626,163.9264837448718,157.3805265738004,162.65696716308594,2515400
2025-08-26,162.3792688756585,165.54314781705207,162.3792688756585,163.88682556152344,3272300
2025-08-27,164.54141483310622,166.82258282695696,164.18436231986146,165.87045288085938,2688400
2025-08-28,165.7415208270103,171.79157339692273,165.7415208270103,170.96836853027344,3079800
2025-08-29,170.6509711878083,171.99983453934632,165.29519869031375,166.0291290283203,2798500
2025-09-02,163.06362025598418,169.3516972113914,162.51812127919573,169.10374450683594,3175400
2025-09-03,169.69884471711524,175.04470466346683,168.61775937470506,174.8760986328125,3790400
2025-09-04,175.95716866051382,182.60229840918407,174.38019302204495,182.47335815429688,5571800
2025-09-05,184.476810387654,187.6803550617516,181.52121841569033,186.61912536621094,3761500
2025-09-08,188.43413518319937,189.95160446301648,185.64713418426373,187.69027709960938,4019700
2025-09-09,187.47208073737627,190.4475131228366,186.46042948884687,190.02102661132812,3230800
2025-09-10,191.4294143644857,192.21295344226115,188.3448818922996,191.45916748046875,4343800
2025-09-11,191.71703738210763,197.60839616187945,191.40957844475125,195.1982879638672,3625600
2025-09-12,195.08918697905787,196.74550924693153,191.7368766690486,194.385009765625,3293200
2025-09-15,198.36218086782557,212.44589268267453,198.01504099777353,209.39111328125,7398100
2025-09-16,209.56963752410317,213.4376938204973,205.95944660285778,209.40103149414062,4888200
2025-09-17,208.6769806445881,212.45579240320342,204.570884648562,211.6127471923828,4268800
2025-09-18,214.94523718276656,217.73222310152278,213.33850853410723,214.8658905029297,3044200
2025-09-19,216.6412461739537,219.8448062558896,214.23115296731137,219.41831970214844,4834900
2025-09-22,221.07461422166062,228.9297688251187,220.15223747129252,227.45196533203125,5243400
2025-09-23,227.49163070896785,230.06043209636277,221.6796190109106,226.2617950439453,4389400
2025-09-24,225.8551406226312,229.5149246373605,221.10435875148403,221.86805725097656,4121100
2025-09-25,218.1487783210737,220.7076519528981,214.24104142132245,218.0496063232422,4200900
2025-09-26,218.5256734613061,219.01166619721832,211.31520477114435,215.728759765625,2477000
2025-09-29,224.89310725122775,232.20274827583933,222.96899180636416,227.26353454589844,5108400
2025-09-30,225.73133747797752,235.31257157065423,225.1144661433189,234.86485290527344,4184000
2025-10-01,233.15354355560262,257.09172643684155,231.40245982120024,255.5396270751953,9751900
2025-10-02,261.9669309834078,263.4891835591881,250.624653912587,253.45028686523438,4801300
2025-10-03,253.6791179039106,259.96712776969196,250.37591938875153,251.51014709472656,4916000
2025-10-06,258.793083207461,259.9173670263512,241.22250496869745,241.6005859375,5233600
2025-10-07,243.41135236381606,243.50090823965027,221.8809143993859,223.87078857421875,10019400
2025-10-08,223.7314982009439,227.89034312467808,221.59238953358852,223.21414184570312,5190300
2025-10-09,222.37837883190105,223.93049341206566,217.5230962585142,220.57754516601562,3427000
2025-10-10,219.28412700782494,223.12458475524286,211.55347680407007,213.29461669921875,5191000
2025-10-13,224.4180083144601,224.50754900928018,215.41382458464034,218.3986358642578,3348800
2025-10-14,214.2895621808968,216.299324236504,209.50391705342523,210.5585479736328,3646700
2025-10-15,214.5681352007856,219.4731677382666,211.27489588145698,218.26930236816406,6236800
2025-10-16,223.01514873763415,231.82034829706836,220.7367494192253,224.88563537597656,5196500
2025-10-17,221.30384007717493,229.28323944494826,219.82139359332635,224.25880432128906,3258800
2025-10-20,228.8355394288117,232.0989319939693,208.3099816210838,213.31451416015625,4602000
2025-10-21,211.55347746096734,215.43372602387612,209.61333799797782,213.48365783691406,2817500
2025-10-22,212.58820935431893,218.20961310518797,207.9418548968295,213.9612274169922,2925200
2025-10-23,217.14502708450178,225.7611862128437,217.14502708450178,225.2637176513672,2569600
2025-10-24,232.89488631851017,239.6306149714371,229.36285645392473,232.93467712402344,3664000
2025-10-27,240.10816718367164,240.77477320505847,226.47753223275012,229.15391540527344,4942400
2025-10-28,228.01967562564687,228.83553132882568,216.56795515363092,221.8709716796875,6501000
2025-10-29,239.3022659064951,267.54852843080005,238.84458817904954,264.2751770019531,9900800
2025-10-30,256.90269722615795,273.09034309511173,256.69376893914625,266.9814147949219,7175700
2025-10-31,275.4284166415993,278.9306145719764,242.10798377299963,254.58450317382812,8616100
2025-11-03,257.4399459888833,268.1952124144846,252.3657612706919,264.20550537109375,4450400
2025-11-04,253.768648702072,259.0020274488734,248.2168979846882,249.1123504638672,3438000
2025-11-05,256.9822990984669,282.5024283536169,256.00724985894294,274.373779296875,9050400
2025-11-06,275.8661830318625,282.9800071810559,272.1351691199368,277.06011962890625,4075300
2025-11-07,272.5729437109934,278.39333148328603,262.12610476285187,277.9356689453125,5098700
2025-11-10,289.23816383281905,294.501389738935,285.6563841012177,292.5015563964844,3971600
2025-11-11,287.8054292387355,294.6506009940705,282.0845412068819,286.5418701171875,3881100
2025-11-12,286.5419204590802,296.3719050884767,277.58748544473394,281.825927734375,3985300
2025-11-13,272.2346842626756,276.095045066197,257.539474236164,261.2306823730469,5350200
2025-11-14,252.86323757103472,266.45408090837526,249.818732718752,256.9026794433594,4718800
2025-11-17,256.196280166727,268.43399324888134,253.19156614462167,260.056640625,2851600
2025-11-18,256.0868795446904,260.03675075719934,248.26665800327098,252.57473754882812,2479400
2025-11-19,252.70409790014085,262.4843321272717,252.70409790014085,257.8280334472656,2306500
2025-11-20,271.7968998559307,274.30416068957106,236.19805292059277,239.28236389160156,4071000
2025-11-21,236.19805703975098,239.28236806454836,227.45256677456453,236.28761291503906,4177300
2025-11-24,241.69011919345456,255.40036643722485,241.68017528777918,252.09716796875,4200400
2025-11-25,249.908288907098,262.2355739242675,245.74945919251536,260.5640869140625,2555300
2025-11-26,263.32007294138083,273.60771955300515,261.38989241803387,270.9014892578125,3487500
2025-11-28,273.60770789155515,276.17463230038635,268.1455128211029,275.2891540527344,1243100
2025-12-01,270.71242851583435,274.58274836079084,264.6532652960459,268.7325134277344,2320000
2025-12-02,271.5282884680515,276.98055472409567,258.06679067676566,265.51885986328125,3101600
2025-12-03,265.1109513349342,265.1109513349342,249.26160941319625,257.36041259765625,3828300
2025-12-04,257.3902491857992,265.05124691388727,256.05700670427683,264.28515625,1971700
2025-12-05,268.44396385438995,278.2540589862595,267.7574548587399,277.3785095214844,2863400
2025-12-08,279.5773201608372,286.8105018193465,277.25913011854266,283.9649963378906,3469000
2025-12-09,284.3430756737807,287.974589931403,278.58238149758176,281.4278869628906,2072700
2025-12-10,282.2636720839463,299.94369371267317,279.8757987139937,297.4066162109375,3617400
2025-12-11,292.8099371996591,307.36586988281147,287.16866160091894,306.2913513183594,3176300
2025-12-12,300.47099769261484,302.4608718495196,279.0898095928559,286.1837158203125,5255600
2025-12-15,290.41217462325784,292.4716711310786,282.79095358281,284.13409423828125,3465600
2025-12-16,283.9650039793222,293.4467534154414,279.07985912959924,286.6712341308594,3091000
2025-12-17,289.6361387302576,295.1779459346298,274.71208150251556,276.2442932128906,3514100
2025-12-18,287.0393269160022,297.71501194656355,285.218605550427,290.5216064453125,3730500
2025-12-19,295.16801655485045,303.8836453096167,292.2030929281476,294.85955810546875,24731300
2025-12-22,299.7248055738464,300.4710084093,277.5874547887242,281.41796875,4340400
2025-12-23,277.16955888047477,281.41795965200885,273.3191572321058,281.3681945800781,2084400
2025-12-24,280.8594653782532,287.792432160246,280.8594653782532,284.5703430175781,1474900
2025-12-26,288.05178417857974,289.0892115097605,281.8569931808106,285.51800537109375,1063800
2025-12-29,281.29835646667675,288.76002131179393,278.64487696648314,280.61004638671875,2537400
2025-12-30,281.35823603015774,283.31345088097953,278.9342031196303,279.39306640625,1873600
2025-12-31,279.31324759141756,279.56263441962415,273.59729052953963,274.7145690917969,1316800
2026-01-02,281.2784317031917,288.93958815949463,279.7322454646631,286.83477783203125,2731000
2026-01-05,294.24654871527923,297.2691160262938,277.00893139294027,289.119140625,3350300
2026-01-06,290.18650027879613,331.1856999448519,290.18650027879613,329.6095886230469,5563900
2026-01-07,318.227601696343,321.2102586420599,298.2068183312488,307.50396728515625,5179200
2026-01-08,305.1298017053207,305.48890415460033,277.4678015141467,283.7723083496094,4826000
2026-01-09,283.9718120546813,304.6908591560912,279.98162273146664,303.2643737792969,3187100
2026-01-12,298.57589050131185,321.96838769182193,297.3588815345037,320.6915283203125,3066100
2026-01-13,318.69645440229175,330.18818949418676,315.9930790287545,317.65899658203125,3459600
2026-01-14,319.04556977209796,321.93848157018704,308.3917709056288,311.51409912109375,1947500
2026-01-15,321.96838067352803,327.973604541912,316.22249840562046,319.53436279296875,3180200
2026-01-16,332.68202860549275,334.19828956059445,320.4022236282165,325.42987060546875,3378500
2026-01-20,322.1978180693063,335.3455156556053,321.25016632528326,325.1904602050781,3620800
2026-01-21,333.5898255035965,348.6926771199725,322.8162954530683,343.3757629394531,4710600
2026-01-22,349.14157477326256,349.19143996399555,329.19062764336184,345.6800842285156,2796300
2026-01-23,343.6251221686301,346.85716570265896,330.9363192018697,345.2511291503906,2957800
2026-01-26,347.9944052966851,369.56137451465435,345.1513892103086,357.4112548828125,5039000
2026-01-27,360.73306101613343,382.9384743489906,360.114586541663,370.84820556640625,7353600
2026-01-28,394.2207557579162,448.397552110283,388.04593497419376,441.8436584472656,14749800
2026-01-29,449.1656691786534,456.7171105103713,432.9355834941434,445.4747619628906,9052800
2026-01-30,448.5372187834831,451.8091729738355,396.3554873018729,406.6900939941406,9224400
2026-02-02,401.51282298621,434.9306604272983,398.5501060311864,431.8881530761719,6062800
2026-02-03,450.40263705411246,458.28325543848666,423.4688572099543,443.3599548339844,6089200
2026-02-04,440.9159492706778,452.33787913815297,401.05396382890416,417.603271484375,6601100
2026-02-05,412.54569155363123,417.37381721404216,393.27306888837506,404.4555969238281,5641900
2026-02-06,425.21453640147695,430.8706127382462,405.8620937645553,428.26702880859375,3284500
2026-02-09,423.0000046292035,437.4743965861201,413.98216768152577,423.9576416015625,3188600
2026-02-10,420.73554738797134,420.73554738797134,394.17088623774106,395.2582092285156,3172000
2026-02-11,408.6353431517559,414.58071730061084,390.041044475258,406.2511901855469,2827000
2026-02-12,424.77563372558586,458.71218471910714,424.76564851008715,430.1125183105469,6436900
2026-02-13,415.03955244450003,430.60129735948135,401.52279788452773,424.9451904296875,3856100
2026-02-17,418.96990077861864,428.1772740813031,410.59050885159235,414.91986083984375,2839300
2026-02-18,417.91250339021695,433.8832467459793,416.2765110683307,423.0997619628906,2865600
2026-02-19,419.13952354652145,423.0698324742527,401.1736843124215,407.96697998046875,3518300
2026-02-20,402.0914103303275,415.9672989294129,398.15111619219016,410.1017150878906,2962600
2026-02-23,409.3934294259903,421.9525470036815,401.16366372668494,406.4007873535156,2402300
2026-02-24,409.1041451133629,412.78509741439905,393.0835364805374,395.0487060546875,3119300
2026-02-25,408.25625078199573,425.45395788422366,407.29858337772276,420.81536865234375,3385600
2026-02-26,412.6753822342529,415.4784879649364,392.2555859417723,408.6652526855469,3077500
2026-02-27,399.0189538375982,414.58069912581055,395.2482259415421,406.8397216796875,3605500
2026-03-02,392.62467136786563,406.70008079179,373.6114206568623,378.58917236328125,4224400
2026-03-03,360.3739764824454,365.08240133691606,349.24134406104287,356.7428894042969,5712500
2026-03-04,366.59865015810124,389.54223914758785,363.78555933226573,374.0902404785156,3774200
2026-03-05,370.07011270652055,377.22250988449986,351.69527782759087,366.43902587890625,3394900
2026-03-06,355.4360933178114,369.4316813999193,350.28874534629074,351.9346923828125,2415600
2026-03-09,341.5801857828855,373.74110343386377,341.1612024902892,373.4118957519531,2929900
2026-03-10,377.0030862885792,397.3131674366912,377.0030862885792,383.3475036621094,3487000
2026-03-11,383.05820684224074,390.28044037540485,375.22745355652887,385.02337646484375,1970100
2026-03-12,381.77134367448366,384.0557356651315,367.7857405714634,373.0627746582031,2058300
2026-03-13,377.1427390801121,394.0212234250834,376.2150273381759,382.7688903808594,2913500
2026-03-16,396.52508149589244,409.7924494040718,394.6596727757926,397.80194091796875,3120200
2026-03-17,399.0189499746961,420.27668209917965,396.52508153735425,420.0572204589844,3469200
2026-03-18,418.50105324240604,421.70317182452925,404.11640655483694,405.7723388671875,3830800
2026-03-19,395.4277668592717,436.3870589678427,387.4174627874476,433.5340881347656,4157000
2026-03-20,432.43680558003473,438.6515369517908,408.24628070041337,410.221435546875,8620000
2026-03-23,418.9699014127051,424.13718955720657,394.2207532432445,403.0290832519531,3864800
2026-03-24,401.87192149935214,425.2344944526596,394.0312137322785,423.917724609375,3759700
2026-03-25,409.8677504228325,422.2289314891361,388.7328266311164,412.9255676269531,3452500
2026-03-26,401.37381075125364,406.3602454913865,377.0611294139086,378.5201110839844,4111900
2026-03-27,378.26028310021655,387.7934940600291,375.81201661138016,379.7991943359375,2322500
2026-03-30,392.7799332261147,399.12541480352314,351.16961854631234,362.1717529296875,4159300
2026-03-31,370.8255802415587,391.73068734376466,367.7377856465807,391.4808654785156,3605200
2026-04-01,396.2074815978595,427.8749041517493,396.0276171711808,422.8185119628906,3716000
2026-04-02,400.7142690721365,429.1040293010614,399.7149816180913,429.0540466308594,2376300
2026-04-06,450.5587615448293,469.8949811408853,449.46954180838065,452.9770202636719,4887400
2026-04-07,447.82069445233947,468.51592909410823,444.682917207527,468.3860168457031,4276700
2026-04-08,502.84148885315466,516.8115087707059,487.3225549926038,495.9463806152344,5424600
2026-04-09,503.6408870104882,508.3475224752647,492.8485944871683,500.4131774902344,3092200
2026-04-10,504.3104261512263,509.186923439074,494.24759390460633,502.7715148925781,3435200
2026-04-13,499.7236692199673,514.3832299591656,495.2968330057588,512.914306640625,2880000
2026-04-14,519.6295098297105,533.8493517063699,501.0927385523884,533.0599365234375,3568600
2026-04-15,520.4589013699933,525.6252004257896,502.7514959821884,519.229736328125,3841400
2026-04-16,511.3953888162437,531.68091318753,505.63948296688636,531.4310913085938,3122700
2026-04-17,544.0621045804334,553.1756019189797,537.1370493588737,547.3597412109375,3449100
2026-04-20,550.3775850304745,552.6059765941625,531.2312027529994,539.3654174804688,2915800
2026-04-21,542.6231180297316,567.2955289760789,535.6481107598389,559.5010986328125,3563000
2026-04-22,579.59677016842,585.5824927158412,562.8986535812451,579.4668579101562,3233300
2026-04-23,573.8308228152155,607.4568703313289,572.6017187534427,587.2012939453125,3175700
2026-04-24,592.2776917275844,599.5524727451267,578.0078374749054,585.832275390625,2704100
2026-04-27,598.8829788183422,602.4803893594016,576.9486063747045,595.4354248046875,2919500
2026-04-28,565.6366963180635,592.4176511423731,552.8058784794557,578.6174926757812,5956800
2026-04-29,667.5040210765019,696.5033628161069,631.5496776180482,642.8416137695312,10896900
2026-04-30,654.7131653003852,680.1450439219358,638.594653332388,673.1600341796875,6479300
2026-05-01,666.5347589711158,727.4812932739582,662.8273804233922,726.4120483398438,7378700
2026-05-04,741.6311486073918,748.4663016160259,728.6604169965859,738.0137329101562,6022100
2026-05-05,754.4620303718394,791.4456689305878,752.0537744357273,770.4606323242188,6522500
2026-05-06,768.2521791556793,786.788949149876,752.2635799599663,785.859619140625,5575000
2026-05-07,770.7404409208046,770.7404409208046,741.4813343706295,765.8939208984375,4900900
2026-05-08,779.4442637763092,801.5585014215014,771.4499636350138,782.0823974609375,4874000
2026-05-11,792.6848035262382,840.7105579822172,789.9167576543281,833.415771484375,6078600
2026-05-12,814.1195143195843,832.4664176378211,766.4234818838573,808.2236938476562,3798100
2026-05-13,826.9103702045378,831.3971611252892,794.4435305034516,816.767578125,2511700
2026-05-14,811.90105437255,838.0024378966281,795.6026783719547,804.1865844726562,2360000
2026-05-15,771.0202635903979,807.0545683958892,765.2244082895104,794.9031982421875,2784800
2026-05-18,800.4293053267845,800.4293053267845,709.6040477909667,740.3121948242188,4945800
2026-05-19,718.9973489595095,745.4484594434099,694.6447177999769,732.8274536132812,3639300
2026-05-20,756.6204776408808,764.4249103799967,740.472018883216,750.5348510742188,2269100
2026-05-21,752.9331225609768,810.9318080349432,752.9331225609768,809.882568359375,3483500
2026-05-22,814.1394511955733,823.4128681124513,799.2401019839009,812.15087890625,2531400
2026-05-26,830.577778139196,862.0353902590389,816.3978860089397,845.1574096679688,3437900
2026-05-27,880.5121860969799,888.3166188879176,845.4671668013741,870.0396118164062,3794300
2026-05-28,888.8862471603453,904.7449350958946,865.3929879953836,880.0924682617188,2838100
2026-05-29,892.193840591714,903.5257262404301,866.4022336713708,879.173095703125,4674500
2026-06-01,884.6991854827811,940.1196290701286,882.290868544919,920.6035766601562,3358000
2026-06-02,929.2174576816706,953.040437328986,914.3380522919315,925.9497680664062,2561900
2026-06-03,939.6500438892255,966.1111577821978,918.3452267398724,940.019775390625,2902300
2026-06-04,890.9147370802443,940.8191560741952,884.3694163104046,925.3302001953125,2534400
2026-06-05,888.5464535607956,910.0111295828327,843.0289200506398,846.8661499023438,3611300
2026-06-08,882.0910365645836,894.2823563159978,853.6014010485428,876.1453247070312,2483100
2026-06-09,909.3416212141584,910.6406827641787,801.3186669976956,845.4072265625,3137600
2026-06-10,821.2743818799614,854.9004294957036,805.8353783373573,815.4085693359375,3455000
2026-06-11,837.7726409185683,869.6299307055643,820.894660719388,867.4714965820312,2755000
2026-06-12,879.5628433081799,945.5657687021452,867.521441456745,930.3765869140625,3189700
2026-06-15,1031.78435294758,1031.78435294758,990.0741022973654,1018.0740966796875,5774200
2026-06-16,1043.286123932515,1096.2183518080867,1011.4487788654429,1030.6051025390625,5804300
2026-06-17,1043.5059045635385,1093.2204544816962,1043.1561783577652,1065.310302734375,4593000
2026-06-18,1132.5524299528465,1144.184150716912,1052.7793553063827,1069.4674072265625,8424500
2026-06-22,1088.2240501849062,1127.186258715229,1068.1982903369196,1093.260498046875,6876000
2026-06-23,983.5587293573003,1044.1355330265912,982.2996173424264,1037.8499755859375,5211300
2026-06-24,1027.719970703125,1035.8599853515625,953.0599975585938,993.25,4259600
2026-06-25,1111.0,1111.0,1001.3300170898438,1025.3599853515625,5544900
2026-06-26,994.5900268554688,996.47998046875,880.489990234375,899.9000244140625,9311400
2026-06-29,915.989990234375,987.5700073242188,880.010009765625,968.530029296875,5391300
2026-06-30,967.9600219726562,998.489990234375,939.469970703125,965.0,4187700
2026-07-01,896.739990234375,936.6500244140625,886.2000122070312,915.1900024414062,3599800
2026-07-02,900.75,923.0599975585938,795.6599731445312,820.1599731445312,6294100
2026-07-06,863.6199951171875,886.8900146484375,848.0,868.260009765625,3461400
2026-07-07,821.2899780273438,837.75,786.010009765625,827.6400146484375,4146000
2026-07-08,811.27001953125,862.4099731445312,811.27001953125,860.02001953125,4935900
2026-07-09,922.2899780273438,937.5399780273438,888.1699829101562,890.0900268554688,4556500
2026-07-10,861.6300048828125,927.280029296875,861.6300048828125,910.3400268554688,4051300
2026-07-13,869.5999755859375,877.72998046875,840.010009765625,860.6599731445312,4143400
2026-07-14,901.1400146484375,906.2999877929688,868.9299926757812,878.3099975585938,3771500
2026-07-15,889.02001953125,893.0,788.969970703125,828.2999877929688,4730800
2026-07-16,785.1099853515625,798.9600219726562,739.469970703125,745.489990234375,6220300
2026-07-17,720.9400024414062,808.6500244140625,700.3900146484375,787.6599731445312,7013100
2026-07-20,810.02001953125,831.6400146484375,797.010009765625,802.4500122070312,4867500
2026-07-21,864.0,899.9500122070312,844.8699951171875,891.8300170898438,6062900
2026-07-22,861.7100219726562,921.3800048828125,855.1900024414062,908.0999755859375,5263500
2026-07-23,905.0,936.489990234375,905.0,913.3599853515625,4559600
2026-07-24,879.2100219726562,906.0,835.5,851.6900024414062,5226300
2026-07-27,855.989990234375,871.0,781.1699829101562,816.989990234375,4636600
2026-07-28,774.8099975585938,777.0999755859375,698.989990234375,747.2999877929688,8941600
2026-07-29,786.8499755859375,814.969970703125,747.5499877929688,764.4299926757812,9280100
2026-07-30,878.9099731445312,901.1799926757812,831.0,851.6799926757812,7380100
2026-07-31,901.6799926757812,921.780029296875,837.72998046875,856.1300048828125,6130400
2026-08-03,818.010009765625,839.6300048828125,782.0800170898438,831.0599975585938,5329400
2026-08-04,880.8900146484375,885.0,833.969970703125,845.3499755859375,5027400
2026-08-05,848.1300048828125,884.9000244140625,836.5599975585938,837.6599731445312,4235900
2026-08-06,784.010009765625,874.969970703125,767.6900024414062,852.9500122070312,5562100
2026-08-07,862.6799926757812,862.6799926757812,761.7999877929688,812.760009765625,5970700
2026-08-10,802.9500122070312,826.9000244140625,786.0,800.989990234375,4069300
2026-08-11,805.0,826.9000244140625,794.010009765625,820.52001953125,3182400
2026-08-12,861.3499755859375,892.0,849.5999755859375,878.2100219726562,4732300
2026-08-13,872.3099975585938,934.77001953125,861.5499877929688,921.3699951171875,4590100
2026-08-14,941.260009765625,990.6099853515625,920.0,973.4400024414062,5246900
2026-08-17,990.3300170898438,1013.989990234375,978.6300048828125,994.7899780273438,4330500
2026-08-18,929.5,961.27001953125,898.6799926757812,903.6799926757812,4603900
2026-08-19,911.4000244140625,915.1599731445312,829.1099853515625,832.5599975585938,5970300
2026-08-20,833.6799926757812,869.7100219726562,827.5999755859375,850.239990234375,3239600
2026-08-21,862.6400146484375,869.989990234375,834.5,850.0,2843500
