Date,open,high,low,close,volume
2010-01-04,9.988492752643548,10.181640443748329,9.988492752643548,10.08046817779541,5172900
2010-01-05,10.034482257256803,10.319605424432996,9.95170453526556,10.117259979248047,6131900
2010-01-06,10.034479623299935,10.246022732543121,9.979295074553077,10.02528190612793,5843800
2010-01-07,9.93330819926656,10.098862736540186,9.896518204634349,10.08046817779541,4347200
2010-01-08,9.997690174718597,10.190837860107422,9.997690174718597,10.190837860107422,4084500
2010-01-11,10.494358296810171,10.613926026679927,10.36559372398341,10.595531463623047,7892800
2010-01-12,10.613921326105846,10.641513597042845,10.108058347500977,10.172441482543945,5991400
2010-01-13,10.301208744459668,10.374788738001737,9.868925624542971,10.034481048583984,6349700
2010-01-14,9.951702205428468,10.089665335495654,9.7677522424815,9.933307647705078,5130900
2010-01-15,9.93330929608174,9.997691574511402,9.409050718256857,9.501026153564453,5314700
2010-01-19,9.56540648740297,9.730961886443097,9.445839673810191,9.712567329406738,5055300
2010-01-20,9.574609289662458,9.638991589197662,9.445844690592052,9.565411567687988,6742500
2010-01-21,9.55621326785695,9.813743303930076,9.381460085521574,9.593003273010254,7504500
2010-01-22,9.519420623392948,9.519420623392948,8.939977545024949,8.976767539978027,6836600
2010-01-25,9.059548170647954,9.298682776419879,8.99516500085213,9.11473274230957,3992700
2010-01-26,9.087139431893332,9.427447175913052,9.00436170659124,9.307879447937012,6601200
2010-01-27,9.298680451518145,9.473433598087514,9.114730463399916,9.436643600463867,6750500
2010-01-28,9.914915182881153,9.914915182881153,8.516894168560256,8.728436470031738,15228400
2010-01-29,8.958376151841057,9.142326209725695,8.489302846377926,8.590476036071777,9828100
2010-02-01,8.608867007064092,8.912384695069568,8.59047244753121,8.866397857666016,7691500
2010-02-02,8.8939916145837,9.197509353063362,8.82041160993062,9.013559341430664,5874400
2010-02-03,9.01355882704409,9.14232338926721,8.792818825682062,8.848003387451172,4865900
2010-02-04,8.79281779021575,8.79281779021575,8.25936153403126,8.34213924407959,8511400
2010-02-05,8.342140124371571,8.599670999951426,8.2317701250414,8.553683280944824,7401200
2010-02-08,8.544486154060586,8.783621607758727,8.461708429538703,8.507696151733398,4570000
2010-02-09,8.73762929859503,8.765221566569672,8.461703987421446,8.572073936462402,6137400
2010-02-10,8.553684980553491,8.682449566786028,8.443314959292906,8.608869552612305,4853600
2010-02-11,8.572076815050389,8.97676764124212,8.526089978697279,8.939977645874023,4922500
2010-02-12,8.820411136041981,9.151521139191502,8.69164569624577,9.022756576538086,4757300
2010-02-16,9.068743991984933,9.335471730656758,9.050349429219386,9.307879447937012,3847400
2010-02-17,9.317076531763178,9.381458812761139,9.15152109246237,9.197508811950684,2417400
2010-02-18,9.114732612285401,9.206708066599976,9.059548041411007,9.169918060302734,3525600
2010-02-19,9.11472948303631,9.298679451369217,9.050347213405452,9.261889457702637,3482300
2010-02-22,9.307879666807095,9.34466967034614,9.169917372821395,9.234299659729004,2293400
2010-02-23,9.234297819750623,9.234297819750623,8.774422428573514,8.866397857666016,4057900
2010-02-24,8.903186974959805,9.261889183295862,8.838803830093822,9.17911148071289,4306700
2010-02-25,8.967572386307138,9.234300145275686,8.857202369886663,9.225102424621582,4439000
2010-02-26,9.280288947108225,9.280288947108225,8.99516571378202,9.188313484191895,4775800
2010-03-01,9.243499737830723,9.574609854145253,9.243499737830723,9.556215286254883,4227300
2010-03-02,9.510222314936359,9.81373997374134,9.510222314936359,9.74015998840332,6375700
2010-03-03,9.813741619003714,9.87812389768244,9.629791624819665,9.675779342651367,4719900
2010-03-04,9.767751877658393,9.786147311837333,9.501024222061847,9.712567329406738,4797100
2010-03-05,9.786148832455732,9.97009881711524,9.666581123141372,9.841333389282227,3330200
2010-03-08,9.841334069652104,9.887321788281971,9.73096407122609,9.776951789855957,2809300
2010-03-09,9.684972212092852,9.979292959210811,9.657379943568243,9.942502975463867,6680600
2010-03-10,9.887321149947285,10.11725885110885,9.887321149947285,10.01608657836914,3948300
2010-03-11,9.97929372827763,9.97929372827763,9.74935609285319,9.804540634155273,6256200
2010-03-12,9.795349591258649,9.878127336746182,9.54701723193912,9.648189544677734,6621700
2010-03-15,9.59299997212191,9.63898680488259,9.243494604856574,9.372259140014648,5354800
2010-03-16,9.399853624009229,9.795345880068409,9.390655905296919,9.767753601074219,8933000
2010-03-17,9.795345159581387,10.108060555656522,9.776950600652498,10.043678283691406,5969300
2010-03-18,9.997687512513084,10.071267480006973,9.850527577525304,9.942502975463867,3122700
2010-03-19,9.804540634155273,9.98849056706633,9.510220741497582,9.804540634155273,5946300
2010-03-22,9.730963775270158,10.227629191653111,9.657383778557332,10.21843147277832,7822700
2010-03-23,10.218431942446394,10.577135100765497,10.190839661696552,10.55873966217041,5073500
2010-03-24,10.475963410725738,10.475963410725738,10.17244567393185,10.200037956237793,3958200
2010-03-25,10.393185375323053,10.46676537736327,10.264419933181266,10.292012214660645,5553600
2010-03-26,10.328800979294737,10.439171846286179,10.052876443244259,10.227628707885742,3537000
2010-03-29,10.282814141381463,10.347196416174214,10.163246433092992,10.227628707885742,2851500
2010-03-30,10.264423133587162,10.383990893468965,10.172448540930988,10.338003158569336,2749100
2010-03-31,10.301212894878443,10.46676838562273,10.2184351495063,10.27362060546875,2749500
2010-04-01,10.402386338286053,10.577138678332943,10.200040831013531,10.338003158569336,2667300
2010-04-05,10.36559430776851,10.567938898504474,10.31040886120412,10.549544334411621,5412600
2010-04-06,10.448366916412008,10.595527755073494,10.356392379033958,10.540342330932617,3318800
2010-04-07,10.512752492869522,10.696702487382943,10.411579338030068,10.687504768371582,4934200
2010-04-08,10.595529445371803,10.6415162828258,10.264418601989746,10.264418601989746,4244800
2010-04-09,10.301207840737801,10.347195551952785,9.979295616518185,10.190837860107422,6394000
2010-04-12,10.23682906791825,10.604729129016551,10.135656770401951,10.475964546203613,5430200
2010-04-13,10.531146138566093,10.623121566401288,10.39318387395599,10.512751579284668,3505300
2010-04-14,10.816268572912016,11.331328479921561,10.770280861929077,11.312933921813965,13229100
2010-04-15,11.340527862512157,11.414107860030493,11.128985588932634,11.211762428283691,4938700
2010-04-16,11.14738247507843,11.248554773484935,10.88985243004364,11.083000183105469,5568900
2010-04-19,10.981825435879786,11.128986317695801,10.613925424196792,10.972628593444824,5062400
2010-04-20,11.055405305647671,11.220959857213193,10.917442156009876,11.165775299072266,2901800
2010-04-21,11.220956887617982,11.460092248656125,10.85305700689969,11.20256233215332,7726900
2010-04-22,11.414110808487823,12.297071883934338,10.85306296319671,12.01194953918457,19831200
2010-04-23,11.984354815908299,11.99355253606304,11.653244784623478,11.883182525634766,9045100
2010-04-26,11.901574756383999,12.269475596188222,11.901574756383999,12.048735618591309,9209900
2010-04-27,11.993549493685663,12.223487176369163,11.570464122462317,11.588859558105469,11530500
2010-04-28,11.690030958885533,11.772808658877599,11.36811787605919,11.552068710327148,7340200
2010-04-29,11.644045724634143,11.717625723119763,11.358923449788055,11.680835723876953,5444900
2010-04-30,11.717626453503208,11.717626453503208,11.202566431999124,11.248553276062012,5911800
2010-05-03,11.460098683807047,12.021146536231395,11.450900962338697,11.938368797302246,7010300
2010-05-04,11.846391225926864,11.846391225926864,11.009418080570216,11.138182640075684,8643200
2010-05-05,10.991023750477677,11.17497376627766,10.715098288206269,10.926641464233398,8626200
2010-05-06,10.816272068117392,10.99102437375143,9.46423784031699,10.393186569213867,9797200
2010-05-07,10.383989166306906,10.549544633551609,9.776953622600253,10.126459121704102,9364800
2010-05-10,10.770279505851887,10.935834893688469,10.59552727869079,10.917439460754395,7146600
2010-05-11,10.678305995426149,11.000219111909328,10.485158300964775,10.72429370880127,5995600
2010-05-12,10.80707244193285,11.230157866234656,10.80707244193285,11.211762428283691,5402900
2010-05-13,11.06460851864281,11.294546356636221,10.742696071737981,10.78868293762207,5664700
2010-05-14,10.632320820525166,10.632320820525166,10.006889926040506,10.292012214660645,8097400
2010-05-17,10.264418199185458,10.466763609184708,9.942505963926711,10.411578178405762,6095800
2010-05-18,10.558739437384267,10.641517155014318,9.933309449893555,9.970099449157715,9945000
2010-05-19,9.896517374290204,10.292009564117972,9.749357408108468,10.02528190612793,6453100
2010-05-20,9.675780204055892,10.043680225176981,9.409051592314553,9.694174766540527,12163300
2010-05-21,9.41825209430843,10.20004096656209,9.317079777899231,9.988497734069824,9116400
2010-05-24,9.795345193128643,10.09886287220749,9.694172925816584,9.850530624389648,5741200
2010-05-25,9.390654786754524,9.878122417587933,9.353864793430164,9.85972785949707,6657900
2010-05-26,9.970097839470146,10.236825510357404,9.79534471332247,9.85972785949707,7154800
2010-05-27,10.144850496783297,10.411578178405762,10.071270507173145,10.411578178405762,5253700
2010-05-28,10.411578038214023,10.475961186112986,9.951702670771457,10.098862648010254,4614200
2010-06-01,10.006889738509125,10.200037459530765,9.684976577758789,9.684976577758789,5672900
2010-06-02,9.822937391199336,10.034479623299935,9.684974265047018,10.02528190612793,4435500
2010-06-03,10.117255699372624,10.347193328903819,10.043675728094037,10.319601058959961,5800700
2010-06-04,10.006890820353167,10.20923628261872,9.611397616184785,9.666583061218262,6400600
2010-06-07,9.749360586418506,9.887322880404206,9.179114215849001,9.234299659729004,9155500
2010-06-08,9.271088934797948,9.317076654894016,8.848003488771173,9.14232349395752,7709700
2010-06-09,9.353866859438652,9.547014586338141,9.02275684638645,9.087139129638672,5191000
2010-06-10,9.289481647568392,9.501023869930426,9.188308517619117,9.455036163330078,5400400
2010-06-11,9.215904739083111,9.740162488466373,9.215904739083111,9.694174766540527,4931100
2010-06-14,9.8781278243416,10.062077891647725,9.767757783957924,9.795350074768066,3986700
2010-06-15,10.00689036222253,10.871455862451317,9.86892719452645,10.825469017028809,12406700
2010-06-16,10.70589752607509,10.97262517062754,10.429972164814009,10.807069778442383,6495100
2010-06-17,10.972624682064406,10.981821521220999,10.494353960221506,10.816267013549805,6637000
2010-06-18,10.862260350768484,10.963432651096156,10.761087173297852,10.853062629699707,4269300
2010-06-21,11.046208996781242,11.092196719196767,10.567938087088327,10.669111251831055,3704400
2010-06-22,10.733491775729982,10.908244039663467,10.383986370720308,10.4207763671875,4679500
2010-06-23,10.448369235064058,10.51275239037311,10.052876970001831,10.374789237976074,6623300
2010-06-24,10.246027074666827,10.282817081803353,9.813743832955414,9.89652156829834,6320100
2010-06-25,9.988492600104806,9.988492600104806,9.473432683119546,9.786148071289062,8100000
2010-06-28,9.730962260665297,10.22762759974328,9.675777710291417,9.914912223815918,5539100
2010-06-29,9.648188160965521,9.648188160965521,9.068744902797759,9.151522636413574,7750000
2010-06-30,9.142321598764028,9.390654709517921,8.921581640633425,8.967569351196289,5766700
2010-07-01,8.939977579108637,9.068742123363995,8.507694478904874,8.78361988067627,9641300
2010-07-02,8.829606266052428,8.866396255613374,8.544483189098193,8.71923542022705,4724100
2010-07-06,8.866399641426199,9.114731946507629,8.608868739013689,8.728436470031738,4882900
2010-07-07,8.774423110099434,9.151520819811719,8.700843111967416,9.133126258850098,5974800
2010-07-08,9.252692343008674,9.289482335585259,9.022754670119362,9.17911148071289,5820000
2010-07-09,9.22510187866069,9.418249615251364,9.096337305695485,9.409051895141602,3003100
2010-07-12,9.372260446765438,9.56540815357526,9.271088172586094,9.436643600463867,3625300
2010-07-13,9.620593880701266,9.878123871886412,9.537816164248921,9.832136154174805,4307300
2010-07-14,9.905717898181992,10.034482466504308,9.473434717181615,9.537817001342773,8611800
2010-07-15,9.482630843937198,9.574605394838727,9.197507718714272,9.427445411682129,6784300
2010-07-16,9.344668534193957,9.353866253246151,9.087138540731894,9.133126258850098,5577700
2010-07-19,9.169917372821395,9.34466967034614,9.068744205231866,9.234299659729004,3404600
2010-07-20,8.939982033981057,9.372264472452326,8.820414271060352,9.363067626953125,4498400
2010-07-21,9.519423142676606,9.519423142676606,8.921584470044717,8.985967636108398,6076200
2010-07-22,9.15152076576332,9.436643914698042,9.050348488215006,9.326273918151855,5742700
2010-07-23,9.381461748159802,9.39065947036393,9.114733944241541,9.335474014282227,5801200
2010-07-26,9.418247253442658,9.804542629752927,9.280284994964411,9.786148071289062,6272300
2010-07-27,9.914911952784678,9.924109669976437,9.537814319348486,9.657382011413574,4990300
2010-07-28,9.53781937680521,9.657387132271452,9.243499287745571,9.39065933227539,7324900
2010-07-29,10.209234735581223,10.337999292575747,9.933309306511479,10.181641578674316,22630000
2010-07-30,9.970101582571393,10.006891589707921,9.684978369406089,9.89652156829834,7352500
2010-08-02,10.190842628667532,10.402385848385974,10.080472596392147,10.347200393676758,7572000
2010-08-03,10.301212285512825,10.328804573290302,10.07127450736681,10.163249969482422,4883800
2010-08-04,10.20003691217149,10.31040690724073,10.025283762121465,10.21843147277832,3794400
2010-08-05,10.12645775421523,10.356395482273834,10.016087750004237,10.25522232055664,7651500
2010-08-06,10.098864008010887,10.255221724169258,9.960901730055982,9.970099449157715,6296500
2010-08-09,10.071271135447994,10.108061132548135,9.979296581268999,10.01608657836914,4397200
2010-08-10,9.924113222548081,9.924113222548081,9.491830008357903,9.611397743225098,6254300
2010-08-11,9.280286856538162,9.326274577636674,9.031953688891893,9.087139129638672,8263400
2010-08-12,8.811210718079291,9.087136074768257,8.636458489223712,8.792816162109375,10911900
2010-08-13,8.737636693737059,8.995166792794496,8.737636693737059,8.8388090133667,5305100
2010-08-16,8.811209861453168,8.838802131296784,8.654852203768602,8.737629890441895,8482500
2010-08-17,8.857199002494966,9.00435896844063,8.756026745192967,8.921581268310547,8294400
2010-08-18,8.90319194630706,9.11473430245739,8.866401933187738,9.068746566772461,7338100
2010-08-19,9.050348704353699,9.206706422480593,8.857200986499464,8.903188705444336,5829200
2010-08-20,8.829609637816251,8.939979648646094,8.673251903188254,8.728436470031738,4786800
2010-08-23,8.866396823732298,8.912383655773207,8.691643704263505,8.710039138793945,6140800
2010-08-24,8.544486865218667,8.590474591240923,8.332944553516374,8.424919128417969,5082000
2010-08-25,8.314544055366838,8.627259349554073,8.277754072353185,8.572073936462402,8326300
2010-08-26,8.645657510182032,8.6548552290591,8.30534980601528,8.332942962646484,4758200
2010-08-27,8.424914004407794,8.618061634515064,8.130594140298577,8.572073936462402,7684200
2010-08-30,8.581271651501412,8.71923386851701,8.480099417499463,8.572073936462402,8658000
2010-08-31,8.489297973060404,8.5444833973179,8.194978049400582,8.259360313415527,5654000
2010-09-01,8.45250738918049,8.673248193570439,8.37892741343134,8.516890525817871,4020400
2010-09-02,8.58127570935505,9.02275659142565,8.58127570935505,9.004361152648926,8393500
2010-09-03,9.151519205566105,9.215902350432088,8.985964677542777,9.17911148071289,7209800
2010-09-07,9.12392783112524,9.261890097621293,8.792817865249093,8.866397857666016,4313800
2010-09-08,8.710040999281597,8.77442327960517,8.434115562384775,8.553683280944824,8518300
2010-09-09,8.645656890567949,8.746830036679349,8.461706911923613,8.535286903381348,5691700
2010-09-10,8.48010359030777,8.866399040606883,8.369733586956997,8.774423599243164,8185700
2010-09-13,8.857199611737785,9.243494987487793,8.78361962370375,9.243494987487793,10431300
2010-09-14,9.013558930259896,9.473434376934962,8.829608927018429,9.14232349395752,9563600
2010-09-15,9.087141749427447,9.372264123580845,9.004364003014176,9.317079544067383,6833300
2010-09-16,9.317079763678397,9.59300529917872,9.243499737830723,9.556215286254883,7811100
2010-09-17,9.638992895195884,9.703376080597483,9.353870492500098,9.473438262939453,7590600
2010-09-20,9.519423262703647,9.620595557589505,9.409052370100824,9.593003273010254,3910700
2010-09-21,9.602202415466309,9.749363348456711,9.519425541909555,9.602202415466309,4765700
2010-09-22,9.519425176218487,9.593005201315533,9.344671958755686,9.574609756469727,7324100
2010-09-23,9.38145869366015,9.767754129029342,9.25269413329894,9.5838041305542,5572600
2010-09-24,9.75855898874535,10.24602770995787,9.730966700967873,10.163249969482422,7051300
2010-09-27,10.108062314941986,10.466765486484825,10.016087750004237,10.25522232055664,5619900
2010-09-28,10.347198531408427,10.494358547956708,10.062075341488969,10.485160827636719,5259800
2010-09-29,10.393186569213867,10.705902052378592,10.365594284564896,10.393186569213867,8777500
2010-09-30,10.48515769497359,10.577133116408104,9.988492348941003,10.246023178100586,9312900
2010-10-01,10.246028063053654,10.420780394523964,10.080472576397431,10.209238052368164,5160700
2010-10-04,10.23682597672942,10.23682597672942,9.841332872617613,10.043678283691406,5488400
2010-10-05,10.163248358907067,10.411580663837043,10.144852918541874,10.383988380432129,8118000
2010-10-06,10.328802323363968,10.356395482273834,9.970100028963952,10.25522232055664,7523600
2010-10-07,10.282818327653002,10.34720062865664,10.126460559092969,10.27362060546875,4191000
2010-10-08,10.052875431128854,10.126455416953368,9.666580066978838,10.071269989013672,14276900
2010-10-11,10.043678054255345,10.42077571368124,9.96090034810963,10.310405731201172,4575000
2010-10-12,10.356394677275455,10.494356952529737,10.30120924088809,10.374789237976074,4805700
2010-10-13,10.420778649425056,10.540346383415438,10.282816351743868,10.448370933532715,3815200
2010-10-14,10.411580045807918,10.448370047211583,10.200037757022557,10.25522232055664,5303500
2010-10-15,10.393186255865487,10.485160827636719,10.144853070083098,10.485160827636719,5517400
2010-10-18,10.531148065180204,10.531148065180204,10.319605770458551,10.49435806274414,2558400
2010-10-19,10.273616320337625,10.512751734526288,10.117258616994476,10.264418601989746,4640500
2010-10-20,10.282813343941582,10.540343300283652,10.282813343941582,10.365591049194336,4802200
2010-10-21,10.420776955441752,10.420776955441752,10.209234683099487,10.374789237976074,6005700
2010-10-22,10.429974725963016,10.669110156253401,10.301209291850633,10.531147003173828,5853600
2010-10-25,10.641518265832993,10.853061441540998,10.641518265832993,10.751888275146484,4979000
2010-10-26,10.68750209265783,10.889847474534962,10.512749860906588,10.807069778442383,6361500
2010-10-27,10.650720173686828,10.954238037925842,10.650720173686828,10.935843467712402,5807100
2010-10-28,9.933307734878362,10.337997656913194,9.850530031540126,10.071269989013672,20240600
2010-10-29,10.117263083622815,10.39318861587751,10.052880781049184,10.338003158569336,9028400
2010-11-01,10.466768640859682,10.531150943433312,10.236830843504618,10.338003158569336,4027800
2010-11-02,10.466768619708724,10.49436090973551,10.190843088011613,10.356398582458496,7086600
2010-11-03,10.356392746500719,10.58633041381836,10.3196027548156,10.58633041381836,5714600
2010-11-04,10.705899619205047,10.899047322136207,10.623121906928446,10.733491897583008,7339300
2010-11-05,10.724297899454285,10.954235679038273,10.678310168108885,10.908247947692871,4303100
2010-11-08,10.889850363070298,11.174972639526214,10.825468083317563,11.138182640075684,4342200
2010-11-09,11.092199449447858,11.119791738831642,10.687508445151376,10.742693901062012,10119300
2010-11-10,10.733493536927082,10.807073541934784,10.374790354657396,10.669111251831055,6651500
2010-11-11,10.475964837309432,10.889852636831856,10.365594815912981,10.853062629699707,5460100
2010-11-12,10.788678118252026,10.908245845854136,10.595531262674982,10.650715827941895,3700500
2010-11-15,10.779478838323115,11.055404233701898,10.705898849841127,10.834663391113281,6598300
2010-11-16,10.715098895832973,10.871456637415335,10.3563965639676,10.393186569213867,6675600
2010-11-17,10.420776955441752,10.604726948161714,10.310406959809777,10.374789237976074,4134900
2010-11-18,10.521948296236339,10.788675981240836,10.485158300964775,10.72429370880127,3534500
2010-11-19,10.678310168108885,10.917445669390556,10.66911332355422,10.908247947692871,2020600
2010-11-22,11.174970679287052,11.598056037324714,11.03700842483368,11.524476051330566,8999300
2010-11-23,11.331328368810272,11.763611444382859,11.276143817885972,11.524476051330566,11561300
2010-11-24,11.59805638154636,11.81879722322285,11.561266387457387,11.763611793518066,7153800
2010-11-26,11.579664715344492,11.717627008351544,11.533676991961187,11.570466995239258,2053400
2010-11-29,11.460099702025335,11.524482003738088,10.742694029470268,11.000224113464355,20208500
2010-11-30,10.963433400735957,11.092198873074476,10.77948335249737,10.908247947692871,6468900
2010-12-01,11.202566401325267,11.404910970647844,11.110590959165677,11.285344123840332,6290600
2010-12-02,11.303734489765072,11.552067565122984,11.257746785757034,11.432499885559082,4167100
2010-12-03,11.349727022392596,11.726824776834208,11.266949295389729,11.708429336547852,3140000
2010-12-06,11.864787445280657,12.674168423452633,11.827997440688426,12.398242950439453,10853000
2010-12-07,12.54540344918976,12.977685770191366,12.361452554903346,12.389045715332031,8771400
2010-12-08,12.609783712595545,12.839721416415928,12.416636006300713,12.756943702697754,6355700
2010-12-09,12.802933299533377,12.89490874542904,12.462625553147996,12.600587844848633,11524300
2010-12-10,12.766142405263125,12.968487845819975,12.664970123556099,12.931697845458984,4192300
2010-12-13,13.01447155649302,13.05126154800053,12.609781649910385,12.637373924255371,4447600
2010-12-14,12.766138562013769,12.784533118085179,12.545398626301637,12.563793182373047,3679700
2010-12-15,12.490215771797383,12.674165756044374,12.435031215094643,12.49941349029541,6836300
2010-12-16,12.582194940952757,12.701762685525317,12.462627196380197,12.692564964294434,3789300
2010-12-17,12.701759144980791,12.85811597660734,12.683363707646649,12.756943702697754,3113300
2010-12-20,12.848919330721786,12.867313891193275,12.655771621486071,12.701759338378906,4310700
2010-12-21,12.738552041045232,13.115649820772912,12.69256431438853,13.069662094116211,3239200
2010-12-22,13.060462408151055,13.097252408512047,12.848920125361055,12.931697845458984,3769000
2010-12-23,12.904104316203917,13.281202028344294,12.904104316203917,13.235215187072754,3874800
2010-12-27,13.143236642107222,13.281198887581823,12.996076679696298,13.134038925170898,3729400
2010-12-28,13.180031277070498,13.180031277070498,12.968488975847462,13.01447582244873,2497700
2010-12-29,13.014475664539397,13.115648830977516,12.848921089069238,12.91330337524414,4288500
2010-12-30,12.904107108847608,13.170834880803216,12.876514822684742,13.060464859008789,1959500
2010-12-31,13.060463387725555,13.097253390845909,12.894908812255396,12.91330337524414,1585900
2011-01-03,12.996079551544504,12.996079551544504,12.582191846518043,12.609784126281738,6904100
2011-01-04,12.720154122479277,12.738549560416914,12.471821850320506,12.609784126281738,4052000
2011-01-05,12.499416120925261,12.517810684649927,12.370650666281005,12.398242950439453,5896500
2011-01-06,12.425835124840189,12.499415128180685,12.306267400126174,12.435032844543457,8149800
2011-01-07,12.43503327023644,12.775341016621821,12.306267821411083,12.600587844848633,4428300
2011-01-10,12.471822525407632,12.609784808836624,12.370649365559752,12.545402526855469,3293700
2011-01-11,12.600583171658402,12.692558583443057,12.499410920409309,12.563793182373047,3521500
2011-01-12,12.683367274120451,12.876515034727076,12.628181823742997,12.830527305603027,3091800
2011-01-13,12.885709278909165,13.088053829025698,12.839721562194411,12.894906997680664,3839600
2011-01-14,12.830527598325077,13.55713092820462,12.830527598325077,13.520340919494629,5493400
2011-01-18,13.382374396309514,13.465152109152644,13.134041257780122,13.336386680603027,4898900
2011-01-19,13.373177041033653,13.382374759853358,12.96848706153681,13.032869338989258,4259600
2011-01-20,12.959289619243762,12.96848733825973,12.5270064740637,12.747746467590332,6000200
2011-01-21,12.876513671875001,12.968489120388405,12.609785923757592,12.646575927734375,4367400
2011-01-24,12.664971346300065,13.235216845521375,12.618983622123228,13.15243911743164,3786700
2011-01-25,13.124848239498682,13.198428255205142,12.839725020778918,13.005280494689941,3275500
2011-01-26,13.538734184613213,13.639906473005606,13.216821002325728,13.45595645904541,7438400
2011-01-27,14.97354344580234,15.350641128177347,14.605642604670045,15.037925720214844,19659300
2011-01-28,15.17589016068972,15.332247887062191,14.771199265204675,14.927556991577148,7089600
2011-01-31,14.918351232879324,15.396621873975432,14.89995755767156,15.341437339782715,6638000
2011-02-01,15.479407354755333,15.985269640783798,15.442618231511647,15.635765075683594,11393300
2011-02-02,15.709343021268095,16.160020686327936,15.479405329648664,15.865700721740723,7392700
2011-02-03,15.792122869469134,16.058849715644598,15.746136026630966,15.966876029968262,5748000
2011-02-04,15.957674925247069,16.665883382141825,15.957674925247069,16.36236572265625,8695900
2011-02-07,16.739464436598638,16.877426698941168,16.362366767529235,16.48193359375,7917200
2011-02-08,16.51872870470304,16.66589049278209,16.279594965503787,16.546321868896484,5745000
2011-02-09,16.435944683301212,16.77625143717596,16.380758381901153,16.518720626831055,7586600
2011-02-10,16.399162317336888,16.555520077125628,16.23360683587987,16.537124633789062,5698200
2011-02-11,16.49112635409838,16.74865536524096,16.408348670721175,16.573904037475586,3313200
2011-02-14,16.583111782175035,16.83144322821176,16.509531769592694,16.739469528198242,6268400
2011-02-15,16.66588898418358,16.675084950462995,16.261198050742323,16.435951232910156,11942100
2011-02-16,16.60150718237967,17.47527145694115,16.500335751069795,17.401691436767578,9124800
2011-02-17,17.282124561842796,17.576444642537087,17.098173634265834,17.401691436767578,5763600
2011-02-18,17.484469178748604,17.576444642537087,17.3097159729791,17.401691436767578,3387700
2011-02-22,17.13495733659842,17.13495733659842,16.57391051844572,16.62909507751465,7898100
2011-02-23,16.76706040182953,16.76706040182953,16.022062578903665,16.435951232910156,5590200
2011-02-24,16.399160908584104,16.877431868533236,16.22440772047079,16.702678680419922,5490700
2011-02-25,16.85903649988998,17.291318857322995,16.83144333713583,17.153356552124023,3368700
2011-02-28,17.254528785679756,17.5488488218412,16.89582646089372,17.134960174560547,5526200
2011-03-01,17.300513023869417,17.429279335981327,16.665886199480365,16.730268478393555,4670600
2011-03-02,16.721068318020915,17.374090485122842,16.665883766193282,17.12575912475586,4427000
2011-03-03,17.51205665385943,17.64082120875133,17.245328070971375,17.539648056030273,4732000
2011-03-04,17.46607066025168,17.650021555444297,17.217737478027377,17.456872940063477,3559900
2011-03-07,17.226929039565704,17.29131130358065,16.13242704274138,16.518720626831055,8284800
2011-03-08,16.601506208141668,17.00619717249058,16.252001571398942,16.794654846191406,5065300
2011-03-09,16.721065125298935,16.73946055715748,15.976067677877332,16.0588436126709,6267800
2011-03-10,15.78292558196853,15.976074186602979,15.433421005691145,15.608172416687012,5563700
2011-03-11,15.552990685074322,15.828915308470824,15.433423816078763,15.626570701599121,4381000
2011-03-14,15.470209888149808,15.82891217849338,15.313852164666729,15.71854305267334,4600800
2011-03-15,14.991941962644,15.764533013297372,14.78039963442095,15.626570701599121,4778900
2011-03-16,15.562182014562294,15.847304242201735,14.92755353626847,15.148293495178223,5879300
2011-03-17,15.415028373376071,15.948483931752355,15.36903976661934,15.626570701599121,3851600
2011-03-18,15.939281049138192,15.966874204257353,15.470207937824872,15.580578804016113,3922200
2011-03-21,15.902489383046898,16.41754924944998,15.874896232346956,16.16921615600586,3983500
2011-03-22,16.160019524998393,16.160019524998393,15.75532872563114,15.920884132385254,3039300
2011-03-23,15.9300831346083,16.206009419546053,15.635763167436336,16.16002082824707,2751000
2011-03-24,16.31637965231488,16.74866191454491,16.132430537323284,16.62909507751465,3825100
2011-03-25,16.72107340617438,16.859035704867456,16.481937936439675,16.610702514648438,2796100
2011-03-28,16.693473446073995,16.803844292649888,16.45433807373047,16.45433807373047,2276800
2011-03-29,16.389956098801164,16.573906928231114,16.215202986271223,16.518720626831055,2848300
2011-03-30,16.675078305560977,16.78544915407597,16.426746966401204,16.518720626831055,5259600
2011-03-31,16.518726299878832,16.711874912542072,16.343974881618905,16.38076400756836,3415100
2011-04-01,16.527920633234675,16.63829149703862,16.325576096260377,16.408353805541992,2846900
2011-04-04,16.527920658390773,16.5555138129551,16.141625265917074,16.371562957763672,3019900
2011-04-05,16.583109288531972,17.088971579682067,16.33477612555184,16.923416137695312,5638000
2011-04-06,17.06137914851865,17.144156873040533,16.638294560327417,17.015392303466797,4470400
2011-04-07,16.951010985576982,17.098171003279838,16.693480077454087,16.996997833251953,5484500
2011-04-08,17.088973374648816,17.18094882477842,16.362371002625117,16.509531021118164,3584600
2011-04-11,16.721068158441327,16.721068158441327,16.19681053536895,16.251995086669922,4026600
2011-04-12,16.16001945832588,16.178414893286053,15.369033297890867,15.433417320251465,6503600
2011-04-13,15.598979885204983,15.884104027150231,15.433426138822684,15.654166221618652,4043900
2011-04-14,15.488604364464903,15.562184361866509,15.258666653299196,15.52539348602295,4258100
2011-04-15,15.543795986877567,15.819722418225714,15.359846786931783,15.746142387390137,3011000
2011-04-18,15.516198689060882,15.543790093734502,15.221876923018966,15.451814651489258,3661200
2011-04-19,15.47940844957616,15.534593015487559,15.277063871710554,15.442619323730469,4333400
2011-04-20,16.206005208268692,16.38075654693796,15.994461251835746,16.34396743774414,4293800
2011-04-21,16.454344013752994,16.49113489398817,16.2244062751403,16.38076400756836,3339600
2011-04-25,16.334775924682617,16.537120487797296,16.24280048534482,16.334775924682617,2776000
2011-04-26,16.445148491759284,16.86823489958512,16.417557082180746,16.757863998413086,3100000
2011-04-27,16.84063069099761,16.94180380452832,16.583101680970078,16.822237014770508,3148800
2011-04-28,15.543795852222175,15.67256222078367,14.265342169671872,14.743613243103027,17319200
2011-04-29,14.725212351510699,14.918359201496637,14.64243462886368,14.807990074157715,4300000
2011-05-02,14.85397858101793,14.909163150865108,14.486078524893674,14.550460815429688,4711200
2011-05-03,14.522868866949029,14.743609782880284,14.246943379892167,14.440091133117676,4155300
2011-05-04,14.651631854335925,14.872371855854048,14.274534132456763,14.624038696289062,6313000
2011-05-05,14.54126080239695,15.120703922351492,14.486075367435348,14.66082763671875,5990200
2011-05-06,14.936753204754062,14.991937763117926,14.660827781506518,14.79879093170166,2654200
2011-05-09,14.817182448624989,15.240266874608945,14.771193866919113,15.047120094299316,5727400
2011-05-10,15.120703590635868,15.40582584644478,15.019530441616238,15.295454978942871,3776400
2011-05-11,15.26786433261823,15.286259770492247,14.780395754669819,14.881568908691406,3201000
2011-05-12,14.826384846244613,15.03792712602889,14.605643970072292,14.853976249694824,3500000
2011-05-13,14.853975751880379,15.148295740722622,14.752804352144302,14.881568908691406,2787500
2011-05-16,14.826384350193543,15.019531185025125,14.476878047709475,14.532063484191895,2840400
2011-05-17,14.47687735875766,14.513667355614192,14.053791956336177,14.246939659118652,3556700
2011-05-18,14.29292900761563,14.65163217581005,14.228546725045918,14.51366901397705,4022200
2011-05-19,14.587244985436472,14.798788090937608,14.338912766183263,14.76199722290039,5245900
2011-05-20,14.688423976701433,14.752807144303084,14.43089306058067,14.568856239318848,2887700
2011-05-23,14.145767737367832,14.384903161428824,14.044595462792522,14.311323165893555,3101500
2011-05-24,14.357308515830434,14.449283939279432,14.062988564221873,14.127370834350586,1815400
2011-05-25,14.081386040270994,14.329718316140333,13.989410603494042,14.265336036682129,2552700
2011-05-26,14.237745396717186,14.30212856470165,14.053795367782131,14.200955390930176,2889000
2011-05-27,14.28373312695416,14.421696306548554,14.237745400422696,14.37570858001709,2423000
2011-05-31,14.495273433734448,14.725211143493652,14.421693436782924,14.725211143493652,3507800
2011-06-01,14.670024551281102,14.688419987640888,14.256136881755449,14.274532318115234,3226100
2011-06-02,14.302128075933373,14.50447353941834,14.15496805781445,14.210152626037598,2999900
2011-06-03,13.971018618556537,14.16416638181506,13.722686281305858,13.731884002685547,4014000
2011-06-06,13.750275933544193,13.851449095048508,13.612313647856444,13.63990592956543,2529400
2011-06-07,13.722678464454509,13.897430685409521,13.612308502197266,13.612308502197266,2829200
2011-06-08,13.54792699647676,13.575520148218011,13.281199336309475,13.354780197143555,2932900
2011-06-09,13.409969797903837,13.593919826426903,13.170834322252391,13.419167518615723,2304800
2011-06-10,13.391575303570193,13.419167588707042,12.940896634906032,13.069662094116211,4296600
2011-06-13,13.115645168364763,13.124842885862057,12.738547522401921,12.821324348449707,4186200
2011-06-14,13.060459219514568,13.290396884918495,13.042064662396397,13.216816902160645,2343100
2011-06-15,13.069660127527003,13.235215567722861,12.894907845097993,12.931697845458984,4082100
2011-06-16,12.940897297527462,13.106452771111464,12.545404933172199,12.692564964294434,3016500
2011-06-17,12.93169852628482,12.95009308886235,12.490217621567115,12.67416763305664,2988000
2011-06-20,12.618981108978646,12.802931091908395,12.425833407616734,12.517807960510254,4941800
2011-06-21,12.60058806303719,13.060463546192874,12.554600339293046,13.01447582244873,3128300
2011-06-22,12.931696583781921,13.1984242796616,12.876511150053185,13.04206657409668,3205300
2011-06-23,12.82132523068638,13.21681833885773,12.64657297192618,13.207620620727539,3756000
2011-06-24,13.189227155931466,13.189227155931466,12.86731401180686,12.996079444885254,5142900
2011-06-27,13.042069013433672,13.226019031696888,12.86731583822646,13.170833587646484,2405100
2011-06-28,13.180028973486609,13.34558439917287,13.088053542073638,13.336386680603027,2467900
2011-06-29,13.42836018083504,13.465150172680783,13.170829360772245,13.354780197143555,1923200
2011-06-30,13.391568577682781,13.722678464454509,13.382370861542388,13.612308502197266,1909000
2011-07-01,13.59391688676299,13.980212301697092,13.40076917929594,13.961817741394043,3130400
2011-07-05,13.952620823556382,13.952620823556382,13.658300824671658,13.84225082397461,2163800
2011-07-06,13.731876657065882,13.750271212842435,13.511135847749605,13.621506690979004,2236900
2011-07-07,13.787067805929075,14.072191012759056,13.741080078744504,13.971017837524414,2774900
2011-07-08,13.741076087864625,13.759471524252964,13.501941554815026,13.713483810424805,2097800
2011-07-11,13.492746537773684,13.695091992840114,13.226018796744562,13.262808799743652,2895800
2011-07-12,13.078854699488105,13.106446973833092,12.425831692372823,12.637373924255371,6784800
2011-07-13,12.747749537393783,12.986885026538904,12.664972677744759,12.692564964294434,3908300
2011-07-14,12.75694337689028,12.950091078252193,12.370647974166456,12.517807960510254,3609600
2011-07-15,12.60978605048592,12.63737833446009,12.352256020060251,12.591390609741211,2801600
2011-07-18,12.499416120925261,12.56379840967594,12.149910638727619,12.398242950439453,2670300
2011-07-19,12.572993884522267,12.88570930627544,12.54540160529191,12.858116149902344,3772700
2011-07-20,12.940892825317833,12.977682820384233,12.646572864786634,12.720152854919434,2137500
2011-07-21,12.720152331540863,13.18922540719416,12.591386915535262,13.097249984741211,4181000
2011-07-22,13.115648518527854,13.547930825608175,13.005278511796101,13.511140823364258,3178400
2011-07-25,13.317993602257058,13.37317904630746,13.032871293234793,13.170833587646484,2841500
2011-07-26,13.18922746865844,13.4007697453644,13.124845189164066,13.235215187072754,2100100
2011-07-27,13.097255167522594,13.097255167522594,12.527009603230391,12.65577507019043,3355000
2011-07-28,11.64404488373692,12.88570880351246,11.542872612411234,12.517807960510254,6706900
2011-07-29,12.333858283203092,12.655771419163917,12.131512858395066,12.407438278198242,4110800
2011-08-01,12.572993705508694,12.756943692996566,12.07632830072007,12.407438278198242,3704100
2011-08-02,12.241882297972749,12.297066849201263,11.690031522831852,11.69922924041748,5440200
2011-08-03,11.644047540123196,11.965960741546166,11.533677525186354,11.873985290527344,5046600
2011-08-04,11.680837907576953,11.680837907576953,11.101394653320312,11.101394653320312,5792500
2011-08-05,11.312941367091588,11.52448374883378,10.531152397298246,10.935843467712402,8659300
2011-08-08,10.595528843798334,10.797873373107135,10.11725804257539,10.310405731201172,8673600
2011-08-09,10.577135735790394,10.908245756095887,10.126457988866651,10.862258911132812,8324800
2011-08-10,10.540343300283652,10.80707097435217,10.13565336888897,10.365591049194336,8030300
2011-08-11,10.475965664958302,11.027815815539217,10.448372499571985,10.871458053588867,5970600
2011-08-12,10.981825435879786,11.211763162467362,10.807073149616068,10.972628593444824,3485800
2011-08-15,11.082997237239868,11.469292640686035,11.03700952213576,11.469292640686035,4072600
2011-08-16,11.331327053203328,11.3497224861374,10.834661766836104,10.917439460754395,4827700
2011-08-17,10.991023170775236,11.276146338084033,10.862258605078143,10.954233169555664,4047800
2011-08-18,10.604727602614453,10.604727602614453,10.071272152233893,10.15404987335205,4113200
2011-08-19,10.034479623299935,10.466762681815725,9.896517374290204,10.02528190612793,4846600
2011-08-22,10.273616466167068,10.365591896666013,10.025283330105548,10.034481048583984,3001000
2011-08-23,10.12646090529005,10.687508820564238,10.117263182791351,10.61392879486084,4269900
2011-08-24,10.586334339740244,10.715098919818962,10.29201341996835,10.549544334411621,4546700
2011-08-25,10.586331299320996,10.687503565632065,10.32880045884119,10.429973602294922,4572100
2011-08-26,10.356396987352909,10.93584025152732,10.236829246128703,10.889852523803711,3599600
2011-08-29,11.037010851666773,11.340528579916183,11.037010851666773,11.322134017944336,2212500
2011-08-30,11.257748592297816,11.377316291048851,11.092194059301692,11.276144027709961,2685000
2011-08-31,11.368121902711396,11.487689636480093,11.037011862604697,11.128987312316895,3856000
2011-09-01,11.092192565058014,11.285340225153185,10.889847188495805,10.917439460754395,2981300
2011-09-02,10.669111976238613,10.816271996245836,10.466766510157226,10.567938804626465,1998000
2011-09-06,10.163246331591173,10.402381745779836,10.052876342844721,10.264418601989746,3922100
2011-09-07,10.49435615653488,11.092194683957262,10.49435615653488,11.018613815307617,3075000
2011-09-08,10.981826492169963,11.312937411675476,10.705901895439238,10.761086463928223,2378500
2011-09-09,10.604728306580053,10.926641492932692,10.51275373700992,10.595531463623047,3017800
2011-09-12,10.457570221367424,10.889853497179747,10.457570221367424,10.871458053588867,3484500
2011-09-13,10.90824480752059,11.285343394282547,10.853060247506583,11.193367958068848,3253300
2011-09-14,11.349724157600393,11.736019534680086,11.17497102756105,11.588859558105469,3913400
2011-09-15,11.763614621090133,11.864786909867517,11.441701437577668,11.607256889343262,5329700
2011-09-16,11.644047017319439,11.791207030627922,11.515282444245953,11.745220184326172,2913800
2011-09-19,11.542875418791157,11.588863144990109,11.220962212541407,11.487689971923828,3311000
2011-09-20,11.50608329549979,11.634847852585496,11.174972429524525,11.211762428283691,2374800
2011-09-21,11.174969675362128,11.349722784255913,10.788674345025123,10.807069778442383,4278600
2011-09-22,10.466764302606403,10.485158862656247,10.117258890232167,10.328801155090332,4788000
2011-09-23,10.181642603466178,10.715098077360523,10.135655758278235,10.49435806274414,4787900
2011-09-26,10.604729129016551,10.623124570642934,9.988495868819696,10.475964546203613,4159600
2011-09-27,10.715094365641175,11.16577283579604,10.586329840290537,10.807069778442383,3479600
2011-09-28,10.880655988245984,10.908248277029069,10.30121266094292,10.347200393676758,2960100
2011-09-29,10.567940698220314,10.623126154182765,10.08047282531477,10.27362060546875,4856100
2011-09-30,10.218433699062205,10.494359185422395,10.126459121704102,10.126459121704102,4879100
2011-10-03,10.025284284762915,10.273617444471952,9.675779720727876,9.70337200164795,4719200
2011-10-04,9.602199325323442,10.29201252297188,9.537817040895295,10.200037956237793,6400000
2011-10-05,10.21843161101526,10.770282470969754,9.979297057034891,10.705900192260742,4253100
2011-10-06,10.641516733877024,11.174972140667261,10.448369026098302,11.165775299072266,3839500
2011-10-07,11.230160208839635,11.478492532980306,10.972630163804844,11.083000183105469,3709200
2011-10-10,11.276143817885972,11.653241465391636,11.2485506652812,11.524476051330566,2681000
2011-10-11,11.441701027384056,11.4968864683751,11.2669487390076,11.423306465148926,2881800
2011-10-12,11.524476187584229,12.149906953071566,11.506081629439525,11.855587005615234,4456400
2011-10-13,11.754417074897011,11.99355253606304,11.653244784623478,11.883182525634766,3410400
2011-10-14,12.113120155501733,12.113120155501733,11.662442397769105,11.91997241973877,3307800
2011-10-17,11.818798332596282,11.846390611467305,11.450897480030825,11.533675193786621,2780200
2011-10-18,11.542873862370541,11.901576148641169,11.33133070123663,11.864786148071289,4336800
2011-10-19,11.809601405476284,12.030341405525256,11.708428247596746,11.78200912475586,4335800
2011-10-20,11.717626459219385,12.425835085561515,11.441701008993325,12.278675079345703,8527600
2011-10-21,12.527004428423236,12.710954392990018,12.094721353834334,12.471819877624512,5610100
2011-10-24,12.536207036199515,13.207624888068025,12.527009315097573,13.060464859008789,4501200
2011-10-25,12.931696624713052,12.931696624713052,12.444228069518218,12.48101806640625,5009600
2011-10-26,12.664971606788844,12.775341620797581,12.352256128525974,12.554600715637207,5970300
2011-10-27,12.977687042967979,13.52034030461888,12.876514742902353,13.4099702835083,6547700
2011-10-28,13.2628063894636,13.842249489252907,13.198424115201243,13.814657211303711,5266900
2011-10-31,13.649104512273722,13.704289079181248,13.069661296887435,13.170833587646484,4798700
2011-11-01,12.646574809560542,12.802932531922897,12.32466164536915,12.545402526855469,6566700
2011-11-02,12.775343451263735,13.014478077308036,12.609787967958196,12.904108047485352,3218600
2011-11-03,13.115650227213422,13.437562569500205,12.701762428763008,13.4099702835083,4750600
2011-11-04,13.290402541352766,13.55713031165574,13.124847948258376,13.4099702835083,3152700
2011-11-07,13.15243911743164,13.363981420645064,12.904105933162441,13.15243911743164,4126800
2011-11-08,13.290397644042969,13.419163059795356,13.03286768968083,13.290397644042969,5200600
2011-11-09,12.92250273220867,13.051267320869139,12.646577235282992,12.692564964294434,2917900
2011-11-10,12.894905989341837,12.894905989341837,12.508610602573304,12.720152854919434,2289600
2011-11-11,12.84892136586454,13.189229121344535,12.84892136586454,13.15243911743164,2241300
2011-11-14,13.134043064145612,13.22601850820825,12.867315328935373,13.023673057556152,2188900
2011-11-15,12.931697066913715,13.41916476163484,12.922499348091511,13.38237476348877,2953900
2011-11-16,13.143242835998535,13.428366055393937,13.014477369635614,13.143242835998535,3567500
2011-11-17,13.060463776562584,13.078859217241863,12.251082806674999,12.453428268432617,4526000
2011-11-18,12.517812082081457,12.628182108179358,12.085529699150435,12.11312198638916,3780900
2011-11-21,11.791203870606083,11.984351555595943,11.607253903268747,11.837191581726074,4166100
2011-11-22,11.846389264073737,11.95675924414721,11.285341646081253,11.312933921813965,5190000
2011-11-23,11.165779011041717,11.257753597567023,10.853063487141018,10.871458053588867,4787700
2011-11-25,10.8438662135646,11.064606282921009,10.742693901062012,10.742693901062012,1182400
2011-11-28,11.193368077822868,11.239355796421725,11.009418080570216,11.138182640075684,3654400
2011-11-29,11.266946725605003,11.285342161695697,10.963429047249914,11.110589027404785,3305100
2011-11-30,11.524479770565687,12.407440764591472,11.43250519696184,12.37984848022461,6941700
2011-12-01,12.324660875419715,12.545401743115852,12.140710883291895,12.29706859588623,4701500
2011-12-02,12.416633428169337,12.609781094359896,12.103918075561523,12.103918075561523,3558900
2011-12-05,12.352253720523244,12.591388265686115,12.260278288207942,12.407438278198242,2860600
2011-12-06,12.462623404202683,12.66496882399676,12.39824025232024,12.517807960510254,2719000
2011-12-07,12.352251522298904,12.591386024905058,12.241881549447777,12.536201477050781,2411800
2011-12-08,12.379847743705,12.563797757111782,12.205095450254268,12.306267738342285,3557100
2011-12-09,12.453426774090877,13.042067648050834,12.269476775085511,12.986882209777832,5029400
2011-12-12,12.747747840255524,12.747747840255524,12.4074400943056,12.618983268737793,3712800
2011-12-13,12.674168103661703,12.738551267930783,12.103922608298944,12.195898056030273,4990600
2011-12-14,12.076327458109727,12.195895160919845,11.791204339540577,11.846389770507812,4097800
2011-12-15,12.177499240585803,12.287869220988203,11.708426166018624,11.837191581726074,6792900
2011-12-16,11.892382298347094,12.26028239660547,11.818802278695419,12.140714645385742,4614500
2011-12-19,12.214291405566067,12.269476844149704,11.745219124747697,11.78200912475586,8213100
2011-12-20,12.03953680303561,12.536202145937231,12.03953680303561,12.471819877624512,3338200
2011-12-21,12.41663859652115,12.444230881135626,11.947565372360495,12.343058586120605,3572200
2011-12-22,12.444230592355115,12.710958343153138,12.343058299687897,12.591390609741211,3078700
2011-12-23,12.618983644037508,12.655773648014293,12.333860455360265,12.646575927734375,2917400
2011-12-27,12.563793750977919,12.729349148825895,12.536201477050781,12.536201477050781,1773400
2011-12-28,12.536203862676377,12.609783858579318,12.159106164388115,12.17750072479248,3054400
2011-12-29,12.278673725528096,12.453425994355893,12.159106014375295,12.407438278198242,1611900
2011-12-30,12.444226061103556,12.618979175974768,12.379843796226043,12.536201477050781,1709700
2012-01-03,12.830525947618298,12.904105955571868,12.628180487174541,12.646575927734375,4792900
2012-01-04,12.563795738923345,13.161634282890013,12.444228030130011,13.04206657409668,5365000
2012-01-05,12.9500928113151,13.48354827177309,12.8673150886332,13.446758270263672,6030700
2012-01-06,13.428364176237096,13.593918750229843,13.327191010701846,13.45595645904541,3583900
2012-01-09,13.501943523038676,13.78706581147967,13.373178080977794,13.695091247558594,5594200
2012-01-10,13.879039395898571,13.934223951440433,13.722681693292133,13.833051681518555,5715600
2012-01-11,13.759472910056607,13.998608344333736,13.750275190936078,13.897435188293457,3375700
2012-01-12,13.99860652428295,14.026198800914312,13.713483408616677,13.86064338684082,4814600
2012-01-13,13.722681247082624,13.777865800830096,13.538731272686611,13.649101257324219,3015900
2012-01-17,13.713486011388303,13.998609181169957,13.667498290179285,13.952621459960938,4370500
2012-01-18,13.980215019934953,14.688423710728674,13.869845005228704,14.504473686218262,7104800
2012-01-19,14.486075024584325,14.853974991811922,14.43088959092883,14.826383590698242,5559600
2012-01-20,14.752806275472015,14.872373128670075,14.697619954655304,14.844779968261719,4378800
2012-01-23,14.83558147884962,14.936754640815007,14.651632348522867,14.807990074157715,6302800
2012-01-24,14.697622330903451,15.1666956079688,14.697622330903451,14.991942405700684,7087700
2012-01-25,14.982742579589098,15.019531702320778,14.74360714183368,14.835580825805664,7331400
2012-01-26,15.865699873750023,16.095637553079733,14.982740027180867,15.093109130859375,14683500
2012-01-27,15.120705717289995,15.635765744740276,15.074717118410533,15.589778900146484,6306500
2012-01-30,15.359843255921014,15.359843255921014,14.955152302214916,15.185090065002441,6496600
2012-01-31,15.221874825066935,15.424221120975266,14.945950290646094,15.037925720214844,3582600
2012-02-01,15.203480249583455,15.488602485642653,15.175887096047932,15.194282531738281,5385300
2012-02-02,15.286257349140564,15.589775008842452,15.286257349140564,15.433417320251465,4427100
2012-02-03,15.672559270706692,15.755335254098018,15.497806074022854,15.663361549377441,3531100
2012-02-06,15.479399552406862,15.516190411391815,15.258659661351285,15.341437339782715,3253900
2012-02-07,15.249468789547803,15.341444223997902,15.129901952762523,15.267864227294922,4239200
2012-02-08,15.258664196700309,15.635761841957645,15.249466479220223,15.433417320251465,3812700
2012-02-09,15.479404153366659,15.580577291362365,15.387428732851038,15.433417320251465,2607600
2012-02-10,15.33225251076852,15.39663481381649,15.12071015667199,15.175894737243652,2458000
2012-02-13,15.350642182092333,15.433419898958862,15.001135876592432,15.157493591308594,2638700
2012-02-14,15.102310076100101,15.479407810448526,15.065519197487744,15.451814651489258,4254800
2012-02-15,15.543790093734502,15.663358694939017,15.37823464855019,15.451814651489258,4692600
2012-02-16,15.470210677594945,16.058850723435146,15.442619271874758,15.911690711975098,5285000
2012-02-17,16.003663608630426,16.086441321177507,15.635763638579753,15.6449613571167,3323600
2012-02-21,15.672554304321249,15.672554304321249,15.093110324196859,15.212678909301758,3299500
2012-02-22,15.120705596759922,15.249470164024668,14.8539769882422,14.927556991577148,3946800
2012-02-23,14.91835700783147,15.286258722958284,14.734407904553454,15.249467849731445,3166600
2012-02-24,15.258666006963267,15.31385056410555,15.001135149823538,15.06551742553711,1545700
2012-02-27,14.89077279370678,15.433426155697543,14.84478417997844,15.20348834991455,2845000
2012-02-28,15.240272991579143,15.626568461530368,15.175890705634892,15.442619323730469,2508500
2012-02-29,15.451812806983718,15.470208244094007,14.982741440669432,15.10230827331543,2734000
2012-03-01,15.185088137301078,15.277063581597263,14.936754963987083,15.010334968566895,1936300
2012-03-02,15.010335119040558,15.157495129675409,14.725212817721244,14.817188262939453,3430400
2012-03-05,14.817182438893637,14.85397154994916,13.989406388724198,14.081381797790527,6580000
2012-03-06,13.860647540688172,14.026203004376383,13.851450697149987,13.925030708312988,4628200
2012-03-07,14.044596823507234,14.486076839491762,14.00780594503237,14.476879119873047,4575400
2012-03-08,14.633236415638017,14.789594135999053,14.578051853829884,14.624038696289062,3861600
2012-03-09,14.605641908693595,14.955147296400705,14.513666483507585,14.909158706665039,2335700
2012-03-12,14.955150553623914,14.955150553623914,14.642435092453427,14.817188262939453,2023400
2012-03-13,14.872369984748785,15.313849932242073,14.826383148075248,15.304652214050293,3981000
2012-03-14,15.30465358700786,15.424222179941966,15.10230903149275,15.157493591308594,2069500
2012-03-15,15.267864550807046,15.543789105718432,15.240271393601692,15.488604545593262,3644100
2012-03-16,15.50699702410637,15.764526091729548,15.405823887948577,15.681748390197754,4283100
2012-03-19,15.589776306189169,15.773725408243013,15.44261632283194,15.672554016113281,1990400
2012-03-20,15.507008111548366,15.598981841868765,15.313859418445322,15.479414939880371,2054500
2012-03-21,15.497799861956251,15.66335527095037,15.470206709028808,15.516195297241211,2140700
2012-03-22,15.405821327234376,15.525388123858894,15.18508141126879,15.396623611450195,2507500
2012-03-23,15.359840948222631,15.497803234310188,15.203483222847229,15.470210075378418,1277300
2012-03-26,15.654163857711099,15.930088480967612,15.6081752509777,15.801323890686035,2586200
2012-03-27,15.792118362297783,15.994462869035157,15.782920645498116,15.856500625610352,2848100
2012-03-28,15.801323124815644,15.810520845716521,15.341447605487067,15.415027618408203,2568900
2012-03-29,15.286254530609858,15.442612190371095,15.11150143928026,15.396623611450195,2248300
2012-03-30,15.506999319392602,15.54378843980478,15.203481620278906,15.534590721130371,2523700
2012-04-02,15.442623861558294,15.68175763553925,15.18509288781988,15.654166221618652,2095600
2012-04-03,15.552989201631009,15.62656921113775,15.28626232502625,15.323051452636719,1878200
2012-04-04,15.139099485070266,15.17589036437436,14.807990342761816,14.8723726272583,3917600
2012-04-05,14.78959285958228,15.111505991870574,14.660827431238419,15.10230827331543,4112000
2012-04-09,14.761999587472149,14.807988179885104,14.578050480676595,14.789592742919922,2443300
2012-04-10,14.725212985173401,14.84477983731677,14.412497520446777,14.412497520446777,2949000
2012-04-11,14.605645089794715,14.881570548306488,14.532065084477289,14.817188262939453,2720300
2012-04-12,14.899961986403143,15.442615037731551,14.817184283367608,15.433417320251465,2493600
2012-04-13,15.332251743111637,15.43342493099929,14.982747077941895,14.982747077941895,1374600
2012-04-16,15.166696255399513,15.21268486547849,14.835585279975263,14.982747077941895,3077100
2012-04-17,15.09311930796074,15.507008111548366,15.083921584071408,15.479414939880371,2411400
2012-04-18,15.341439071030027,15.488599015007084,15.240265951688958,15.396623611450195,2257400
2012-04-19,15.3782319227206,15.654158200547723,15.129900553247127,15.240269660949707,2333000
2012-04-20,15.313855645367415,15.378237942443556,14.991942405700684,14.991942405700684,2788700
2012-04-23,14.762002241322392,14.89996628907843,14.59644766458661,14.844779968261719,1885100
2012-04-24,14.909166995334154,14.964353333697492,14.743613243103027,14.743613243103027,2647000
2012-04-25,15.074723860182077,15.58058814837656,15.074723860182077,15.479414939880371,5520300
2012-04-26,16.160021361621272,16.564712206982552,15.727739114855307,15.819714546203613,11012200
2012-04-27,15.911685269500454,16.132426965473172,15.700143044668804,15.994462966918945,3848800
2012-04-30,16.003670724692387,16.04965933782604,15.792128367136227,15.828917503356934,2055900
2012-05-01,15.681757449901674,16.058855306166556,15.580586009580067,15.828917503356934,4425000
2012-05-02,15.736936123395758,15.792120678000733,15.516196150690487,15.690947532653809,2353100
2012-05-03,15.654160174564506,15.782924734550063,15.21268017951212,15.22187614440918,1924700
2012-05-04,15.09311170206971,15.185087140327266,14.64243398432181,14.835580825805664,3433600
2012-05-07,14.762006934937844,14.844784688196555,14.65163776678376,14.743613243103027,1916900
2012-05-08,14.59644854173095,14.59644854173095,14.08138846315699,14.550460815429688,3545500
2012-05-09,14.302127511215533,14.541262969787994,14.136572058797233,14.412497520446777,2349200
2012-05-10,14.559655235173182,14.605642951048173,14.228545259730156,14.366507530212402,2669100
2012-05-11,14.246940079943007,14.780395488691228,14.228545519542763,14.449285507202148,2829000
2012-05-14,14.22854345737688,14.476875688216811,14.099778044666381,14.348111152648926,2127300
2012-05-15,14.32052226109505,14.522867719231456,14.127374523133678,14.182559967041016,3195800
2012-05-16,14.210149452384513,14.302124881738767,13.805459492939747,13.814657211303711,3232000
2012-05-17,13.823857581366465,13.925030754911345,13.419167518615723,13.419167518615723,2099800
2012-05-18,13.446759053612746,13.547931344371795,13.115649020738958,13.170833587646484,3459700
2012-05-21,13.226019182781812,13.612314664118776,13.198426899012853,13.465154647827148,2855300
2012-05-22,13.492747530024948,13.575525262146058,13.327192065782729,13.419167518615723,2207600
2012-05-23,13.787064552307129,13.84224998733394,13.317991424578803,13.787064552307129,5600000
2012-05-24,13.805461099465361,13.805461099465361,13.492745655841809,13.575523376464844,3216400
2012-05-25,13.547928694854797,13.768669550744079,13.547928694854797,13.603114128112793,2829800
2012-05-29,13.78706752952517,14.017005283695276,13.759475244624777,13.925030708312988,2327900
2012-05-30,13.73188109827662,13.73188109827662,13.465153374681732,13.575523376464844,2678900
2012-05-31,13.520335322580538,13.566323033716579,12.996077696200523,13.290397644042969,4844900
2012-06-01,12.968486515116522,13.005276511702473,12.425833407616734,12.517807960510254,5723900
2012-06-04,12.59138804384755,12.710955752893772,12.297068069052363,12.49941349029541,2695600
2012-06-05,12.407438744539025,12.80293189035984,12.379846464664455,12.766141891479492,3213500
2012-06-06,12.867312305751472,13.253607676625643,12.858114588077651,13.097249984741211,2880000
2012-06-07,13.363980130414932,13.419165569527818,12.894907845097993,12.931697845458984,2342000
2012-06-08,12.86731385996864,13.244411558717866,12.729351586767663,13.226016998291016,3049000
2012-06-11,13.299597313815921,13.336387312696269,12.729351892599144,12.766141891479492,2794900
2012-06-12,12.830525525011376,12.977685536071416,12.674167793974371,12.968488693237305,2620700
2012-06-13,12.92249927685242,13.023671551910688,12.802931564251157,12.894906997680664,4753000
2012-06-14,12.913301729130769,13.078857160639737,12.692561738547312,12.996079444885254,3789100
2012-06-15,13.088055520477823,13.327190976585337,12.968488669566918,13.299598693847656,2879300
2012-06-18,13.17083409743034,13.391575005032966,13.115649528386868,13.317994117736816,1965000
2012-06-19,13.42836196553697,13.695089661153807,13.363978813393105,13.566324234008789,2683600
2012-06-20,13.575523179265154,13.787065460324197,13.474350021243186,13.630707740783691,2800000
2012-06-21,13.667498745772487,13.75947419125644,12.922500970495328,12.968488693237305,3455900
2012-06-22,13.02367224141637,13.226017679388315,12.968487680151249,13.161635398864746,2265300
2012-06-25,12.94089372483002,12.95928916221321,12.508611472037865,12.582191467285156,2422700
2012-06-26,12.637377847778327,12.738551013692128,12.425835550218302,12.600587844848633,2239000
2012-06-27,12.664969627874918,12.81212962355934,12.591388752889944,12.747746467590332,2116400
2012-06-28,12.591390806377829,12.674168536735952,12.122318462919983,12.36145305633545,3524400
2012-06-29,12.674166965789249,13.032870127166012,12.59138924569132,12.931697845458984,3009500
2012-07-02,12.968487480338307,13.014474321636433,12.68336432771895,12.885709762573242,2740600
2012-07-03,12.894909440501229,13.198427200317383,12.802933989647828,13.198427200317383,1260800
2012-07-05,13.180029749547023,13.290399747455712,13.023672033224022,13.235215187072754,2612000
2012-07-06,13.05126718953515,13.069662631811804,12.42583706355931,12.572997093200684,3572800
2012-07-09,12.508613953162614,12.591390806377829,12.13151530629307,12.36145305633545,3506300
2012-07-10,12.287868024994783,12.591385660845296,11.947560399257618,12.103918075561523,2743200
2012-07-11,12.140711195075573,12.315464349941873,12.021143477836201,12.186698913574219,3066300
2012-07-12,12.057932089840277,12.140709798185016,11.91077210929082,12.002747535705566,2659600
2012-07-13,12.05793358167605,12.260279018537542,12.030341301194913,12.149909019470215,3299400
2012-07-16,12.085525614857461,12.186697885303705,11.956760189354577,12.048735618591309,1695700
2012-07-17,12.122315698204728,12.232685687796032,11.93836483840985,12.168302536010742,2155000
2012-07-18,12.122313859573415,12.71095371477942,12.113116142550178,12.536201477050781,2582300
2012-07-19,12.637375626883586,12.867313324070592,12.563795633955161,12.710955619812012,3861700
2012-07-20,12.591389369903261,12.674167090817779,12.41663708575035,12.545402526855469,2303100
2012-07-23,12.278675455616982,12.370650023748947,12.039539999616737,12.306267738342285,2334900
2012-07-24,12.287870244020331,12.352253395805622,12.04873570514386,12.168302536010742,2512300
2012-07-25,12.251082560855371,12.563798028985316,12.186700274055513,12.370650291442871,2935100
2012-07-26,12.77534133749633,13.81466004279301,12.747748176748866,13.658302307128906,8570700
2012-07-27,13.75027464458215,13.906632354847337,13.557126936439435,13.768670082092285,3825700
2012-07-30,13.750276481381723,13.833054206949525,13.400771016285924,13.45595645904541,4165600
2012-07-31,13.465152064415244,13.6491020494873,13.345584354832729,13.529534339904785,3490300
2012-08-01,13.649100636556225,13.704285187793875,13.235212993703348,13.327187538146973,2945200
2012-08-02,13.152436066231761,13.437558311126198,12.913300657702916,13.207620620727539,3072500
2012-08-03,13.603110786056874,13.722678464454509,13.31798772570213,13.612308502197266,3334400
2012-08-06,13.695094614974556,13.814662366900384,13.658304604931459,13.667501449584961,2076500
2012-08-07,13.768672878229395,14.200955221792428,13.768672878229395,14.118178367614746,2767400
2012-08-08,14.04459352629195,14.338913467851519,14.03539580883256,14.136568069458008,2325400
2012-08-09,14.118175108692144,14.33891508983134,14.108977390192333,14.246939659118652,2132000
2012-08-10,14.228543935995296,14.357308475894552,14.12737079505429,14.338913917541504,1766200
2012-08-13,14.265334599935342,14.32051915472933,14.099779181268007,14.274532318115234,2486200
2012-08-14,14.338919999306432,14.458487749314411,14.007809037086481,14.053796768188477,1879700
2012-08-15,14.026202695777034,14.283732729181452,14.007807254819552,14.191758155822754,1260500
2012-08-16,14.237741943230306,14.670025064230888,14.210149664868524,14.614840507507324,2768300
2012-08-17,14.55965536262233,14.670025355402805,14.467679930067236,14.66082763671875,1844400
2012-08-20,14.578054315217578,14.587251158976551,14.283733386356886,14.440091133117676,2446400
2012-08-21,14.467678910662647,14.660826603704814,14.43088891566141,14.52286434173584,3363500
2012-08-22,14.458486574921507,14.532066587850943,14.283733386356886,14.440091133117676,2518300
2012-08-23,14.366508209770867,14.449285926832822,14.219348213724178,14.302125930786133,2053700
2012-08-24,14.256139111880783,14.532064560442523,14.090583667315174,14.476879119873047,2379300
2012-08-27,14.532061115704915,14.532061115704915,14.265333449988077,14.348111152648926,1490100
2012-08-28,14.348116555527351,14.559658873413747,14.283733386356886,14.440091133117676,2342300
2012-08-29,14.430889806151754,14.522865237901735,14.265335257001604,14.366507530212402,1537100
2012-08-30,14.246942630567329,14.292930355515216,14.072190328336832,14.210152626037598,1246800
2012-08-31,14.34811297014804,14.44928524335884,14.118175267915815,14.366507530212402,1468200
2012-09-04,14.329719543457031,14.421694988111529,13.961819519124736,14.329719543457031,1514700
2012-09-05,14.302128170138932,14.348115895389732,14.072190421027834,14.191758155822754,2138700
2012-09-06,14.292932290547688,14.890771041522154,14.292932290547688,14.679227828979492,2515700
2012-09-07,14.59644740358514,14.973546028137207,14.486077395353872,14.973546028137207,4056100
2012-09-10,14.909159769194629,15.037926075345945,14.716012941395823,14.734408378601074,2693800
2012-09-11,14.761999617817732,14.85397504854729,14.596445070504327,14.614840507507324,2103300
2012-09-12,14.679223846497672,14.817187002589842,14.46768069134679,14.578051567077637,2186000
2012-09-13,14.550460824356659,14.909163160012149,14.246943058582202,14.899967193603516,4217600
2012-09-14,14.90915827434961,15.166689106545844,14.90915827434961,15.111504554748535,3078500
2012-09-17,14.982743883855834,15.00113756968008,14.311325231270517,14.412497520446777,3263400
2012-09-18,14.357307562283747,14.375702996608863,13.897432229866865,13.934222221374512,6547600
2012-09-19,13.879041432786773,13.915831434261547,13.566325981679777,13.777868270874023,5416600
2012-09-20,13.667500954334589,13.676698675797834,13.44676090207465,13.520340919494629,3716700
2012-09-21,13.584721526820433,13.704288374687819,13.40996836059672,13.428363800048828,3245800
2012-09-24,13.336384495545328,13.419162194826008,13.005274575565185,13.253606796264648,4154700
2012-09-25,13.354784483052576,13.511141340719153,13.134043583993842,13.170833587646484,5523200
2012-09-26,13.078857371817513,13.08805421371659,12.692561943487767,12.922499656677246,5912700
2012-09-27,13.032870585523005,13.33638831846139,12.812130575593784,13.272006034851074,4967900
2012-09-28,13.124849925255532,13.170836783121393,12.885714404923462,13.078862190246582,3491500
2012-10-01,13.152440526102861,13.152440526102861,12.830527299529866,13.005280494689941,4351200
2012-10-02,13.097253061949125,13.1708330663421,12.968488492832842,13.023673057556152,3520300
2012-10-03,13.04206758578849,13.069659866221874,12.8121298688438,12.848919868469238,3765800
2012-10-04,12.922500503021443,12.986882786245454,12.747747338352234,12.959290504455566,4707100
2012-10-05,13.051266046808108,13.226019224563636,12.885711466528473,12.940896034240723,2906300
2012-10-08,12.839722526758774,12.968487967804842,12.747747086419752,12.87651252746582,2285300
2012-10-09,12.839721625808941,12.904103903242936,12.57299392011315,12.683363914489746,3596000
2012-10-10,12.683363698001417,12.710955976838916,12.361450562040591,12.407438278198242,2648900
2012-10-11,12.517808313586727,12.701759178847688,12.462623755722623,12.582191467285156,2545100
2012-10-12,12.508615397975507,12.628182269922409,12.453429945648239,12.527009963989258,2221000
2012-10-15,12.563797267274374,12.674167271015337,12.324661820597544,12.628179550170898,2506800
2012-10-16,12.692563233928304,13.042068698767324,12.683365513951339,12.968488693237305,1987000
2012-10-17,12.940895333328346,13.161636223650108,12.90410533113186,13.023673057556152,2398800
2012-10-18,13.014476535691324,13.207624284287656,12.940896524525382,13.106451988220215,2528000
2012-10-19,13.023672209578905,13.152437647454054,12.885709929610577,12.986882209777832,4315700
2012-10-22,12.986881622033476,13.106449335261411,12.894907065264658,13.032869338989258,2993300
2012-10-23,12.812132708866994,12.848922716647552,12.637379514052109,12.692564964294434,5320200
2012-10-24,12.848923202088477,12.931700942007875,12.508615397975507,12.527009963989258,5227300
2012-10-25,12.729351162684322,13.777866509222617,12.55459802016613,13.547928810119629,12413200
2012-10-26,13.474348950579763,13.61231209769922,13.299596683466383,13.336386680603027,4013200
2012-10-31,13.363980547581772,13.455955989926732,13.152438258188319,13.446758270263672,3608200
2012-11-01,13.511141305692298,14.182559967041016,13.437561298577766,14.182559967041016,3632300
2012-11-02,14.13656634151632,14.24693630611041,13.9342209678559,14.081381797790527,3483000
2012-11-05,14.0261997228749,14.486075123624897,14.0261997228749,14.421692848205566,4002100
2012-11-06,14.45848270014807,14.85397494436887,14.440087263274089,14.651630401611328,4754700
2012-11-07,14.430889141459993,14.51366685079366,14.072186903871012,14.274532318115234,3729900
2012-11-08,14.283730916156875,14.403298635775142,14.127373196436277,14.154966354370117,2963900
2012-11-09,14.118176039553221,14.458483752199513,14.035398321882518,14.265336036682129,3254100
2012-11-12,14.283729701694938,14.458482845179857,14.210149707746355,14.421692848205566,2360200
2012-11-13,14.09058419586522,14.458485100128765,14.09058419586522,14.292929649353027,1907600
2012-11-14,14.302122814693147,14.421690504715812,13.971012018586514,14.00780200958252,5926800
2012-11-15,14.01700698356591,14.072192437202071,13.630711439541862,13.667501449584961,2523600
2012-11-16,13.713483508266696,13.87903892354321,13.501941257317966,13.823853492736816,2972600
2012-11-19,14.035400636294147,14.210152942415364,13.989412910322379,14.118178367614746,1894700
2012-11-20,14.06299114227295,14.228546583973989,13.915831139491052,14.06299114227295,3839300
2012-11-21,14.053791580128093,14.329716987737157,14.026199302509996,14.21934700012207,1728100
2012-11-23,14.26533499868481,14.743605831695817,14.26533499868481,14.651630401611328,1460100
2012-11-26,14.596447535832183,14.734410705228386,14.357312077259722,14.412497520446777,1881000
2012-11-27,14.366507723973639,14.513667715044177,14.27453316812592,14.311323165893555,1585400
2012-11-28,14.164161232616763,14.5504566187011,13.96181669868129,14.52286434173584,1928300
2012-11-29,14.504469400532823,14.642431658865723,14.265334000755992,14.495271682739258,3812200
2012-11-30,14.495271984822217,14.532061979620542,14.30212429284535,14.384902000427246,1993900
2012-12-03,14.513668113874369,14.532063551835053,14.265335841404442,14.320520401000977,1949100
2012-12-04,14.348114447777393,14.60564445519905,14.265336726106156,14.51366901397705,1882900
2012-12-05,14.51367152066791,14.605646977775208,14.292931476181947,14.467683792114258,1631000
2012-12-06,14.44008869502396,14.64243413498697,14.44008869502396,14.624038696289062,1751800
2012-12-07,14.679226256023638,14.7160162615919,14.504473948860118,14.568856239318848,2174000
2012-12-10,14.624037176840647,15.083912570793405,14.624037176840647,15.019530296325684,3001700
2012-12-11,15.111506515015405,15.295455629630101,15.065517920647604,15.267864227294922,3024700
2012-12-12,15.323048786250782,15.35983966174502,15.175888792844823,15.267864227294922,5054100
2012-12-13,15.24027027490876,15.30465254937648,14.936752585071355,15.019530296325684,2183700
2012-12-14,15.148298246522012,15.341446867578414,15.056324550508851,15.166693687438965,1815600
2012-12-17,15.258664351775726,15.34144205565254,14.973542124136284,15.148293495178223,2713600
2012-12-18,15.148296624809605,15.4518143503028,15.093112062252374,15.424222946166992,2267500
2012-12-19,15.424217411012929,15.497797386112774,15.332242003566877,15.350637435913086,2015500
2012-12-20,15.359837605889572,15.525391260598427,15.19428219689545,15.516195297241211,1464000
2012-12-21,15.231074360675901,15.405827522277832,15.074716638039568,15.405827522277832,2762600
2012-12-24,15.203481190887118,15.497801163013927,15.203481190887118,15.212678909301758,1087000
2012-12-26,15.295454866462688,15.534590282387072,15.212678909301758,15.212678909301758,1202700
2012-12-27,15.231075286865234,15.304655292916342,14.9367552626608,15.231075286865234,2040900
2012-12-28,15.111505991870574,15.295455100117143,15.03792599771486,15.10230827331543,1216800
2012-12-31,15.037926192710444,15.54378843980478,14.982741634949443,15.534590721130371,2124600
2013-01-02,15.893299870337461,16.08644676208496,15.80132440814464,16.08644676208496,3255700
2013-01-03,16.04045433408191,16.04045433408191,15.801318917194418,15.874898910522461,2177200
2013-01-04,15.884099306254909,15.97607475198887,15.75533298051308,15.911690711975098,1904500
2013-01-07,15.792123810612303,15.83811065619109,15.580581514092742,15.773728370666504,1696600
2013-01-08,15.72774118821353,15.764530313031427,15.543790301267022,15.589778900146484,1477900
2013-01-09,15.663358233830555,15.681751918309601,15.479407354755333,15.635765075683594,1377400
2013-01-10,15.746135021346138,15.76452870473573,15.488604156751435,15.598973274230957,1596100
2013-01-11,15.608171691825282,15.746135726279384,15.516198007903307,15.727740287780762,2303900
2013-01-14,15.681751383174126,15.709344540379478,15.369035951988934,15.488604545593262,2311200
2013-01-15,15.38743084132785,15.415023997549085,15.277061725013862,15.35983943939209,3046100
2013-01-16,15.35063961721593,15.479404153366659,15.286257349140564,15.433417320251465,2587500
2013-01-17,15.552987145079037,15.847307144188436,15.516198022333148,15.709344863891602,3121400
2013-01-18,15.736942118781334,15.902497599954168,15.63576893488993,15.755335807800293,2839900
2013-01-22,15.727740772205948,15.838109898025989,15.580580768255475,15.71854305267334,2450200
2013-01-23,15.700150680408479,15.782928418085772,15.497806074022854,15.663361549377441,2322100
2013-01-24,14.624036467445201,15.470207221442907,14.486074206808848,14.909158706665039,9240300
2013-01-25,14.863175256609692,15.286261607117856,14.789595250558582,15.231075286865234,3885400
2013-01-28,15.203486494461465,15.203486494461465,14.872375533171567,14.991942405700684,3106500
2013-01-29,14.927557428278943,14.991939713794803,14.624039686357243,14.973546028137207,2536500
2013-01-30,14.927554142559305,15.093109557037058,14.835578717373297,14.909158706665039,2278300
2013-01-31,14.89996722868975,14.96434951941687,14.789596334381935,14.863176345825195,1646800
2013-02-01,14.982740848764792,15.405825359874518,14.918356821422323,15.304652214050293,3096600
2013-02-04,15.203482333907205,15.350642331034313,14.945951461791992,14.945951461791992,2306900
2013-02-05,15.129901625169085,15.617368434914603,15.037926192710444,15.534590721130371,4011100
2013-02-06,15.442618231511647,15.69094963769192,15.304654195062431,15.635765075683594,4993300
2013-02-07,15.644963464516168,15.672556623843846,15.497803456673232,15.589778900146484,4566100
2013-02-08,15.63576841501774,15.902497071213544,15.571386119876951,15.801323890686035,2905600
2013-02-11,15.755337476629304,15.856510671237126,15.608177423174045,15.828917503356934,2256500
2013-02-12,15.792123860520949,15.97607475198887,15.764530700515047,15.911690711975098,2847900
2013-02-13,15.902494963527793,16.086444103223215,15.874901803144898,16.031259536743164,2539500
2013-02-14,15.911691237592452,16.242802151458143,15.911691237592452,16.233604431152344,2172700
2013-02-15,16.20601411119085,16.224407798750036,15.810520882951124,15.902496337890625,2392600
2013-02-19,15.920889131454812,16.12323547181667,15.84730912249208,16.022062301635742,2236700
2013-02-20,16.022061030699646,16.04965418972904,15.589778731619734,15.608172416687012,2006300
2013-02-21,15.497794981899338,15.516190411391815,15.203475127158567,15.341437339782715,2656000
2013-02-22,15.43341932428278,15.635763872263423,15.313850735800907,15.534590721130371,1667100
2013-02-25,15.644961602463189,15.77372615542887,15.019530766426236,15.028728485107422,2599600
2013-02-26,15.120704741971483,15.258667021139658,14.973544743620687,15.22187614440918,2300300
2013-02-27,15.157496034604671,15.507002396442871,15.120706906892435,15.461013793945312,2986800
2013-02-28,15.43342306020996,15.635767657171614,15.369039013903814,15.415027618408203,1922700
2013-03-01,15.304656199094595,15.433422533022494,15.102311609044792,15.286262512207031,2108400
2013-03-04,15.286254530609858,15.424216758802736,15.12989687084862,15.396623611450195,2665200
2013-03-05,15.516193581525274,16.07724026139627,15.506995864899839,15.810513496398926,5110300
2013-03-06,15.865709279640582,16.0036716181715,15.7369446642499,15.746142387390137,2015200
2013-03-07,15.773728370666504,15.819716970531001,15.672556959536028,15.773728370666504,1938100
2013-03-08,15.847305232605711,15.865700668902491,15.663356132494,15.690947532653809,1650600
2013-03-11,15.617368907247288,15.663357502010221,15.442617510004684,15.54378890991211,3569800
2013-03-12,15.525391260598427,15.589775284095792,15.39662672217423,15.516195297241211,2513200
2013-03-13,15.5345916456957,15.617369364406576,15.32304936645038,15.571382522583008,1946100
2013-03-14,15.626567356301273,15.718542795838884,15.571382794292944,15.635765075683594,2543400
2013-03-15,15.571390424487229,15.654168185204753,15.323057142334653,15.479414939880371,2651600
2013-03-18,15.277068377593658,15.387437541969202,15.166697458931877,15.20348834991455,1774900
2013-03-19,15.221877044097331,15.30465476734792,14.881570185654382,15.083914756774902,2642300
2013-03-20,15.22187748468828,15.405828375966342,15.03792834769593,15.129903793334961,3458800
2013-03-21,15.019530771112342,15.10230848498338,14.55965536262233,14.66082763671875,4997700
2013-03-22,14.743607110423504,14.80798939078096,14.476878515473393,14.541261672973633,2978700
2013-03-25,14.624038696289062,14.706816416144058,14.458484133721866,14.624038696289062,2209500
2013-03-26,14.706815222793196,14.771197498726131,14.5688529523247,14.734408378601074,2084400
2013-03-27,14.578052912985028,14.59644747587658,14.200954286565315,14.587249755859375,2054000
2013-03-28,14.587251595722377,14.945954827350251,14.587251595722377,14.91836166381836,2125900
2013-04-01,14.945954015679273,14.945954015679273,14.541263954428382,14.568856239318848,1702300
2013-04-02,14.624036954710721,14.660826950582418,14.127371571871485,14.21934700012207,3211900
2013-04-03,14.274535383166771,14.292929946333583,13.897436751104086,14.026202201843262,2147700
2013-04-04,14.007807474425336,14.18256065768947,13.915832899624718,14.118178367614746,2402000
2013-04-05,13.879036424130108,14.118171785988558,13.667493334134553,14.081381797790527,2436800
2013-04-08,14.072189526424424,14.366509545890262,13.897436357009449,14.329719543457031,2311500
2013-04-09,14.37570726578428,14.47687955318995,14.136571811396864,14.329719543457031,1916500
2013-04-10,14.348116336522557,14.73441183707729,14.348116336522557,14.688424110412598,1934600
2013-04-11,14.633235067367607,14.761999617817732,14.513667358276267,14.614840507507324,1398700
2013-04-12,14.50447157780587,14.57805157691423,13.980212987730322,14.228546142578125,3195900
2013-04-15,14.118175031569274,14.118175031569274,13.72268190966496,13.741076469421387,2561600
2013-04-16,13.888236312239952,14.164160828301656,13.759470894839884,14.127370834350586,2563900
2013-04-17,13.943423784338158,13.943423784338158,13.20762287409793,13.272006034851074,5028000
2013-04-18,13.34558685726006,13.492746872911637,12.977685940988229,13.15243911743164,4686900
2013-04-19,13.235213092393828,13.299595361698705,12.922497709239913,13.290397644042969,3317100
2013-04-22,13.345589424163041,13.501947190152562,13.060466181140079,13.400774002075195,2806700
2013-04-23,13.566326858923123,13.750276878191809,13.419166843508174,13.658302307128906,2443400
2013-04-24,13.649101257324219,13.777865800830096,13.566323549560346,13.649101257324219,2772000
2013-04-25,14.182556454237332,15.30465172337947,14.182556454237332,14.771196365356445,6678900
2013-04-26,15.00113151259344,15.258662307291296,14.568849370268309,15.047120094299316,7032000
2013-04-29,15.056321434825147,15.240270543071716,14.955148285004,15.10230827331543,2728900
2013-04-30,15.047127499247491,15.231076653740462,14.899967473938762,15.120707511901855,2586500
2013-05-01,15.010335119040558,15.074717404407592,14.780397383137888,14.817188262939453,2535600
2013-05-02,14.844778530449563,14.927556249371337,14.651631689155808,14.853976249694824,2873800
2013-05-03,15.047124212029795,15.332246479491477,14.973544215449829,15.074715614318848,2720400
2013-05-06,15.08391260578222,15.332245740121245,15.019530331165157,15.212678909301758,1775000
2013-05-07,15.25866509699525,15.286258251063563,15.093109681156042,15.240269660949707,1277400
2013-05-08,15.194283294176579,15.30465240528631,15.074714710474748,15.249467849731445,1670800
2013-05-09,15.194283104319656,15.42422079625808,15.194283104319656,15.304652214050293,1784200
2013-05-10,15.323050123859225,15.617370136363476,15.221876961703769,15.608172416687012,2499000
2013-05-13,15.516196223890525,15.5437876241805,15.203480822511436,15.304652214050293,2038200
2013-05-14,15.2954566278193,15.442618385114608,15.203482941652451,15.424222946166992,1236800
2013-05-15,15.387434345573235,16.270396248593148,15.378236624738188,16.077247619628906,5627900
2013-05-16,16.049656364079468,16.334778695534617,15.874903175123007,15.902496337890625,2564900
2013-05-17,15.994464084288348,16.31637717959513,15.994464084288348,16.28878402709961,1745000
2013-05-20,16.26119946491417,16.37156861272372,16.17842172691402,16.270397186279297,1786500
2013-05-21,16.325578235041547,16.445145078398443,16.251998234294476,16.297985076904297,1995100
2013-05-22,16.28878863401473,16.34397495461397,15.773728588421948,15.89329719543457,7249700
2013-05-23,15.690946107510754,15.792119243668546,15.525390704447167,15.681748390197754,3208100
2013-05-24,15.58058384122363,15.847310743133464,15.562188398530271,15.801323890686035,1515700
2013-05-28,16.05884644006933,16.178415013916744,15.97607049070183,16.114032745361328,1607600
2013-05-29,15.97607403510834,16.123234039965006,15.911689997983617,16.012863159179688,1148400
2013-05-30,16.068049461230412,16.638295857473327,16.068049461230412,16.399160385131836,3353300
2013-05-31,16.353166201838246,16.794646066172145,16.297979903082727,16.50032615661621,2862900
2013-06-03,16.97859444597771,17.079767568653544,16.22439926966502,16.58310317993164,3992000
2013-06-04,16.573909249331315,16.83143834145687,16.261193848077113,16.371562957763672,2553900
2013-06-05,16.2979792296293,16.408350068294627,16.114030170900367,16.196807861328125,2078500
2013-06-06,16.22440639656622,16.307184123429167,15.828913202506737,16.031259536743164,2818500
2013-06-07,16.141626166227237,16.463539303624472,16.04045476908588,16.42675018310547,2343300
2013-06-10,16.435951232910156,16.491135802015748,16.27039577130756,16.435951232910156,1649900
2013-06-11,16.20600655979217,16.371560196398338,16.07724028116283,16.14162254333496,1791800
2013-06-12,16.288785912937634,16.32557678719113,15.764528234823365,15.819714546203613,1621900
2013-06-13,15.773731454689901,16.206015606506277,15.663362302007544,16.187620162963867,1671600
2013-06-14,16.16002192386613,16.19681279939967,15.87489965562321,15.948479652404785,1013700
2013-06-17,16.10484412364997,16.343979652120645,16.068053232676217,16.224411010742188,1769400
2013-06-18,16.34397630002521,16.42675403345248,16.30718541659715,16.389963150024414,926300
2013-06-19,16.38076679824,16.46354453858567,16.07724900173456,16.12323760986328,1573900
2013-06-20,15.838108183536264,15.884096776220995,15.534590488958779,15.6449613571167,2901200
2013-06-21,15.764527908620977,15.764527908620977,15.387430226752791,15.580578804016113,2494700
2013-06-24,15.350643893126861,15.369037578925347,14.964348422787111,15.231075286865234,2209000
2013-06-25,15.424221375086296,15.663356794190591,15.286259105602973,15.6449613571167,1760100
2013-06-26,15.828907475211349,15.911685172123253,15.617365251674308,15.856500625610352,1949900
2013-06-27,15.985270936105003,16.123234983733745,15.920888649497318,16.031259536743164,1688400
2013-06-28,15.966874007647487,16.261193974819452,15.782923151022318,16.16002082824707,2832600
2013-07-01,16.27959176441092,16.297985449303777,15.828912275966037,16.012863159179688,2462500
2013-07-02,16.012859942805136,16.13242851916292,15.608169133593476,15.792119979858398,2830200
2013-07-03,15.690948050059648,15.939281185398821,15.626565775183288,15.874898910522461,883900
2013-07-05,15.985270055878667,16.178418659351763,15.920887772816181,16.15082550048828,1232700
2013-07-08,16.224404283054163,16.27959059663097,15.976072889100555,16.06804656982422,1896000
2013-07-09,16.13243394463919,16.297987656812417,16.058852177958812,16.077247619628906,2396700
2013-07-10,16.10483675718279,16.941809846849573,16.08644132011012,16.886625289916992,5154900
2013-07-11,17.052180124612292,17.22693150789605,16.86822926882527,17.070573806762695,3504800
2013-07-12,17.06137720843261,17.098168083719074,16.923414934679357,17.052181243896484,1365800
2013-07-15,17.07977573363354,17.07977573363354,16.426753367819607,16.610702514648438,4028500
2013-07-16,16.61990188579302,16.74866647679046,16.527926426100855,16.546321868896484,2205900
2013-07-17,16.619895653313304,16.647488807159284,16.30718026020016,16.555513381958008,2569300
2013-07-18,16.5555138129551,16.583106967519424,16.33477383929661,16.371562957763672,2152400
2013-07-19,16.334779026998632,16.417556762695312,16.049656689757807,16.417556762695312,2392100
2013-07-22,16.39915781189917,16.481935529885668,16.242800095067512,16.445144653320312,2061000
2013-07-23,16.52791941920507,16.601499404907884,16.24279719389231,16.28878402709961,1396200
2013-07-24,16.408358708629038,16.408358708629038,15.801323162028586,15.902496337890625,2745200
2013-07-25,15.267863095568536,15.773725316118925,14.302124613998611,15.304652214050293,11094900
2013-07-26,15.249470226121787,15.369037074170842,15.249470226121787,15.258667945861816,3076200
2013-07-29,15.194285639204242,15.31385248707417,14.909161590547471,15.083914756774902,3266500
2013-07-30,15.203480518948293,15.359838216515893,15.12990052916856,15.277060508728027,1924600
2013-07-31,15.286262299113357,15.295458265286033,15.083915957598478,15.166693687438965,2919200
2013-08-01,15.313851198953984,15.552986628864696,15.258666639523979,15.54378890991211,2829000
2013-08-02,15.332245062491493,15.332245062491493,15.093109657136027,15.277060508728027,2236200
2013-08-05,15.221873481481474,15.295453467784725,15.10230666159566,15.148293495178223,2166300
2013-08-06,15.139097113883603,15.267863416994013,14.95514800903151,15.037925720214844,3009700
2013-08-07,14.964345014347838,15.02872728569245,14.807987317817219,14.909158706665039,1897000
2013-08-08,15.03792953086013,15.10231182158725,14.853978625109056,14.863176345825195,1230800
2013-08-09,14.798791192543836,14.890766627628416,14.752804352144302,14.881568908691406,1711600
2013-08-12,14.817189081445868,15.212682289731347,14.771200479153485,15.166693687438965,2199100
2013-08-13,15.157491953030103,15.25866509699525,15.047122845327523,15.240269660949707,1891700
2013-08-14,15.203482186393067,15.332246744058544,15.12070446952654,15.157493591308594,1344600
2013-08-15,14.982746503869922,14.982746503869922,14.679227828979492,14.679227828979492,1887500
2013-08-16,14.670028107759467,14.872373571058624,14.651633544082943,14.697620391845703,1915200
2013-08-19,14.706817545063428,14.734410705228386,14.38490523742468,14.412497520446777,1946300
2013-08-20,14.430893784699931,14.541264684085878,14.357313769871277,14.467683792114258,2345900
2013-08-21,14.430888463592023,14.522863886785185,14.265333929844033,14.338913917541504,1449800
2013-08-22,14.384906228745233,14.5780539774962,14.36651078736756,14.550460815429688,1065000
2013-08-23,14.624038696289062,14.688421854588945,14.532064134227909,14.624038696289062,1125000
2013-08-26,14.596443947040541,14.670023935103774,14.495271682739258,14.495271682739258,1608000
2013-08-27,14.320517164462554,14.348110315167334,14.072184948117469,14.099777221679688,2049300
2013-08-28,14.090583423508855,14.210151145054848,13.998608860341571,14.06299114227295,2088700
2013-08-29,14.035400323807103,14.28373263509706,14.026202603388946,14.210152626037598,1642700
2013-08-30,14.265338389010068,14.265338389010068,13.998610630945317,14.118178367614746,1489300
2013-09-03,14.32052263962679,14.458485814470452,14.05379488750052,14.210152626037598,1369200
2013-09-04,14.237743816498003,14.633236992670557,14.072189247402493,14.596446990966797,1547100
2013-09-05,14.58724751238723,14.789592935931385,14.53206295505692,14.734408378601074,1602500
2013-09-06,14.762000489449596,14.789593646583347,14.504471373343373,14.633235931396484,1761700
2013-09-09,14.6976208815064,14.918360915836177,14.670028596500908,14.863176345825195,1662700
2013-09-10,14.945953117908976,15.120706291718381,14.899966271568168,15.056324005126953,1875500
2013-09-11,14.973546278284905,15.102310851467761,14.826386264851429,15.056324005126953,2254500
2013-09-12,15.056323515207414,15.056323515207414,14.853977187606253,14.8723726272583,2160600
2013-09-13,14.89996358414376,14.964345859122913,14.716012723387252,14.826383590698242,1540700
2013-09-16,14.982740450242105,15.010331849798183,14.84477643532043,14.909158706665039,1641600
2013-09-17,14.99193927520952,15.0379278737224,14.881570147349928,14.927556991577148,1620100
2013-09-18,14.945952868222248,15.010335153738108,14.81718829719053,14.973546028137207,1801500
2013-09-19,15.037925720214844,15.129901149783592,14.945950290646094,15.037925720214844,2452800
2013-09-20,15.065517121085684,15.120703431398177,14.964345727416925,15.037925720214844,3682700
2013-09-23,15.037928313653065,15.093112879197273,14.81718829719053,14.973546028137207,2147700
2013-09-24,15.047124742796084,15.350642458680296,14.92755614770759,15.22187614440918,4335600
2013-09-25,15.166689378202758,15.30465163730977,14.945949412774478,15.194282531738281,3190400
2013-09-26,15.203478369677322,15.28625606576315,15.074712090052099,15.139094352722168,2894900
2013-09-27,15.083911579169838,15.40582468463113,15.010331591145997,15.369033813476562,2694400
2013-09-30,15.194282531738281,15.267862520214374,14.973542566310002,15.194282531738281,2217200
2013-10-01,15.166697458931877,15.369042096477866,15.056328294556334,15.20348834991455,2006800
2013-10-02,15.0747179276943,15.212681977453594,14.918360191681431,14.964348793029785,2394300
2013-10-03,14.853975925609904,14.881569082743654,14.522865934289774,14.633235931396484,3080500
2013-10-04,14.651630939874368,14.817186369251441,14.504470948047073,14.79879093170166,2818000
2013-10-07,14.578049552377479,14.863171790040136,14.486074127693788,14.771196365356445,3270800
2013-10-08,14.780396125917708,14.863173844144454,14.532063848380245,14.578051567077637,3108900
2013-10-09,14.63323570873287,14.863173418492073,14.495273433734448,14.725211143493652,2647100
2013-10-10,14.92755746207195,15.185088359004094,14.92755746207195,15.129903793334961,1868700
2013-10-11,14.973539211087383,15.433414474586916,14.927550632166483,15.396623611450195,2449100
2013-10-14,15.258668005357041,15.672556623843846,15.249470285581149,15.589778900146484,2217700
2013-10-15,15.369034679147886,15.534590100097873,15.231072413118026,15.249467849731445,1915600
2013-10-16,15.341441899735845,15.479404153366659,15.295453312335416,15.433417320251465,1143200
2013-10-17,15.323050981576309,15.543791003310552,15.221877813757622,15.507001876831055,1264500
2013-10-18,15.580580513675265,15.672555953212877,15.451814196608371,15.635765075683594,1838900
2013-10-21,15.64496329539287,15.700147859166004,15.516198728493672,15.608172416687012,965800
2013-10-22,15.644964156819738,15.700148723631386,15.267866400749591,15.33224868774414,2399600
2013-10-23,15.277061626643059,15.277061626643059,14.780395343571785,15.028728485107422,3396200
2013-10-24,14.88157208615849,15.893298579538536,14.807992073237353,15.415027618408203,7405800
2013-10-25,15.313848346727765,15.95767451921117,15.313848346727765,15.930081367492676,4871400
2013-10-28,15.957672320536012,15.957672320536012,15.755326077717026,15.847301483154297,2853200
2013-10-29,15.920890095755894,16.37156789723514,15.90249640811548,16.353174209594727,3404900
2013-10-30,16.35316651740992,16.4635356084807,16.02205573562744,16.14162254333496,2258200
2013-10-31,16.15082905933413,16.316384540424004,16.01286674318791,16.08644676208496,3980700
2013-11-01,16.15082763202341,16.2611985277581,15.884100744950537,16.077247619628906,2367400
2013-11-04,16.08644316160802,16.09564088119727,15.874900873912267,16.012863159179688,1273300
2013-11-05,15.948476801971673,16.040452220081473,15.764525965752075,15.930081367492676,1637600
2013-11-06,16.040458643156928,16.040458643156928,15.819718603873664,15.902496337890625,1082900
2013-11-07,15.91168789401903,15.976071922630405,15.552985648896952,15.580578804016113,1605300
2013-11-08,15.617368056731605,15.874898910522461,15.543788063403563,15.874898910522461,1188200
2013-11-11,15.79212907304427,15.838115933947321,15.62657356693522,15.764535903930664,1076300
2013-11-12,15.718546152851887,15.810521612032716,15.62657069367106,15.801323890686035,1345300
2013-11-13,15.736935044880314,15.994464118244277,15.700144174808182,15.920884132385254,1334900
2013-11-14,15.884096272903626,15.930083109845743,15.506998596265055,15.672554016113281,2408000
2013-11-15,15.709344849282138,15.746135726279384,15.54378941136567,15.727740287780762,1766900
2013-11-18,15.746139324880652,15.828915308470824,15.562188406425669,15.626570701599121,1487100
2013-11-19,15.644961929683378,15.700146488639238,15.249468789547803,15.267864227294922,1513800
2013-11-20,15.323048021706605,15.442616606811503,15.139097161984644,15.212678909301758,1078400
2013-11-21,15.258662028467032,15.424217411012929,15.18508205336719,15.350637435913086,1267700
2013-11-22,15.378233671057385,15.608171384912053,15.295455953726862,15.488604545593262,1628200
2013-11-25,15.507001008817207,15.681752419813074,15.295456964829832,15.608172416687012,4191200
2013-11-26,15.626563840604959,15.856501510574342,15.626563840604959,15.681748390197754,2380300
2013-11-27,15.672556209295927,15.782925335115968,15.589778487788083,15.71854305267334,1567800
2013-11-29,15.810521582073525,15.847310713104562,15.635768385389687,15.663361549377441,615200
2013-12-02,15.663357960515711,15.700147083117452,15.451813926984824,15.571382522583008,2441900
2013-12-03,15.525391085055448,15.7553287606618,15.49779968672524,15.552984237670898,1687200
2013-12-04,15.461012371142347,15.60817237702048,15.313852365264212,15.451814651489258,2872500
2013-12-05,15.424223883664762,15.617370741497515,15.405828443599058,15.442619323730469,1676600
2013-12-06,15.58977800761223,15.85650484869998,15.571382569113606,15.727740287780762,1440300
2013-12-09,15.773733802524532,15.948487033616393,15.718549217969429,15.746142387390137,2031500
2013-12-10,15.681755237749975,15.82891527044606,15.580583811700148,15.663361549377441,1078700
2013-12-11,15.700146821311028,15.72773997851638,15.47940682652481,15.488604545593262,1551800
2013-12-12,15.304649134712156,15.332242283735681,14.909156103466707,15.047120094299316,5143400
2013-12-13,15.065517895460664,15.175888767473362,14.973544215449829,15.074715614318848,2592800
2013-12-16,15.111508353350013,15.277063804643127,15.019532907710982,15.129903793334961,3134000
2013-12-17,15.175890079039169,15.497803249754705,15.12990323505937,15.451814651489258,2031700
2013-12-18,15.424217411012929,15.552981928866412,15.2126752018865,15.350637435913086,4055100
2013-12-19,15.332245086892081,15.461009630640204,15.194282825121189,15.240269660949707,3890500
2013-12-20,15.185082826758162,15.488600458789092,15.139094243550401,15.38742733001709,24930800
2013-12-23,15.543788252158695,15.847305947608296,15.43341913796908,15.819714546203613,2949300
2013-12-24,15.856507510074618,16.095642987836783,15.792125218809009,15.976076126098633,1463200
2013-12-26,16.003667759466772,16.086445493483733,15.893298616968085,15.902496337890625,1231300
2013-12-27,15.865697961910248,16.141622442142488,15.792117983562646,16.003660202026367,1621600
2013-12-30,16.00366030235395,16.196808843155424,16.00366030235395,16.14162254333496,1299200
2013-12-31,16.17842146952233,16.261199206205525,16.077248290401556,16.20601463317871,1180100
2014-01-02,16.04045664073353,16.242801212911868,15.976074356598863,16.215208053588867,2665800
2014-01-03,16.178418659351763,16.279591820898894,16.09564093704696,16.15082550048828,1947600
2014-01-06,16.17841387290584,16.251993853820565,15.966871647061645,16.16921615600586,2276700
2014-01-07,16.20601280593271,16.38996194671026,16.09564191803758,16.30718421936035,1695200
2014-01-08,16.353166985486247,16.62909147534605,16.178413872956305,16.518720626831055,3197700
2014-01-09,16.52792691212078,16.776260134306312,16.417557760673454,16.537124633789062,4228000
2014-01-10,16.59230737585957,16.693478783761194,16.380763331805657,16.638294219970703,2151100
2014-01-13,16.61070319046474,17.125765032826997,16.61070319046474,16.739469528198242,5474200
2014-01-14,17.07977518377579,17.47526838043989,17.0153928967441,17.456872940063477,5330500
2014-01-15,17.760395714846812,18.211073605884145,17.732804300760314,18.16508674621582,7453400
2014-01-16,18.165077331650593,18.358224147297257,17.861559654002022,17.953535079956055,5855500
2014-01-17,17.806374644603526,18.109892314487208,17.78797920902626,17.925941467285156,3268900
2014-01-21,17.98112585051628,18.082298990953824,17.59483047845552,17.65001678466797,5233400
2014-01-22,17.6040314236379,18.14668458755209,17.594833704249538,18.00872230529785,6336600
2014-01-23,17.962736183280253,18.551376213466032,17.925945304250806,18.100698471069336,8111800
2014-01-24,18.06390308447191,18.06390308447191,17.576436338971234,17.62242317199707,4651600
2014-01-27,17.659222384518113,17.659222384518113,17.282124561842796,17.401691436767578,3793800
2014-01-28,17.4752636568991,17.806374477032687,17.38328823416363,17.65001678466797,3909000
2014-01-29,17.374090854284308,17.696003962975116,17.272919466164854,17.32810401916504,4115300
2014-01-30,17.49366215270126,17.604031275863935,17.300513555738195,17.55804443359375,2839800
2014-01-31,17.429278620670015,17.52125229860817,17.27292091217551,17.300512313842773,2501200
2014-02-03,17.263727909884185,17.318912482580306,16.739470083556206,16.831443786621094,4257000
2014-02-04,16.94180727524568,16.9602027095261,16.794647309572646,16.93260955810547,2224900
2014-02-05,16.895827639643265,17.309714561513243,16.684283563893633,17.21773910522461,3680400
2014-02-06,17.272925617758375,17.52125707184282,17.226937011975377,17.355703353881836,3042300
2014-02-07,17.41088350113838,17.576438931305383,17.28211894624648,17.539648056030273,2609500
2014-02-10,17.4844674884613,17.53965205968507,17.346505183258927,17.50286293029785,1900100
2014-02-11,17.539646485845303,17.944337306215285,17.502857368149122,17.77878189086914,4711400
2014-02-12,17.907553409506985,17.981133427845254,17.640826500888025,17.686813354492188,2945900
2014-02-13,17.558045904621913,17.714403637440146,17.309712725271947,17.7052059173584,5908800
2014-02-14,17.723598904288053,18.312238873756662,17.65921662691311,18.275449752807617,5135900
2014-02-18,18.35823006992488,18.367427790916132,18.155885470975015,18.22946548461914,3212800
2014-02-19,18.174271143287307,18.624948703879326,18.165073427240333,18.514577865600586,4744500
2014-02-20,18.53298148402351,18.845696950612492,18.477796917650668,18.818103790283203,4977700
2014-02-21,18.85489097753364,18.8916818507663,18.551373290505733,18.606557846069336,3753300
2014-02-24,18.615751919193055,18.772109591244412,18.505382829677423,18.569765090942383,5540600
2014-02-25,18.53298085023133,18.551376289821768,18.23866083392705,18.413414001464844,3182000
2014-02-26,18.468595021837984,18.790508135752983,18.358224159761143,18.477792739868164,3966900
2014-02-27,18.486988356121195,18.65254375327187,18.450197488183207,18.55137062072754,2685800
2014-02-28,18.53297924361689,18.873287829396084,18.441003807923686,18.65254783630371,3559300
2014-03-03,18.413418537108008,18.51458997120488,18.174283026384852,18.33064079284668,2527800
2014-03-04,18.523784860190148,18.542180301498355,18.33983570996561,18.450204849243164,2650300
2014-03-05,18.459396761477393,18.486989914757263,18.293841350368762,18.312236785888672,2565200
2014-03-06,18.34902688735224,18.37661828518961,18.119089215853016,18.257051467895508,3237600
2014-03-07,18.312237877349595,18.6157555643775,18.312237877349595,18.606557846069336,3086400
2014-03-10,18.624943956466247,18.643339383871286,18.07309341430664,18.07309341430664,2387200
2014-03-11,18.027114385596672,18.229458911586764,17.85236125834575,18.036312103271484,2797600
2014-03-12,17.953537983057338,18.137487110424782,17.760389381893052,18.109895706176758,2694400
2014-03-13,18.054710509036116,18.211068241854345,17.539650464458422,17.7052059173584,3558700
2014-03-14,17.70520256031866,17.852362545152502,17.640820286239528,17.73279571533203,1629000
2014-03-17,17.824768525402412,17.953534821599206,17.806374843904564,17.85236167907715,2026800
2014-03-18,17.86156819914513,18.27545693680389,17.815581341310235,18.24786376953125,1713400
2014-03-19,18.238659997056295,18.27545087454904,17.935142274883535,18.045513153076172,1611200
2014-03-20,18.06390568503054,18.634151969786277,17.97193200573794,18.588163375854492,2120100
2014-03-21,18.735320497950397,18.790505042762554,18.4685919818357,18.532974243164062,2728900
2014-03-24,18.551378437528875,18.689340741857798,18.220267503710758,18.33983612060547,1312200
2014-03-25,18.45019560755672,18.818095478010925,18.247851117378147,18.514577865600586,2813400
2014-03-26,18.57896968054048,18.772116535787976,18.119094210767557,18.1282901763916,1721400
2014-03-27,18.082302767694692,18.128289611524785,17.60403187300492,17.824771881103516,3075100
2014-03-28,17.797177382119802,18.128286459554847,17.787979664095865,17.953535079956055,1806700
2014-03-31,18.082301944181182,18.376621941575234,18.017919664036928,18.29384422302246,1307900
2014-04-01,18.367424736669555,18.477795615925555,18.14668473244317,18.459400177001953,2162500
2014-04-02,18.477791665075806,18.910073861637873,18.376618526914054,18.70772933959961,2734800
2014-04-03,18.716929422304197,19.057236241203377,18.634151708672405,18.73532485961914,2227900
2014-04-04,18.845695502842783,18.919275503782565,18.063906896429124,18.183475494384766,3379700
2014-04-07,18.109895404439655,18.22026452816409,17.68680908540108,17.870759963989258,1918300
2014-04-08,17.83397318798208,18.100701847848153,17.723604038875152,17.89835548400879,1726700
2014-04-09,17.971934649135697,18.183476949480102,17.71440374809529,18.1558837890625,1341600
2014-04-10,18.174277310357645,18.321437308475073,17.48446416132513,17.493661880493164,2518900
2014-04-11,17.6132275212728,17.751189790824043,17.29131438946295,17.37409210205078,1821400
2014-04-14,17.47526655965689,17.54884655921034,16.987797966186815,17.10736656188965,2677700
2014-04-15,17.16255498050673,17.364899586187093,16.83144403095163,17.245332717895508,3776200
2014-04-16,17.226927731720274,17.30970542325087,16.74865701494018,17.282114028930664,3396500
2014-04-17,17.383290043759697,17.67761002372362,17.226932335118182,17.512056350708008,2207500
2014-04-21,17.59483663090884,17.59483663090884,17.282122891116877,17.50286293029785,1371600
2014-04-22,17.521254150682246,17.953538201541924,17.41088502377577,17.824771881103516,1673200
2014-04-23,17.889154605653047,17.8983505703157,17.558043740661223,17.64082145690918,1937800
2014-04-24,17.696009492703713,17.769589504458338,16.665889328138917,16.77625846862793,7295700
2014-04-25,16.656685240846382,16.656685240846382,15.838105949382877,15.930081367492676,7192300
2014-04-28,15.939283871980999,16.068048443437114,15.589779283334808,15.911690711975098,3801400
2014-04-29,16.123229325791076,16.31637611783531,15.920883062561739,16.16921615600586,3245300
2014-04-30,16.104835113677158,16.325575073166302,16.00366197438766,16.251995086669922,2255200
2014-05-01,16.23360082004006,16.316378530092848,16.068045399934487,16.16002082824707,3407300
2014-05-02,16.150825046007025,16.509529083995872,16.040455922230144,16.334775924682617,2395400
2014-05-05,16.242801449487082,16.435950058989953,16.104839159434004,16.316381454467773,1622700
2014-05-06,16.270399624459376,16.426757402525347,16.19681959679811,16.224411010742188,2100100
2014-05-07,16.18749319200541,16.307468130433882,16.030601804661607,16.270551681518555,2338500
2014-05-08,16.233636592828812,16.584334047516293,16.1044325453555,16.261323928833008,2162500
2014-05-09,16.2151714644677,16.335148109127147,16.085967472008953,16.30746078491211,1942300
2014-05-12,16.427435330384224,16.722761501767923,16.390520659131475,16.63047218322754,1010800
2014-05-13,16.61201456962793,16.639701894275376,16.427435925856436,16.510496139526367,2235400
2014-05-14,16.473585242635725,16.54741636501173,16.35360856860421,16.40898323059082,1888500
2014-05-15,16.408985093033774,16.519730909031185,16.00291299373958,16.24286460876465,3097300
2014-05-16,16.289008045098882,16.50127232129316,16.187491342725473,16.436670303344727,1324000
2014-05-19,16.390529781608343,16.713541696142254,16.381300668590423,16.593564987182617,1732600
2014-05-20,16.547410036792364,16.5658682503956,16.298229433965076,16.399747848510742,1489800
2014-05-21,16.45512315217585,16.63970179484439,16.427435827693852,16.575098037719727,1583300
2014-05-22,16.56587914298949,16.815058149387784,16.538191804379327,16.621252059936523,1373500
2014-05-23,16.612013510492066,16.704302826493702,16.510495086863035,16.556640625,994200
2014-05-27,16.667396131052655,16.768914613976452,16.54742118236634,16.593564987182617,2519000
2014-05-28,16.63047172574685,16.66738639598413,16.464351308998364,16.556640625,1645500
2014-05-29,16.612013510492066,16.639700833374242,16.48280952425315,16.556640625,936000
2014-05-30,16.56587169918568,16.602786373805156,16.390522153993807,16.42743682861328,1997900
2014-06-02,16.46435226033652,16.621243578523057,16.399750263484247,16.575098037719727,1200800
2014-06-03,16.556639732018688,16.75044570092415,16.46435042099467,16.639699935913086,931600
2014-06-04,17.055002315786894,17.156520752516077,16.870425420237716,16.990400314331055,3238200
2014-06-05,16.888882069546586,17.202664731846145,16.82428006735654,17.0919189453125,1710300
2014-06-06,17.156523397551563,17.442618773937486,17.13806517706917,17.43338966369629,1868400
2014-06-09,17.42416330913246,17.636429357704827,17.38724862260231,17.5810546875,2192300
2014-06-10,17.525682898001122,17.802550985906485,17.497995561128633,17.765634536743164,3200000
2014-06-11,17.710265695720956,17.747180393099576,17.5256869280071,17.737951278686523,3304100
2014-06-12,17.691801741292185,17.848693114992088,17.54413947901851,17.636428833007812,956900
2014-06-13,17.710254771766373,17.88560255663641,17.590278118673712,17.645652770996094,1007100
2014-06-16,17.66411440701349,17.774861983855253,17.497993921887353,17.636428833007812,2365900
2014-06-17,17.62719972158158,17.80254931813395,17.534910367592282,17.636428833007812,2920400
2014-06-18,17.68257222083858,17.68257222083858,17.39647681433533,17.664113998413086,1714700
2014-06-19,17.747172064035595,17.747172064035595,17.58105160311113,17.69179916381836,1475600
2014-06-20,17.691799120527723,17.922521591186523,17.525678660009746,17.922521591186523,3280500
2014-06-23,17.885600107393056,18.116322512990486,17.86714365275218,18.09786605834961,2142600
2014-06-24,18.079412497955587,18.263991174061953,17.811773593628626,17.848690032958984,3585800
2014-06-25,17.784087475909782,17.876376811116593,17.636425243687945,17.839460372924805,2009400
2014-06-26,17.876378026103946,17.876378026103946,17.571824431413017,17.793317794799805,1247300
2014-06-27,17.80254642565824,17.987123343374613,17.765629985951325,17.95020866394043,2360400
2014-06-30,17.922523549044964,18.09787313877723,17.922523549044964,18.08864402770996,2244700
2014-07-01,18.097876970764617,18.3839724333352,18.097876970764617,18.25476837158203,2725600
2014-07-02,18.217852463047347,18.439345901349864,18.217852463047347,18.365514755249023,1614700
2014-07-03,18.402423750214083,18.670060886257854,18.37473642154501,18.467025756835938,1760300
2014-07-07,18.485488343304198,18.550090365188833,18.37474076273548,18.476259231567383,1429000
2014-07-08,18.39319500536739,18.430109684052127,18.11632699400472,18.374736785888672,1962300
2014-07-09,18.38397149111076,18.5685502215323,18.24553832343122,18.43934440612793,1790300
2014-07-10,18.180929859458775,18.587000106192136,18.042494980514675,18.457796096801758,1363500
2014-07-11,18.439338793791485,18.550086350391094,18.356278566409955,18.374736785888672,1235400
2014-07-14,18.49471253392621,18.540856320059174,18.300904759568038,18.457796096801758,1306000
2014-07-15,18.467032004734616,18.513175807855454,18.180936552784264,18.31014060974121,1287600
2014-07-16,18.3839724333352,18.4578035772332,18.227081032517784,18.25476837158203,1974700
2014-07-17,18.20862097704618,18.227079201234503,17.904067319031416,17.959440231323242,3016600
2014-07-18,18.014812899444735,18.18093337810973,17.977896455175646,18.08864402770996,2104300
2014-07-21,18.08863985485037,18.282445861735223,17.996350525740784,18.18092918395996,2532500
2014-07-22,18.319369722420028,18.374742638219686,18.254767693941556,18.31014060974121,1953200
2014-07-23,18.31013450986723,18.319363619471442,17.7471711459188,17.774858474731445,2843900
2014-07-24,17.756400622063854,17.756400622063854,16.630475631197484,16.72276496887207,9243900
2014-07-25,16.667386072549057,16.953483122629567,16.3720616752925,16.87965202331543,6485400
2014-07-28,16.87043395307721,17.341108179237985,16.75968635151504,17.23958969116211,6087000
2014-07-29,17.331866447938562,17.43338310183565,17.11037316633747,17.221118927001953,5229800
2014-07-30,17.359563826894636,17.359563826894636,17.091926589513022,17.258047103881836,2262700
2014-07-31,17.13806965628998,17.276502825543357,16.787372176829876,16.8150577545166,3266900
2014-08-01,16.796596415738033,16.95348776477405,16.630475956726638,16.86119842529297,2227800
2014-08-04,16.92580148234421,17.128836633549742,16.768910123598573,17.110380172729492,3632400
2014-08-05,16.95349218600752,17.32264787992974,16.907346624096494,17.13806915283203,3096900
2014-08-06,17.00886379061814,17.387248567793016,17.00886379061814,17.313417434692383,2069700
2014-08-07,17.387244770182555,17.387244770182555,17.045774754003155,17.082691192626953,2407200
2014-08-08,17.07347064477154,17.27650587820007,16.981181262204547,17.267276763916016,1422600
2014-08-11,17.34110885972651,17.53491496972377,17.285734176635742,17.285734176635742,1635500
2014-08-12,17.276497730371883,17.378016179345465,17.128835492013614,17.322643280029297,1519600
2014-08-13,17.368788863801385,17.479536434147896,17.267270404339826,17.38724708557129,1381000
2014-08-14,17.414929294212023,17.7102537145452,17.28572354011196,17.497987747192383,2514700
2014-08-15,17.69179695940849,17.774857179521362,17.47030362586501,17.65488052368164,3353800
2014-08-18,17.793319177369597,17.99635433618212,17.737944512015613,17.88560676574707,2668900
2014-08-19,17.91329415167126,18.190160438172494,17.904065040751494,18.051727294921875,1638900
2014-08-20,17.977892292954554,18.63314494484392,17.977892292954554,18.411651611328125,4074900
2014-08-21,18.402422444839736,18.78080710844647,18.347047791429578,18.577770233154297,3716700
2014-08-22,18.522399789952964,18.753122262195074,18.457797779368814,18.58700180053711,3533400
2014-08-25,18.67929373161498,18.688522843017132,18.411656542044604,18.531631469726562,1915100
2014-08-26,18.596234340035323,18.753125720503583,18.55009054118652,18.67929458618164,2055100
2014-08-27,18.65160289211484,18.73466311885126,18.62391732338449,18.670061111450195,1496900
2014-08-28,18.59623745900054,18.771587092527238,18.485491619079863,18.734670639038086,1751000
2014-08-29,18.78081258706145,19.011535096091016,18.734667029091707,19.00230598449707,1778000
2014-09-02,19.01152826721947,19.20533426025884,18.79926405762233,18.983840942382812,2177400
2014-09-03,19.076412091878428,19.09492255173576,18.835758459503403,18.845014572143555,1942300
2014-09-04,18.81723878108149,18.854263216977436,18.530306464576974,18.63212013244629,2784700
2014-09-05,18.650638037758654,18.724685166708365,18.428496650909523,18.706172943115234,1995300
2014-09-08,18.696908697026046,18.90979385935931,18.502533983062115,18.53955841064453,2273700
2014-09-09,18.53955866440385,18.919050225208505,18.493278129292367,18.622861862182617,3197800
2014-09-10,18.622868763764863,18.743194668803355,18.511797203756398,18.521053314208984,1853100
2014-09-11,18.456258407914298,19.048635228370447,18.419233973924698,19.039379119873047,4767100
2014-09-12,18.974588439641032,19.011612874242992,18.73393491099492,18.7524471282959,2296500
2014-09-15,18.798728350400694,18.86351935395626,18.585843120025988,18.696914672851562,1923100
2014-09-16,18.62286506422118,19.15970700586635,18.59509673837977,19.122682571411133,3431900
2014-09-17,19.159706764917065,19.326311421603723,19.002356451305626,19.039379119873047,2036900
2014-09-18,19.122682049459307,19.280032360754692,19.020866622908716,19.1782169342041,1159500
2014-09-19,19.215246951677457,19.243015284830523,18.817243003596847,18.94682502746582,2288200
2014-09-22,18.845007877384404,18.863518330665826,18.576586002446792,18.659889221191406,1792000
2014-09-23,18.530308773871983,18.63212245442958,18.178583650716664,18.19709587097168,2426500
2014-09-24,18.243372183665134,18.437746939154223,18.048999193598295,18.40072250366211,2478400
2014-09-25,18.08602447721324,18.234118695281893,17.530670276744623,18.058256149291992,4438500
2014-09-26,18.16932872136183,18.22486538573604,17.96569958159086,18.09528160095215,2076100
2014-09-29,17.87314548602951,18.298917877429137,17.80835445733075,18.15082359313965,2117800
2014-09-30,18.10453777581182,18.113793886573642,17.678767273303638,17.947187423706055,2959300
2014-10-01,17.891653307950836,17.910165530285045,17.35481121821755,17.373323440551758,3772800
2014-10-02,17.327032603713494,17.493638975020048,17.132659680803613,17.345544815063477,2701300
2014-10-03,17.225223057928023,17.373317253012306,16.93828901020792,16.984569549560547,4223500
2014-10-06,17.104895412089963,17.22522304892182,16.947545109217426,17.058616638183594,2918400
2014-10-07,17.003090958843554,17.141929121126868,16.734668981729204,16.743925094604492,2335200
2014-10-08,16.790198240896938,17.28076146559405,16.558800793187014,17.27150535583496,3992900
2014-10-09,17.197457133180187,17.20671324234184,16.605080270212735,16.63284683227539,2718800
2014-10-10,16.41996198964725,16.45698642713227,15.290743127689291,15.299999237060547,6192600
2014-10-13,15.32776654098443,15.522141316335832,14.948274865522928,14.957530975341797,4662300
2014-10-14,15.124138800832364,15.485118289584003,15.022323348959812,15.198185920715332,3731700
2014-10-15,14.93901803327097,15.438837346784684,14.827948251660601,15.299999237060547,4632700
2014-10-16,14.966786300856727,15.725769612006758,14.911251410276133,15.522140502929688,3642900
2014-10-17,15.753537487379754,15.836840703568358,15.47585951161031,15.54065227508545,2312400
2014-10-20,15.59619440460287,16.114524395082633,15.475866696280624,16.02196502685547,3326100
2014-10-21,16.179314220895677,16.55880601354541,16.10526708490117,16.503271102905273,3848100
2014-10-22,16.53103447853931,16.61433770220448,16.040471246446906,16.086750030517578,3845000
2014-10-23,15.670240143871284,16.81797161708494,15.605449121536934,16.494014739990234,5559400
2014-10-24,16.61434354085782,17.19746454601339,16.61434354085782,16.76243782043457,3793800
2014-10-27,16.51252263991205,16.586569755387877,16.170053627447288,16.47549819946289,2957500
2014-10-28,16.558796950171626,16.688380691302246,16.42921497446302,16.595821380615234,2922500
2014-10-29,16.558805762324585,16.734668369677074,16.345920470248018,16.494014739990234,2641400
2014-10-30,16.42922691593643,16.57732121450819,16.133038318792906,16.466251373291016,2969200
2014-10-31,16.808710031848772,17.04936358318192,16.762431249655712,17.030851364135742,1811900
2014-11-03,17.03084969619819,17.33629421885648,17.03084969619819,17.114152908325195,2157800
2014-11-04,17.123406340911618,17.20670954002008,16.966056049864743,17.086381912231445,1935700
2014-11-05,17.243737897083548,17.67876625061035,17.040108768370956,17.67876625061035,4467600
2014-11-06,17.604716176365837,17.90090459215552,17.558435633009818,17.863880157470703,3445200
2014-11-07,17.92868035365124,17.956446925758147,17.465885320691378,17.62323570251465,4760600
2014-11-10,17.650996248026598,17.82685879482487,17.567693029302276,17.762067794799805,2316300
2014-11-11,17.74355598537032,17.799090877326712,17.576949544078765,17.632484436035156,1184800
2014-11-12,17.576951883644075,17.808349357255118,17.558439662053765,17.79909324645996,1373300
2014-11-13,17.854631107330956,17.947188690637805,17.3455555720296,17.465883255004883,2369900
2014-11-14,17.419603724763874,17.706536133858965,17.391837154304156,17.66025733947754,1723100
2014-11-17,17.63248413452127,17.63248413452127,17.252992476034166,17.39183235168457,1350500
2014-11-18,17.4566272441719,17.91942222506365,17.438115021234772,17.77132797241211,1848900
2014-11-19,17.77132891758494,17.80835160000551,17.382581042343304,17.66025733947754,2099800
2014-11-20,17.52141488048139,17.789834999620957,17.52141488048139,17.715787887573242,1471200
2014-11-21,17.92867442287005,18.02123198650575,17.734299655305882,17.993465423583984,1199100
2014-11-24,17.9934669667026,18.280399322509766,17.900907629706655,18.280399322509766,1671700
2014-11-25,18.280397219535633,18.36370043670654,18.03974367719993,18.048999786376953,1824900
2014-11-26,18.021235062912627,18.4932861328125,17.993468495250827,18.4932861328125,1551700
2014-11-28,18.51179534159172,18.51179534159172,18.289654009343305,18.372957229614258,3343700
2014-12-01,18.280112214176704,18.502926974380912,18.19655645775334,18.224407196044922,1636700
2014-12-02,18.233700509667685,18.3636771797156,18.12229395908398,18.354393005371094,1141600
2014-12-03,18.391527927548296,18.80930691907465,18.345108826612122,18.76288604736328,2408400
2014-12-04,18.75360059997256,18.76288300203305,18.4750807272354,18.567920684814453,1758400
2014-12-05,18.567925239496066,18.790740129876976,18.53078853904491,18.735036849975586,1164600
2014-12-08,18.642195326950063,18.753603648308964,18.168713060031326,18.354393005371094,1462300
2014-12-09,18.0480143269983,18.623618714754162,17.825199553921088,18.595767974853516,2086100
2014-12-10,18.502931043245464,18.623621734189385,18.08515216925748,18.113004684448242,1349000
2014-12-11,18.252269526237956,18.493652755702197,18.085157923472305,18.1594295501709,1058600
2014-12-12,17.955176809463566,18.233694870561177,17.918040123570737,17.927324295043945,999400
2014-12-15,18.029454169472405,18.261553218116088,17.658096045797553,17.72308349609375,1496300
2014-12-16,17.67665985102817,17.973746273604313,17.53739904101769,17.602386474609375,2067200
2014-12-17,17.667373455942823,18.21512714268591,17.537396834339262,18.205842971801758,1587300
2014-12-18,18.010881392794023,18.64219093322754,17.890190696311038,18.64219093322754,2427900
2014-12-19,18.605057395693354,18.61433979776359,18.307969176973426,18.410093307495117,3138300
2014-12-22,18.363673390568305,18.800018870073796,18.354389218139488,18.716463088989258,1466000
2014-12-23,18.78144941529135,18.920708451944193,18.642190378638503,18.725746154785156,1008700
2014-12-24,18.78144990525128,18.9671298061488,18.68860995480252,18.911426544189453,518800
2014-12-26,18.939275931210375,19.022831703543076,18.800016900914088,18.827869415283203,762700
2014-12-29,18.80002301319423,18.827875536618784,18.63291141419736,18.697898864746094,642900
2014-12-30,18.614339727689842,18.67932893736121,18.43794575662084,18.521501541137695,941600
2014-12-31,18.59577205153837,18.697894404852672,18.363673057353903,18.372957229614258,1021600
2015-01-02,18.49364656304271,18.56791816487121,18.07586769602324,18.289400100708008,1030300
2015-01-05,18.140854461999645,18.23369262374258,17.93660625630656,17.945890426635742,1877000
2015-01-06,17.964465990683788,18.02016926428234,17.342440494711994,17.398143768310547,2377700
2015-01-07,17.509550450530945,17.630241160515343,17.370289623381673,17.53740119934082,902400
2015-01-08,17.723079707867452,18.14085861443786,17.676660616370665,18.085153579711914,1626800
2015-01-09,18.07586281541356,18.159418566256818,17.79734482645217,18.029443740844727,745200
2015-01-12,17.518837702894114,17.79735586459597,17.063921990258976,17.166046142578125,3427800
2015-01-13,17.323874182739992,17.77878814060906,16.69256443850525,16.878244400024414,2993400
2015-01-14,16.664707787635525,17.063916553338522,16.664707787635525,16.943225860595703,2517800
2015-01-15,17.017497215532035,17.212461280368498,16.794682406272294,16.850385665893555,2262600
2015-01-16,16.766829352156737,17.268163984958342,16.74826278006288,17.249595642089844,2064300
2015-01-20,17.277447607585984,17.407422461987625,17.054632812565494,17.33315086364746,1153900
2015-01-21,17.27745348892461,17.76021815708409,17.184613516702534,17.583824157714844,1441100
2015-01-22,17.6395266388881,17.788069879448308,17.286736885251386,17.778785705566406,1865300
2015-01-23,17.750929730154265,17.825201328574384,17.630237275987454,17.648805618286133,701400
2015-01-26,17.5838208598368,17.99231382776004,17.416709295334176,17.97374725341797,1686200
2015-01-27,17.639526448147947,17.769501339538905,17.453846514067934,17.528118133544922,1559600
2015-01-28,17.676663677853597,17.89947854302295,17.361008842836558,17.398143768310547,2150100
2015-01-29,17.862336162456945,18.150138383700067,17.12890435268746,17.286731719970703,4947900
2015-01-30,16.74826136175448,17.12890350445122,16.618284743456567,16.803964614868164,2771800
2015-02-02,16.748266035261,16.896809265530614,16.339771266632077,16.701845169067383,2485400
2015-02-03,16.83181942344634,17.268166695474555,16.776116156871964,17.258882522583008,2128800
2015-02-04,17.175324290104864,17.463126525635662,17.147471775398788,17.342435836791992,1601000
2015-02-05,17.435277431367037,17.63952391287933,17.193894260066234,17.56525230407715,1679200
2015-02-06,17.555971634815663,17.778786505683545,17.50026835979249,17.583824157714844,1323600
2015-02-09,17.481697369000592,17.639524766691462,17.38885741081039,17.620956420898438,1214300
2015-02-10,17.70451106373758,18.103721618652344,17.49098041322148,18.103721618652344,1901400
2015-02-11,18.103722745744896,18.103722745744896,17.853055390433216,17.93661117553711,1007600
2015-02-12,18.029452786683066,18.177996024760315,17.98303368882458,18.00160026550293,2010100
2015-02-13,18.038734436035156,18.252265089542433,17.936610310107838,18.038734436035156,1843200
2015-02-17,18.001595090645257,18.048015945934374,17.871620237384864,17.918039321899414,1292400
2015-02-18,17.90876179504544,18.02945251009102,17.806637656393374,17.862340927124023,1503100
2015-02-19,17.769498499044673,18.17799322625685,17.760214326747256,18.103721618652344,1221800
2015-02-20,18.075870168169516,18.437945826030553,17.88090785074619,18.410093307495117,1598600
2015-02-23,18.400805248045298,18.47507684434396,18.17799045914931,18.205842971801758,1616300
2015-02-24,18.224413373004428,18.63290812388732,18.159425933931562,18.567920684814453,1458000
2015-02-25,18.474799910796705,18.61447798124678,18.260626751033058,18.27924919128418,1561400
2015-02-26,18.251314211584422,18.418928602605057,18.195443339945207,18.28856086730957,1063500
2015-02-27,18.260629265815563,18.269941375275067,17.944024648605563,17.990583419799805,1693000
2015-03-02,18.08370028740451,18.623790130134285,18.03714152252039,18.595853805541992,2104000
2015-03-03,18.558609661113824,18.62379265121656,18.251317153412884,18.307188034057617,1614400
2015-03-04,18.20475081352551,18.232687133010415,17.98126558595441,18.11163330078125,1170900
2015-03-05,18.158194859487697,18.214065730977286,17.925397489494266,17.971956253051758,872900
2015-03-06,17.888153906653873,18.03714589785122,17.748475802016287,17.83228302001953,1247300
2015-03-09,17.81365203857422,17.944019759382574,17.785717493910337,17.81365203857422,1074300
2015-03-10,17.57154469902,17.692598539118197,17.403930323420322,17.60879135131836,1372600
2015-03-11,17.720536753599177,17.767095517971956,17.469115163338945,17.729848861694336,1314500
2015-03-12,17.61810287773045,17.897458977120525,17.59947866414371,17.860212326049805,999800
2015-03-13,17.878841058100186,18.15819722809107,17.701914536517577,18.120948791503906,1448300
2015-03-16,18.158195108212965,18.512046333964616,18.158195108212965,18.484111785888672,1658800
2015-03-17,18.279251705683613,18.37237102416035,18.158197834936146,18.307188034057617,1321600
2015-03-18,18.297875103033913,18.437553186425905,18.037143154329712,18.36305809020996,1520500
2015-03-19,18.2978793024262,18.390998638092963,18.186137520508968,18.316503524780273,1331600
2015-03-20,18.474801806776565,18.735535534183434,18.390994600685183,18.71691131591797,2888800
2015-03-23,18.67034907403601,18.76346838080015,18.53998311022805,18.633102416992188,1066500
2015-03-24,18.605162905431797,18.67034587617121,18.46548485726123,18.539979934692383,1815300
2015-03-25,18.558617752468876,18.558617752468876,17.48774956335772,17.515684127807617,1803500
2015-03-26,17.189759732271998,17.459805577737235,17.031459200092986,17.16182518005371,2107800
2015-03-27,17.161827904619276,17.51567923901913,17.050084349696213,17.459808349609375,1972900
2015-03-30,17.571547226970118,17.8229670504376,17.478427918673273,17.795032501220703,1962600
2015-03-31,17.729849712607912,17.7764084792152,17.338750034356178,17.55292320251465,2315200
2015-04-01,17.497053838940644,17.571548937609812,17.20838377750727,17.441181182861328,1699300
2015-04-02,17.562236785888672,17.664666436247103,17.338751490420396,17.562236785888672,1151500
2015-04-06,17.32944548747519,17.7019211111716,17.264262475341305,17.590177536010742,1992300
2015-04-07,17.562240434169862,17.75778944228814,17.46912109768818,17.524991989135742,1112100
2015-04-08,17.46911815434604,17.795034889066958,17.46911815434604,17.6646671295166,1468200
2015-04-09,17.54361112169711,17.878839925329256,17.431867595118696,17.86952781677246,1059000
2015-04-10,17.916089956696446,18.046455948830666,17.813658519389023,18.037145614624023,756200
2015-04-13,18.009207202702726,18.08370230047189,17.82296857022819,17.84159278869629,927800
2015-04-14,17.822968303051553,17.822968303051553,17.487741256167165,17.571548461914062,1572000
2015-04-15,17.64604251183232,17.813655137280406,17.515674768346344,17.55292320251465,2837000
2015-04-16,17.413243253161138,17.664663052335463,17.366682715460037,17.431865692138672,2499800
2015-04-17,17.24562358708219,17.26424779645779,16.882458608667417,16.98488998413086,2696100
2015-04-20,17.143194202736545,17.413239941740475,17.105947555761645,17.264249801635742,3367200
2015-04-21,17.431873600401243,17.45980993569569,17.152517351871595,17.18976402282715,2510600
2015-04-22,17.19906936121461,17.506361824020075,17.09663972434813,17.450490951538086,1487300
2015-04-23,17.338751532255753,17.515676281530496,17.189759558814163,17.441181182861328,1489400
2015-04-24,17.487741728687226,17.487741728687226,17.04076936059214,17.124576568603516,3090800
2015-04-27,17.115257512138985,17.264249425096722,16.79865480339857,16.873149871826172,4210200
2015-04-28,16.80796782662553,17.348057603309876,16.789345388610965,17.292186737060547,3538800
2015-04-29,17.17113474387065,17.394620009001564,17.08732754743368,17.254941940307617,2224000
2015-04-30,17.143197551409934,17.189756313248775,16.94764862036331,16.99420738220215,2906800
2015-05-01,18.176821881325672,19.089387286308824,18.167509771956055,18.903148651123047,8231900
2015-05-04,18.94970828541732,19.089386367028602,18.81934053662404,18.884525299072266,3200600
2015-05-05,18.81002978451682,18.8659006606953,18.363057446779617,18.4561767578125,2498600
2015-05-06,18.605162905431797,18.651723438890482,18.36305345975487,18.539979934692383,1825000
2015-05-07,18.62379225823808,18.754158235692714,18.502738390044957,18.670351028442383,2272200
2015-05-08,18.76347260762451,19.284938356429357,18.76347260762451,19.09870147705078,2422600
2015-05-11,19.061454906467787,19.27562991412525,18.959025234391913,19.25700569152832,1672600
2015-05-12,19.135941309893354,19.312867791818373,18.96832871113066,19.042823791503906,1911100
2015-05-13,19.405988406009616,19.471171383756108,18.89383491562753,19.014888763427734,1963400
2015-05-14,19.07076328186042,19.359433347252377,18.87521431121097,19.294248580932617,2561500
2015-05-15,19.38736426933335,19.452547247344473,19.163879012108243,19.210437774658203,1663400
2015-05-18,19.238377700190387,19.405992118520356,19.14525838155115,19.294248580932617,1810200
2015-05-19,19.322183432608792,19.3873664178435,19.182505353376825,19.284934997558594,1336700
2015-05-20,19.294246194371986,19.415301826460254,19.14525601341954,19.266311645507812,1512200
2015-05-21,19.238379809109272,19.4246184668033,19.14526048026226,19.368745803833008,1145600
2015-05-22,19.31287132384624,19.4059906353686,19.219752012323884,19.284934997558594,1240100
2015-05-26,19.238371516491544,19.266307835934857,18.93107910702591,19.145252227783203,1363800
2015-05-27,19.210443016614736,19.7412226454741,19.18250846190343,19.69466209411621,2188100
2015-05-28,19.666725808158166,19.81571600718106,19.610853151447127,19.731908798217773,1981000
2015-05-29,19.694552219919064,19.918672086721212,19.554477525811016,19.750581741333008,3702700
2015-06-01,19.86264905769134,19.890662936981855,19.545145363987857,19.806617736816406,2098600
2015-06-02,19.675873366744774,19.703889015529878,19.414401102668673,19.554475784301758,1530900
2015-06-03,19.666545867919922,19.853313402474164,19.545148217262714,19.666545867919922,1551900
2015-06-04,19.5358022092412,19.591831735772548,19.246314244158285,19.377050399780273,1809800
2015-06-05,19.30233997699975,19.778595311779114,19.26498577922277,19.759918212890625,1807200
2015-06-08,19.685219734889486,19.722573948105918,19.358377493833377,19.45176124572754,1509500
2015-06-09,19.423743335081408,19.563819837264692,19.264991509600836,19.470436096191406,1234600
2015-06-10,19.61050738815539,19.75992063528772,19.433078489255852,19.731904983520508,1404600
2015-06-11,19.750588197088423,19.81595629029556,19.591836350236683,19.806617736816406,1765400
2015-06-12,19.80661569194283,19.815954244457856,19.610511432567606,19.629188537597656,2207500
2015-06-15,19.3863931537457,19.498452231101158,19.022198480620077,19.45176124572754,2260500
2015-06-16,19.414408639678584,19.601174360646315,19.35837732035605,19.46109962463379,1803700
2015-06-17,19.5451415656089,19.666539174951755,19.423742175119436,19.526464462280273,2234800
2015-06-18,19.54514235846971,19.815953243133972,19.54514235846971,19.675878524780273,2040200
2015-06-19,19.675876741195466,19.741244818425244,19.33035925265336,19.386388778686523,4522600
2015-06-22,19.096895892185323,19.47042893800456,19.096895892185323,19.255647659301758,1997000
2015-06-23,19.3396991793334,19.367714837495964,19.09690393317843,19.13425636291504,1876900
2015-06-24,18.93814353924748,19.134247714306635,18.71402371868873,18.798067092895508,2355200
2015-06-25,18.891455794739045,18.91947144765056,18.667335914886337,18.742042541503906,1864400
2015-06-26,18.629982550550487,18.74204159423989,18.34049282853569,18.405860900878906,3678400
2015-06-29,18.125714637903933,18.37785020142792,17.948285710111495,17.966962814331055,2642600
2015-06-30,18.15374095456284,18.15374095456284,17.845575678564526,18.0136661529541,2427100
2015-07-01,18.237771506645235,18.368507645391194,17.92026792870821,18.06968116760254,1710900
2015-07-02,18.153730565799282,18.200421545899953,18.041669719952267,18.144392013549805,1284500
2015-07-06,17.957625390861512,18.20042241753556,17.92961151391819,18.097700119018555,2387800
2015-07-07,18.097696774652928,18.144389529507887,17.537397965565237,18.079021453857422,2634600
2015-07-08,17.854899948678405,17.966958987836726,17.649455408310963,17.780193328857422,3181300
2015-07-09,18.14438799364143,18.20975606375869,17.761516341972055,17.86423683166504,2831400
2015-07-10,18.022990491449193,18.200419400985886,17.948283863404242,18.060344696044922,1974100
2015-07-13,18.228427718478468,18.312472863848733,17.966953734977,18.23776626586914,1540900
2015-07-14,18.30313431645806,18.359163819656306,18.125705478326857,18.23776626586914,1500000
2015-07-15,18.237769328549728,18.237769328549728,17.89225014165473,17.985633850097656,1937100
2015-07-16,18.368522435772746,18.368522435772746,17.696162319362177,18.0136661529541,2733100
2015-07-17,18.013652266070583,18.06968178729088,17.82688482047445,17.93894386291504,1716200
2015-07-20,17.966957153142026,18.004311349811253,17.668130704372732,17.67746925354004,1173100
2015-07-21,17.64012529897385,17.882922374856804,17.64012529897385,17.733509063720703,2071700
2015-07-22,17.48137328555735,17.48137328555735,17.229239438362306,17.369314193725586,2296500
2015-07-23,17.518723275224772,17.8082112705901,17.48136906619868,17.574752807617188,1765800
2015-07-24,17.556082690616556,17.640127913229456,17.098504134806003,17.14519691467285,1755100
2015-07-27,17.023785521717073,17.23856681493942,16.883710842708854,17.079816818237305,1453800
2015-07-28,17.11716795682178,17.472023902559183,16.977093288271387,17.33194923400879,2131500
2015-07-29,17.266589805735567,17.490709743683905,17.13585362055244,17.378650665283203,3385500
2015-07-30,18.265786480359893,18.676673802741195,17.47202748751411,17.920269012451172,7581400
2015-07-31,17.966956752179854,18.135047071147902,17.873573043736926,17.985633850097656,2826600
2015-08-03,17.92027211652165,18.032331181306485,17.54673893199434,17.574752807617188,3234800
2015-08-04,17.574755155192754,17.686816016093015,17.285267121158608,17.462696075439453,2393700
2015-08-05,17.621443199190793,17.957622129483102,17.52805947033041,17.696149826049805,1707500
2015-08-06,17.705491285915137,17.73350694633827,17.294605619924226,17.64946174621582,2386400
2015-08-07,17.584085543013103,17.696146351874653,17.453349416963068,17.67746925354004,2250800
2015-08-10,17.83623712097091,18.06969571736805,17.817560005783683,18.0136661529541,1730200
2015-08-11,17.78019168457523,17.957618777025463,17.584085712464248,17.66813087463379,1906900
2015-08-12,17.266592465258203,17.724170965025564,17.229240027086995,17.621450424194336,1491400
2015-08-13,16.202022089322238,17.87358421224593,16.052608774909412,17.341299057006836,1316500
2015-08-14,17.2759161895653,17.509374516451317,17.145180096475748,17.415990829467773,1442000
2015-08-17,17.27592569986979,17.61210644561797,17.2572485959623,17.509384155273438,2201700
2015-08-18,17.537397843396015,17.574750265873302,17.201217135368125,17.229232788085938,1733900
2015-08-19,17.95762382818853,17.95762382818853,16.930406275847393,17.04246711730957,2595300
2015-08-20,16.883711278886192,16.939740795707724,16.556869165325853,16.575546264648438,2123800
2015-08-21,16.332756629925303,16.64092178214476,16.11797523498535,16.11797523498535,2207400
2015-08-24,15.118763395191467,16.286055156809024,14.99736405454155,15.67906379699707,3258300
2015-08-25,16.304737593343127,16.500843621151162,15.660393541901447,15.669732093811035,3187700
2015-08-26,16.00591531955397,16.41680280727104,15.837824902708483,16.3514347076416,2558900
2015-08-27,16.67827355322672,16.818348278043782,16.332754236274322,16.799671173095703,2962500
2015-08-28,16.696944575310074,16.930402983573696,16.594224086853565,16.827682495117188,1587800
2015-08-31,16.81834360329467,17.09849297505977,16.743636985414227,16.846359252929688,1429800
2015-09-01,16.41680562151651,16.72497084484465,16.276730843848704,16.398128509521484,2360800
2015-09-02,16.6886043548584,16.716716067649763,16.407494375959367,16.6886043548584,1688300
2015-09-03,16.847897279985098,17.035305088422867,16.744824593872313,16.876008987426758,1452200
2015-09-04,16.57615316733596,16.801041400579432,16.49181985646306,16.510560989379883,1062600
2015-09-08,16.885377976530734,17.035303494350394,16.772932944539416,16.969711303710938,1616300
2015-09-09,17.063409605895263,17.241446788814642,16.594892020398927,16.65111541748047,1561400
2015-09-10,16.65111990615878,16.997822012025765,16.585527712467904,16.76356315612793,1877500
2015-09-11,17.175859242939023,17.175859242939023,16.557416006349,16.76356315612793,1296300
2015-09-14,16.791675802229104,16.85726799959177,16.594897422887772,16.80104637145996,1166000
2015-09-15,17.157119016934438,17.859895621960327,16.99782291497177,17.775562286376953,3623500
2015-09-16,17.784930850698593,18.16911520849032,17.709968092769795,18.094152450561523,2943400
2015-09-17,17.681859735234053,17.96296965544947,17.616265752414055,17.672489166259766,2075800
2015-09-18,17.37263430915365,17.606893120524635,17.17585597823052,17.269559860229492,2866800
2015-09-21,17.278927201649697,17.70059191105242,16.857260704994413,16.894742965698242,2466700
2015-09-22,16.61363184774627,16.697965149491385,16.37000250795511,16.435596466064453,2009400
2015-09-23,16.416858229991142,16.632375911452357,16.238821029663086,16.238821029663086,1337500
2015-09-24,16.03267814415106,16.39812142104176,15.78904869713946,16.257566452026367,2243000
2015-09-25,16.435601056016697,16.50119324519129,16.13574823982082,16.22945213317871,1102400
2015-09-28,16.060786064357025,16.173231097910232,15.873380058105921,15.892119407653809,2009300
2015-09-29,15.845271125322002,16.10764172468386,15.826529985241837,16.05141830444336,1585300
2015-09-30,16.229454014295115,16.92286004590954,16.229454014295115,16.876008987426758,2814600
2015-10-01,16.86664717884909,16.885388326877717,16.33253697081288,16.67923927307129,2136100
2015-10-02,16.398119576107977,17.072784423828125,16.398119576107977,17.072784423828125,1739100
2015-10-05,17.241454098839704,17.550675764880857,17.082157980742533,17.522565841674805,1898300
2015-10-06,17.981708612551387,17.981708612551387,17.494449808503685,17.663116455078125,2054000
2015-10-07,17.841157445183768,18.05667518930384,17.60689856142192,17.822416305541992,1694400
2015-10-08,17.709968981096043,18.01919059646943,17.644376788024903,17.88800621032715,1783800
2015-10-09,17.88801451140084,17.972347880843074,17.428867159578708,17.503829956054688,2323800
2015-10-12,17.569411437918582,17.578782005155826,17.335152618746335,17.372634887695312,1432400
2015-10-13,17.185232242744377,17.24145387568231,16.988453846581372,17.025936126708984,2278400
2015-10-14,17.03530661486108,17.766193201301714,16.96971441220651,17.428861618041992,2978500
2015-10-15,17.550680931664633,17.672496592264142,17.232088601679187,17.335163116455078,2401700
2015-10-16,17.3257861096821,17.39137830845334,17.03530560630086,17.06341552734375,2711300
2015-10-19,17.016568965521376,17.147753397740576,16.9697178932299,17.09153175354004,2428400
2015-10-20,17.044676143767404,17.31641550777485,17.044676143767404,17.13838005065918,2767300
2015-10-21,17.494453820696563,18.075416649107805,17.41012047806826,17.428861618041992,5398300
2015-10-22,17.6537447374178,17.728707487984742,16.950968280632864,17.456966400146484,6485400
2015-10-23,17.653750198799017,17.906750230450637,17.57878742504152,17.850526809692383,2841700
2015-10-26,17.78492992587698,17.813041628858386,17.475708342093665,17.569412231445312,2486500
2015-10-27,17.475707552799093,17.67248589027532,17.307040917034602,17.372634887695312,3568700
2015-10-28,17.203971596726156,19.078042514460915,17.203971596726156,19.059301376342773,7183700
2015-10-29,18.487708933828575,18.76882064018109,18.13163625048599,18.159746170043945,4289300
2015-10-30,18.300298453614598,18.45022394553619,18.197224007698686,18.29092788696289,2251200
2015-11-02,18.33778743485262,18.70323076743411,18.281565796129392,18.65637969970703,2635800
2015-11-03,18.581410124721103,18.80629838463756,18.581410124721103,18.768817901611328,1868200
2015-11-04,18.83441129189887,18.871891777322162,18.71259569295362,18.740707397460938,1963300
2015-11-05,18.712602723810477,18.890640011410902,18.431492722128795,18.553306579589844,1774400
2015-11-06,18.534563800934873,18.806303180748195,18.506452091056193,18.731340408325195,2696200
2015-11-09,18.693857137627358,18.900004284341506,18.656374863359403,18.853153228759766,1679400
2015-11-10,18.647009724275964,18.90938035878698,18.63763915298053,18.843788146972656,1873500
2015-11-11,18.918752778807846,19.368529521418214,18.881270489963363,19.256084442138672,2064100
2015-11-12,18.85315841869809,19.049935051014344,18.750083923339844,18.750083923339844,1989400
2015-11-13,18.759452510493016,18.909378058474193,18.487711337743693,18.665748596191406,3490700
2015-11-16,18.6376350817782,19.012450702706044,18.543932963799577,18.993709564208984,2627500
2015-11-17,19.10614877888746,19.1155193461537,18.712593889970194,18.82503890991211,2336000
2015-11-18,18.871895150258773,19.22796965531278,18.806302948604998,19.209228515625,2118400
2015-11-19,19.23733901977539,19.340411707092905,19.171745034978176,19.23733901977539,1827800
2015-11-20,19.302934180330695,19.406006883469928,19.23734197271838,19.28419303894043,1488700
2015-11-23,19.23733318842336,19.33103527808051,19.106147045848314,19.152999877929688,2065400
2015-11-24,19.134265899658203,19.25607973411202,18.956228645684043,19.134265899658203,1898000
2015-11-25,19.078047502527095,19.37789864180195,18.965602431672142,19.274824142456055,1312800
2015-11-27,19.293555017962408,19.424739374768922,19.218592273036855,19.321666717529297,854300
2015-11-30,19.434445940899522,19.566013181215304,19.265287036225395,19.528423309326172,1565500
2015-12-01,19.61300064497705,19.782157738926085,19.556613154525014,19.74456787109375,1475700
2015-12-02,19.6975827648717,19.91373127570806,19.58481134331914,19.603607177734375,1622900
2015-12-03,19.772765377035707,19.819753168880307,18.9081767428218,19.152515411376953,2583000
2015-12-04,19.16191175170916,19.800955706047322,19.133719795909617,19.528423309326172,2704500
2015-12-07,19.38745441940767,19.575409137443216,19.293478852858932,19.359262466430664,1253000
2015-12-08,19.06793466918156,19.500228020331466,18.955161477486023,19.349864959716797,2327400
2015-12-09,19.321665356905687,19.50022210943751,19.002143501835494,19.096120834350586,1786000
2015-12-10,19.105523000441565,19.321669658620507,19.058535219957076,19.171306610107422,1344300
2015-12-11,19.002151489257812,19.199504149742175,18.89877799326056,19.002151489257812,1886600
2015-12-14,19.039739774969373,19.039739774969373,18.532263131645895,18.739013671875,1357300
2015-12-15,18.879982426520193,19.067937173205504,18.814198802921126,19.039743423461914,1578000
2015-12-16,19.18070094639683,19.237086630952838,18.861179079798454,19.12431526184082,1306000
2015-12-17,19.396851516894476,19.87613441445912,19.321669991343295,19.3780574798584,3159400
2015-12-18,19.302876925968366,19.490829853072945,18.804798173826583,19.396852493286133,4077000
2015-12-21,19.547219828946474,19.744572506927035,19.378062695280992,19.72577667236328,2072600
2015-12-22,19.772756789946182,19.94191384260532,19.641187803475407,19.894926071166992,1726700
2015-12-23,19.970111655374417,20.28023567055912,19.847942349227875,20.18625831604004,1748600
2015-12-24,20.205054962928465,20.261440660933683,20.092281774449006,20.167463302612305,470900
2015-12-28,20.07348605108028,20.07348605108028,19.753964135101,20.0358943939209,1191200
2015-12-29,20.12047219594053,20.205051625211006,20.017096939616902,20.073484420776367,1049400
2015-12-30,20.17686293537026,20.17686293537026,19.894932628874102,19.960716247558594,1254400
2015-12-31,19.894929990247498,19.9231237341455,19.425045013427734,19.425045013427734,1959700
2016-01-04,19.22768912663496,19.24648495270917,18.917565166284994,19.114917755126953,2379800
2016-01-05,19.114923917805157,19.35926435813971,19.020946549604297,19.27468490600586,2087300
2016-01-06,18.9175721245657,19.058539079504264,18.673233465602582,18.83299446105957,2162400
2016-01-07,18.306721412390214,18.682629099945295,18.28792557989515,18.334915161132812,2072100
2016-01-08,18.40069270405136,18.466476303584386,17.91201197542221,17.959001541137695,2237800
2016-01-11,18.128165246652074,18.175153032480043,17.818039407298603,18.062379837036133,1778900
2016-01-12,18.306722900008555,18.428894028684955,18.034190476560898,18.259735107421875,2619100
2016-01-13,18.269132411701907,18.325518119408677,17.72406579061827,17.808645248413086,2282600
2016-01-14,17.921412449302014,18.513468514633693,17.752253573492965,18.240934371948242,3192500
2016-01-15,17.432732571954823,17.90261756626594,17.432732571954823,17.836833953857422,2289800
2016-01-19,18.118772511589402,18.175158229198836,17.836840338602943,18.03419303894043,2175000
2016-01-20,18.10936715408294,18.428889076729167,17.686469964560313,18.240934371948242,2495000
2016-01-21,18.325516391221544,18.45708362761967,18.034188170996053,18.184551239013672,2387400
2016-01-22,18.504072211833183,18.776604585787013,18.400696935952904,18.588651657104492,1649900
2016-01-25,18.560460865063035,18.635642406994897,18.222143030134987,18.269132614135742,1697100
2016-01-26,18.325513684986067,18.710819213939544,18.212740504392144,18.626239776611328,2827500
2016-01-27,18.58865062032781,19.321670048503105,18.58865062032781,18.739013671875,4176500
2016-01-28,19.810350835256074,19.810350835256074,17.413938136079768,17.84623146057129,7791800
2016-01-29,17.97780297449361,18.569859198914394,17.902621430873285,18.259735107421875,6479700
2016-02-01,18.090578221526158,18.39130442984211,17.940215117368183,18.297327041625977,3446600
2016-02-02,18.043584446653792,18.36310638526415,17.62068723600214,17.667675018310547,2668800
2016-02-03,17.592495043115782,17.78044977386845,17.254179037217796,17.423337936401367,3537300
2016-02-04,17.4327296346433,17.82743303505822,17.395139773515965,17.564298629760742,2429300
2016-02-05,17.442130423297478,17.47032416814212,17.150802229778854,17.244779586791992,2223100
2016-02-08,16.981643081529377,17.113210303820072,16.709110722145944,16.868871688842773,2301700
2016-02-09,16.699710845947266,17.02863065551103,16.633927242528262,16.699710845947266,2413600
2016-02-10,16.765501026118063,17.150806676549845,16.699717396893533,16.850080490112305,2668800
2016-02-11,16.577545156589633,16.75610199004194,16.29561482374438,16.492965698242188,1892600
2016-02-12,16.633929275153598,16.690314971764543,16.398986781394193,16.65272331237793,1447900
2016-02-16,16.81248750992721,17.357554128471033,16.81248750992721,17.132009506225586,2279400
2016-02-17,17.26357874764204,17.742859955193747,17.254180830880525,17.592496871948242,2142400
2016-02-18,17.686471372177934,17.79924456251558,17.554904143841558,17.658279418945312,1954200
2016-02-19,17.658279576997813,17.902618205389768,17.611290000407774,17.69586944580078,1660200
2016-02-22,17.83683625620521,17.968405290473946,17.630087477310386,17.74285888671875,1420000
2016-02-23,17.70526731590192,17.827436629785893,17.50791467966589,17.526710510253906,1250900
2016-02-24,17.36643648056154,17.913262310748955,17.253299295787965,17.87554931640625,1510700
2016-02-25,17.894408703231015,18.14896606138748,17.752988548117923,18.139537811279297,1643500
2016-02-26,18.30922631788412,18.30922631788412,17.950962125930037,18.026386260986328,1525200
2016-02-29,18.073534210022004,18.22438255140397,17.960397054858493,17.98868179321289,1456700
2016-03-01,18.101826576611774,18.526087041189573,18.02640237413651,18.441234588623047,1460600
2016-03-02,18.37523204817876,18.573221632600518,18.318664366167194,18.478940963745117,1411300
2016-03-03,18.516648617658554,18.648642248161288,18.37522854049848,18.620357513427734,1003600
2016-03-04,18.705219504951923,18.752358955410834,18.42237920568894,18.54494285583496,1389600
2016-03-07,18.441223118462954,18.856056873184045,18.412940184035556,18.82777214050293,1482500
2016-03-08,18.676935446140103,18.733504946687674,18.224390231288517,18.441234588623047,1425700
2016-03-09,18.488364404340746,18.535503827387295,18.38465551573388,18.516647338867188,1859700
2016-03-10,18.62036280076413,18.856063595710513,18.50722562795795,18.714643478393555,1187900
2016-03-11,18.85606386439054,19.120049405863583,18.808924424031314,19.006912231445312,1216400
2016-03-14,18.912628395685147,19.072904983710192,18.827775978598115,18.903200149536133,886900
2016-03-15,18.827780571458028,19.138905577255127,18.742928133672045,19.101194381713867,1264800
2016-03-16,19.12004648296599,19.459454357826473,18.988052833280257,19.431171417236328,2053700
2016-03-17,19.478313913941484,19.695158217757065,19.32746554622157,19.610305786132812,1308600
2016-03-18,19.704585418080644,20.24198292429809,19.591450047431863,20.03456687927246,3425800
2016-03-21,19.959143156824553,20.128848014941138,19.67630292546647,20.091135025024414,1719800
2016-03-22,19.96857183730799,20.166559643901007,19.902575901776984,19.996854782104492,1211900
2016-03-23,19.96856583562373,19.98742232532354,19.78000453513331,19.85542869567871,1245000
2016-03-24,19.68572889487225,19.883718490600586,19.610304715131523,19.883718490600586,923900
2016-03-28,19.921422918172887,19.968564138415687,19.761146365854724,19.845998764038086,1065800
2016-03-29,19.75172734983603,20.270268379784593,19.619733681759357,20.232555389404297,1283500
2016-03-30,20.402257898791195,20.581390985948577,20.260837797668696,20.326833724975586,1016100
2016-03-31,20.326836868648254,20.458830541929835,20.17598849768739,20.355121612548828,1126700
2016-04-01,20.194839375834725,20.534249015207152,20.100558720647502,20.505964279174805,1246800
2016-04-04,20.505974047554094,20.59082649781815,20.30798619577449,20.42112159729004,2489400
2016-04-05,20.166552948302037,20.166552948302037,19.85542807105803,19.959136962890625,2222300
2016-04-06,19.893146308362347,20.072279405724494,19.808293883204183,19.977998733520508,2036100
2016-04-07,19.912004527157617,19.930859224628133,19.431174675698426,19.450029373168945,3259900
2016-04-08,19.704588944128442,19.949718022071277,19.582025304284336,19.66687774658203,1326900
2016-04-11,19.789441158608668,19.89315009761297,19.58202507885465,19.600881576538086,1054400
2016-04-12,19.582028350547397,19.619739553960322,19.289757982386465,19.468891143798828,1524500
2016-04-13,19.63859367053049,19.84600975975705,19.58202597315137,19.78944206237793,1545000
2016-04-14,19.732869065705927,19.827149734855023,19.450027058258637,19.619731903076172,1608200
2016-04-15,19.57259289488696,19.704584755624484,19.497168717572055,19.52545166015625,1880300
2016-04-18,19.50659842373749,19.619733799045985,19.393461250174628,19.544309616088867,1514600
2016-04-19,19.638591303664555,19.704587242362066,19.39346224689204,19.50659942626953,1576700
2016-04-20,19.47831939421578,19.657452555628144,19.31804273363733,19.468891143798828,1382700
2016-04-21,19.4877461918446,19.572598641016654,19.34632604264276,19.374608993530273,1314500
2016-04-22,19.37460575062005,19.76115493292358,19.36517930073851,19.50659942626953,1612100
2016-04-25,19.42174527193382,19.563165384945215,19.233183922415762,19.270896911621094,1292700
2016-04-26,19.44060081256986,19.666873341935563,19.39345957837645,19.534879684448242,1777800
2016-04-27,19.506601777227655,19.85543800902935,19.412321082759338,19.78944206237793,2684400
2016-04-28,18.48836877555944,18.658073615856406,17.828405907349946,18.11124610900879,6058500
2016-04-29,17.96040299509572,17.988687742805034,17.536142568984012,17.828411102294922,4002600
2016-05-02,17.847263574712805,17.960398943519213,17.668130476139357,17.913259506225586,1943300
2016-05-03,17.7341291802396,17.87554931248463,17.65870498982528,17.800125122070312,1595400
2016-05-04,17.64927393487998,17.856691774229336,17.63984568779553,17.686986923217773,1925700
2016-05-05,17.724699020385742,17.78126850578745,17.53613946380976,17.724699020385742,2097700
2016-05-06,17.583280791597055,17.743557420938075,17.328723474716394,17.649276733398438,1729100
2016-05-09,17.705843877905345,17.82840749668247,17.6209914501926,17.743555068969727,1223000
2016-05-10,17.75298601257814,17.941547391301196,17.705846567024665,17.86612319946289,1122400
2016-05-11,17.781267834895385,17.913259699343914,17.75298309326172,17.75298309326172,914500
2016-05-12,17.828411338873273,17.86612433631947,17.357009660323996,17.441862106323242,2480400
2016-05-13,17.40414810180664,17.545570035791965,17.347580407165264,17.40414810180664,1468300
2016-05-16,17.423005381574228,17.705847463987347,17.328724687436523,17.526714324951172,1869900
2016-05-17,17.507853970058257,17.60213464342898,17.291009680083594,17.300437927246094,1081600
2016-05-18,17.272157214324753,17.69641944432098,17.215589516410155,17.441862106323242,1740800
2016-05-19,17.347575254463198,17.583276010089747,17.3287187624321,17.38528823852539,1423000
2016-05-20,17.507853621316908,17.88497450903359,17.507853621316908,17.771839141845703,1394500
2016-05-23,17.856691566363736,18.035822864120263,17.762410894871007,17.771839141845703,1284700
2016-05-24,17.828405730891813,18.32809200034784,17.828405730891813,18.271522521972656,1602900
2016-05-25,18.375236059839878,18.469516749278533,18.271527121631898,18.318668365478516,1443800
2016-05-26,18.318668367904454,18.450660254183305,18.25267242476503,18.394092559814453,1138500
2016-05-27,18.32788778585986,18.80074352836586,18.31843225835507,18.668344497680664,1415000
2016-05-31,18.7156337998923,18.772375991949787,18.602147611975557,18.734546661376953,1724800
2016-06-01,18.70617605989672,18.84803243885221,18.621061871763082,18.715633392333984,1824000
2016-06-02,18.706173822905868,18.79128800086107,18.54540279830177,18.668344497680664,1402700
2016-06-03,18.725086865558424,18.725086865558424,18.54540298037911,18.639972686767578,898900
2016-06-06,18.696715976517854,18.744000827945186,18.51703029425137,18.649429321289062,1228900
2016-06-07,18.706177515038885,18.87640410074626,18.649433516001228,18.848033905029297,1025500
2016-06-08,18.81966743637992,19.093924767590533,18.753467888515953,19.027725219726562,1612800
2016-06-09,18.866942541068926,19.169569890669013,18.810198560167944,19.13174057006836,1064900
2016-06-10,18.914233622991546,19.00880515186688,18.781834564847205,18.81966209411621,1213000
2016-06-13,18.71563405810476,18.848033109332818,18.602147868622293,18.63051986694336,1532900
2016-06-14,18.545401496642313,18.64942852610719,18.460287324661085,18.507572174072266,1529200
2016-06-15,18.621063553666065,18.658891083030074,18.39409296607636,18.413005828857422,1725400
2016-06-16,18.28060979959166,18.318439139026108,17.921240093975296,18.11983871459961,3386500
2016-06-17,18.072550007586106,18.110377535188174,17.845579430568293,18.044178009033203,2101700
2016-06-20,18.460295423781005,18.583237168469367,18.27115233555042,18.450838088989258,1369000
2016-06-21,18.517037174413673,18.706180258003634,18.441380301738114,18.658893585205078,1858300
2016-06-22,18.68726421187937,18.93314948090697,18.67780687801654,18.753463745117188,1575100
2016-06-23,18.999345667927276,19.18848870426749,18.914231481954346,19.179031372070312,1329900
2016-06-24,18.346797622509737,18.649424929501897,17.94014150231363,17.96851348876953,3331700
2016-06-27,17.722633772160393,17.82666261718628,17.089006977896638,17.183578491210938,2335100
2016-06-28,17.486209275694453,17.817208734467425,17.42946707824255,17.798294067382812,1536400
2016-06-29,18.063090335122254,18.318432877619852,17.97797615428972,18.17657470703125,1192500
2016-06-30,18.30898032977668,18.621065139770508,18.14820925773125,18.621065139770508,1441800
2016-07-01,18.488660365881795,18.67780340031706,18.327889327752317,18.39409065246582,1377900
2016-07-05,18.214401890545105,18.365715571155548,18.025258887881375,18.129287719726562,1031800
2016-07-06,17.96852449678113,18.26169465455875,17.84558275442346,18.25223731994629,1573800
2016-07-07,18.33734494055845,18.592687471964837,18.242775236009262,18.3657169342041,1201700
2016-07-08,18.564319507293373,18.838576760651655,18.564319507293373,18.81966209411621,1334400
2016-07-11,18.96151762920714,19.453288114108528,18.96151762920714,19.41546058654785,1891600
2016-07-12,19.585687004232078,19.793744717400738,19.547859476984367,19.746458053588867,1672300
2016-07-13,19.859940876697433,20.228767772905343,19.822111552059965,20.02071189880371,3703700
2016-07-14,20.105822000572633,20.20985081844058,19.718080520629883,19.718080520629883,1873100
2016-07-15,19.680259997629204,19.72754666497209,19.52894626973581,19.65188980102539,1036400
2016-07-18,19.83157224464845,19.87885890846032,19.689715860816406,19.746458053588867,919700
2016-07-19,19.67080046483003,19.793743982373684,19.595143609342287,19.68025779724121,1392500
2016-07-20,19.784289732328368,20.17203140258789,19.7559177306745,20.17203140258789,2149500
2016-07-21,19.831569357629657,19.869398683172076,19.51002730572518,19.632970809936523,2599300
2016-07-22,19.59514433699445,19.774830051875988,19.547859476984367,19.746458053588867,1114900
2016-07-25,19.79373856746658,19.95450956687166,19.708624402852056,19.7275390625,1332500
2016-07-26,19.859945541719078,20.020716601589832,19.73700381537175,19.982887268066406,1735300
2016-07-27,20.058550380665498,20.115294398629555,19.718095291893484,20.001808166503906,1958400
2016-07-28,18.66834565439066,20.17202715303352,18.66834565439066,19.339801788330078,7153200
2016-07-29,18.866938363678187,19.103366153680167,18.394082783674232,18.67779541015625,4472600
2016-08-01,18.706167394324808,18.762909558861033,18.621053245620026,18.67779541015625,2735700
2016-08-02,18.65888844346537,18.819659479073298,18.41300322407667,18.422460556030273,1819900
2016-08-03,18.37518121445746,18.564322498885872,18.37518121445746,18.450838088989258,1570600
2016-08-04,18.43192534167591,18.668353324720194,18.43192534167591,18.602153778076172,1116200
2016-08-05,18.677800858202694,19.06554240260051,18.65888619657319,19.03717041015625,1811700
2016-08-08,19.018258019867712,19.02771535091496,18.848029668620132,18.98042869567871,1405400
2016-08-09,19.065548764846845,19.235777168715444,18.79129329490456,18.800748825073242,2081800
2016-08-10,18.86694754820648,18.895317742384908,18.66834716994866,18.810203552246094,1492800
2016-08-11,18.90477612952328,18.98043299122205,18.85749126738725,18.923690795898438,1218400
2016-08-12,18.90477495529778,19.065546001896983,18.838575430898416,18.98988914489746,995400
2016-08-15,19.093919200904736,19.500575509285756,19.075004534514484,19.481660842895508,2146500
2016-08-16,19.462737263415704,19.491109250007938,19.13173796837713,19.14119529724121,1016200
2016-08-17,19.065548523396014,19.32089112596519,19.056091189545082,19.311433792114258,1281800
2016-08-18,19.2736031202065,19.538403038264388,19.2736031202065,19.481660842895508,1027500
2016-08-19,19.510029237000417,19.765371798283248,19.387087524420743,19.708629608154297,1457400
2016-08-22,19.651881019732503,19.746450704556693,19.56676686034984,19.718080520629883,1227200
2016-08-23,19.831572412777916,19.954515935929294,19.80320221805206,19.89777374267578,1761800
2016-08-24,19.916685507828248,19.954514837115347,19.68025761118897,19.708629608154297,1428200
2016-08-25,19.70862515100215,19.878853486693163,19.699167820819174,19.793739318847656,1190600
2016-08-26,19.859941013475968,20.0017973742405,19.784284167481456,19.916683197021484,1137200
2016-08-29,19.982890679909662,20.162576437221354,19.95452047872512,19.963977813720703,1562600
2016-08-30,20.067997820810678,20.285512841470904,20.03962762962138,20.134199142456055,1819800
2016-08-31,20.16256839745403,20.190940391127533,19.736999315160443,19.916683197021484,2547900
2016-09-01,19.926139414748242,20.06799576758566,19.708626220144108,20.05853843688965,2011700
2016-09-02,20.238738336832093,20.286157337238564,19.98267139323176,20.181835174560547,1174600
2016-09-06,20.276673212649534,20.37151302255574,19.963703106202296,20.030092239379883,1217700
2016-09-07,20.09648117019006,20.295643158887458,19.982673027420788,20.16286849975586,1465200
2016-09-08,20.08699536482869,20.238738336832093,19.973187231366683,20.181835174560547,1277900
2016-09-09,19.992153264924834,20.03957225989929,19.23343849182129,19.23343849182129,2024300
2016-09-12,19.072214151702795,19.51795891964855,19.034277503067937,19.461055755615234,2628900
2016-09-13,19.385187309143557,19.49899365506842,19.167055163102273,19.31879997253418,1457400
2016-09-14,19.347246315249944,19.4231177984894,19.119631865531574,19.280858993530273,1196700
2016-09-15,19.347249808648918,19.840415443212315,19.309314964638983,19.802478790283203,1338700
2016-09-16,20.00163665619306,20.00163665619306,19.555891970258422,19.783506393432617,2163500
2016-09-19,19.916284669384765,20.058543483810865,19.878348020781026,20.00164031982422,1177300
2016-09-20,20.11544392240299,20.172348887598684,19.802473849501574,19.859378814697266,1250100
2016-09-21,19.935251737398495,20.229253509874095,19.91628341429198,20.210285186767578,1207300
2016-09-22,20.380992756083845,20.513767375752092,20.324089606071528,20.44738006591797,1193800
2016-09-23,20.36202991528153,20.437901405352314,20.191320419311523,20.191320419311523,1034700
2016-09-26,20.030093374789296,20.124931381152493,19.897316909826586,19.973188400268555,1410200
2016-09-27,19.868860114692723,20.105958675446008,19.76453616910737,20.086990356445312,1066600
2016-09-28,20.077507954312445,20.428414650866,20.077507954312445,20.30512237548828,1260200
2016-09-29,20.12493159256303,20.324095387639787,19.93525376892507,20.14389991760254,1164500
2016-09-30,20.314603813606066,20.54221820428095,20.229248190988187,20.466346740722656,1586300
2016-10-03,20.485310818540754,20.608601242958425,20.35253442810864,20.362018585205078,1495000
2016-10-04,20.39996547070057,20.551708442703976,20.124930203370084,20.181835174560547,1159800
2016-10-05,20.248222681167274,20.646548438495508,20.248222681167274,20.504289627075195,1816400
2016-10-06,20.49479854749265,20.741381248220694,20.4189270864162,20.712928771972656,1008600
2016-10-07,20.703451981338517,20.72242030558781,20.456869192854555,20.693967819213867,1229900
2016-10-10,20.69396113139754,20.987962826571138,20.437894263543903,20.466346740722656,1042900
2016-10-11,20.380993735120214,20.380993735120214,19.878344093929947,20.068023681640625,1877800
2016-10-12,20.096477670290394,20.124928344338592,19.897313907359273,20.11544418334961,1226700
2016-10-13,19.84041347991554,19.91628496934677,19.47054019505318,19.868865966796875,1449100
2016-10-14,20.020607109399585,20.210284911121196,20.01112294797568,20.1059627532959,1829800
2016-10-17,20.105960322750203,20.248219109073908,20.030088849449655,20.068023681640625,1474800
2016-10-18,20.305127321528154,20.305127321528154,20.020609677983565,20.16286849975586,924800
2016-10-19,20.124921540002816,20.466343984494547,20.049050086662223,20.324085235595703,1641200
2016-10-20,20.238739422261133,20.333579237079366,20.001640789675054,20.191320419311523,1757100
2016-10-21,19.176532621020954,20.343059016810233,19.176532621020954,20.30512237548828,1368600
2016-10-24,20.570669760262142,20.98796188668636,20.513764808452958,20.845703125,1698100
2016-10-25,20.788806091263595,21.00693637721197,20.58015996673717,20.798290252685547,1511300
2016-10-26,20.656029676171006,20.96899974055608,20.656029676171006,20.883644104003906,1610400
2016-10-27,22.126045965456548,22.145014291614128,21.158683038449702,21.642364501953125,4376200
2016-10-28,21.89842687959295,22.457979721299907,21.803587077640813,21.88894271850586,3295400
2016-10-31,22.05965176766517,22.23036303211824,21.945843655056926,22.088104248046875,2381600
2016-11-01,22.097585811191415,22.410555848554434,21.822552412984408,22.031198501586914,3381300
2016-11-02,22.05017524855942,22.23037073558266,21.74668925499557,21.784624099731445,2106400
2016-11-03,21.775139936317675,21.888948088363723,21.670817756604606,21.784624099731445,1719300
2016-11-04,21.718235169456225,21.983786298778323,21.509589016436838,21.65184783935547,2490300
2016-11-07,21.879461606176754,22.24933489551883,21.879461606176754,22.135528564453125,1828900
2016-11-08,22.097587408102413,22.476946591403337,21.964812779298278,22.230363845825195,3373000
2016-11-09,21.841524455975375,22.42952799178474,21.813071971757957,22.334688186645508,2260800
2016-11-10,22.44849165218674,22.71404268963956,21.917391386199544,22.192424774169922,2267600
2016-11-11,22.277779724380114,22.63817053634211,22.059649490724293,22.590749740600586,2112500
2016-11-14,22.733017736248524,22.998568873420552,22.666630404185298,22.7899227142334,1879200
2016-11-15,22.87526894376057,23.121849844384926,22.77094500270677,23.02701187133789,1132500
2016-11-16,22.97011571420721,23.235666843631,22.951149197684785,23.20721435546875,1384400
2016-11-17,23.254632914030683,23.491731532300363,23.12185645773481,23.406375885009766,1493500
2016-11-18,23.32102173084092,23.558120364290772,23.254634402902003,23.45379638671875,2287000
2016-11-21,23.64347601704624,23.66244434186279,23.254634402902003,23.45379638671875,1557700
2016-11-22,23.615013660432677,23.70036927751559,23.349464459657607,23.434818267822266,1506500
2016-11-23,23.539149270530803,23.66244155841633,23.330503148849118,23.615020751953125,950300
2016-11-25,23.615016248675825,23.88056728747397,23.55811310068996,23.86159896850586,489800
2016-11-28,23.690483181371814,23.880616194861886,23.63344400262191,23.719003677368164,1091500
2016-11-29,23.719010727591737,23.738022583997576,23.310225896351096,23.376771926879883,1721900
2016-11-30,23.433803035389392,23.585908713603242,23.16761900513651,23.1771240234375,1990900
2016-12-01,23.243673383247252,23.243673383247252,22.235970931805372,22.273998260498047,2309900
2016-12-02,22.37856500813953,22.777840962323655,22.29300535703085,22.75882911682129,1856000
2016-12-05,23.034528210808517,23.196140741853206,22.920449843743413,23.072555541992188,1340400
2016-12-06,23.452816529901074,23.98518639982295,23.30071085278054,23.738014221191406,3817700
2016-12-07,23.99469555657241,24.43200078060428,23.937656375435342,24.260881423950195,13299300
2016-12-08,24.3749585407398,25.278087626603554,24.336933026339032,24.954862594604492,6737500
2016-12-09,25.2020353327335,25.2020353327335,24.48903924309343,24.565092086791992,2266700
2016-12-12,24.717200519234286,24.717200519234286,24.118284535249,24.317922592163086,1622200
2016-12-13,24.422492285935707,24.68867632195329,24.39397179068693,24.403478622436523,2000600
2016-12-14,24.31792121356308,24.565093422332218,24.232361533095187,24.251375198364258,1929200
2016-12-15,24.59361266445177,24.821771196301746,24.270387624353592,24.62213134765625,1727000
2016-12-16,24.688680647210777,24.745721647701455,24.241870356158884,24.279897689819336,2915300
2016-12-19,24.355947139035816,24.61262435238917,24.31791981069143,24.508052825927734,1068600
2016-12-20,24.51756095110053,24.6316393156647,24.384467108118457,24.546079635620117,1149500
2016-12-21,24.546077472194906,24.66966447169686,24.241866109178954,24.403478622436523,1605400
2016-12-22,24.660154917231093,24.660154917231093,24.11827826003193,24.327423095703125,1133600
2016-12-23,24.346438232813497,24.460516581642395,24.20383757691338,24.45100975036621,754800
2016-12-27,24.44150774380225,24.764732818025987,24.412989057586817,24.64114761352539,799000
2016-12-28,24.71719734197601,24.726704173927445,24.33693313013263,24.36545181274414,1296000
2016-12-29,24.308408737182617,24.489034888816494,24.11827756836393,24.308408737182617,1205400
2016-12-30,24.43200245392579,24.47953480592164,24.042231365182207,24.14680290222168,1259200
2017-01-03,24.251381307887737,24.641152477882063,23.99470220182024,24.12779426574707,1650700
2017-01-04,24.14680443998488,24.66966941145234,24.127790772678473,24.2703914642334,2448400
2017-01-05,24.31791695839791,24.66015562038433,24.194331782259816,24.374956130981445,1590500
2017-01-06,24.37495552583238,24.451008358469824,24.194331181595054,24.384462356567383,2354000
2017-01-09,24.45100975036621,24.660156411956965,24.4319979010565,24.45100975036621,1966000
2017-01-10,24.412984087369473,25.049927272989443,24.412984087369473,25.011899948120117,2659600
2017-01-11,25.07845153202275,25.192531718764858,24.451015038048805,24.926345825195312,2723100
2017-01-12,24.745718935696978,25.021409821548662,24.451012571855994,24.935850143432617,2064800
2017-01-13,25.08795581579051,25.373155347040836,25.030916634837595,25.23055648803711,1705000
2017-01-17,25.230552626621783,25.24005764429018,24.5270616451493,24.584102630615234,1780600
2017-01-18,24.79325250035096,25.0309178816094,24.66016046708398,24.88831901550293,1305500
2017-01-19,24.86930327426324,25.106968635686428,24.7742367670454,24.802757263183594,1791700
2017-01-20,24.992891311645508,25.192529353144028,24.8978248004945,24.992891311645508,1314300
2017-01-23,24.8312782859675,25.154501516174886,24.650652099746996,24.7362117767334,1912600
2017-01-24,24.71719901439038,25.28759627737105,24.69818534920101,25.221050262451172,3229900
2017-01-25,25.477724262245555,25.94354993416389,25.458712412707353,25.857990264892578,3765000
2017-01-26,27.1033601129029,27.264972643594785,25.962565565284553,26.20973777770996,8138600
2017-01-27,26.399870606575888,27.198426421205866,26.399870606575888,27.15089225769043,3413300
2017-01-30,26.979767656665846,27.426579640735582,26.723090476495077,27.379045486450195,3400400
2017-01-31,27.30300341335303,27.30300341335303,26.59000713725308,26.979778289794922,3098200
2017-02-01,27.188918460660023,27.283984970504438,27.017799105588644,27.19842529296875,2376700
2017-02-02,27.05583235320982,27.55968373009867,26.83718058735449,27.283992767333984,3470900
2017-02-03,27.407572409366036,27.5977054446313,27.264973539538595,27.36954689025879,1994100
2017-02-06,27.369544648040126,27.445597493267087,27.008292273279917,27.19842529296875,1700200
2017-02-07,27.388555003899015,27.56918118141627,27.198423807834903,27.455101013183594,1915300
2017-02-08,27.47411789507901,27.512145226692006,27.1318809767769,27.436092376708984,2426200
2017-02-09,27.436090212881957,27.59770273300521,27.255464028451776,27.322010040283203,2173300
2017-02-10,27.483614571699672,27.559667393578167,27.141375966625287,27.47410774230957,1683300
2017-02-13,27.588187881748468,27.597694711138566,27.426575408601373,27.47410774230957,1493600
2017-02-14,27.426589506850657,27.550174725964578,27.207937758210438,27.521656036376953,1231500
2017-02-15,27.63573442121392,27.65474808976783,27.379055335465893,27.521656036376953,2685100
2017-02-16,27.7022739893529,27.7022739893529,27.360037101388464,27.502635955810547,1167000
2017-02-17,27.41707669682681,27.778327254397727,27.341023852430677,27.73079490661621,2024500
2017-02-21,27.79733822945871,28.19661607721961,27.759312717560974,28.00648307800293,2144200
2017-02-22,28.006483062573384,28.11130546116686,27.901662481541265,27.958837509155273,1600100
2017-02-23,28.082721376283047,28.082721376283047,27.59672902259341,27.70155143737793,1786700
2017-02-24,27.37755570320357,27.644375561112135,27.177442172943334,27.57767105102539,2182600
2017-02-27,27.596731177212693,27.625319606448237,27.35849971960183,27.501440048217773,2472400
2017-02-28,27.482381522439542,27.549086040797214,27.044034688492008,27.101211547851562,2604900
2017-03-01,27.482378949702692,27.777785425158953,27.34896992547631,27.70155143737793,2342900
2017-03-02,27.653906377058465,27.777785927858886,27.377557030375083,27.396615982055664,1530600
2017-03-03,27.434730555766045,27.55861009153167,27.263203646581754,27.53002166748047,1931500
2017-03-06,27.32037890531593,27.768253313823532,27.158381469462295,27.72060775756836,1762800
2017-03-07,27.625309102732082,27.815894923380796,27.453782227660454,27.672956466674805,1518700
2017-03-08,27.73966754233321,27.90166498306457,27.64437460939214,27.796842575073242,1135600
2017-03-09,27.577669040286146,27.94930946513621,27.472846636328867,27.873075485229492,1128400
2017-03-10,28.054132710497168,28.454361571401513,28.054132710497168,28.340009689331055,2042900
2017-03-13,28.34000779402413,28.864117976917125,28.282832765593373,28.683061599731445,3226500
2017-03-14,28.5877758239686,28.730714339576075,28.473423920945514,28.64495086669922,930000
2017-03-15,28.81646889998579,29.359636181838457,28.730705453634183,29.26434326171875,2496900
2017-03-16,29.311988133819476,29.521631086176818,29.23575416772943,29.378692626953125,1375800
2017-03-17,29.49304448486875,29.616923998179654,29.350104208083938,29.378692626953125,1923600
2017-03-20,29.35010778039751,29.72175000068645,29.311991701493795,29.483518600463867,1835800
2017-03-21,29.540702528032448,29.712229478682538,28.568717686056527,28.673540115356445,1806300
2017-03-22,28.58777199828107,29.083293815799394,28.559183571960617,29.035646438598633,1405600
2017-03-23,28.911763930353874,29.22622931740861,28.8545889011334,29.11187744140625,987000
2017-03-24,29.502583899017772,29.702699275739207,29.18811843636567,29.22623634338379,1357100
2017-03-27,28.835532170215316,29.45493351750506,28.749768711007032,29.39775848388672,1122600
2017-03-28,29.311992763254548,29.531165223183628,29.1404658580713,29.407285690307617,1291600
2017-03-29,29.359641914224245,29.42634642606352,29.06423543998104,29.216703414916992,1435000
2017-03-30,29.207170018176434,29.521635401459534,29.207170018176434,29.464460372924805,1002800
2017-03-31,29.369166507562035,29.740806907492214,29.369166507562035,29.635986328125,1838400
2017-04-03,29.70268553379503,29.855153456204548,29.03563701008263,29.42633628845215,2456400
2017-04-04,29.483517322091195,29.95998010187746,29.483517322091195,29.71221923828125,2051400
2017-04-05,29.95998443260693,30.741381396036626,29.90280758212353,30.236331939697266,5047100
2017-04-06,30.236328248433203,30.426914091654687,29.864687853468748,30.331621170043945,2331300
2017-04-07,30.24586399606557,30.617506285678825,30.188688958264176,30.512683868408203,2060400
2017-04-10,30.607969354843913,30.646087251398736,30.141036027415396,30.264917373657227,1767400
2017-04-11,30.083855692848935,30.303028106689453,29.75986089953642,30.303028106689453,2063500
2017-04-12,30.255397522783085,30.293515431461984,29.75987561532894,29.87422752380371,1845900
2017-04-13,29.788452593938118,30.036213452407463,29.521632788457005,29.53116226196289,1524700
2017-04-17,29.693163150882715,29.90280613985916,29.46446121266438,29.88374900817871,1227500
2017-04-18,29.712223526109813,29.864691492239462,29.55975555998016,29.79798698425293,1526200
2017-04-19,30.074340284634257,30.54127374804902,30.064810807720256,30.379276275634766,1942000
2017-04-20,30.512684541328817,30.912911632326775,30.283982567517818,30.836679458618164,1978800
2017-04-21,30.789030829745734,30.979613062601164,30.52220916052659,30.91290855407715,2074300
2017-04-24,31.398911248082626,31.494202390455026,31.151148461715877,31.42749786376953,2629500
2017-04-25,31.72289798995757,32.09453843795145,31.579957678364636,31.980188369750977,2589800
2017-04-26,32.00877095326786,32.313706853542186,31.7514806058259,32.1802978515625,2797800
2017-04-27,33.352399124603025,34.67696525107472,32.91405417996634,34.63884735107422,9593900
2017-04-28,34.43873600407377,34.86755331835803,33.56204605942441,33.60969161987305,5362400
2017-05-01,33.77168157635029,34.52449366433124,33.600154679465454,34.09567642211914,2761600
2017-05-02,34.086155675566054,34.20050575162925,33.724042860388664,34.16238784790039,1745700
2017-05-03,33.99084055585027,33.99084055585027,33.619200304913555,33.75260925292969,2156700
2017-05-04,33.857441149921144,33.96226353436782,33.72403216430618,33.90509033203125,1366300
2017-05-05,34.05756119177849,34.181438897573706,33.657330565399036,33.92414855957031,2178600
2017-05-08,34.1528628886674,34.1528628886674,33.628754393906576,33.704986572265625,2669200
2017-05-09,33.83838743644658,33.962268785868325,33.71450972214763,33.819332122802734,1944800
2017-05-10,33.91462090340243,34.400611340660475,33.809798509942986,33.92414855957031,2806900
2017-05-11,33.924139500516226,34.06707975072173,33.65732157759563,33.962257385253906,1526000
2017-05-12,33.93368027135035,34.0385026661087,33.43815853666161,33.57156753540039,1751100
2017-05-15,33.72404284702803,34.18144678622297,33.6954562368044,34.06709671020508,4356200
2017-05-16,34.18143987056156,34.295793558566544,33.895562920794376,34.09567642211914,1564900
2017-05-17,34.095683258330304,34.095683258330304,32.256536211410044,32.26606750488281,2609400
2017-05-18,32.09453378998232,33.10463621231775,31.579953104917706,33.02840042114258,2727800
2017-05-19,33.342870041759305,33.64780595848128,33.123693943687705,33.20945739746094,1589700
2017-05-22,33.4476827974143,33.4476827974143,32.97122005878947,33.26662826538086,2280700
2017-05-23,33.466741743173955,33.61920967412902,32.92357451195143,33.26662826538086,1154200
2017-05-24,33.42863393447777,33.600157209153615,33.257107024679016,33.495338439941406,1453300
2017-05-25,33.609690906023786,33.743099926495745,33.44769164179127,33.676395416259766,1321500
2017-05-26,33.809808465567166,34.00039436114759,33.485813533617524,33.91463088989258,1683800
2017-05-30,33.838239779780146,34.143776654004455,33.819143269855275,34.0673942565918,1595900
2017-05-31,34.29654028596531,34.353829807713325,33.80004566662782,33.94326400756836,1720300
2017-06-01,33.914618346286254,34.04829024401851,33.58043495966958,33.80958938598633,1573800
2017-06-02,33.90507705186447,34.05784549487238,33.494514820638884,33.675926208496094,2047700
2017-06-05,33.580437011325884,33.75230193099233,33.418122166244395,33.561344146728516,1500000
2017-06-06,33.35129956592358,33.8191514238813,33.179434577448745,33.313106536865234,2110200
2017-06-07,33.38949689736042,34.15333936551309,33.38949689736042,33.71413040161133,2492200
2017-06-08,33.91463255013114,34.22971592070547,33.76186408270076,34.162879943847656,2564500
2017-06-09,34.34428561844429,34.372928560045956,31.90953359827844,32.50151443481445,4979000
2017-06-12,32.14823372055038,32.14823372055038,30.93563641951251,31.880889892578125,3609000
2017-06-13,32.19597573070314,32.75930995093348,31.651738017870517,31.785409927368164,2771300
2017-06-14,31.890450234567375,31.909543106466604,30.821067293827728,31.11705780029297,2952200
2017-06-15,30.515523842721436,30.954732648477478,30.276822929729647,30.52507209777832,2599100
2017-06-16,30.505976851899742,31.308012050601906,30.45823557748687,31.069311141967773,4454400
2017-06-19,31.489421739374052,31.728122635193095,31.222077901588438,31.269817352294922,3485700
2017-06-20,31.174344939979566,31.393949372770468,30.830614995685156,30.9451904296875,1928300
2017-06-21,31.155243731873128,31.308012168281724,30.878349802667916,31.040664672851562,2210100
2017-06-22,31.021570248370683,31.231624561460894,30.51552186880705,30.534618377685547,2297400
2017-06-23,30.544168717172788,31.06931182031964,30.50597751795205,30.97382926940918,6876500
2017-06-26,31.002475970322593,31.336655794026147,30.209987185130007,30.505977630615234,2605900
2017-06-27,30.391398123175208,30.448685828516194,29.579814709414098,29.60845947265625,3301200
2017-06-28,29.79940817250562,29.97127304666312,29.226527686837475,29.78031349182129,4555500
2017-06-29,29.675301030785228,29.78987828422601,28.52953578095205,28.930553436279297,3308200
2017-06-30,28.997385745723506,29.245633075799287,28.663204125961514,28.672752380371094,1881600
2017-07-03,28.806421155799583,28.987834327494973,28.338567667653052,28.348115921020508,973900
2017-07-05,29.006936889234797,29.86626171420381,28.930552662697956,29.484338760375977,5637400
2017-07-06,29.226541870362528,29.43659802897076,28.71094699767387,29.4079532623291,4496000
2017-07-07,29.560717073753047,30.06676361154769,29.560717073753047,29.980831146240234,4754200
2017-07-10,30.03812083401083,31.05021397646893,29.789873496880137,30.916542053222656,4063800
2017-07-11,30.878352489633752,31.37485086173758,30.811516520532,31.183889389038086,3179700
2017-07-12,31.556266940783278,31.985929407551204,31.288923024699983,31.546720504760742,3215100
2017-07-13,31.546708094406632,31.785408966230616,31.42258262121801,31.661283493041992,2341300
2017-07-14,31.814060720201958,32.472873997753865,31.72812823684412,32.45378112792969,3499700
2017-07-17,32.4633305093309,32.65429200549037,32.1768900862355,32.54926300048828,2329400
2017-07-18,32.463325389917344,32.96937017899304,32.36784647803828,32.94072723388672,2335900
2017-07-19,33.14123086755032,33.37993175880427,32.88343346792166,33.23671340942383,2854600
2017-07-20,33.5136072832224,33.857337186399974,33.169881022331765,33.73321533203125,3295900
2017-07-21,33.570890711512156,33.637726664725506,33.16987499223205,33.5422477722168,2057200
2017-07-24,33.60908531343245,34.153323039476696,33.437220384967276,34.04829406738281,2007800
2017-07-25,34.03874799383506,34.47795675242076,33.79049703130471,34.468406677246094,3354400
2017-07-26,34.573434126051865,35.19405786272697,34.31563674200004,35.13676834106445,5085600
2017-07-27,32.511069604771485,33.418133969545224,31.50852631414264,32.82615661621094,11251100
2017-07-28,32.768862414363696,33.475418748970355,32.768862414363696,32.921630859375,4731700
2017-07-31,33.131693738297756,33.418134159781225,32.931185807488085,33.02666473388672,3498400
2017-08-01,33.25581419920427,33.29400357858369,32.692479877628934,32.94072723388672,2427800
2017-08-02,33.21761888648088,33.23671539599699,31.718577491190597,31.814056396484375,4230700
2017-08-03,31.90000241385456,32.1100604654419,31.212542348505682,31.804523468017578,3951600
2017-08-04,31.880893146902256,32.01456507453329,31.413041400193634,31.947729110717773,2864300
2017-08-07,31.957287186788133,32.55881101170847,31.957287186788133,32.35830307006836,3390500
2017-08-08,32.32965772849423,32.78796312219202,32.06231382607573,32.18643569946289,2108300
2017-08-09,31.852253167771654,32.2437225532508,31.59445572236531,32.05276107788086,1572300
2017-08-10,31.823602260720502,31.85224520006056,31.09794956429126,31.145689010620117,2490300
2017-08-11,31.126597260740805,31.98592199513683,31.10750439312031,31.966825485229492,2342400
2017-08-14,32.310550541216486,32.88343118351341,32.310550541216486,32.80704879760742,2592600
2017-08-15,32.79750816306843,33.25581717956491,32.682932730087984,33.03620910644531,2159800
2017-08-16,33.131681859413106,33.30354677914102,32.90252741901379,33.08394241333008,1662700
2017-08-17,32.96936074667415,33.09348621043507,32.17687580639901,32.21506881713867,1636700
2017-08-18,32.33918380737305,32.549241679783165,32.11003307591219,32.33918380737305,1312900
2017-08-21,32.46330504108923,32.50149803881531,31.79494215002162,32.39646911621094,2544100
2017-08-22,32.59698723856146,33.33218628789183,32.54924779739162,33.265350341796875,1751800
2017-08-23,32.94072499870577,33.33219433850616,32.87388903646815,33.20806884765625,1936600
2017-08-24,33.313094148298006,33.313094148298006,32.61608801748253,32.95026779174805,1382300
2017-08-25,33.1698833480917,33.265362264652595,32.82615342081294,32.9693717956543,1323000
2017-08-28,33.045753443788776,33.30355085493068,32.85479199379995,33.284454345703125,1437500
2017-08-29,32.85480950669063,33.48498007795846,32.69249455516631,33.43724060058594,1522700
2017-08-30,33.446767060495795,34.26789869305848,33.4181241196392,34.248802185058594,2326300
2017-08-31,34.35383325969605,34.40157271147325,33.742759535459896,34.00055694580078,2195400
2017-09-01,34.057841451341254,34.23925645994688,33.80004769373025,34.172420501708984,1044400
2017-09-05,34.22970903500903,34.25835562096234,33.38948445430652,33.8477897644043,1460800
2017-09-06,33.96257907170485,34.15391827524661,33.50336717289969,34.0773811340332,1473000
2017-09-07,34.220892628713756,34.421797186440905,33.81907986376703,34.1060905456543,2184300
2017-09-08,33.95302340805373,34.10609408451314,33.407705245581,33.5607795715332,1704700
2017-09-11,33.895616084292996,34.584435862643666,33.895616084292996,34.19219207763672,1753800
2017-09-12,34.211337720752105,34.88102350458184,34.11566988713097,34.53661346435547,1829500
2017-09-13,34.49834208879298,34.59400990457798,34.086963911829656,34.46963882446289,2618500
2017-09-14,34.469638809465565,34.96711948021624,34.23046562061389,34.28786849975586,1601800
2017-09-15,34.326130784267555,35.340222583156255,34.278296885177205,35.27325439453125,3999600
2017-09-18,34.41222565260422,34.65139874465848,33.886041930491444,34.0773811340332,5443000
2017-09-19,34.28786638301947,34.83318092797724,34.18262960250253,34.62270736694336,2945700
2017-09-20,34.50791267005958,34.584449853947504,33.953032684847344,34.24003982543945,1768200
2017-09-21,34.211327782602844,34.48876952880076,33.99128890959883,34.14435958862305,1609000
2017-09-22,34.086960820182455,34.9575510030401,34.07739184977591,34.8714485168457,2789300
2017-09-25,34.68011647059875,34.766218974712395,33.88605963827359,34.3070068359375,2036200
2017-09-26,34.354822796694165,34.50789342962922,33.8477770093765,34.0773811340332,1782400
2017-09-27,34.37397511516554,35.694212297781476,34.37397511516554,35.19673156738281,3783200
2017-09-28,35.1393333518676,35.64637947258372,34.909729076239,35.45504379272461,2736200
2017-09-29,35.5985307419155,35.8472728614343,35.292389402117486,35.67506790161133,2142900
2017-10-02,35.847265606758526,36.26820895141823,35.68462600006579,36.220375061035156,3398300
2017-10-03,36.430856488768974,36.449987129493245,35.91424160138897,36.07687759399414,1785200
2017-10-04,36.134280671024165,36.35431953553697,36.02904389897615,36.25865173339844,1509800
2017-10-05,36.33518331679084,36.363882926010675,35.98120808827355,36.08644485473633,1399600
2017-10-06,36.0481781893024,36.36388485595374,35.98120999790688,36.25865173339844,1355500
2017-10-09,36.25865413287462,36.32562232870187,36.07688018749241,36.306488037109375,1274000
2017-10-10,36.469116675430584,36.67959019094395,36.067307581623865,36.67002487182617,1461700
2017-10-11,36.641320749978824,36.95703101579143,36.51694970743215,36.937896728515625,1134400
2017-10-12,36.832660439843956,37.27273810428604,36.736992651745126,36.976165771484375,1166100
2017-10-13,37.28230660049587,37.35884010010697,36.918762441239814,36.937896728515625,2448900
2017-10-16,36.91876648595306,37.205773527549546,36.67959334304056,36.957035064697266,1861600
2017-10-17,37.11011409535209,37.50235799216649,36.80397269537468,37.377986907958984,1711400
2017-10-18,37.49278545081413,37.62672549385824,36.870937387970756,37.578887939453125,1608000
2017-10-19,37.21535275424056,37.39712307913611,36.60306627405304,37.36842346191406,2344800
2017-10-20,37.703255372797656,37.76065824284761,37.2918772611713,37.4162483215332,1593600
2017-10-23,37.64584481573508,37.70324767406378,37.177067579272396,37.25360107421875,2582300
2017-10-24,37.43538928066781,37.789364585304945,37.32058352011525,37.502357482910156,3401700
2017-10-25,37.46409180148859,37.76066789834294,36.90921184709218,37.42582321166992,3223200
2017-10-26,39.22438961211525,40.42025514906999,38.133760826331255,40.209781646728516,8440000
2017-10-27,39.85581217699144,40.9560100883347,39.82711256783219,40.889041900634766,3981000
2017-10-30,41.04213298295038,41.04213298295038,40.49681824068622,40.841224670410156,2274200
2017-10-31,40.87948392064553,41.75007424427291,40.85078430377113,41.032554626464844,3209800
2017-11-01,41.40565479956292,41.40565479956292,40.08542163156425,40.69770431518555,3185900
2017-11-02,40.602042410054906,40.97515567950106,40.037593494115576,40.707279205322266,2368400
2017-11-03,40.95601916318421,41.137789477289516,40.7168459685488,41.022987365722656,1351500
2017-11-06,41.06125249785538,41.616136063796134,40.7264114835762,41.568302154541016,2139500
2017-11-07,41.55872250735098,41.75963071380235,41.33868366170654,41.64482498168945,2605700
2017-11-08,41.46306229190993,42.13274792033533,41.348260188306256,41.98924255371094,2457800
2017-11-09,41.56830216423885,41.89357785654023,41.00385327611272,41.75007247924805,2850500
2017-11-10,41.77876896599912,41.998811501232524,41.606567635435745,41.807472229003906,1498900
2017-11-13,41.463058068310204,42.41018536266815,41.34825597640075,41.95096969604492,2294200
2017-11-14,41.78833990861713,41.98924451166499,41.24302532920537,41.47262954711914,1687900
2017-11-15,41.0612432050828,41.137780362164165,40.21935637414289,40.889041900634766,2046100
2017-11-16,41.06124147221713,42.00836867891953,40.936874071447235,41.93183517456055,2048700
2017-11-17,42.05621508099072,42.37192546026729,41.55873438150528,41.68310546875,1618800
2017-11-20,42.05620506385351,42.69719099206327,42.05620506385351,42.50585174560547,1680500
2017-11-21,42.03706834530983,42.30494473466959,41.807464182421306,42.11360549926758,1985500
2017-11-22,42.113612922858415,42.257114637586454,41.33869052515214,41.40565872192383,1391800
2017-11-24,41.54916787063367,41.83617497572469,41.453500052101106,41.75007247924805,1006000
2017-11-27,41.36740600602808,41.55874168217865,40.99429267874866,41.1186637878418,1891300
2017-11-28,41.214478166388126,41.37738314933419,40.86951000425185,41.195316314697266,1825800
2017-11-29,41.061151097864716,41.20489055033504,37.96599347890006,39.11589813232422,4806100
2017-11-30,39.480053795628926,39.738782737375516,38.56013110638403,38.7805290222168,4259900
2017-12-01,38.27263049034002,38.59843671603061,37.27604996656211,38.4355354309082,2995300
2017-12-04,38.952997015295445,39.15422932534764,37.132314334152106,37.60186004638672,2983900
2017-12-05,37.6114475108402,38.60803196550472,37.38146507689963,38.013912200927734,2130100
2017-12-06,37.62101590770902,38.46427967739202,37.477280132881205,38.29179382324219,1201200
2017-12-07,38.5888759349785,38.962594283396335,38.45472100533596,38.61762237548828,1498300
2017-12-08,39.077572699645636,39.26922411180112,38.540953132146264,38.818843841552734,1779400
2017-12-11,38.953005559914224,39.21173078362248,38.445128728040565,38.77093505859375,1388200
2017-12-12,39.98789946853624,40.102888811387366,38.91465707255332,39.24046325683594,1837700
2017-12-13,39.4608793582227,39.64294620696551,38.924256083135006,39.125492095947266,1556300
2017-12-14,39.135058848567944,39.76750578226077,39.00090399224608,39.30754470825195,1899600
2017-12-15,39.36504711243834,40.33288133197292,39.34588160788517,40.131649017333984,3708600
2017-12-18,40.52453410897522,40.78326294612843,40.07415387517743,40.601192474365234,2056900
2017-12-19,40.54368794153797,40.965317968410424,40.53410336396968,40.68742370605469,1656300
2017-12-20,41.109067338629124,41.50195103878295,40.84075393345238,41.204891204833984,1599900
2017-12-21,41.19532600810798,41.46363586027495,40.8599350374517,41.18574142456055,2013900
2017-12-22,41.195309679739246,41.26238711619386,40.64910195290779,41.003658294677734,982400
2017-12-26,40.56288079963641,40.65870470727782,40.294567278434506,40.36164474487305,1537600
2017-12-27,40.43830238454884,40.562876375253005,40.27539737278995,40.53412628173828,1161500
2017-12-28,40.812013939868734,41.080323731906056,40.61078159584075,40.802433013916016,1313400
2017-12-29,40.85034885431808,40.92700723559826,40.09332769114808,40.122074127197266,1061700
2018-01-02,41.885252090308015,42.642273096748426,41.28155512557879,42.33563232421875,2890400
2018-01-03,42.354798880122814,42.546450281569726,41.67443987766042,42.5177001953125,2170800
2018-01-04,42.671025137804776,42.86267655969831,42.19189841079436,42.71894073486328,1354300
2018-01-05,42.96808090438663,43.849672242937245,42.79559500676647,43.705936431884766,2210500
2018-01-08,43.70592996829023,44.38628887748238,43.40887015399906,44.261714935302734,2507400
2018-01-09,44.37671165913303,44.53961296559289,43.47595121723798,43.5142822265625,1777500
2018-01-10,42.94891312435989,42.94891312435989,41.88525136383826,42.4410400390625,4062500
2018-01-11,42.49853081309108,42.68060127280886,42.211055564866186,42.671016693115234,1564100
2018-01-12,42.603935654339345,42.98723838985681,42.38353786082283,42.73809051513672,2131000
2018-01-16,43.17890888806335,44.347975804000576,42.99683836307546,43.41847229003906,4956900
2018-01-17,43.926331088512555,45.03790476195138,43.792176212390906,44.80792236328125,3695100
2018-01-18,44.9995766847706,45.32538297177011,44.23297473166777,45.219974517822266,2756100
2018-01-19,45.32537928259927,45.72784755987418,45.1241469716849,45.44036865234375,1823000
2018-01-22,45.49787010743586,45.79492997161245,44.95166597250699,45.77576446533203,2117100
2018-01-23,45.95782876627944,46.50403287119245,45.88117040081699,46.398624420166016,2003500
2018-01-24,46.09197148225119,46.226129983432806,44.683341946575446,44.83666229248047,4939500
2018-01-25,44.79833928258656,44.79833928258656,42.268551296205985,42.929744720458984,7469700
2018-01-26,43.552605825397315,45.727840885922724,43.552605825397315,45.708675384521484,5054900
2018-01-29,45.670353301841864,45.75659624726923,44.45337114100962,44.903751373291016,2646200
2018-01-30,44.17548015465351,45.01874416782742,43.87842394096759,44.39588165283203,2701500
2018-01-31,44.817510302650135,45.11457016164784,43.840091432068476,43.926334381103516,2598800
2018-02-01,43.71550941723324,44.60668517459449,43.610100981671785,43.945491790771484,1939500
2018-02-02,43.59094335173193,43.6867672176329,42.47936969222831,42.565608978271484,2127500
2018-02-05,41.86608738458139,43.17889710095561,41.11865094419784,41.1761474609375,2798800
2018-02-06,40.246640016535366,41.91400242561681,40.007076683103605,41.3486328125,5311200
2018-02-07,41.09948849103674,41.50195682721248,40.22747802734375,40.22747802734375,2639600
2018-02-08,40.361633859445334,40.476626904139,37.95641933402767,38.013912200927734,3627500
2018-02-09,38.608038674514304,39.85376763159481,37.60187311900494,39.54712677001953,4432700
2018-02-12,39.93040367610668,40.65867805642576,39.71000590863903,40.27537536621094,2195100
2018-02-13,38.368458566348664,39.26921524808296,38.3397084849744,38.79008865356445,4196100
2018-02-14,38.569703054705315,41.13782270581462,38.493041020727375,40.927005767822266,3088000
2018-02-15,41.339053916146604,41.674444822334436,40.39996595862504,41.645694732666016,2339700
2018-02-16,41.55944216545271,41.93316034571165,41.19530856468278,41.501949310302734,2213800
2018-02-20,41.43486975835982,43.32262606672298,41.2719648143852,43.025569915771484,3265200
2018-02-21,43.12138929804633,43.35137164936525,42.2110481262207,42.2110481262207,3502400
2018-02-22,42.55673727462138,42.79679107407792,41.75015636193019,42.2398681640625,2207800
2018-02-23,42.53753474787857,42.91201810847743,42.115041357472485,42.65275955200195,1283600
2018-02-26,42.89280322419732,43.76660240960432,42.633548391939634,43.708988189697266,1501200
2018-02-27,43.51695464436097,43.92984749306796,42.97923278808594,42.97923278808594,1817800
2018-02-28,43.209681550091254,44.39074573957547,43.00803724862739,43.59376907348633,2217800
2018-03-01,43.555360820068636,44.20830743054397,42.71037044246582,43.11366271972656,1946100
2018-03-02,42.63355890047236,43.901042747406294,42.057427548182964,43.83382797241211,1378700
2018-03-05,43.82421530793558,44.5059671300757,43.53615151886945,44.285118103027344,1894500
2018-03-06,44.601995761324666,45.53340199341428,44.50597204574363,45.50459671020508,2116100
2018-03-07,44.99568959747957,46.291978788846016,44.99568959747957,46.01351547241211,2731900
2018-03-08,46.330377487384034,46.56083071766326,45.83106520755391,46.5416259765625,1886600
2018-03-09,47.09854626162577,47.97234178819182,47.09854626162577,47.43462371826172,2435500
2018-03-12,47.70349888407231,48.298831375489584,47.309810737064474,47.9339485168457,2057300
2018-03-13,48.27963076407156,48.66371840216536,46.887321317576735,47.05055618286133,1993200
2018-03-14,47.07934341106176,47.81870944981919,46.7528701428173,47.38661193847656,1472600
2018-03-15,47.47304617580137,47.85713378575089,47.156177011084296,47.18498229980469,1640300
2018-03-16,47.30019810549774,47.76110461479289,47.060144310749536,47.271392822265625,2300300
2018-03-19,47.13696119187897,47.23298124034589,45.965497553346125,46.76247787475586,1823200
2018-03-20,46.66645993408736,47.213782336476335,46.50322509892211,47.04094696044922,1666100
2018-03-21,47.19458482239567,48.289229709922566,47.09856109186563,47.53065872192383,1907100
2018-03-22,46.69527954727694,47.165783078507346,45.389385915979624,45.82148361206055,3019400
2018-03-23,45.85027854809869,45.94629860868167,43.8242237685955,43.83382797241211,2952700
2018-03-26,45.41817762714054,45.80226516723633,44.669210953177014,45.80226516723633,1902500
2018-03-27,46.09992166921083,46.16714009075496,43.59376353459184,43.93943786621094,2077900
2018-03-28,43.72820351942172,44.083482137563095,42.70077349130682,43.046451568603516,1837100
2018-03-29,43.305705650861555,44.457964665914176,42.99843706857158,43.89143753051758,1798600
2018-04-02,43.5553624439405,43.862631017628274,41.452488793035045,42.04782485961914,2506900
2018-04-03,42.50871884427257,42.94081633046419,41.68293335131294,42.527923583984375,2300700
2018-04-04,41.41408736630095,42.85441033200975,41.28925835031892,42.806400299072266,2197500
2018-04-05,43.132854966647926,43.47853294410015,41.94219044756742,42.124629974365234,3036700
2018-04-06,41.48128778354785,42.22065375618366,40.76112655002421,40.98197555541992,2139400
2018-04-09,41.2316405755725,42.28787952423084,40.54988864273119,40.71312713623047,3455000
2018-04-10,41.79816572877635,42.297478063307885,40.809145262780746,41.71174621582031,2370300
2018-04-11,41.56772369737698,42.38390528592448,41.2892603646515,41.48130416870117,1882300
2018-04-12,41.76936017812044,42.14384351088993,41.70214540879927,41.971004486083984,2390700
2018-04-13,42.374288933021504,42.374288933021504,41.44287921182039,41.74054718017578,1771100
2018-04-16,41.95179238141903,42.66235309903742,41.663728611601144,42.527923583984375,2134600
2018-04-17,43.075263615921195,43.267307429336,42.78719972726453,42.940834045410156,2280000
2018-04-18,42.49912499156555,42.49912499156555,41.25084590977678,41.63493347167969,3693600
2018-04-19,40.55948553699685,40.818740378482154,39.22478353361651,39.8009147644043,6008900
2018-04-20,39.647295314961994,40.002573992447786,39.0039490829909,39.27281188964844,5931200
2018-04-23,39.47444776194337,40.04097488082171,38.72548107231551,38.84070587158203,2839600
2018-04-24,39.48405134107277,40.06018270760584,38.73508459380344,39.848934173583984,5928300
2018-04-25,35.56636510880856,35.96005311926166,32.983384368801765,33.319461822509766,20189000
2018-04-26,33.34827829730286,34.039634513798205,32.39766716255259,32.69533157348633,7442600
2018-04-27,32.791363554505324,32.791363554505324,31.725523673585318,31.87915802001953,6685700
2018-04-30,31.84073481381873,31.84073481381873,30.947734414840035,31.255002975463867,5860300
2018-05-01,31.206999133126793,32.23442927309065,30.78450569428728,32.176815032958984,4886000
2018-05-02,32.40725358034821,33.252243736359695,32.21520986358252,32.96417999267578,7632600
2018-05-03,32.61851010785792,33.54031578095638,32.27283206471346,33.492305755615234,5253000
2018-05-04,33.15621744142654,34.318080188253184,32.99298267590507,34.27967071533203,5250900
2018-05-07,34.51013517024439,34.78859847510678,34.15485654920682,34.702178955078125,4589000
2018-05-08,34.63495480631953,34.73097484128454,34.30848155933713,34.65415954589844,3435900
2018-05-09,34.865411910967964,35.37432474637447,34.769388202352616,35.21108627319336,3210500
2018-05-10,35.40313507358323,35.604783058951824,34.913426910100576,35.22069549560547,2740500
2018-05-11,35.07666077997077,35.39353356046576,34.65416740224115,34.884620666503906,1542900
2018-05-14,35.19188188086557,35.72959994676221,35.11506292120628,35.18227767944336,1703300
2018-05-15,34.82700440047729,34.93262865447283,34.03962825987622,34.44291687011719,2354700
2018-05-16,34.58695294240835,36.24812484683067,34.58695294240835,36.0656852722168,4451500
2018-05-17,36.15209981154322,36.62260315710785,35.864032352542964,36.21931457519531,3260800
2018-05-18,35.69120201702746,36.065689072160545,35.24950384483659,35.90245056152344,3953300
2018-05-21,36.334541260820444,36.76663880898354,36.180906984021355,36.661014556884766,2716400
2018-05-22,37.0355059567179,37.35237878213806,36.73783787795328,36.79545211791992,2334100
2018-05-23,36.34414001477584,36.96828129400239,36.26732471161575,36.939476013183594,1655900
2018-05-24,37.07391112607135,37.265954907297704,36.497779782392286,36.987491607666016,1732100
2018-05-25,37.01628607473704,37.35236350939644,36.785836534959145,37.189125061035156,1564600
2018-05-29,36.76663824961996,37.37157114491482,36.48817498249247,37.016292572021484,3093600
2018-05-30,37.459022122214144,37.83438541477917,36.939295393088415,37.122161865234375,2499700
2018-05-31,37.09328675634553,37.670762493897385,36.458061976438,36.486934661865234,3651400
2018-06-01,36.91042227137262,37.87288442886866,36.679433409614546,37.834388732910156,5614300
2018-06-04,37.699638616114306,38.17124665959217,37.56489450983536,37.84400939941406,3010000
2018-06-05,38.17124911722043,38.2386211746976,37.613022973623565,37.978755950927734,3077700
2018-06-06,37.92100848323406,38.142374327257066,37.593771220004065,38.132747650146484,1748600
2018-06-07,38.14239518246208,38.537004715221435,37.1029337762646,37.35317611694336,2309600
2018-06-08,36.86229224885528,37.34352322774765,36.27518986716643,37.23765182495117,3090800
2018-06-11,37.391658280546096,37.77664466290913,37.199168760866826,37.55527877807617,1601000
2018-06-12,37.584143153074315,37.75738661964276,37.12216179939226,37.622642517089844,2981900
2018-06-13,37.73814672224339,38.238627569703816,37.44940876026687,37.468658447265625,2805300
2018-06-14,37.49752285568392,37.83438679646719,37.23765764588022,37.584144592285156,2524000
2018-06-15,37.41091885509458,37.882527127173645,37.41091885509458,37.863277435302734,3188900
2018-06-18,37.41090111908269,37.651516646141495,37.23765764588022,37.584144592285156,1418900
2018-06-19,36.84305059062758,37.603396583981095,36.51581330687428,37.52640151977539,2164700
2018-06-20,37.65152070042653,38.01725736895858,37.51677657820471,37.728519439697266,1530500
2018-06-21,37.911381891098415,38.06537568169878,37.459023524927915,37.632266998291016,2277800
2018-06-22,37.76701442134066,37.90175852790712,36.9970418041011,37.343528747558594,3567900
2018-06-25,36.88155673474087,37.04517724243046,35.668855796552144,36.25595474243164,2795800
2018-06-26,36.46768742826449,37.07403956343438,36.27519427899611,36.621681213378906,2367200
2018-06-27,36.77568255339327,37.045174486331824,35.87096933892676,35.880592346191406,2321900
2018-06-28,35.668855796552144,36.47732431251212,35.41861353102746,36.25595474243164,2244400
2018-06-29,37.17992186127805,37.28579330793819,36.61206892405757,36.64094161987305,2830900
2018-07-02,36.06346075268299,36.96817392261919,36.005711697430975,36.87192916870117,2074100
2018-07-03,37.16065633511578,37.39164514619367,36.33293847383463,36.40031051635742,1614300
2018-07-05,36.82380261077598,37.73814244635512,36.62168642744325,37.728519439697266,3324000
2018-07-06,37.584140704479616,38.08462138957104,37.276153155423536,38.0364990234375,1777400
2018-07-09,38.257874791155295,38.69098354195937,37.94988716202843,38.67173385620117,1895500
2018-07-10,38.72947978466484,39.229956887937696,38.44073819312039,38.6043586730957,1910100
2018-07-11,37.94988794317864,38.18087683402732,37.31466298609141,37.41090774536133,2905900
2018-07-12,37.949889700128345,38.334876098036005,37.699647440037644,38.257877349853516,2227600
2018-07-13,38.11351100193087,38.45037505747615,37.85364937509972,38.09426498413086,1660500
2018-07-16,38.11349606558997,38.49848235776821,37.988378641408225,38.33486557006836,1605600
2018-07-17,38.046130554602065,38.86422564822071,37.89213674556239,38.80647659301758,1734600
2018-07-18,39.306948860201786,39.90367428179633,39.07595636101936,39.82667922973633,3820500
2018-07-19,39.614946197701144,39.614946197701144,38.25787456745162,38.52736282348633,2928700
2018-07-20,38.51774239784809,38.8257300458152,38.257877131469144,38.710235595703125,2348400
2018-07-23,38.42149966619986,39.35508942789606,37.75740189010324,39.20109558105469,3071000
2018-07-24,39.71117975128373,40.05766665215163,38.565851314749146,38.86421585083008,2748300
2018-07-25,42.93543405107354,44.080762606529234,40.37528506067145,41.34737014770508,9627000
2018-07-26,41.57836930389901,42.78144709815823,41.39549912941029,42.36758804321289,4885400
2018-07-27,42.56969380087356,42.86805834248399,42.261706254727834,42.58894348144531,3946800
2018-07-30,42.60820269437605,42.81994555653554,41.56874173995888,41.597618103027344,2385400
2018-07-31,41.741989811766636,42.24247065900335,41.626495361328125,41.626495361328125,2745400
2018-08-01,41.54949136408646,42.12697088632614,41.35700186150848,41.66498947143555,2132600
2018-08-02,41.20300908579228,42.06922288353687,40.6736519259738,41.934478759765625,1352400
2018-08-03,41.963344827437375,42.17508765794004,41.77085535043651,42.10771560668945,2880700
2018-08-06,42.319467111186356,42.39646218346768,41.895981363381416,42.3290901184082,1609100
2018-08-07,42.34832911312749,42.742938396639765,42.13658629268146,42.35795211791992,1375300
2018-08-08,42.454211214302866,42.83919391846901,41.98260308768429,42.280967712402344,1271300
2018-08-09,41.86710022266543,41.99222132031679,41.02013256945087,41.106754302978516,2558300
2018-08-10,40.55814989619683,40.85651445120563,39.836303364096025,40.144290924072266,3244400
2018-08-13,40.394538369692185,40.500409795622566,40.02880171779681,40.057674407958984,2207500
2018-08-14,40.33679887498158,40.818030073046984,40.17318202996063,40.307926177978516,2371400
2018-08-15,39.89406388119618,40.048057705470065,38.690985981712,38.8546028137207,2693500
2018-08-16,39.181840075370474,39.43208233403273,38.62361384024348,38.710235595703125,2303700
2018-08-17,38.35410758530119,38.411856624563114,37.50714370513239,37.7862548828125,3744200
2018-08-20,37.81513732746845,38.02687649585596,37.37240563633812,37.68039321899414,2128500
2018-08-21,37.90176447987386,38.74872861743934,37.75739367359455,38.38299560546875,2065800
2018-08-22,38.22900561437442,38.49849389677102,37.978763348004016,38.431121826171875,1255700
2018-08-23,38.440728540575336,39.104829628568226,38.41185585727162,38.75834274291992,1876200
2018-08-24,39.14334651167558,39.31659004830999,38.92198058631004,39.20109558105469,1526500
2018-08-27,39.50907289100372,40.2116698620306,39.460950514920064,40.11542510986328,1916000
2018-08-28,40.2116729603288,40.346417092345824,39.788190878060696,40.13467788696289,1434700
2018-08-29,40.3271662472587,40.3271662472587,39.73043706051325,39.961429595947266,1563000
2018-08-30,39.85556530734447,39.951810072634345,39.53795464468591,39.57645034790039,1127400
2018-08-31,39.65345221119227,39.73044729516986,39.30696515453627,39.64382553100586,1460700
2018-09-04,39.54736164153457,40.048938377069774,39.364094704903955,39.74027633666992,1598300
2018-09-05,39.60523916415691,39.836733866435765,39.20976567485043,39.46055221557617,2305800
2018-09-06,39.421953194132485,39.48947276264441,37.95580715872675,38.18730545043945,2584800
2018-09-07,38.18731942974571,38.85287128280625,38.04263248451688,38.29342269897461,2205600
2018-09-10,38.82393165996572,38.82393165996572,37.897945601600604,38.052276611328125,1431600
2018-09-11,37.82077373686748,37.888293315582416,37.145574270177065,37.19380569458008,2553700
2018-09-12,36.325695132663384,36.57648163827375,35.14891890896979,35.37076950073242,5786800
2018-09-13,35.7951825873119,36.692232713491016,35.727663001861124,36.08455276489258,2704800
2018-09-14,36.344977183639266,36.75009458660783,35.862692458463094,36.209938049316406,1875200
2018-09-17,36.16171366675853,36.45108379279564,35.80482028775666,35.90127944946289,1446100
2018-09-18,36.03632937207337,36.33534366392345,35.89164242601941,36.152076721191406,2304300
2018-09-19,36.161721713514034,36.3256968055914,35.46723031285316,35.814476013183594,1747300
2018-09-20,36.12313124390122,36.74045518188003,35.9012806836614,36.431793212890625,2238600
2018-09-21,36.460739129685685,37.029835481118695,36.32569994113241,36.8562126159668,4410700
2018-09-24,36.71152590681153,37.22274669542637,36.50896346342727,37.08770751953125,1466700
2018-09-25,36.94302032301171,37.23239050923593,35.98809834051762,36.14242935180664,2130200
2018-09-26,36.036323130023476,36.354629204848,35.689077463275815,35.7276611328125,1690300
2018-09-27,35.90128691327904,36.14242934836653,35.69872447135396,35.824119567871094,1306200
2018-09-28,35.650500336983825,35.891642796535194,35.34183828312143,35.66979217529297,3793900
2018-10-01,36.123137282215936,36.32569604331088,35.399709981555574,35.59262466430664,2321900
2018-10-02,35.39971234562382,36.01703642802024,35.39971234562382,35.62156295776367,1767200
2018-10-03,35.42865593447149,35.66979843635018,34.54125329373836,35.303260803222656,2739400
2018-10-04,35.01388699162409,35.02353475126622,34.34833507846321,34.66664123535156,2525100
2018-10-05,34.71485779977392,34.96564424987862,33.56701774397535,33.702056884765625,3306100
2018-10-08,33.07510067245291,33.692424780873836,32.46742064342648,33.29695129394531,2022200
2018-10-09,33.21977751716922,33.345172602302384,32.63139311978696,32.79536819458008,2855400
2018-10-10,32.05266410150879,32.81467536645322,31.261716910909715,31.30030059814453,4942500
2018-10-11,31.329223446941096,32.496351902061384,31.329223446941096,31.493202209472656,3868000
2018-10-12,32.351663613830226,32.64103374313441,31.406385895681456,32.071937561035156,2475100
2018-10-15,31.898314747544482,32.57351416894812,31.879022914985427,32.071937561035156,2609400
2018-10-16,32.50599742013235,33.40304747462409,32.264855011495676,33.364463806152344,2316500
2018-10-17,34.03967297443369,34.45443832970037,32.87254426754009,32.930416107177734,2627300
2018-10-18,31.435327809773966,32.07194368767088,30.866231518961452,31.62824249267578,3404800
2018-10-19,31.676471157636403,32.052652776402965,31.358161369731384,31.608951568603516,3068600
2018-10-22,31.830795734722017,31.94654305257683,30.9433934986003,31.145952224731445,2510100
2018-10-23,30.210322610275064,31.435326566791,29.71839184412054,31.059144973754883,4169900
2018-10-24,29.86307865404325,31.165250027631576,29.14929725797212,29.15894317626953,7696500
2018-10-25,30.33571890063761,32.07194368767088,30.171741972102296,31.62824249267578,7263100
2018-10-26,30.798711297483703,31.695761426889362,30.750481707866303,31.203828811645508,5828500
2018-10-29,31.7439854756562,32.64103550047342,30.82764361724128,31.28099250793457,4901600
2018-10-30,31.44498068642164,32.814672006676375,31.300297393419083,32.785736083984375,3441300
2018-10-31,33.499509525444836,33.69242422603498,33.075100127780004,33.22943115234375,2502000
2018-11-01,33.567013589287384,34.946348092990526,33.04614524253092,34.90776443481445,3791200
2018-11-02,34.93671543751184,35.15856602522733,34.1939963327906,34.83061218261719,2154500
2018-11-05,34.96565093826202,35.052462356738666,33.77923067210871,34.521949768066406,1525700
2018-11-06,34.435127500548155,35.01386765502856,34.30973245124601,34.90776443481445,1573400
2018-11-07,35.41901383241924,35.47688568119645,34.4544437710095,35.26468276977539,1499500
2018-11-08,35.04282703996655,35.62156752147395,35.03317928020082,35.44794464111328,1388500
2018-11-09,35.11033561421429,35.33218618510759,33.89497583335751,34.32903289794922,1386100
2018-11-12,33.76958397534257,33.76958397534257,32.467416336837516,32.833953857421875,2475300
2018-11-13,33.14261679150169,33.85639633718815,32.7374955881178,32.81466293334961,2435000
2018-11-14,33.33552921795542,33.99143688984933,33.16190638248107,33.65383529663086,3088400
2018-11-15,33.42234223067588,35.34183391068475,33.38375855883111,35.20679473876953,2248300
2018-11-16,34.348336087842874,35.31290602603765,34.10719360329418,35.119991302490234,1644800
2018-11-19,34.84991562494225,35.14892997427932,33.8371178464748,34.039676666259766,1761300
2018-11-20,32.66998204687416,34.22294020141742,31.91761868933583,34.030025482177734,2970700
2018-11-21,34.41584180578866,34.89812658033218,33.972140696298425,34.541236877441406,1306400
2018-11-23,34.058968581002134,35.04283043861901,34.058968581002134,34.589481353759766,315000
2018-11-26,35.19714887537968,35.44793537056785,34.656988535574264,35.322540283203125,1202400
2018-11-27,35.09047583978532,35.33221237157452,34.78105337418369,35.071136474609375,1806200
2018-11-28,35.274203615576,35.361228937606015,34.771391053692284,35.19684982299805,5100900
2018-11-29,35.18717525572414,35.32254714750426,34.181550218775556,34.200889587402344,2763700
2018-11-30,34.065512961234816,34.529646677950744,33.640057976396946,34.51030731201172,3284500
2018-12-03,35.42890891769084,35.90271418857248,34.22022614244971,34.771385192871094,4077800
2018-12-04,34.60701280727263,34.68436660179116,33.28229357329257,33.34998321533203,2914400
2018-12-06,32.32499958258291,32.70210786832952,31.744833556604387,32.692440032958984,3373200
2018-12-07,32.79881507206437,32.79881507206437,31.222695338314658,31.53211784362793,2759000
2018-12-10,31.435433623307347,32.0252716635075,31.290393840565333,31.78353500366211,1865200
2018-12-11,32.22831523854247,33.05021794695249,31.812528121034354,31.870542526245117,1697200
2018-12-12,32.489393071735606,32.9148517896097,31.99625209891742,32.257328033447266,2052100
2018-12-13,32.21864796115551,32.4313773112689,31.773853582379438,31.909225463867188,1818900
2018-12-14,31.396738323292297,32.03492254637753,31.135662456311117,31.435413360595703,1651800
2018-12-17,31.242034574785446,31.75451490544476,30.69087366466898,30.748889923095703,2786900
2018-12-18,31.000295615806927,32.160628071830004,30.81657532664143,30.90359878540039,2799000
2018-12-19,30.719881521317024,31.348394344386488,29.54987564867491,29.58855438232422,3957700
2018-12-20,29.665909387833867,30.30409372533561,28.902021012891893,29.675579071044922,4532700
2018-12-21,29.182435128901762,29.549873854745865,28.53458113403437,28.582927703857422,6730500
2018-12-24,28.37019940615642,28.892349353718892,27.935072912934885,27.983421325683594,1564500
2018-12-26,28.389542629448773,29.50153045354317,27.78036545615029,29.48219108581543,2139300
2018-12-27,28.853670440866964,29.94631867198261,28.689289537675773,29.897972106933594,2333700
2018-12-28,30.76823301516778,30.903604915984772,29.965667606617092,30.1590576171875,2745900
2018-12-31,30.565174404771856,30.71021598694524,29.88831122889102,30.342775344848633,2307400
2019-01-02,29.530537857993306,31.106657509516022,29.530537857993306,30.690872192382812,2411000
2019-01-03,29.907645151288317,30.178388896887427,28.60226746086702,28.621606826782227,4214200
2019-01-04,29.221115370492623,30.20740100025755,29.02772722469597,30.07202911376953,3446100
2019-01-07,30.178387114884536,30.69086921555529,29.636897811357265,30.120370864868164,2407500
2019-01-08,30.217071668406394,30.545833555702952,29.395166950165002,29.76260757446289,1889000
2019-01-09,29.984995884340368,31.3290520875669,29.984995884340368,30.845577239990234,2651100
2019-01-10,30.584508922210414,31.251702347760403,30.429797670532675,31.106658935546875,1589600
2019-01-11,30.85525418348788,31.580463859084063,30.845584499830167,31.26137351989746,1403900
2019-01-14,30.08170174468342,30.797241827267147,29.820625785762605,30.449140548706055,2764700
2019-01-15,30.48781722321489,30.922941947640275,30.410461593696798,30.73922348022461,2224400
2019-01-16,30.748886720405384,31.24203132073101,30.642523898418684,30.661861419677734,1639700
2019-01-17,30.410464371337635,31.242038847839506,30.31376936453214,31.048648834228516,2838300
2019-01-18,31.27104308340938,32.26699657912,31.242035875140484,31.81253433227539,2448500
2019-01-22,31.39674582679244,31.5031105041611,30.584508987300325,30.748889923095703,2152500
2019-01-23,31.145341349704704,31.377410098938352,30.468480004735323,30.874597549438477,4397800
2019-01-24,33.55302798147556,36.23146892742819,32.924511586481415,34.84873580932617,10477600
2019-01-25,34.636014202629454,35.71899296427629,34.326591699301794,35.535274505615234,3998100
2019-01-28,34.81973752102443,36.047759866264826,34.11386710625306,35.55461883544922,3644000
2019-01-29,35.54494394829516,35.72866610385,35.09048170087617,35.13882827758789,2010700
2019-01-30,35.602963263492434,35.970403898482346,34.955110998601725,35.680320739746094,2711600
2019-01-31,35.351562764289696,35.854375349891,34.72304611013609,34.8004035949707,3874500
2019-02-01,35.042128406054445,35.9027098478015,34.81972755632492,35.54493713378906,2990100
2019-02-04,35.54494110903852,35.70932388305664,35.23551861647071,35.70932388305664,1650300
2019-02-05,35.786682281481625,36.26048760922955,35.62230317485141,36.11544418334961,1694900
2019-02-06,36.31850406417605,37.633547923182945,36.31850406417605,37.22743225097656,2701400
2019-02-07,36.76330325095555,37.082393650784425,36.07677217951683,36.3958625793457,2275700
2019-02-08,36.009073106997555,36.61824647254691,35.81568315615052,36.299156188964844,1767300
2019-02-11,36.221807776887516,36.734291827877925,36.03808930644639,36.618255615234375,1421300
2019-02-12,36.95669438781104,37.67223269303092,36.801983103822316,37.62388610839844,1707600
2019-02-13,37.710902180252866,38.155696551472204,37.691562813425016,37.8559455871582,2877200
2019-02-14,37.81726164614087,38.57147840553752,37.71089698753743,38.2233772277832,1820800
2019-02-15,38.252386553423456,38.77453461008723,38.19436846330241,38.4554443359375,1742100
2019-02-19,38.67783994426272,39.46106753103229,38.59081465684388,39.04528045654297,2569900
2019-02-20,39.32569975218785,39.925209045410156,39.103302571259704,39.925209045410156,2340100
2019-02-21,39.973664549617894,39.973664549617894,39.55696908403413,39.828304290771484,1812200
2019-02-22,39.32439553957083,39.983351915877186,39.24686908549667,39.96397399902344,1578000
2019-02-25,40.40004442199279,41.175294119603464,40.283758446017,40.768287658691406,2211600
2019-02-26,40.51633149279177,40.8555004412176,40.089943447154404,40.186851501464844,1689200
2019-02-27,40.0318031098066,40.13839642667803,39.47944012754328,39.94458770751953,1204300
2019-02-28,39.489131570145396,39.750777793473716,39.30501179669121,39.56665802001953,1473600
2019-03-01,40.09963511069598,40.3515886523528,39.46005675469797,39.73139190673828,1521000
2019-03-04,39.867055519126964,40.16746490520752,38.849545103473766,39.38252639770508,1849300
2019-03-05,39.334083156053644,39.411605910818196,39.08212958223802,39.14996337890625,1182500
2019-03-06,39.101503077529024,39.23717435219087,38.67511873287027,38.70418930053711,1392000
2019-03-07,38.52977041708412,38.53946307374683,37.40566252746091,37.66730880737305,2503500
2019-03-08,37.09555907254858,37.62854421745926,36.82422386907762,37.55101776123047,2199600
2019-03-11,37.715754680188546,38.47162281659732,37.66730249499094,38.306880950927734,1230800
2019-03-12,38.355335608586024,38.55883699791959,37.92894752046086,38.36502456665039,1261900
2019-03-13,38.568530657137,38.568530657137,37.638235309647904,38.3844108581543,2189400
2019-03-14,38.403785628526855,38.597598048876456,37.987090218607776,38.05492401123047,1690500
2019-03-15,38.287496932349235,39.33408181086343,38.05492497934467,39.20810317993164,3890300
2019-03-18,39.18872623577694,39.66356654944164,38.83986826471521,39.14027404785156,2611400
2019-03-19,39.31470365967682,39.51820506063688,39.03367580311396,39.2856330871582,1535300
2019-03-20,39.305015982397464,39.305015982397464,37.9870957675047,38.35533905029297,3597000
2019-03-21,38.306876873780865,39.61510791486483,38.21966147104194,39.256553649902344,4585400
2019-03-22,39.08213421710367,39.46006647097955,38.36502924299847,38.3844108581543,3130500
2019-03-25,38.19059030086871,38.558833517373934,37.88049191749515,38.28749465942383,1204800
2019-03-26,38.219661793087134,38.95614824390261,38.219661793087134,38.56852340698242,1219300
2019-03-27,38.55882449277933,38.82047063563772,37.65760012182158,38.083984375,1510600
2019-03-28,38.151830090567195,38.48131011099449,37.80296845756598,38.006473541259766,1060400
2019-03-29,38.42316858797079,38.70419272583732,38.27780834344378,38.6072883605957,1160700
2019-04-01,38.888307435430484,40.60354092983116,38.888307435430484,40.48725128173828,2904800
2019-04-02,40.43880555798481,40.88457152342684,39.89613153701341,40.71983337402344,2232900
2019-04-03,41.378795676424524,42.37692467581516,40.98148186822067,42.250946044921875,2964600
2019-04-04,42.12498006308015,42.3963152980548,41.65983236169562,42.280029296875,1693500
2019-04-05,42.531974466894646,43.02619634289977,42.28970985617261,42.783931732177734,1576000
2019-04-08,42.75486423277482,42.99712888184464,42.280027590730484,42.938987731933594,1270400
2019-04-09,42.68702358996781,42.83238383479471,42.18311275700968,42.34785461425781,2599800
2019-04-10,42.31878198072237,42.706406850779345,41.7954932118096,42.5610466003418,2886000
2019-04-11,42.638567542271325,42.842068909250926,42.03775239833258,42.26063537597656,1536500
2019-04-12,42.88082413277428,42.97772847135806,42.464128822869604,42.774227142333984,1273600
2019-04-15,42.638577737742075,42.88084238397924,42.05714406543892,42.5804328918457,1364100
2019-04-16,43.10372630337807,43.811138641372075,42.63857861661482,43.73361587524414,1836400
2019-04-17,44.05340279249914,44.159999829297,43.1909412353749,43.462276458740234,2130200
2019-04-18,43.60764660768202,43.79176645144803,43.210332642012,43.423526763916016,1430600
2019-04-22,43.326608847057564,43.491350730290215,43.152178004418374,43.462276458740234,1701100
2019-04-23,43.258779343619494,43.501044016195024,42.987444093267875,43.2103271484375,3200600
2019-04-24,45.26471820952093,47.91993992436448,44.537924389727735,46.5051155090332,10154900
2019-04-25,46.960561941852966,47.367568329413295,46.059337472966355,46.66015625,3959400
2019-04-26,46.39851682987693,47.99746095819069,45.913987634024686,47.251285552978516,2745800
2019-04-29,47.26098121783571,47.74551044455537,47.00902394980929,47.58076858520508,2018300
2019-04-30,47.32881842939063,47.813347691077,46.92181192730834,47.48386764526367,1665400
2019-05-01,47.80364375904604,48.28817286896544,47.23189926147461,47.23189926147461,1748100
2019-05-02,47.17377129078797,47.91025417444929,46.853980189594,47.445106506347656,1744700
2019-05-03,47.72613526022749,47.9296366756603,47.4257257683992,47.90056610107422,1907500
2019-05-06,46.44698037717206,47.38696843010278,45.91399887063007,47.07686996459961,1913700
2019-05-07,46.54388427737036,46.640792357248145,45.53606612329827,46.631099700927734,2142300
2019-05-08,46.27254063436383,47.251288034861936,46.204706839114685,46.69892501831055,2212400
2019-05-09,45.87522519989023,46.68923441078385,45.19688357470148,46.48573303222656,2156400
2019-05-10,46.21440590082287,47.11563074521219,45.74925819027764,46.757080078125,1570800
2019-05-13,44.97399025153378,45.4294487817559,44.02431367312496,44.34410095214844,2008200
2019-05-14,44.935235757132496,45.41976494402271,44.46039922411211,44.79956817626953,1351600
2019-05-15,44.24721361817628,45.8364690621087,44.0824754376866,45.34225082397461,1103300
2019-05-16,45.30347241804208,45.96243231258307,44.71234630411586,45.516666412353516,1850100
2019-05-17,45.06121953124935,45.46822232035833,44.40225946602693,44.47978591918945,1363900
2019-05-20,42.74517018316931,43.60763163968789,42.45445337823767,42.47383499145508,2847300
2019-05-21,43.055268494497675,43.55917934690585,42.357545207061015,42.5610466003418,3962700
2019-05-22,42.14433707732904,42.551339692200315,41.814857185768076,42.15402603149414,2182700
2019-05-23,41.47570252501456,41.66951496184446,40.40004701244012,41.0008659362793,2309800
2019-05-24,41.223738518346046,41.56290742451599,40.555085965234106,40.593849182128906,2065600
2019-05-28,40.671549793307086,40.94346918212745,40.13742083471402,40.38020706176758,1804500
2019-05-29,39.93347567529444,41.14740675240378,39.739245962032214,41.09885025024414,2195800
2019-05-30,41.157123174041594,42.060288255384954,41.157123174041594,41.32221603393555,1508300
2019-05-31,40.80752062334425,41.691262582791296,40.76867392730541,40.92405700683594,2178500
2019-06-03,41.225102847205854,41.66211880480499,40.68126035501316,41.079429626464844,1700300
2019-06-04,41.65240032023987,43.09940771759384,41.30278759579873,43.0411376953125,2226900
2019-06-05,43.283935870744955,43.49758897358546,42.35163748409915,43.25480270385742,1901600
2019-06-06,43.44902652575709,43.856905624967254,43.19652676513978,43.594696044921875,1994900
2019-06-07,43.79863001973731,44.2065127716552,43.6044040189058,43.90545654296875,1743000
2019-06-10,44.34248049472692,45.867177846394036,44.34248049472692,45.55641174316406,2702900
2019-06-11,46.28477003241711,46.54697962402955,45.56612111044699,45.99342727661133,1614700
2019-06-12,45.31361110269584,45.40101427301062,44.099680239781115,44.138526916503906,1546400
2019-06-13,44.41045346634741,44.72121952142053,43.478155301128055,43.78892135620117,1617700
2019-06-14,43.11884017811211,43.13825981835641,42.2059614924119,42.75951385498047,1733300
2019-06-17,42.73038777102715,43.458746653487836,42.439044958967834,42.81779098510742,1694000
2019-06-18,42.8274968493242,44.546424097647346,42.8274968493242,44.497867584228516,1725400
2019-06-19,44.828043746923726,44.85717690539686,44.128818306581195,44.157955169677734,1357600
2019-06-20,45.04170780053001,45.15824416753853,44.27450233308995,44.86690139770508,1048000
2019-06-21,44.59496063769305,44.876593475857725,44.44929116267959,44.72121047973633,2304200
2019-06-24,44.604683893097224,45.06112316458728,44.604683893097224,44.896026611328125,987900
2019-06-25,45.09995808534349,45.51755059855599,44.119103578142514,44.138526916503906,1422900
2019-06-26,44.89603188903267,45.44958423013073,44.36190289204979,44.61439895629883,1296400
2019-06-27,44.92515591082469,45.62438133818524,44.92515591082469,45.30390548706055,1241200
2019-06-28,45.672937491370774,46.73148544218736,45.53697781588259,46.52754592895508,5009100
2019-07-01,47.97456910003199,48.333891747326746,46.984000660121865,47.421016693115234,2527700
2019-07-02,47.16851253164289,47.27533907478592,46.03227465557436,46.17794418334961,1474800
2019-07-03,46.284778256208575,46.333334773366275,45.59526608054472,45.93516540527344,1039900
2019-07-05,45.60496825217671,45.79919799285149,44.94458935665698,45.55641174316406,1370300
2019-07-08,45.284482146897936,45.63409486057821,44.973716113542885,45.30390548706055,1501800
2019-07-09,44.86689609739693,45.235932204723206,44.3910334560059,45.01256561279297,2416300
2019-07-10,45.49813962158154,46.119675504142236,44.42017183432357,44.594974517822266,2452600
2019-07-11,44.56584639012277,44.672672939892855,43.29364872735937,43.96373748779297,2171100
2019-07-12,43.96372812051435,45.01256263965979,43.92488143712506,44.9251594543457,1401800
2019-07-15,45.138816833496094,45.391316595097,44.76978071518461,45.138816833496094,1513500
2019-07-16,43.87632260213645,44.53670136614513,42.526431915438046,43.85689926147461,2547400
2019-07-17,44.148243912762545,44.42987680786743,43.50728846109629,43.78892135620117,1770900
2019-07-18,43.847190194102325,44.98342785759591,43.55584378381049,44.96400451660156,2360100
2019-07-19,44.954295339422224,45.23592823092096,44.45900939856258,44.63381576538086,1436400
2019-07-22,45.06112757494076,45.88659930815856,45.05141405076228,45.48843002319336,1815600
2019-07-23,45.7894871164486,46.83832176449512,45.65352370787627,46.702362060546875,2831200
2019-07-24,51.76202676479443,56.91880794940412,51.59693389618525,56.26813888549805,16165100
2019-07-25,55.49121629156025,56.03505874274677,54.14132553902217,54.2869987487793,5353700
2019-07-26,54.61718764659267,55.61746565024995,54.41324441387609,54.7240104675293,2406300
2019-07-29,54.69487592071163,56.345822854268405,54.57833957970277,55.92823028564453,3573900
2019-07-30,55.180452995535575,56.08361805011512,53.99565503046911,55.704872131347656,2914200
2019-07-31,55.69515609773093,55.69515609773093,53.46152366632724,54.12190246582031,3704000
2019-08-01,54.77257258296952,55.462084557012226,52.49037989764862,53.2187385559082,2621700
2019-08-02,52.73317631610081,53.179902157124125,51.63578135478315,51.927127838134766,2282500
2019-08-05,50.353863931824584,50.965686284656705,49.63521874689387,50.237327575683594,2792500
2019-08-06,51.13079000793064,51.43184261214828,49.26618952558906,49.7808952331543,4784800
2019-08-07,49.46040796841028,49.61579099767529,48.450416425875865,48.994258880615234,6208200
2019-08-08,49.8100139886631,51.11134807237935,49.489534450201205,50.88798522949219,3713700
2019-08-09,50.431554376450904,50.99481648560302,49.53809915226734,50.66462707519531,1865700
2019-08-12,50.26646216239214,51.577510098454376,49.8294498883288,50.74232482910156,2036200
2019-08-13,50.22761315089867,52.78172145551576,49.615790854164494,52.03394317626953,2051500
2019-08-14,50.74232638962748,51.34443525398953,49.78089120694726,49.810028076171875,2135700
2019-08-15,50.04309500486727,50.810300357209535,49.829445648174506,50.52866744995117,1596100
2019-08-16,50.79088105929528,51.878562385599906,50.79088105929528,51.42212677001953,1200100
2019-08-19,52.34471095551965,52.704033526856875,51.470679074295326,51.587215423583984,1344800
2019-08-20,51.868852810624574,52.08250588996194,51.159917425560835,51.528953552246094,1135500
2019-08-21,52.20874721638198,52.334997088312676,51.626061769142005,51.88827133178711,2005900
2019-08-22,52.39328296679685,52.461262832721786,51.15021462283053,52.1019401550293,881200
2019-08-23,51.558080240976224,52.24759219545069,50.24703617516569,50.48982238769531,1389800
2019-08-26,51.363856404334875,51.363856404334875,50.57723135673441,50.936553955078125,791100
2019-08-27,51.334727894374176,51.441554442527995,50.28588946299964,50.47040939331055,830100
2019-08-28,50.27618135960792,50.66463716978708,49.83916533160993,50.29560470581055,1363000
2019-08-29,51.05308970686298,51.60664203179499,51.00453320030515,51.13078308105469,1210300
2019-08-30,51.626071250962696,51.839724349682015,50.771462560709814,51.44155502319336,1475700
2019-09-03,51.28589328380374,51.51936264163053,50.478469453242134,50.789764404296875,1042600
2019-09-04,51.73338776941975,52.433803379260674,50.867598313327015,52.18087387084961,1407800
2019-09-05,52.80346544195008,54.60314366822167,52.774282694316945,54.39885330200195,2407800
2019-09-06,54.476671167936736,55.001982816250454,54.01945506170865,54.55449676513672,1631300
2019-09-09,54.99225581197361,56.39308695185823,53.698436729640086,55.838592529296875,2836400
2019-09-10,55.828870098813795,56.334725444981444,54.214025756056444,55.303558349609375,3042900
2019-09-11,55.751039849117994,56.500094554683365,55.03116788827306,56.17906951904297,1340600
2019-09-12,56.42228386771887,56.6168442094487,55.313294744067655,55.82887649536133,2251900
2019-09-13,56.033151347741,56.54873670105159,55.254913856147475,56.266624450683594,1734000
2019-09-16,55.527311331295735,56.490379268146086,55.109007896605625,56.363914489746094,1093700
2019-09-17,56.21798888445532,56.616835856237415,55.74131630309169,56.42227554321289,1935600
2019-09-18,56.208260484302464,56.99622810535575,55.97479107053592,56.90867614746094,2096700
2019-09-19,56.986499557402304,57.774463437079575,56.597378934920954,57.142147064208984,2016700
2019-09-20,57.404801592114275,57.6966439265158,56.04288677893473,56.626564025878906,2750400
2019-09-23,56.93786070876383,57.706371951309805,56.63629573047255,57.11296463012695,1487900
2019-09-24,57.30752006158569,57.69664067826105,56.51955248273624,56.56819534301758,3045500
2019-09-25,56.12069885620004,58.09548074156666,55.83859033908662,57.80363845825195,1584900
2019-09-26,58.10520261742276,58.12465901554273,57.31723519274223,57.60907745361328,1765900
2019-09-27,57.48261939660155,57.70636243457114,55.08953781387056,55.838592529296875,2119400
2019-09-30,56.32500952250769,56.5195661670214,55.91643240498263,56.33473587036133,1531700
2019-10-01,57.14214527864318,57.36588833075323,55.935874355387725,56.52928161621094,1773200
2019-10-02,56.01370460355663,56.44173434163759,55.42029729355905,55.78023147583008,1877400
2019-10-03,55.92614756903659,56.88921532004943,55.34246665815598,56.840576171875,1750500
2019-10-04,57.27832939237685,58.36786177308099,57.00594351400428,58.328948974609375,1993100
2019-10-07,58.0662960495683,58.46514297648809,57.4631624868691,57.755001068115234,1941300
2019-10-08,57.42424932374711,57.443705723831144,55.88723082639699,56.461181640625,2063600
2019-10-09,57.54098368640215,58.77643346214725,56.95730285762658,58.22193908691406,2844900
2019-10-10,58.48461001758599,59.05856093986585,57.920389152644375,58.25114059448242,2266100
2019-10-11,59.33094731733144,60.070272110497775,59.05856137380313,59.515777587890625,2428400
2019-10-14,59.33093852360643,59.80760736000479,58.883448722323685,58.97100067138672,1314600
2019-10-15,59.146112307535695,60.40102250464137,59.146112307535695,60.01190185546875,1779200
2019-10-16,59.97298441565825,60.138358256445066,58.57215324226866,58.620792388916016,2058100
2019-10-17,59.04883564030834,59.80761684524143,58.328963532629274,58.6694450378418,2747100
2019-10-18,58.69862938847674,58.69862938847674,57.005959295646626,57.32698440551758,2926100
2019-10-21,58.41651277131217,59.457406220640024,58.10521774221951,58.42624282836914,2642300
2019-10-22,58.41650855129355,58.82508556679291,57.278336879194505,57.540992736816406,3589500
2019-10-23,61.82130840156789,63.65989962703667,58.4067892618423,59.04883575439453,8601300
2019-10-24,59.729800114780225,61.55865772670817,59.55469617371245,61.39328384399414,2652600
2019-10-25,61.31544202223055,62.3660653910777,61.31544202223055,61.8893928527832,2219300
2019-10-28,62.59953702716034,63.27076988502921,62.103411781322976,62.31742477416992,2128800
2019-10-29,62.268787098819544,62.85246427422642,61.52945871831326,61.8893928527832,1290300
2019-10-30,61.889403461601795,61.9866854814646,60.760958007700594,61.06252670288086,1449800
2019-10-31,60.50802897867169,60.53721172762274,58.9029109896343,59.5546875,2186000
2019-11-01,59.836796469001584,60.790141665033644,59.836796469001584,60.6928596496582,1499700
2019-11-04,61.471092672782085,61.87966968528945,60.85823272041479,61.15979766845703,1705800
2019-11-05,61.53918960992856,61.74347997625084,60.829047633374785,60.88741683959961,1394600
2019-11-06,60.75122680234271,61.37381683595191,60.284284277135804,61.305721282958984,1489900
2019-11-07,61.957494449120624,62.54117539244747,60.59557966988333,60.86796188354492,1871000
2019-11-08,60.87769199670652,61.840759802148014,60.73177083300721,61.78239059448242,2121300
2019-11-11,61.32518300595046,62.5800932387178,61.28627019774147,62.32716369628906,1071500
2019-11-12,62.609254351646705,63.7668858747437,62.609254351646705,63.40694808959961,3378800
2019-11-13,62.901118681056005,64.0101077445167,62.34661672746633,63.87391662597656,2534000
2019-11-14,63.60152770765372,64.058743934588,63.2318671561487,63.78636169433594,2057400
2019-11-15,64.51597153343877,65.37203121396149,64.25331930457341,64.95372772216797,2873500
2019-11-18,64.73969063696525,64.92451715519546,63.251303904747964,63.33885955810547,2261900
2019-11-19,63.51398149667007,63.78636374568184,62.10342367256087,62.41472244262695,2523600
2019-11-20,62.22015228276899,62.92056795251849,61.57810582247511,62.11314392089844,2010400
2019-11-21,61.83103183029658,61.83103183029658,59.749241342789794,60.099449157714844,2243600
2019-11-22,60.53720341418207,61.06251508873763,59.807605103164555,60.2745475769043,1723700
2019-11-25,60.712312495727524,62.083957289259146,60.61503419698086,61.86021423339844,1829600
2019-11-26,61.85046951461615,62.36677817006207,61.47053754638047,62.02581787109375,10827500
2019-11-27,62.48368149759801,62.9025776991594,62.19142928437085,62.31807327270508,1186500
2019-11-29,62.055041766012906,62.405742172957886,60.90551323627083,60.97370529174805,712000
2019-12-02,60.95422334289712,61.49001967496878,60.35023495308117,60.92499923706055,1525700
2019-12-03,59.590391646186525,60.593796253183214,59.44426735939714,60.048255920410156,1602500
2019-12-04,60.603534783047344,61.53874357204817,60.603534783047344,61.08088302612305,1482200
2019-12-05,60.983456327788105,61.61667263182394,60.62301201063288,61.041908264160156,1196300
2019-12-06,60.72042771256795,62.337560678661355,60.72042771256795,62.288848876953125,1596400
2019-12-09,62.34731172844641,62.40575995483063,61.86022335556792,61.87970733642578,1593900
2019-12-10,62.259628712922215,62.61032918059223,61.93815235517746,62.415496826171875,1250900
2019-12-11,62.337573752455,63.925482943499865,62.24989769365646,63.867027282714844,1337000
2019-12-12,63.89622891679042,65.27956510553597,63.56501249584697,64.69506072998047,1751100
2019-12-13,64.6268819235903,65.63029021767579,64.48076135722816,64.96784973144531,1132400
2019-12-16,65.97125861100598,67.33510771104592,65.66926616064973,66.5557632446289,2022000
2019-12-17,66.88698669079068,67.21820325523076,66.18557816329448,66.75059509277344,1537900
2019-12-18,66.95516998534059,67.02336205920878,66.33169003977311,66.6336898803711,1227500
2019-12-19,66.72135108936183,67.00386318608614,66.29271845327789,66.78954315185547,2557400
2019-12-20,67.0428382489812,67.64683046109027,66.77981381786906,67.55915069580078,3613800
2019-12-23,67.92934477407562,67.99753684599413,67.20844866250454,67.28638458251953,1235300
2019-12-24,67.41302653817566,67.45199449914266,66.82852198842772,67.20845031738281,373500
2019-12-26,67.1889565340464,67.93906919269054,67.01360446116664,67.8319091796875,1663100
2019-12-27,68.03648911788432,68.09494476699159,67.22792820107165,67.35456848144531,624800
2019-12-30,67.37405474151473,67.5104388659002,66.27323046734686,66.98438262939453,755100
2019-12-31,66.66287735428888,66.90642140315997,66.12707747382267,66.4290771484375,1124800
2020-01-02,67.06231822757356,67.98779052118637,66.7700696867312,67.88063049316406,1100800
2020-01-03,66.37064738048274,67.13051135219568,65.72769470580555,66.46807098388672,1363400
2020-01-06,65.57180435484631,65.61077229871958,64.51969959976915,65.0262680053711,1717600
2020-01-07,65.347775029491,67.0915522199727,65.12371111752542,66.45833587646484,2096500
2020-01-08,66.62395775405571,67.09156593740933,66.24402935674712,66.53628540039062,1188100
2020-01-09,67.13052319568428,67.70528390880717,65.72770630180247,66.49730682373047,1783000
2020-01-10,66.76032389400666,67.101284231245,66.07840321952997,66.17581939697266,1200900
2020-01-13,68.01700889619734,68.01700889619734,66.97464024710119,67.48120880126953,1482300
2020-01-14,67.48120674505296,68.91324747115391,67.48120674505296,68.45538330078125,2231300
2020-01-15,68.4553764656195,68.4553764656195,66.86747151398802,67.36430358886719,1580300
2020-01-16,67.63706728640913,68.99117187855201,67.63706728640913,68.67943572998047,1609700
2020-01-17,68.72816440937433,68.89377265316129,68.23133224563558,68.4748764038086,1300500
2020-01-21,68.64048280637581,70.12123541047946,68.4359066108834,69.70233917236328,2956300
2020-01-22,70.65704172411814,71.884506566397,70.58884964579039,71.68966674804688,4299300
2020-01-23,77.00864630821218,79.46356753138686,73.01451717857232,74.24198150634766,16146800
2020-01-24,73.91078649278938,74.23225914469147,69.55621559670779,70.2381362915039,5662200
2020-01-27,68.68922906933987,68.68922906933987,67.25718755009558,67.69556427001953,3699400
2020-01-28,68.15338779128345,69.780260780253,67.23765949293742,69.31266021728516,2624800
2020-01-29,69.72181323803328,70.09199763997186,67.90984431627096,68.2215805053711,2232700
2020-01-30,67.91960370270324,68.83533221937067,66.56549862469176,67.07206726074219,2411900
2020-01-31,66.59472857758948,66.99413721235769,63.88651818407946,64.28592681884766,2952700
2020-02-03,64.66582766237174,66.12709228284538,64.59763561071135,66.04916381835938,2032900
2020-02-04,67.22794831889902,68.83534165137445,67.14026853518887,68.6502456665039,2006500
2020-02-05,69.89717236630685,69.97510827954517,68.38719563491983,69.4393081665039,1377200
2020-02-06,69.43930541144823,69.86794548487464,68.9035127520427,69.52698516845703,1119800
2020-02-07,68.86454715670196,69.16653952839465,67.42276249910331,67.65656280517578,1604700
2020-02-10,67.21819537521371,68.80610079320373,67.05258711240799,68.7281723022461,1182600
2020-02-11,69.54645990069032,71.15385261587018,69.36136398690314,70.53038024902344,1565700
2020-02-12,70.8908459064307,71.66044650766865,70.58885346213486,71.21232604980469,1502800
2020-02-13,70.84211072827775,71.69938330557066,70.24786251516662,70.70572662353516,2073800
2020-02-14,70.92005388197529,70.99798235524679,67.86114019285203,68.34822845458984,2040200
2020-02-18,66.16607745913609,66.54600576479221,64.99706843132927,65.64976501464844,4028300
2020-02-19,66.56547809061833,66.92591861757273,66.09787012803717,66.22451782226562,2210200
2020-02-20,66.20502391068936,66.89770746420099,64.63428816141368,66.23429107666016,1793300
2020-02-21,65.91233293418631,65.91233293418631,64.03916000467584,64.390380859375,2329800
2020-02-24,61.64890799897755,62.93671899257395,61.15134762095684,62.32208251953125,4037200
2020-02-25,63.12208518407826,63.20013592029013,59.69768914855712,60.12696075439453,2879500
2020-02-26,60.468409391605846,61.42450835838868,59.62938278031438,59.93182373046875,1956200
2020-02-27,58.07817313844723,58.731835023329204,56.17573297883413,56.98548889160156,4047300
2020-02-28,54.40987275616196,57.53183138807943,53.97084668388759,57.32695007324219,3646000
2020-03-02,57.96109279308606,59.20012013812499,56.17572526052115,59.01475524902344,2780300
2020-03-03,59.03427074437346,59.94159005243828,56.48792697060786,57.04402542114258,2071400
2020-03-04,58.13669814099361,60.975727882328286,58.11718546147169,60.94646072387695,2588600
2020-03-05,59.161098986320404,60.039151095427954,58.33183044456835,59.14158630371094,1637700
2020-03-06,57.229386248124584,58.25377786173325,55.85377380204129,57.4830436706543,1917000
2020-03-09,52.097662680396546,55.13181173221991,51.71717101740606,53.736690521240234,2483900
2020-03-10,55.49279625203152,57.7171898058025,53.73669588212477,57.57084655761719,2713900
2020-03-11,55.89279668185136,56.673285318404034,53.3366912798542,53.54157257080078,2534500
2020-03-12,49.56107939293817,51.76596417609017,48.39034447213446,48.61473846435547,3130200
2020-03-13,51.93181676664676,53.541577759386215,47.492783727018,53.200111389160156,2910500
2020-03-16,46.92693206366747,52.60499316457423,45.639124621502894,46.97571563720703,2791800
2020-03-17,48.34156526777751,50.87815825014987,46.23424387101019,50.45864486694336,2535400
2020-03-18,46.40985662551283,49.85376535551915,41.82448006576578,45.05375671386719,2665200
2020-03-19,44.653750133307454,48.8586381051734,44.45862703945889,45.85375213623047,2558500
2020-03-20,47.20986162928166,48.70254672071869,42.99521830620655,43.20985412597656,2663700
2020-03-23,43.52204427071988,46.22448948262894,42.263504118585864,44.848876953125,2652500
2020-03-24,47.151319711590325,51.6879123131078,46.66351381540584,51.53181457519531,3422600
2020-03-25,51.95132565297326,55.60011523308021,49.804979060067026,52.91718292236328,3288100
2020-03-26,53.629382160600464,56.13670420399975,53.38547920912844,56.1074333190918,2442300
2020-03-27,54.273282085878236,55.22938114355575,53.22937782281895,53.51230239868164,2156700
2020-03-30,53.63914580981436,54.72207569492452,52.42938904785774,53.89280700683594,1872100
2020-03-31,54.60499258057513,54.70255227002233,52.107425081092735,52.8488883972168,2192700
2020-04-01,51.112303532923015,52.62450113558401,50.17571706282296,50.86840057373047,1839600
2020-04-02,49.96107486070506,52.234251935261966,49.90254053987023,52.12693405151367,1387300
2020-04-03,51.424491869700994,52.70254453788906,50.624490572564426,51.57083511352539,1426500
2020-04-06,53.71718579426336,58.009875381091646,53.71718579426336,57.75621795654297,2591800
2020-04-07,60.06841307302929,60.63426965486447,57.49279873754183,57.746456146240234,2910600
2020-04-08,58.48792219000451,61.44402445162248,57.67816269218149,61.2489013671875,1912000
2020-04-09,62.05866493617608,63.30744680382115,58.96597370740294,59.658660888671875,2686600
2020-04-13,59.326957575533754,59.93183587676924,58.361100212407564,59.473297119140625,908200
2020-04-14,61.18062183336975,63.03428594650486,61.03428228022587,61.7659912109375,1557300
2020-04-15,59.43426812110848,60.31232021576139,57.78548554521981,59.60987854003906,1727400
2020-04-16,60.907441437540236,63.014758932731596,60.448902727214865,62.30256652832031,3100200
2020-04-17,63.78549392667844,64.81964744948452,61.707443566028864,62.27330017089844,2944400
2020-04-20,61.5708515819259,62.2537804785406,60.93670252328446,60.94646072387695,1362800
2020-04-21,59.97085051233182,60.946462181786835,58.76109040467581,59.44401931762695,3005200
2020-04-22,64.66354231897819,64.66354231897819,56.08791829994511,61.2489013671875,6689200
2020-04-23,58.95622546721756,61.02452158482909,58.95622546721756,59.70744705200195,2608600
2020-04-24,59.72695806787176,60.65378633903944,58.80988055591344,60.48793411254883,1564800
2020-04-27,61.11232553332514,63.522087987637434,60.93671510303804,62.195255279541016,1626700
2020-04-28,63.00501020088799,63.25866390313202,60.292806936302924,61.64890670776367,1755300
2020-04-29,61.55133284044824,65.8928049824276,61.55133284044824,65.67816925048828,2598200
2020-04-30,65.07329595988529,65.2391556021106,61.00499704810986,61.01475524902344,2207400
2020-05-01,59.24889930038409,59.57085295433568,55.32693973995484,56.43913650512695,3333200
2020-05-04,55.94158022664,57.736706070363596,55.65865191414261,57.15134048461914,2171100
2020-05-05,58.99525064062834,60.14647293853743,57.64890522547529,57.9903678894043,1709700
2020-05-06,58.946462515096975,60.175735453579556,58.37085513228528,59.024513244628906,1596600
2020-05-07,59.86353968862777,61.11232158177701,59.86353968862777,60.90744400024414,2482200
2020-05-08,61.56110193001616,64.10744927544683,61.56110193001616,63.502567291259766,2052600
2020-05-11,62.61477003291298,62.97574910394162,61.53184026315492,61.570865631103516,2790400
2020-05-12,61.8635496118063,62.36111003669242,59.795253453231524,59.80500793457031,1735800
2020-05-13,59.7074313569814,60.7025556471251,57.2098642922092,58.27328109741211,1718100
2020-05-14,57.49280290408044,60.04890474388515,55.93182553358831,59.89280700683594,2041000
2020-05-15,56.039137752285754,57.912314253302895,55.044013317630316,55.5025520324707,3275500
2020-05-18,57.083047801823774,59.483055785318484,56.09768146920121,59.170860290527344,2534100
2020-05-19,59.5025638652503,61.434274735438386,59.248902719318295,59.629390716552734,1562800
2020-05-20,61.20013258083733,62.28306235947676,60.9757422957885,61.980621337890625,2042400
2020-05-21,61.32695225391097,61.87329242579653,59.45377584864583,60.23426818847656,1530900
2020-05-22,60.439150149519584,61.26841866883493,59.609877908540675,61.21963882446289,850000
2020-05-26,63.32055748907909,64.35635429750839,61.6691394071652,63.36941146850586,1924500
2020-05-27,64.46385792478412,66.1445902617583,63.43782720935853,66.04686737060547,2647600
2020-05-28,66.10550516404732,66.6136299238134,62.744040359531006,63.0860481262207,2279900
2020-05-29,63.29123774404165,65.7146203317341,63.29123774404165,65.4898681640625,2464600
2020-06-01,65.31397720669595,66.3986354732438,64.98174330065129,65.62667846679688,1964000
2020-06-02,65.84164787775617,67.90347516881577,65.58758929261168,67.86438751220703,1344900
2020-06-03,69.6428384814021,71.8023887531312,69.00768453052616,70.66886901855469,2479200
2020-06-04,70.79590191265392,72.00759702601478,70.19982813492885,71.51901245117188,1996400
2020-06-05,74.17692256846672,76.24851664127321,73.4831258289481,75.00751495361328,2529900
2020-06-08,76.21918689805835,76.40485140565617,72.22256900972425,73.1899642944336,2851300
2020-06-09,71.97827146951128,73.9814634283249,70.84475186123184,73.15087127685547,2979700
2020-06-10,73.62968465558599,75.71105945335997,73.2485893316684,74.5384521484375,2280400
2020-06-11,72.31050009869405,72.76977068404594,69.14447488453357,69.19332885742188,2753200
2020-06-12,71.82191541718274,72.49616435574504,68.7145179621494,70.11186981201172,2548500
2020-06-15,68.82202078226821,72.96521572522883,68.46046552734236,72.86750030517578,2743200
2020-06-16,75.88693768501327,77.05953734171263,74.07916931939211,75.27131652832031,2604500
2020-06-17,75.7013003808799,76.97161588896579,75.32020498293319,76.62960815429688,2155700
2020-06-18,77.05955029059878,78.10512085433282,76.22895810626561,77.79242706298828,2025000
2020-06-19,78.59370871408971,80.89982831910368,78.20283959447224,80.8607406616211,4815200
2020-06-22,81.04641075872959,82.57079222960938,79.92266475805407,81.93563079833984,2598600
2020-06-23,83.05934446425641,83.46975355353625,81.59359132665189,81.82810974121094,1988100
2020-06-24,81.74996364795958,82.9225634878146,79.05297507004343,79.50247192382812,3000700
2020-06-25,79.61974212350545,82.89325714111328,78.7891424183379,82.89325714111328,2551800
2020-06-26,82.68803964575186,83.03004728891808,79.77607287992058,79.98127746582031,2395600
2020-06-29,79.9128734557477,81.43725459235806,78.74027372838701,80.93890380859375,1606900
2020-06-30,81.70110513789692,82.92256645444817,80.28421299278075,82.58055877685547,2337800
2020-07-01,82.76618471334571,82.85413377178321,80.91933649341789,81.01705932617188,1422400
2020-07-02,82.08218890914453,83.76292063678397,81.75972137775175,82.6489486694336,1609700
2020-07-06,84.93553854599136,87.53481199669294,84.23197558323879,86.11791229248047,1793600
2020-07-07,85.7758925120412,86.85077690702565,84.32968658575892,84.36876678466797,1994800
2020-07-08,85.46320972326636,86.43060505762034,84.64239124689541,85.74658966064453,1724300
2020-07-09,86.2644855483983,87.23188085416398,85.1407396106822,86.44037628173828,1440700
2020-07-10,86.47944926736244,86.82145689771735,83.91926401760661,85.38501739501953,2076700
2020-07-13,86.43058760948993,88.62921766976172,84.8280311841973,84.86711883544922,2280500
2020-07-14,81.61315781894011,84.66192801514276,81.0170915423088,84.63261413574219,2584600
2020-07-15,85.17982331836217,85.17982331836217,82.75644827718513,84.55443572998047,1590700
2020-07-16,83.21571306391071,84.55442978148125,82.93233316798508,84.13424682617188,1096600
2020-07-17,84.30035311361326,84.65213449479627,83.65542555158214,84.44692993164062,1031700
2020-07-20,84.96484435648311,87.80840981830936,84.44694596231882,87.69114685058594,1575300
2020-07-21,87.69115570290836,88.31654335014927,86.39152642501607,87.67161560058594,3341400
2020-07-22,87.20254616618314,88.16994869631547,84.51533182622894,87.44683837890625,3475300
2020-07-23,87.72045515683115,88.5803686217662,82.4535150049344,84.13424682617188,2763800
2020-07-24,82.25808614127423,83.03005054048484,80.8509604054769,81.6229248046875,2253100
2020-07-27,83.0495840705812,86.87031811005174,82.43397033747068,86.30355834960938,3006300
2020-07-28,85.34592861249433,86.03972509585658,84.2710443076794,85.0136947631836,2203300
2020-07-29,85.7465921477825,87.76933197203465,85.62932916695306,86.74330139160156,2317700
2020-07-30,85.70748344836986,86.72374000046494,84.26127764919356,86.5869369506836,1451100
2020-07-31,86.45014434603908,86.99735661128013,84.21242639680985,86.928955078125,2330700
2020-08-03,87.41755669331302,89.22531824203958,87.41755669331302,88.19929504394531,1746900
2020-08-04,88.1895018958871,88.32630495892116,86.45991605312346,87.4859390258789,1126400
2020-08-05,87.71068826079879,88.79534640681888,87.31004540722041,88.58036804199219,3476500
2020-08-06,88.92238657132526,90.1340741470366,87.48594682618588,88.78558349609375,1675000
2020-08-07,88.23836090671695,88.89306232687471,83.68474993144218,85.57068634033203,2315100
2020-08-10,85.74659640090533,86.41107174814636,84.11472564326652,85.11143493652344,1418400
2020-08-11,84.86714445290492,85.99089053618098,84.08541355751984,84.30038452148438,1525300
2020-08-12,85.27752838892926,87.87680129526333,84.38830854821991,87.60319519042969,1310000
2020-08-13,87.94519164592353,88.79533118237505,86.87030746129238,87.92565155029297,996800
2020-08-14,88.20904982761499,91.30668148617411,87.60320976758801,88.00384521484375,1314600
2020-08-17,88.92237601467086,90.3685893664096,88.21881316545785,89.8800048828125,929400
2020-08-18,90.36857867928703,90.53469559481498,87.98428429563698,89.1471176147461,1133100
2020-08-19,89.52823134116322,90.1731590395893,88.03315642734046,88.17973327636719,840800
2020-08-20,86.96805602811139,87.19280821724008,86.0104269623413,86.7042236328125,1181400
2020-08-21,86.5576350747724,86.5576350747724,85.52183082615375,85.99087524414062,1258300
2020-08-24,86.9387366050091,87.80841651344613,86.25471375727986,87.05599212646484,829900
2020-08-25,87.46639250262011,88.27743704384152,87.12438487015238,88.24812316894531,1157900
2020-08-26,88.16019157028839,88.29699463883344,87.0071318102601,87.81818389892578,830200
2020-08-27,87.92567440244795,88.2285944222922,82.84439086914062,82.84439086914062,2163000
2020-08-28,83.48932516190465,83.93882202567234,82.43398080947192,83.772705078125,2035200
2020-08-31,84.11471038535154,84.29060110581007,82.35580318076624,83.0300521850586,1611400
2020-09-01,84.03652079937463,85.121178815411,83.00072420774615,83.40135955810547,1373600
2020-09-02,84.66340889093777,86.61025429248645,83.76336058573425,86.45372772216797,1642400
2020-09-03,84.81016476056729,85.5341160696145,79.77183893721555,80.15338134765625,2570600
2020-09-04,77.54125273211993,79.85007684066204,73.82365256712461,76.89556121826172,4216300
2020-09-08,74.49869364706954,76.46510901642579,73.56928985751586,73.89213562011719,4308000
2020-09-09,75.81943808275615,76.48469280578234,74.69437396035033,75.2031021118164,2957400
2020-09-10,76.26947467448713,76.53362403649712,73.32474296084726,73.80412292480469,3245600
2020-09-11,74.3519309843243,74.93891842035788,72.47356820343678,73.29534912109375,1653300
2020-09-14,74.83135178101718,75.37921354584793,73.794339721801,75.1541976928711,1921000
2020-09-15,75.78028104999547,76.15203807300854,74.61608378010389,75.52591705322266,1447500
2020-09-16,75.83899475738625,76.71947997356918,74.44978889627153,74.6748046875,1868700
2020-09-17,73.37365362902315,76.0248874178107,72.59099833806529,75.95640563964844,1739700
2020-09-18,76.52383314016579,76.97385733647707,73.79433223005566,74.71395111083984,30212400
2020-09-21,73.34429479678862,75.3302735413742,72.88448543938152,75.25200653076172,1981900
2020-09-22,75.87812601018335,75.87812601018335,73.56930149583131,74.89981079101562,1784900
2020-09-23,75.19331930365021,76.37707999573148,73.50083044362833,73.77476501464844,2092600
2020-09-24,73.08993679327307,75.91726747605315,73.08993679327307,74.64546203613281,2206500
2020-09-25,74.68458055444484,76.40641743713877,73.77475456228724,76.03466033935547,1740600
2020-09-28,76.95429073038505,77.80542032694154,75.88792309384068,77.48257446289062,1831800
2020-09-29,77.79561148589511,78.9206753150227,77.7662632278751,78.12824249267578,1168500
2020-09-30,77.60975254845529,78.65654959403058,77.10102442569814,77.73693084716797,1804000
2020-10-01,79.08698632379294,79.87942660244995,78.6271845126606,79.53701782226562,1200800
2020-10-02,77.04232416657698,78.15760292882453,76.61186307800675,76.91514587402344,1033500
2020-10-05,77.7760704233567,79.5468188206308,77.75650740047163,79.46855926513672,1310400
2020-10-06,79.50768471586035,81.33713709600539,78.8228669607011,79.35115814208984,1169000
2020-10-07,80.56425835442683,81.51322532949476,80.06531549315291,80.50556182861328,1242900
2020-10-08,80.80882980851985,81.57191443044998,80.38815399592345,80.69143676757812,1137300
2020-10-09,83.50899704993513,84.95689955651018,82.77526055345417,84.23294830322266,1766600
2020-10-12,85.36778530025352,85.6319271165819,83.92966078125365,84.7514419555664,2069800
2020-10-13,85.11341574612007,86.71785195157445,84.26227890163614,85.72975158691406,1142600
2020-10-14,85.66128836676765,86.92331604492553,84.89820359949861,85.04495239257812,967100
2020-10-15,83.0198341069305,85.7102010896313,82.45240946104849,85.39714050292969,1096100
2020-10-16,86.27762110445684,86.41458463729003,84.49708771367257,84.71231079101562,1032300
2020-10-19,85.81780702362865,86.87438918770576,84.1840224978877,84.79057312011719,1468800
2020-10-20,85.77868646723142,86.95266185074685,85.62215243532086,86.03305053710938,2818000
2020-10-21,86.09173619812528,91.14962390841653,86.09173619812528,90.07347869873047,3533800
2020-10-22,90.73874297297043,90.73874297297043,87.46138825056487,88.9679946899414,2175600
2020-10-23,89.24192773079267,90.45503667909361,89.03648240225448,90.00501251220703,1166400
2020-10-26,88.61579236322538,89.63324106409678,86.39501268552982,87.64725494384766,1257600
2020-10-27,87.88205574371263,87.88205574371263,84.97645842080915,85.56344604492188,1474900
2020-10-28,83.88074153256083,84.98624246406692,83.15679038849709,83.6850814819336,1185900
2020-10-29,83.67528752716342,87.40266559033593,83.23504872711769,86.6200180053711,1615700
2020-10-30,84.9275357843452,86.23848196662058,84.22314768210197,85.94498443603516,1581500
2020-11-02,86.58089233809736,88.54730791500488,86.33631354618183,87.75486755371094,1842300
2020-11-03,88.70383068369566,89.72127931041707,87.36354373799556,87.88204956054688,1082400
2020-11-04,90.43546378297184,94.33893952694733,88.96799091309127,93.77151489257812,2561400
2020-11-05,95.26833347891126,98.17393087783486,94.93570988666079,97.16626739501953,1918000
2020-11-06,96.68689305893378,98.55547121067534,95.87488965115192,98.08588409423828,1506600
2020-11-09,102.66441272711019,103.3296674475311,99.08377505026874,99.32835388183594,2213900
2020-11-10,99.78816479212097,99.85664656743977,95.3661827344921,96.02165222167969,1975800
2020-11-11,97.47932510556588,99.46530375051898,97.3227985561465,98.98593139648438,1683400
2020-11-12,99.91533109100398,99.91533109100398,97.6456400709973,98.30111694335938,1274500
2020-11-13,99.98381664178001,100.96213190232172,98.80984131471122,100.07186889648438,1062500
2020-11-16,100.68819500859095,104.91451622359425,100.44361621729689,104.85581970214844,1763900
2020-11-17,104.4058134628691,104.4058134628691,102.60570937008498,103.6133804321289,1258400
2020-11-18,103.68186169168943,104.13188584666109,102.48831579791722,102.54701232910156,1186100
2020-11-19,102.53724002219674,104.31777384430839,102.24374986529423,104.16124725341797,1048100
2020-11-20,104.41559672230069,105.58957211323754,103.81882378378762,104.0242691040039,1376300
2020-11-23,104.04384022924918,106.29396861173436,104.04384022924918,105.97112274169922,1192200
2020-11-24,107.20491277570032,107.22449387096894,104.94291152345049,106.72509002685547,1664600
2020-11-25,107.22452110301585,107.7435061742057,105.95153293263054,106.088623046875,1373100
2020-11-27,107.35182609307432,108.52689392082922,106.80346558929962,107.1266098022461,849200
2020-11-30,107.65538394891645,108.34083454517459,105.79486558226428,108.04706573486328,1560400
2020-12-01,108.94794265837898,113.53068933373116,108.88918441952735,112.72772979736328,2175000
2020-12-02,112.12061436175287,112.56126007614438,110.5049009575662,111.59183502197266,1386100
2020-12-03,112.62000881904034,114.78408248011695,111.21972498294957,111.37639617919922,1700200
2020-12-04,112.44375240615673,113.86361738253902,111.63099860575986,113.61881256103516,1167700
2020-12-07,114.12802498972674,114.88202064670551,112.38500816798722,114.72534942626953,1341500
2020-12-08,114.48053595471322,116.48793110744231,114.11822211152963,116.2039566040039,1113700
2020-12-09,115.60662033080581,115.76329899419336,110.79865777856105,111.65057373046875,1555100
2020-12-10,111.64080555849061,113.72654018486851,109.94675271428333,113.2761001586914,1619700
2020-12-11,112.05204293839941,113.71671243531074,110.60279536994862,112.9725112915039,1171300
2020-12-14,114.19655080843832,115.75350581880407,113.42296670996448,114.74491119384766,1279400
2020-12-15,115.53808770266227,118.2505294550374,115.05827231844906,117.93717956542969,1536200
2020-12-16,116.96775513022543,118.32886950773361,116.12562584287993,117.2811050415039,1671800
2020-12-17,118.48553294821352,119.82706605209194,116.48792471936144,116.86981964111328,1611400
2020-12-18,116.86002890171225,118.57366269468619,116.36063243248645,118.08405303955078,2703600
2020-12-21,115.38140996776657,117.66299269132479,115.2247312963985,117.24192810058594,1319300
2020-12-22,117.24193131116873,117.6336130586143,115.6947630078672,116.10603332519531,1662100
2020-12-23,116.5956497394268,116.81107919552063,114.76450683348017,114.8232650756836,928400
2020-12-24,115.24431819511592,116.42917261447232,114.40218902584606,116.40958404541016,421400
2020-12-28,117.58464915239306,117.72173924951448,114.9897166497089,115.28348541259766,735300
2020-12-29,116.44875419512692,116.59563858030116,113.9811249134304,114.76449584960938,957200
2020-12-30,115.79266005824572,118.21133246156352,115.55764956307303,117.79026794433594,793000
2020-12-31,117.62383672468805,118.20157258324126,115.91020277895404,117.39861297607422,699700
2021-01-04,119.34724484468693,120.88461883719427,115.64579710927758,116.71315002441406,1391400
2021-01-05,116.08644770989353,118.9947226728696,115.9199747557702,118.96534729003906,1083200
2021-01-06,118.18199806097097,122.25554709673834,117.71196943680282,119.86625671386719,1662500
2021-01-07,121.78551213759877,128.0231420296808,121.67779741241371,127.21038818359375,2117800
2021-01-08,130.09906078553985,130.7061718954839,127.72935216416279,129.40380859375,1340800
2021-01-11,129.24717041175947,133.61448044766465,127.80771673821938,132.88006591796875,2108600
2021-01-12,133.5459278518457,136.63046255321285,133.22278370209386,134.2411651611328,1478900
2021-01-13,133.72220760512408,134.48599759166186,132.53736042110916,133.1934356689453,1452800
2021-01-14,135.33793832977662,136.65008891895224,133.83971869681722,135.51419067382812,1563000
2021-01-15,135.13224302082673,135.70019192217896,131.9693693424931,134.44679260253906,1733900
2021-01-19,136.3367102442388,138.62809495166195,136.14086935636297,137.70762634277344,1875000
2021-01-20,140.3025201695557,140.4200216875127,135.02452949030595,135.7295684814453,1955900
2021-01-21,137.85450125380603,138.4714142361945,135.86668713466742,137.3257293701172,1301600
2021-01-22,136.45419828344018,137.49216822032605,134.4761713623432,135.08328247070312,1357100
2021-01-25,137.5606857780108,138.84346032248885,134.80908268183475,137.19837951660156,1364200
2021-01-26,137.77618645134004,138.11891926742402,135.2008492184769,135.230224609375,1249800
2021-01-27,132.58627489316623,132.69398960380084,126.71095964044041,127.40621185302734,2360400
2021-01-28,121.13922444962587,121.42319895659095,117.12442662345713,117.44757080078125,4093700
2021-01-29,117.23213733363491,117.23213733363491,110.69095202474546,111.12181091308594,4974800
2021-02-01,114.0790327693358,115.46952219120283,111.63098485583073,115.10721588134766,3083000
2021-02-02,118.97514813045643,119.25912263154972,116.1452048754741,119.0828628540039,4276000
2021-02-03,120.90420579219654,121.4329851003152,117.51610797722908,118.06446838378906,2495600
2021-02-04,119.64100946377206,123.00952610822857,118.43656648701813,122.9115982055664,1882000
2021-02-05,124.58607187332427,125.48694434411797,122.21635554564331,123.49913787841797,1936200
2021-02-08,125.3106888869574,126.9459832449654,123.87123539102997,126.40740966796875,1594000
2021-02-09,125.5652997852619,126.96559130037002,124.07688958079804,125.60447692871094,2134100
2021-02-10,126.87743794108766,128.74773524302486,124.63501762296688,126.03530883789062,1816200
2021-02-11,126.40739834965748,132.5862688865095,126.40739834965748,132.23374938964844,1834600
2021-02-12,132.57649896485123,140.7921482034306,132.23376623695685,139.45062255859375,2391500
2021-02-16,142.7603753351695,144.82652865818963,139.81293061782642,140.65505981445312,2341500
2021-02-17,138.13846515585124,138.76516487086244,131.73436296830877,136.40524291992188,2169000
2021-02-18,133.2597204124156,135.0627749579167,131.78002726542678,133.7594757080078,1666200
2021-02-19,136.86580038955867,140.3837192599137,136.5914232324099,139.7271728515625,2081500
2021-02-22,137.16957372725,137.18917636769822,129.1832097982467,129.73196411132812,1928000
2021-02-23,124.3424161187538,129.2420306162261,122.06899529097541,127.17439270019531,3288900
2021-02-24,126.106230035233,131.7407844601794,123.6760189241561,131.4958038330078,2386800
2021-02-25,130.10436273397838,130.6139118570892,122.79413159542138,123.11750793457031,1736600
2021-02-26,124.40117970210053,127.252758254335,121.53980730606283,126.0278549194336,1925000
2021-03-01,128.8305031636681,131.6526867395524,127.87997647185824,131.30970764160156,2157900
2021-03-02,131.06465565739447,131.29984247845937,124.19539572361768,124.25419616699219,1698600
2021-03-03,124.10723260900652,126.08667351094152,119.02143053655016,119.05082702636719,1972800
2021-03-04,118.57064061475367,119.01160281663599,109.075187746687,111.6817855834961,3351400
2021-03-05,115.11152894458365,115.4643017397477,104.31277583658373,111.61320495605469,3451600
2021-03-08,110.55488516118467,111.37802416481303,101.96096587062593,102.10794830322266,3907800
2021-03-09,106.8115694985763,112.52452037705818,106.43920158075316,111.0644302368164,3146600
2021-03-10,114.85675930940158,114.89595712155725,105.97866045214272,106.72340393066406,2867700
2021-03-11,108.77143289623903,112.52453908686098,108.77143289623903,111.57401275634766,2136000
2021-03-12,108.80081812489668,111.28002140391011,107.84049804845411,110.56468200683594,1705100
2021-03-15,111.24084064395822,115.9934725329441,110.9664634372164,115.38591766357422,2493000
2021-03-16,117.2967438447448,117.5809223240313,113.7690236306579,114.99392700195312,2368500
2021-03-17,113.30847976374694,116.48343527336283,111.10365328684503,115.11154174804688,2543000
2021-03-18,113.05368253633259,113.7200302592742,109.89833030346841,110.1139144897461,2485500
2021-03-19,110.66267030553675,113.72982565111548,109.08499416763203,112.60292053222656,3196300
2021-03-22,115.11152252390887,116.32662459713289,112.808705638969,114.66075897216797,2148700
2021-03-23,114.11200655097704,115.82687144318453,109.64356099567173,110.84886932373047,2821000
2021-03-24,114.445197286617,115.5721101257077,109.63377222125928,109.7513656616211,2098300
2021-03-25,107.80128956700655,109.88852205708773,105.68465311829077,109.49655151367188,1481300
2021-03-26,110.19230948726579,116.75779635272883,109.86894066392045,116.63040161132812,2239400
2021-03-29,115.76806494944854,115.84646055823018,110.0943117286163,111.6033935546875,2448500
2021-03-30,111.32904150108725,114.31780934285636,110.92726952265798,113.6318588256836,1050500
2021-03-31,115.46431322733002,120.40312537477334,115.2585303223805,119.23701477050781,2316700
2021-04-01,121.60843325338251,126.3316614433618,121.60843325338251,126.22386932373047,2179600
2021-04-05,127.93871234552223,131.0842709643353,125.4301124881488,130.01614379882812,2013000
2021-04-06,129.56539199315586,132.11319721835997,127.615340265657,129.72218322753906,1991800
2021-04-07,128.93826522412283,130.71192339418903,127.84075629069795,129.13424682617188,1319700
2021-04-08,131.00591461037126,131.61346211503013,129.6046168772025,131.23129272460938,1497700
2021-04-09,130.07496700311142,131.37826621306533,128.73246250503644,130.38853454589844,1155600
2021-04-12,129.53603745204276,129.76141557917848,126.65506113518471,127.81136322021484,1612100
2021-04-13,129.10482952206632,129.34001637807626,124.66578041287246,126.41004180908203,1560700
2021-04-14,126.4198223794722,128.77164583531072,124.96954096745375,125.51829528808594,925900
2021-04-15,127.74272315961053,128.98722916934446,125.45950148523008,128.55606079101562,1612500
2021-04-16,128.90884901093986,129.7613770732741,126.7530218133236,126.88040161132812,1501400
2021-04-19,126.00826539226756,126.56682854827667,122.27476203135559,123.78384399414062,1524800
2021-04-20,123.0390796932554,124.42077415266394,120.2267066062131,121.77497863769531,1276100
2021-04-21,121.78480257441934,127.45856387530034,121.09885961512016,127.33116912841797,1515300
2021-04-22,127.17437588083268,127.5565451629945,122.88231684012902,123.78384399414062,1409200
2021-04-23,126.68441029111086,129.20281890332248,125.58690161003449,128.8892364501953,1257500
2021-04-26,128.820664375521,130.99607934518974,128.369893285675,130.7510986328125,1212700
2021-04-27,131.56442481718705,132.82853355520177,128.43848376231935,128.46788024902344,1776500
2021-04-28,135.92508508692723,136.48363325391148,128.50706302759855,129.74176025390625,2672700
2021-04-29,131.09410371792592,131.22149849851172,125.9593015810488,128.18373107910156,1216100
2021-04-30,125.43989955162438,125.99846266827127,121.9317819645428,122.56873321533203,1689000
2021-05-03,123.78383641298315,124.8519560543851,121.27523666807998,122.48053741455078,1061500
2021-05-04,119.88374725606762,120.67748977805277,117.24776010700256,120.52069854736328,1362200
2021-05-05,122.54913292061211,123.49965915481748,119.88374192710917,122.01997375488281,1160900
2021-05-06,121.35364734014887,123.60747298192891,119.18801864627035,123.41149139404297,1356800
2021-05-07,124.89115696857841,126.10626661468962,124.077826732371,125.5967025756836,1269800
2021-05-10,124.00920250078738,124.00920250078738,119.26637344026021,119.39376068115234,2448900
2021-05-11,113.99441169852815,119.7269581095839,113.33786527107316,119.0704116821289,1888200
2021-05-12,116.06204013445861,117.65931134980532,111.87776626558696,112.29913330078125,1920800
2021-05-13,114.06299983563524,116.37561792585736,113.57303850255795,114.8861312866211,1493200
2021-05-14,116.09143470176457,120.94204871011802,115.60147338875043,119.8935317993164,1139500
2021-05-17,118.29627111864683,118.46285618557755,115.14091878634959,117.45353698730469,1127300
2021-05-18,119.10962108650956,119.94255398354589,116.28743859612308,116.38542938232422,1100700
2021-05-19,113.67103841784274,120.51090246734852,112.70091699365199,119.95234680175781,1564000
2021-05-20,120.7460884430373,124.69517612531006,120.6676928248549,124.07782745361328,1178500
2021-05-21,123.96022686207968,124.38159394018524,121.20664634946964,122.37274932861328,1882800
2021-05-24,123.81324235427799,125.7338901151854,123.76425070077245,125.1263427734375,1266700
2021-05-25,126.11682752751447,127.86245574208137,125.31265398652296,126.04817199707031,1065400
2021-05-26,126.62679407210983,127.98015219418696,124.70464844206995,126.56795501708984,926600
2021-05-27,125.75398929896528,128.5980018734805,124.89098400475488,128.06842041015625,1601700
2021-05-28,128.47051012890708,130.3828544242543,128.09784279191166,129.79444885253906,1211800
2021-06-01,130.89277506369618,132.7364781729643,127.7251486281321,128.2547149658203,1090900
2021-06-02,127.72517973457886,129.50022775162358,126.85236549001498,128.4803009033203,803700
2021-06-03,126.51892641270855,127.13676646233337,124.47909504658321,125.8422622680664,1141000
2021-06-04,125.10672724417688,129.43156985711562,124.68502989352054,129.13735961914062,1039000
2021-06-07,128.81373593239903,129.14716719583203,127.6270935412774,128.27435302734375,711300
2021-06-08,129.2844614205666,129.9415224174698,122.78247705748801,124.33197021484375,1930200
2021-06-09,124.35161947807433,125.95995208956955,122.26274289842767,122.30197143554688,1245800
2021-06-10,122.27253377909062,125.73437871645551,121.79199736424627,125.40093994140625,1857800
2021-06-11,126.1854758447454,126.19527736505995,124.01815020505374,125.50880432128906,1497600
2021-06-14,125.52845303517958,129.0000927302044,125.21463220187479,128.94125366210938,1035200
2021-06-15,128.88238299815856,129.99056838946564,127.34270622521676,127.79381561279297,1098000
2021-06-16,128.72546329729693,129.65713148719476,124.70464017456995,125.80300903320312,1051900
2021-06-17,125.44997086588222,127.50942762225486,124.38102143819616,127.08772277832031,1379800
2021-06-18,125.16555326237238,126.82293044706942,121.14472282727256,122.44904327392578,2771000
2021-06-21,122.89036651313006,123.92990388920245,121.76257803511379,123.78279876708984,1589700
2021-06-22,123.61607520351201,124.2633272244469,122.1646495641407,123.5278091430664,1313700
2021-06-23,123.22380726222258,125.37151514398506,123.22380726222258,124.7438735961914,913400
2021-06-24,126.20513345383927,128.4607258587232,125.84228255434395,128.0880584716797,1339800
2021-06-25,128.91176794654484,130.13763111637533,125.87163626385522,127.0484619140625,2613200
2021-06-28,128.77449427259535,130.88298827000207,127.97033567464754,130.1866912841797,1388900
2021-06-29,129.7159955659246,132.57961133140984,129.4021672805341,131.7165985107422,1314400
2021-06-30,132.09906904138413,132.34424178086857,129.9023308726637,131.3733673095703,838700
2021-07-01,130.87318637052692,131.28507471744817,126.74448641609786,126.88178253173828,1262800
2021-07-02,128.36260260215877,128.47047917560513,125.48917860833737,126.04817199707031,928200
2021-07-06,126.18548617426602,126.49931441985945,122.16465530356516,124.02796936035156,1599800
2021-07-07,125.46958921410277,125.46958921410277,120.47786891797486,121.05648040771484,2780700
2021-07-08,118.05555266916446,121.29183521588246,116.84930720722404,120.44844055175781,1458300
2021-07-09,121.30165909699465,123.5278241346985,119.99733841201933,123.27284240722656,1251600
2021-07-12,123.64549937353988,124.81251635201576,122.72364761598864,124.62619018554688,1074600
2021-07-13,123.82201671364503,125.57745406141825,123.1257271760495,124.34178161621094,1038200
2021-07-14,125.66569653700014,128.3527942461756,123.48856214460537,123.83180236816406,1114500
2021-07-15,123.38070833345243,123.38070833345243,119.81099438588642,120.75245666503906,1528600
2021-07-16,121.24280134663955,122.39021527314607,117.32984713554374,117.57501983642578,1145600
2021-07-19,115.92743831101204,117.82998052479401,114.14258166621143,117.74171447753906,1422300
2021-07-20,119.04604990644827,122.23329485365394,117.49655672103141,121.38990020751953,1324600
2021-07-21,121.94891313229141,126.03839991237149,121.77238846925141,125.97956085205078,1210000
2021-07-22,125.26363976122148,126.67582943200546,123.60626990721525,124.27313995361328,1013200
2021-07-23,125.75397970147097,126.97004170578074,124.38101853866506,126.31298065185547,850000
2021-07-26,125.52842247315597,127.40154549364458,124.53792266959715,124.96942901611328,1153000
2021-07-27,124.05738894753719,124.45947577583931,118.43802724696957,121.07608795166016,2501200
2021-07-28,116.87872032963065,121.62525982387655,115.42729477165938,119.72272491455078,2342800
2021-07-29,121.91948009797005,124.84194197746983,121.48797375120546,123.22380065917969,2027600
2021-07-30,121.54681808923877,126.38161646862198,121.54681808923877,124.5477294921875,1148100
2021-08-02,125.15575747776134,127.76439100853584,124.33197334872743,124.56733703613281,1004400
2021-08-03,125.07729543769115,125.77358495166014,122.42942600209456,124.29273986816406,915300
2021-08-04,124.2241134274844,126.52874300811366,123.95933017890026,125.43036651611328,1052800
2021-08-05,125.82261525094911,126.09720743988301,123.59644325252258,124.13582611083984,912300
2021-08-06,123.67491521964769,125.26363698135928,123.22379835740098,124.42024230957031,673700
2021-08-09,124.8419493958811,125.16557169310792,123.17477044563552,123.50820922851562,650900
2021-08-10,123.68471134293718,124.2731242549396,117.86921530712637,120.11499786376953,1341600
2021-08-11,120.55632099445934,120.67400658464274,116.53549018915652,119.03624725341797,1354300
2021-08-12,117.78096165659953,117.8005796622417,115.80977108586812,116.35896301269531,1292600
2021-08-13,115.84900026697862,116.85911806508115,115.47634046052632,116.45703125,977700
2021-08-16,116.03533659318927,117.28081063249387,115.03503525691983,116.18244171142578,946600
2021-08-17,114.85852185095897,115.16253363820701,112.40679458069319,113.84840393066406,1087300
2021-08-18,113.81896717107008,115.33904084136303,111.63203096700673,111.80855560302734,1499400
2021-08-19,111.35744005934353,112.8578957421035,109.83736637119713,112.00469207763672,1433100
2021-08-20,112.17143008742664,113.20115859538319,109.99430242610765,111.36726379394531,1478300
2021-08-23,111.94584854854222,114.93695079174472,111.94584854854222,114.39757537841797,878300
2021-08-24,115.57439848895302,116.50605915118227,114.25046752902338,114.544677734375,976500
2021-08-25,114.81929210043502,116.45704410392416,114.65257644352175,115.78036499023438,959100
2021-08-26,115.57443017036343,116.50609108798076,114.4662520596396,114.89775848388672,613300
2021-08-27,115.28999912725837,120.40920590402949,115.28999912725837,120.23268127441406,1406400
2021-08-30,121.07606713348906,121.7135175544172,119.7619452497357,120.83089447021484,970800
2021-08-31,120.95851408411612,120.95851408411612,117.60182872338359,119.19184112548828,1812900
2021-09-01,120.09479322194348,120.26164427494902,117.38588602850335,117.45458984375,1251400
2021-09-02,118.2103605750348,119.36851616060397,118.13183977543386,118.63240051269531,821100
2021-09-03,118.34775100365434,120.16350117323209,118.13182258025994,119.6236801147461,761900
2021-09-07,119.89849869374886,120.35979145982843,117.84718623116423,117.9355239868164,1289400
2021-09-08,117.77849600963988,118.16127552261881,116.30626480951939,116.63015747070312,1271000
2021-09-09,116.581080045313,118.41646430297166,115.9333022114162,116.96385955810547,764400
2021-09-10,117.95516143445617,121.8811112142841,117.95516143445617,118.73053741455078,1318800
2021-09-13,119.68258707066963,120.75240484174103,117.89628013624868,120.05554962158203,990300
2021-09-14,120.54629336717191,120.94870683287016,118.70109957948986,120.05554962158203,1197000
2021-09-15,120.15370165990143,120.24203943146767,118.41647202609167,119.96722412109375,966000
2021-09-16,119.28016386112684,121.53758790169631,118.08274802159805,120.86035919189453,854400
2021-09-17,120.01628399275299,120.64443536067924,117.20922929126476,119.10350036621094,2418000
2021-09-20,116.14921382619731,116.14921382619731,112.54715691173298,114.32365417480469,1809900
2021-09-21,115.5014186840509,115.51123565313226,113.43048000893347,113.83289337158203,1823400
2021-09-22,114.80459186376517,116.33570993809008,114.0095894002742,116.11978149414062,2282600
2021-09-23,116.92458466226707,118.66182145551306,116.43384098998467,117.5232925415039,2490700
2021-09-24,116.66941207204599,117.87663740280536,116.23755521192146,117.12089538574219,1137200
2021-09-27,116.15903900378261,116.93441499316069,114.94199665414787,115.3640365600586,2108100
2021-09-28,113.1360502460805,113.41087301042073,108.267873600088,109.40640258789062,2404900
2021-09-29,110.21122261436422,110.5645586824493,107.07045839673621,107.14897918701172,1556000
2021-09-30,107.96361553777204,109.4652900830563,107.08027536755932,107.14897918701172,1494400
2021-10-01,107.6691659506286,107.95379819828928,105.98101389439839,107.44342803955078,1354300
2021-10-04,106.4226704262458,106.67785922617476,103.29172347867403,105.28414154052734,2350000
2021-10-05,106.20674630066094,108.2089814131425,105.28414578628056,107.45323944091797,2581800
2021-10-06,105.88287087021783,107.38455306456869,105.02898152097643,106.98213958740234,1642600
2021-10-07,110.27011603051088,110.9571617541089,109.13159445632623,109.36714935302734,1492100
2021-10-08,109.78916969000393,109.95602073341077,107.16860040301245,107.53174591064453,967300
2021-10-11,106.90359612003665,108.37582708657898,105.92210880900844,106.02025604248047,897300
2021-10-12,107.74769338219637,107.74769338219637,104.87193479226862,105.36267852783203,978100
2021-10-13,106.63860497801898,107.24712235916517,106.09878392556242,106.4619369506836,1181200
2021-10-14,109.31807314282743,110.69215711643253,108.35621960301253,110.63327026367188,1732400
2021-10-15,111.88956357478393,112.70419991375745,111.13382157174229,111.81104278564453,1428500
2021-10-18,110.79029693163776,113.71513272899115,110.47622125773411,113.63661193847656,1118000
2021-10-19,114.16662287244552,114.97144230298308,113.55809794178339,114.55921936035156,1107200
2021-10-20,114.33345174498957,114.89289919797226,112.92011514638548,114.7849349975586,884800
2021-10-21,114.10773381357693,115.63885184983208,113.85254497814938,115.3640365600586,749800
2021-10-22,115.36403971414077,118.57350049053579,113.76421781170271,113.97032928466797,1307200
2021-10-25,113.98013649062514,116.4829325189124,113.52865315579527,115.10884857177734,1159600
2021-10-26,116.39460744007535,116.65961327758875,112.9986613433004,113.01829528808594,1292500
2021-10-27,117.20922591308654,122.51907645022798,115.6486645094165,120.79165649414062,3406600
2021-10-28,127.59339451772769,135.78882238689155,126.01319880195562,134.47361755371094,5711700
2021-10-29,132.70689625376573,136.1715450113937,132.47133392479506,135.68080139160156,2347000
2021-11-01,135.62194714517344,137.23160115991624,134.0810194262406,137.02548217773438,2050400
2021-11-02,136.7703094482422,137.21197589363962,134.8367775876922,136.7703094482422,1571400
2021-11-03,137.61434109566346,139.06693810812436,136.03414594162362,137.72230529785156,1260000
2021-11-04,137.830262772378,142.05066141552356,136.64267145354353,141.9132537841797,1734100
2021-11-05,142.57086550850903,144.04309672391568,139.57734068489714,141.5501251220703,1676500
2021-11-08,142.08995589631445,142.51198835148043,139.74420126589916,141.2262420654297,1087300
2021-11-09,142.07026490399775,143.02230863721016,140.5391473468371,142.7278594970703,1075500
2021-11-10,140.5195562566761,142.73771249963676,138.89028349724776,139.3810272216797,1281700
2021-11-11,141.17716486000228,141.65809914846145,139.20438028628269,140.558837890625,717300
2021-11-12,141.34397726930976,143.650478359151,140.156386051712,143.48362731933594,1009800
2021-11-15,145.35829036381196,147.17403307343884,144.01364243791352,145.42698669433594,1361900
2021-11-16,145.53497574875516,148.71500086849707,144.8381279604677,148.440185546875,1247000
2021-11-17,149.54922395082812,150.88404735680317,148.10643633641723,148.8032989501953,1847900
2021-11-18,149.6081253025664,149.88295556766747,147.01699902517223,148.05738830566406,997800
2021-11-19,147.45867365943494,150.60923985430557,146.68329021990823,148.4696044921875,822700
2021-11-22,149.26460650689077,151.63980423233727,146.52624825732119,146.61459350585938,1078300
2021-11-23,145.09225652176733,147.82261804401267,143.0101142063017,146.43780517578125,879200
2021-11-24,145.0235046404965,148.2154752377623,143.9431393668858,148.13690185546875,983100
2021-11-26,145.70121316957716,148.69674335700338,142.82352059728635,143.73692321777344,911000
2021-11-29,146.85027931970487,152.1047444578567,143.89401418991258,151.69224548339844,1813000
2021-11-30,151.11280116975922,152.10476203345743,148.06814626213355,150.14047241210938,2158800
2021-12-01,152.9789097977016,155.39499324951444,149.41373340553304,149.6298065185547,1603800
2021-12-02,146.85029030604736,149.62976180539087,144.58153828362492,148.24493408203125,1683700
2021-12-03,150.31726531851749,152.23244468992914,146.40833319297718,147.87171936035156,1565300
2021-12-06,148.60835561410917,151.1815706849207,142.32263369062176,149.88514709472656,1926400
2021-12-07,151.5253414774731,157.02535991035506,151.5253414774731,156.26910400390625,1700200
2021-12-08,156.2690765452446,157.7815731060308,154.3047867338463,157.54586791992188,933100
2021-12-09,156.25927014612046,158.6556912755677,153.69587118440631,153.77444458007812,1059500
2021-12-10,156.6521031790641,157.08424930978646,152.01637829987357,156.90745544433594,1116100
2021-12-13,157.66371628052852,157.68336337429082,152.36995598037365,152.58602905273438,1520100
2021-12-14,151.14227022809837,153.51905896455239,149.30566415591593,153.15567016601562,1076300
2021-12-15,155.17890609108863,159.36283829061298,151.54497267989504,159.06820678710938,1482900
2021-12-16,159.7163837758371,160.11906674357283,153.36190567336703,155.47352600097656,2106900
2021-12-17,154.5110262561888,157.87977570770622,151.66279736048205,153.46994018554688,3282900
2021-12-20,152.32086945958505,155.296767708486,152.13425950563683,152.9298095703125,2367200
2021-12-21,154.77621942290608,157.6833750754545,153.23425964082605,157.49676513671875,1338800
2021-12-22,156.41636755932478,158.11548876774324,155.98423645765828,158.02708435058594,1013900
2021-12-23,158.24315907113996,161.17977730113807,158.24315907113996,159.83424377441406,2040000
2021-12-27,161.07177533152742,165.89411073848024,160.58070284576058,165.55035400390625,1019200
2021-12-28,165.49141087114327,165.89409386523712,161.5137211437377,161.67086791992188,1107100
2021-12-29,161.8378237580736,164.45033260049007,161.8378237580736,163.79229736328125,569700
2021-12-30,163.7922976614956,163.7922976614956,160.4235330982797,160.7967529296875,932300
2021-12-31,161.60211414536622,162.88873654408266,160.3842640689648,160.6101531982422,1062700
2022-01-03,161.91639248513258,164.15568143240603,159.9029926459038,163.14407348632812,1724800
2022-01-04,163.18336712585716,164.30301169858075,157.5654971683061,163.40927124023438,1357400
2022-01-05,161.27803362161504,163.77267527468678,157.37891685544818,157.38873291015625,1904500
2022-01-06,156.93694810706083,161.76911485364647,155.87624466022817,160.56106567382812,1540900
2022-01-07,159.6673025786993,161.01283628757753,154.05924864110426,155.44407653808594,1473500
2022-01-10,153.0182008739773,153.96105172399714,147.7931820457177,153.81373596191406,1635400
2022-01-11,152.88069600398708,157.9878470637515,151.12264804200214,157.67355346679688,1329800
2022-01-12,159.34320501246157,161.56284724518432,158.3414129488686,159.9914093017578,817600
2022-01-13,162.65304188293922,164.69590537968617,154.61908760311974,155.42445373535156,1172300
2022-01-14,154.39318833979698,161.76910675383877,153.91194688935707,161.63160705566406,1367200
2022-01-18,158.06641549157465,158.70480373408813,152.46819210239843,152.782470703125,1878000
2022-01-19,153.4601234015411,155.6404860337374,145.50474460986914,145.67172241210938,1696000
2022-01-20,147.67530277603376,150.11101784959692,142.69582110776108,142.88243103027344,1377700
2022-01-21,142.41102702111382,146.00568136885198,139.93601738981204,140.82977294921875,1785600
2022-01-24,136.25296049728027,144.98422823290065,135.1234998342991,144.8074493408203,2218200
2022-01-25,140.132415948499,141.24224439250474,135.57526457585692,135.82080078125,2198200
2022-01-26,140.99671429211045,145.2985135924894,137.41189153268886,140.8101043701172,2512400
2022-01-27,108.5466538930542,110.3930911490284,100.67967843315826,109.25379943847656,17003100
2022-01-28,105.97342044921389,110.1966383952721,103.61627154111383,110.11807250976562,6017200
2022-01-31,109.97075008670674,115.83415550871085,109.61717737329757,115.33325958251953,3923900
2022-02-01,116.22701372052904,117.04219571470973,112.08236889869609,114.79308319091797,2107200
2022-02-02,115.32344012204406,118.4270212734283,112.6127258807757,115.12701416015625,2579800
2022-02-03,111.93505055193656,114.58683866858583,109.72522462367196,109.86272430419922,2293300
2022-02-04,109.46985493196621,113.18236095575537,108.2028872821831,111.97432708740234,1720900
2022-02-07,112.11182579080445,114.22343852227387,111.56181963015227,112.19039916992188,1878500
2022-02-08,111.22790207381352,114.8225557508016,110.84486618930435,114.31183624267578,1669700
2022-02-09,115.76542696937514,119.71364633779737,114.9404213219433,119.20293426513672,1709800
2022-02-10,115.98147868738614,120.01809451410443,114.75379765719616,115.23505401611328,2215300
2022-02-11,115.24487052399873,116.5511249436359,109.83325791665112,111.07075500488281,1703100
2022-02-14,110.98236985533836,114.80291278453308,109.10646956460143,110.3046875,1496300
2022-02-15,112.1216643447399,116.39399312163023,112.02344386111069,115.9913101196289,2002800
2022-02-16,114.73416370990013,117.84756115747751,113.73237923690878,116.9832763671875,1151400
2022-02-17,115.18429627265994,116.3344662635816,113.85717647543512,114.03412628173828,1614400
2022-02-18,114.21108443276377,114.42735726739137,110.9178587693754,112.88396453857422,1517400
2022-02-22,111.70429103427492,115.23345461492228,110.61310178650606,111.88124084472656,1496700
2022-02-23,112.55952795582778,114.03410692468142,109.35477423015885,109.6300277709961,1528200
2022-02-24,105.29477768637324,115.52835262554473,105.29477768637324,115.40055847167969,2008000
2022-02-25,115.10564325966364,118.10395715663753,112.93309757533882,118.00565338134766,1738300
2022-02-28,117.39614883911328,117.5239504871327,113.33614398480515,115.92156982421875,1887000
2022-03-01,115.74463074467671,116.2853127668372,111.37004892936886,112.61852264404297,1715500
2022-03-02,113.2673440322159,116.13785638832879,112.87412141491744,115.31209564208984,1323700
2022-03-03,114.50600282291371,115.29244062727007,110.34768583827447,112.23514556884766,1333500
2022-03-04,110.86869092582114,111.83208594676597,108.17512841842874,109.85614776611328,1320300
2022-03-07,110.9473323550797,111.95987547287137,104.52799919074454,104.61647033691406,2315200
2022-03-08,105.58970627499556,109.83649412838312,103.57444500772208,105.72733306884766,1877100
2022-03-09,109.23682721699713,111.11445411992878,107.56563299700672,109.85614776611328,2146600
2022-03-10,107.74258172723248,108.8337708982462,105.7469858109039,108.09648132324219,1356700
2022-03-11,110.11173744183483,110.33783536773902,104.9703684080393,105.06867218017578,2030700
2022-03-14,105.85511801505044,110.04292473493366,102.55206025008579,103.78087615966797,2014300
2022-03-15,104.7344332909503,109.1286799648488,104.46900486764146,108.63715362548828,1523200
2022-03-16,110.3083403820508,114.9975058682242,110.07240983875114,114.77140045166016,2341300
2022-03-17,113.45412130832078,118.6151482381227,112.73648950184838,118.55615997314453,2140800
2022-03-18,116.96361249458329,121.71175129282565,116.60971292575697,120.86632537841797,4074600
2022-03-21,119.71616446975365,121.34803565899252,117.16022878188184,118.8904037475586,1256400
2022-03-22,119.31311882597737,120.57142518665391,118.12362586002227,118.94938659667969,1070900
2022-03-23,117.76972109486562,118.75277383355365,114.21106748077993,114.53547668457031,1289500
2022-03-24,116.0297113846733,120.62056578875487,115.18428544515157,120.6107406616211,1533100
2022-03-25,120.79752140030807,122.08532562611853,118.64464093901566,121.9378662109375,1260400
2022-03-28,118.88057888435038,121.19075153196344,118.01549509505936,120.87617492675781,2021700
2022-03-29,123.12736177587618,125.13279036469258,120.46328961870127,123.24533081054688,1427200
2022-03-30,122.36057025085906,122.74396020222777,118.45784984837027,118.97886657714844,1536600
2022-03-31,119.23446490166671,120.56158456911564,116.18700298009216,116.22632598876953,1659200
2022-04-01,117.54361580410887,117.79921161649762,112.81513452545148,114.3978500366211,1402900
2022-04-04,114.94835544067878,118.16293455156574,114.94835544067878,116.9242935180664,1077400
2022-04-05,115.99038225891702,116.1673320392549,109.51206877340157,110.013427734375,1951400
2022-04-06,108.1357999331193,111.05546773132906,107.22156059731722,109.31546020507812,1665600
2022-04-07,108.89274489323152,111.70427623109939,107.6442712572314,109.53173065185547,1284900
2022-04-08,108.83376553520338,109.08936134197029,106.67105255513675,106.81851196289062,1238000
2022-04-11,105.52086540821284,106.9856192228742,104.90154495308445,105.42256164550781,1428400
2022-04-12,107.43783834679793,109.45309202924392,105.34393864257228,106.34664916992188,1457100
2022-04-13,107.31985768645126,109.39409941054491,105.74697492176087,107.75240325927734,2537200
2022-04-14,108.30291390898118,108.5781674643303,104.2035859594669,104.2232437133789,1193100
2022-04-18,104.0462954042095,106.95613803086891,103.6039246839921,106.30731964111328,1426200
2022-04-19,106.77917558993215,111.05545287900385,105.49137159016357,110.70155334472656,1620700
2022-04-20,112.65783510781539,115.43004335261165,110.94732555254026,110.98664855957031,1727800
2022-04-21,112.8839464029332,114.59445604730263,109.04020664162753,109.31546020507812,1275700
2022-04-22,108.97138840243478,110.55410382195494,107.14290981218288,107.34934997558594,1613600
2022-04-25,106.75952612408868,110.79004086033852,106.16969597977604,110.66224670410156,1989900
2022-04-26,109.14833677655777,109.2368154169295,105.81578882445721,105.86494445800781,2395600
2022-04-27,108.59782797644915,113.52292387705492,103.79070109445487,104.51815795898438,3966200
2022-04-28,106.84800502618785,111.71411310352016,104.14460998320385,109.7873306274414,2679300
2022-04-29,107.79171448068965,110.16086724533127,103.45644910002572,103.67272186279297,1907100
2022-05-02,103.83003134065702,107.2608832451344,102.36527738279005,106.73003387451172,1731200
2022-05-03,106.23849547696496,108.99104579055496,105.03917009033069,107.48696899414062,1192800
2022-05-04,107.64429041684681,112.25481082651307,105.32428501881375,112.23514556884766,1992700
2022-05-05,109.90529532199653,111.79275471390672,105.04901256355343,106.67105102539062,2141900
2022-05-06,105.34392969864112,106.75952047000098,102.75849632785031,104.12493896484375,1325700
2022-05-09,102.52257764462479,103.436817050703,98.12833041863907,98.52155303955078,2099000
2022-05-10,101.71644162651373,102.6700037351373,98.16762156251018,100.72355651855469,1718500
2022-05-11,99.40628864658649,102.84697299006879,98.60018575754593,98.71814727783203,1661300
2022-05-12,97.5089796582032,100.50728527647875,96.96829778436735,100.13372802734375,1823300
2022-05-13,102.10968903703643,106.582574426584,101.44121288539914,105.53070831298828,1570100
2022-05-16,104.17409329798333,104.69511001635912,101.61815783985682,101.76560974121094,1212300
2022-05-17,104.41985943291671,107.01511797181745,103.16155317164325,106.67105102539062,1492900
2022-05-18,104.62630977347031,106.50393672087156,100.76291197059388,101.05783081054688,1555500
2022-05-19,100.66459890684658,103.75138381325911,100.28120895032444,100.44832611083984,1482600
2022-05-20,102.83714492523862,103.28934827328746,95.97543368723484,100.6351089477539,2132100
2022-05-23,100.73341329825253,102.59138233682842,99.88798736005326,101.14629364013672,1290200
2022-05-24,99.8964959959905,100.38854847305541,96.42260670921232,97.61337280273438,1736400
2022-05-25,96.57022192233596,99.8965016611282,96.40292587259651,98.63684844970703,1560500
2022-05-26,98.57779526822874,103.78371157802124,97.58385463194175,103.27198028564453,1539000
2022-05-27,104.58082621174869,107.69060135294431,104.58082621174869,107.66107940673828,1688700
2022-05-31,107.26742319125012,108.32041502683927,105.4173088703256,107.5232925415039,1948400
2022-06-01,107.68077237555403,108.6255123191266,103.66562198427636,104.94496154785156,1453900
2022-06-02,104.7382822922082,108.86168412679137,104.0494118820001,108.82231903076172,1091300
2022-06-03,106.69665866513824,106.9426849067613,105.18113611576518,105.72239685058594,1099000
2022-06-06,107.34617380726442,107.97600039843142,104.88591133922915,105.11225128173828,808100
2022-06-07,103.59671831624728,107.00172783785091,102.85863964981935,106.79505920410156,1046800
2022-06-08,106.20459464293091,106.45062085782362,103.0751408891708,103.43926239013672,1610600
2022-06-09,102.1008873553363,103.64593180824387,99.49300776704492,99.58158111572266,1436400
2022-06-10,97.97747006407484,98.69586986122772,95.29086820359775,95.42864227294922,2152900
2022-06-13,92.1122065249768,93.08646816144507,89.02211809567447,89.78971862792969,2939400
2022-06-14,90.59670344636157,91.21669439847513,88.25453626094723,89.4649887084961,1742200
2022-06-15,90.91160595041285,92.88965885798328,89.02212638611017,90.97065734863281,1756000
2022-06-16,88.53992572600934,88.62849156978322,84.2984356900021,85.56792449951172,2837100
2022-06-17,85.94188889667376,88.27421287212749,85.23333211644095,87.6443862915039,4165300
2022-06-21,89.4846764630751,91.75795682673402,89.32721604419562,89.92752075195312,1699000
2022-06-22,88.12661161613045,90.9313095510961,87.87074219683291,89.88815307617188,1541000
2022-06-23,90.2719460490946,91.20684270362568,89.37640698353097,90.47860717773438,1268200
2022-06-24,92.16141112256427,95.7041867126148,91.58078541720447,95.57625579833984,2756800
2022-06-27,96.54068240085883,97.41653509963001,94.86770719173104,96.40290832519531,1542300
2022-06-28,96.45213459207822,97.67242270801916,93.39156739574113,93.71632385253906,2352400
2022-06-29,91.76779043773534,91.98429473711906,87.11297052536145,88.81547546386719,2642700
2022-06-30,88.0675507697255,90.24242183039001,86.85710587345349,88.12660217285156,2458000
2022-07-01,87.27042239789621,87.68374465188883,82.88131546671997,84.43620300292969,1965300
2022-07-05,81.65117141036325,85.64663424880028,81.65117141036325,85.43013000488281,1686200
2022-07-06,85.80409794128086,87.97896859828843,85.31204555259706,86.59137725830078,1434700
2022-07-07,88.56943345324565,90.39986901192931,88.41197307876263,90.06526947021484,1766900
2022-07-08,88.86465834237532,90.96079867236728,88.42180671787128,90.61636352539062,1056800
2022-07-11,89.24846216835995,89.73067139352196,87.64436662087196,88.51038360595703,1333500
2022-07-12,89.51417850134406,89.81924860989994,87.7034291358037,88.24468231201172,1023400
2022-07-13,86.66027306744311,90.19321348015579,86.05996849181331,88.59896087646484,1282600
2022-07-14,88.56943753160583,90.94113385162959,86.62090660233584,90.44908142089844,1196700
2022-07-15,91.32493763866648,92.27951308395777,89.57322461146427,92.25983428955078,1100900
2022-07-18,93.34234535866545,94.90707600519755,91.07890866397581,91.80714416503906,1489000
2022-07-19,93.27345423770942,97.85938633227977,93.17504525670178,97.65272521972656,1815400
2022-07-20,97.55430523964311,101.15613237899893,97.25907830718484,100.17202758789062,2154900
2022-07-21,101.06757230649337,101.19551075132577,98.87302253888423,101.13645935058594,1072600
2022-07-22,100.54597734837162,100.88057685708924,97.20001980181118,98.8631591796875,1610400
2022-07-25,98.17430382250133,98.70572135267554,96.84576375112793,98.50889587402344,1639400
2022-07-26,97.75114895582834,98.99111581831498,95.99944330185902,96.58990478515625,2045400
2022-07-27,89.74052433060395,97.26892048167922,87.87072360030042,96.38323211669922,5071300
2022-07-28,95.35975641724495,97.5149408191017,91.99411981040807,97.37716674804688,2688600
2022-07-29,97.32797971433058,99.57173776808591,96.17657874066006,99.28634643554688,1680800
2022-08-01,98.31206795539856,99.9063128764769,97.42637216139751,98.7057113647461,1431600
2022-08-02,98.25303617999086,99.59141953410733,97.20004416692682,97.36734771728516,1265000
2022-08-03,97.78066856611416,100.68377516932674,97.41654703119218,99.80792236328125,1481200
2022-08-04,100.0244052048311,101.08724012631946,99.3748999804482,100.09329223632812,1327100
2022-08-05,98.6958798534178,100.50662923857475,97.12131353847164,99.14856719970703,1668500
2022-08-08,98.57778270260727,99.88664397736393,96.28481656107854,98.15461730957031,1775600
2022-08-09,96.02896806709073,96.59975077121115,89.65196433926766,91.3544692993164,3039200
2022-08-10,94.19851387581586,97.72161090733901,93.25377415656992,97.54447174072266,2157000
2022-08-11,98.43016052678777,101.22502211225824,97.98731636223427,98.31207275390625,1150700
2022-08-12,98.69586089258637,103.57701928524402,98.53840053727984,102.68148040771484,1987800
2022-08-15,102.33707512491682,102.93737976546093,100.29014246555144,101.264404296875,815500
2022-08-16,100.8412382665173,101.29392565528562,99.3257156998798,99.96538543701172,834300
2022-08-17,98.69586317939027,99.50282874872634,97.04256695097942,98.8631591796875,1329400
2022-08-18,98.80411691479307,99.97519644414643,98.41047351909205,99.32569122314453,1608800
2022-08-19,97.73145939020301,98.77461573427763,95.08422220167255,95.31056213378906,1741300
2022-08-22,93.0963303131489,93.41124360881467,90.2522675000072,90.95098114013672,1899300
2022-08-23,91.18716193352353,93.06679835316653,91.02970154856682,91.5020751953125,885200
2022-08-24,91.7481075346046,92.07285646101832,90.39988105396311,91.09859466552734,1209900
2022-08-25,91.28556653727425,94.86770753368553,91.22651514168845,94.79882049560547,1347100
2022-08-26,94.84801598841437,94.91690302268574,88.46117806882978,88.72689056396484,2249900
2022-08-29,88.01834901532892,89.22879389769373,86.1288618076285,86.23711395263672,1251400
2022-08-30,87.01554837043851,87.30129844846107,83.7047986963627,84.46351623535156,2527800
2022-08-31,85.37986147022909,85.37986147022909,82.59134260074264,83.39932250976562,2072300
2022-09-01,81.71439212237479,81.85233936680416,79.23133420508518,81.56658935546875,2502200
2022-09-02,83.19240117484874,84.02008460579286,81.04435593863005,81.8227767944336,1353600
2022-09-06,81.49762318182698,82.88695879313832,80.66008411622623,81.70454406738281,1349700
2022-09-07,81.5370204673637,84.3058280619051,81.33995514697418,83.77374267578125,1715300
2022-09-08,82.65045278819761,85.17293245981855,81.85232847766802,84.87732696533203,1400000
2022-09-09,86.21741104506908,88.69062116967919,86.0794637888019,87.53776550292969,1804600
2022-09-12,87.53776504768021,87.58703514647439,85.44884516789136,86.09916687011719,1902900
2022-09-13,82.70959015411155,83.67522087391188,81.72424838917836,81.94102478027344,2477400
2022-09-14,82.66032930423465,82.8869612432445,81.05422475407593,82.41399383544922,1372900
2022-09-15,81.91145628593648,82.98548269358326,80.206819282531,81.14289093017578,1810400
2022-09-16,80.32505304246196,81.2512766572224,79.2411786629367,80.89655303955078,3571000
2022-09-19,80.04916083792243,81.83263449893496,79.72400377712866,81.28083801269531,1534800
2022-09-20,80.21668135237857,80.571397492208,78.58101031912464,79.655029296875,1674800
2022-09-21,79.85210045642333,83.35005933949242,79.73385673397937,79.78312683105469,1782600
2022-09-22,79.40867587333852,79.92105771477047,77.66462455043167,78.62040710449219,1955800
2022-09-23,77.94054352947153,78.57116175007805,76.17678060955065,78.02922821044922,1909800
2022-09-26,78.03907534313265,79.26090470974448,76.01912896203073,76.0782470703125,1427100
2022-09-27,77.91096571670802,78.53172826384485,76.06837408345373,77.22122955322266,1570700
2022-09-28,76.75812032957295,78.11788917626734,76.39354119236995,77.792724609375,1619100
2022-09-29,76.5216488903157,76.92563512495884,75.06333969774201,76.03882598876953,1601000
2022-09-30,74.55096545729522,76.0486817108988,73.91049177295073,74.0484390258789,1744800
2022-10-03,75.05347199212716,78.56129339282978,74.36373584124867,77.53653717041016,2160200
2022-10-04,79.65501920128447,81.02465107668687,79.260888536413,80.47285461425781,1493800
2022-10-05,78.82734293175439,81.62570999740227,78.07848106898557,80.7487564086914,1193800
2022-10-06,80.56154115683847,81.98042812213258,79.81267934449167,80.80787658691406,1216200
2022-10-07,78.47260899085423,78.98499086251587,75.52643954026061,76.19647216796875,2321800
2022-10-10,76.4723511766416,76.4723511766416,73.65427400462515,74.99433898925781,1701400
2022-10-11,73.75281763622995,74.80713285295606,71.7919899470507,72.93498229980469,1761600
2022-10-12,72.79705049937992,73.07295252200372,70.88549249249303,70.94461059570312,1928300
2022-10-13,67.99843489463441,74.73816871964483,66.8160203080559,74.00901794433594,3403800
2022-10-14,74.95493196316883,76.0092471287783,70.15631587279256,70.3238296508789,2410300
2022-10-17,72.47189794969975,72.8660286858483,70.07751689154384,70.46179962158203,2107000
2022-10-18,72.99410469097259,73.4276498661565,70.06763905007354,71.7131576538086,1717100
2022-10-19,71.48654485625482,73.18132630140286,71.12196571321049,72.10730743408203,1524300
2022-10-20,72.47186674799174,74.4918122125617,72.09743218527127,72.86599731445312,1455900
2022-10-21,73.09264233536041,76.30485815061674,72.6492416093621,76.13734436035156,2158500
2022-10-24,76.7975293648327,77.12268639072929,75.50672671226354,76.3245620727539,2094900
2022-10-25,77.00447007763941,79.07368653965058,76.96505549999819,78.48248291015625,2186600
2022-10-26,78.48247769330827,83.95112029957446,77.51683939919074,81.04436492919922,4210700
2022-10-27,81.96072637143054,83.05445630607066,78.62041846863045,78.68939208984375,2147500
2022-10-28,78.74850498274306,82.41397722218288,78.74850498274306,82.12822723388672,1665100
2022-10-31,81.24140591474448,81.62568850896726,79.43823663322189,80.15753173828125,1499000
2022-11-01,82.05925316168276,82.35485867001992,80.4728524698981,81.0147933959961,1220700
2022-11-02,81.0443429491489,82.52235528256801,78.01934467412012,78.2755355834961,1959700
2022-11-03,76.94533216305895,79.73385106592013,76.14720776659229,78.916015625,1359100
2022-11-04,81.53702507650107,83.58653760167175,80.11813063329666,83.4781494140625,2344900
2022-11-07,84.51276485135108,84.65071962272827,82.0592658169876,84.28614044189453,1737500
2022-11-08,85.33058778935377,85.9316468141841,83.49785166734004,85.18278503417969,2087300
2022-11-09,83.67523432856744,84.53248450822383,82.87710977625575,83.13330078125,1639700
2022-11-10,88.68074013218397,92.0506064529927,87.40964862151553,91.96192932128906,2472700
2022-11-11,91.92252584122102,95.46975437073294,91.29190777008826,94.89825439453125,1716400
2022-11-14,93.43995900699036,94.99680076038125,92.66153813029493,92.76007080078125,1254600
2022-11-15,95.95256938312615,96.30729298671008,93.37097901183908,95.17414855957031,1581800
2022-11-16,92.21812502075613,93.26259232253524,89.69565270374792,90.1390609741211,2188800
2022-11-17,87.50819244470853,91.54809935827659,87.2618570240061,91.15396118164062,1346500
2022-11-18,92.7009573969509,92.85860817420124,90.02082652564361,91.53825378417969,1507500
2022-11-21,90.28685543693483,90.45436923588976,89.2719547092899,89.7646255493164,1014400
2022-11-22,90.83865926110215,91.65648720856551,89.32123204857675,91.56781005859375,1401900
2022-11-23,91.76487850457963,94.15925936302385,91.27220760792494,92.65168762207031,883000
2022-11-25,91.82303376194795,92.43465636033469,91.32978584641498,91.33964538574219,530300
2022-11-28,90.03747169118115,91.00424092261044,88.49854059458549,89.00165557861328,1306600
2022-11-29,88.92274863161511,89.64289402154613,87.66990202612291,87.98558044433594,1099900
2022-11-30,88.4590882742505,92.21764288707226,86.67353304863131,92.18804168701172,2426400
2022-12-01,93.09560650591918,93.33236337820357,89.18908424458313,91.04369354248047,1552900
2022-12-02,88.89313700699226,91.55667265245737,88.7846218670455,91.41856384277344,1177200
2022-12-05,90.90559248966359,92.53331211891121,90.42221163901728,92.12884521484375,1617000
2022-12-06,92.09925111347874,92.16830552039107,88.2913766149054,89.16935729980469,1333600
2022-12-07,88.27164194285925,90.23476635398622,87.83758140972688,90.12625122070312,1444600
2022-12-08,90.92532672244806,93.84535372907227,90.45181289778822,93.50994873046875,1619900
2022-12-09,91.92167729821224,93.5592563831637,91.10288399255374,91.16207885742188,2039300
2022-12-12,90.62937498266261,93.56912835333418,90.18544734152547,93.31263732910156,1210200
2022-12-13,97.43618588220117,97.81105909933478,94.022911351422,95.20671081542969,1553800
2022-12-14,94.49643064559825,95.95644016941596,91.88221535164732,92.87857818603516,1462900
2022-12-15,91.05357637620175,91.26073961612322,87.10759269838354,87.32461547851562,2566800
2022-12-16,86.82150800439403,88.30125188401587,86.01258165125543,87.81786346435547,3091200
2022-12-19,88.21246028468713,88.29138176186363,85.38122190986829,87.20623779296875,1323600
2022-12-20,85.74621522287342,88.50840654084917,85.42066979459858,86.6044692993164,1314300
2022-12-21,87.46272515667171,88.80435258048472,87.12731265594397,88.53800201416016,1543600
2022-12-22,86.4268948360732,86.4268948360732,82.6190205695067,84.94715118408203,2146800
2022-12-23,84.29606418013005,85.44040293545599,83.23065442250937,85.39107513427734,858600
2022-12-27,84.47362579301131,84.8682255862792,82.8755075435057,83.6153793334961,1156000
2022-12-28,82.87552713771146,84.24675591058315,82.18497545463472,83.1024169921875,990300
2022-12-29,84.89781311857193,86.93985881032363,84.09875405156264,86.30850219726562,1137300
2022-12-30,84.68079932981888,86.27892530080653,84.19741847539086,86.17041015625,677400
2023-01-03,87.65014270564313,87.95596149498816,84.39471136444443,84.76957702636719,1033200
2023-01-04,86.0618790280101,86.6932356465182,84.59200260614259,86.23944854736328,2025400
2023-01-05,85.66729443718117,87.22595965805,84.78931374882113,85.94351959228516,998700
2023-01-06,87.08786167137576,90.560331646473,86.54529341214402,90.00788879394531,1444500
2023-01-09,91.68492811453677,94.53590056268172,91.1226257724617,91.95127868652344,1654500
2023-01-10,92.17816793426309,94.16101902969464,91.55667077705023,93.50006866455078,1160400
2023-01-11,93.80589677947296,95.0587508575048,92.48399581198967,95.03901672363281,870000
2023-01-12,95.75913901134125,95.75913901134125,92.70100379189573,94.8416976928711,1165700
2023-01-13,94.210356354728,96.91335295322979,93.98345899117305,96.12416076660156,1464500
2023-01-17,96.03536442145911,96.52861232041509,94.1708879655147,95.33495330810547,1668200
2023-01-18,95.99590284213902,97.11064790084991,94.5161591582847,94.61481475830078,1326800
2023-01-19,93.5592396261854,93.96370643715237,91.34949157693512,92.58261108398438,1542600
2023-01-20,94.11168808257615,96.2326552706709,93.17451268365005,96.21292114257812,1421100
2023-01-23,96.8147068242475,103.05922766469851,96.57794991611831,102.10232543945312,2617700
2023-01-24,100.62256942641866,101.8458220846124,100.47459355434201,101.62879180908203,1193300
2023-01-25,99.1822970292844,102.1911049581102,98.89621231990823,102.04313659667969,1501200
2023-01-26,98.3634896615409,103.55245937869498,96.93307384429819,102.27001190185547,3941600
2023-01-27,100.18851951884338,102.81260218158356,97.98863791342502,102.04313659667969,2593000
2023-01-30,100.70148646809876,101.20459387413057,98.66930013540508,98.81727600097656,2067200
2023-01-31,98.64958962558352,100.34636377136218,97.67296079567282,100.32662963867188,1973300
2023-02-01,100.80999901445476,107.30113506628936,100.55350802246971,106.53166961669922,2784100
2023-02-02,108.4158847499559,110.54671166252905,107.93250393841284,110.03373718261719,2352900
2023-02-03,106.93613647045889,109.23467328111198,105.62409536981676,106.53166961669922,1608800
2023-02-06,105.9792356744812,107.03478579555791,104.93355261800289,105.5057144165039,1411500
2023-02-07,105.47612523874126,109.39251462448726,105.36761010263504,108.71183013916016,1824000
2023-02-08,106.99532985197328,108.82034551336997,105.83126454731307,106.1765365600586,1129800
2023-02-09,107.8831706657437,108.79074490603777,105.29854921478633,106.20613098144531,1906400
2023-02-10,104.8842452272643,105.41695392374368,102.88165972698249,104.13450622558594,1414800
2023-02-13,104.45018698834538,106.14696120238914,103.93721241325542,105.30844116210938,1303800
2023-02-14,104.23315830613195,106.8868271057256,103.6511218231507,106.55142211914062,1779300
2023-02-15,104.99275307891467,107.06439284803315,104.34166220859304,106.9953384399414,1202400
2023-02-16,105.66220759790063,106.44233134312476,104.81295934532784,104.97096252441406,1613900
2023-02-17,104.67472031110823,105.28697138743458,102.34422593542338,103.93409729003906,1151500
2023-02-21,102.14671025033326,103.03545168112868,99.76683844092206,99.89521789550781,1976100
2023-02-22,100.03346588588724,101.44558713401318,98.64109126611031,99.51008605957031,1329000
2023-02-23,101.57397486249553,102.10722431898036,99.35210589414541,101.70234680175781,1446300
2023-02-24,99.7865989807578,100.67534046835199,98.73984678464821,99.38172149658203,1465400
2023-02-27,100.98147587398607,101.18884940263106,99.30272594580212,99.70760345458984,1404200
2023-02-28,99.70760791173474,101.14935312819655,99.33235409969217,99.87548065185547,1378500
2023-03-01,100.24084436444802,101.36659058638145,99.5693459571539,100.11246490478516,1090100
2023-03-02,98.63124135077271,101.10986202855842,98.10786891430965,100.77411651611328,1484000
2023-03-03,101.19872519031733,102.09734380294795,99.70760217884603,101.7418441772461,1393400
2023-03-06,102.27509767049676,103.29221871002056,99.74710692884483,100.37910461425781,1432100
2023-03-07,100.54698922517576,101.11973954959561,98.848492419797,99.32249450683594,1577500
2023-03-08,99.8261009773925,102.35409925275677,99.48047842041107,101.95909881591797,1474800
2023-03-09,101.88995878114024,103.45020612523928,100.26058693617634,100.86296081542969,1652100
2023-03-10,101.6628392405134,102.35409183840986,98.78922615033377,100.02359771728516,2371900
2023-03-13,98.7497165805906,102.38370645211656,98.41397116053922,101.44558715820312,1749100
2023-03-14,102.93672206910848,104.10196924816239,102.1368516232688,103.85509490966797,2529400
2023-03-15,101.93935962910692,102.26522804434121,99.05586150340382,101.34685516357422,2050400
2023-03-16,100.79383993996967,105.19807659321563,100.24084391316029,104.64508056640625,1462900
2023-03-17,105.20796349202662,105.53383940994998,103.22309180486474,103.78596496582031,2428100
2023-03-20,104.25997649719764,105.28697468936903,103.568723802117,105.16847229003906,1326100
2023-03-21,105.7412039757817,106.92619762449858,103.72670874575829,105.03020477294922,1462800
2023-03-22,105.01044953695187,106.91631945074224,103.00583140911137,103.0650863647461,1422100
2023-03-23,104.57596037797698,107.5483292127323,104.19083705284328,106.26457977294922,1262800
2023-03-24,105.24747232443225,105.6622194149085,103.13422853885464,105.01046752929688,1679400
2023-03-27,105.40546526024156,106.2250898706976,103.74646940724925,104.03284454345703,1133000
2023-03-28,103.27247359071283,103.68722066521204,100.922225100537,102.90709686279297,1392400
2023-03-29,104.83271532296442,107.09407747420128,104.3883370246029,106.04733276367188,1689700
2023-03-30,107.32119081025148,107.48906351797638,105.49432258534986,106.25469207763672,1760600
2023-03-31,105.8695803279639,107.36070329990879,105.26720639671484,106.16583251953125,1598200
2023-04-03,105.16845424042165,105.89920007585691,103.68720840604952,105.46470642089844,1236600
2023-04-04,105.57334101141436,105.96833390814545,101.44560195491911,101.80109405517578,1502500
2023-04-05,100.82347330206628,101.0604705456701,98.98672771262201,99.96435546875,1818500
2023-04-06,98.68059411737835,99.89521897135516,98.00909572940857,99.13484191894531,1216800
2023-04-10,98.14734270672855,101.49495749609014,97.77209649596428,101.44558715820312,1788800
2023-04-11,102.30470908492896,102.46271225428916,100.79383956444954,101.00121307373047,948200
2023-04-12,102.13685965383765,102.4133577292501,100.12236398925154,100.21124267578125,941600
2023-04-13,100.28036580649717,101.21848533994738,99.23361342034438,100.66548919677734,975900
2023-04-14,100.48771545086773,101.47521263386051,98.41397287338398,99.49034118652344,1369600
2023-04-17,95.50087159428105,97.14012087648476,94.58249872107218,96.88336944580078,2173200
2023-04-18,97.5647349531263,98.51273144440933,96.93273729227096,98.40410614013672,1123500
2023-04-19,97.02161413484707,97.76223714351003,96.43899431768884,97.3277359008789,1146700
2023-04-20,96.63649036608577,99.43110964849963,96.6068666513051,98.1671142578125,1315200
2023-04-21,98.00910308870193,98.22635369141763,96.66610621191963,96.76485443115234,988100
2023-04-24,96.73523749535036,97.46598340967064,95.6193682252392,96.3797378540039,836700
2023-04-25,95.89586676219487,96.31061383454997,93.13087121181398,93.17037200927734,1750000
2023-04-26,93.62461585781028,93.88136726329095,91.50150270689406,92.16312408447266,2282000
2023-04-27,88.8747584735707,90.11900720172254,87.4330132957469,89.2401351928711,3472000
2023-04-28,89.38824719001093,90.27699621619433,88.5686302035364,90.23749542236328,1638700
2023-05-01,90.54363734692845,91.55088136138801,90.35601043350665,91.14601135253906,1757500
2023-05-02,91.34350306332885,91.68912562217253,89.87213415053333,91.15587615966797,1620400
2023-05-03,91.08674552011753,92.66673963568644,90.72137635420842,91.00775146484375,1471200
2023-05-04,90.84975223122474,90.98800125146478,88.60813665961284,88.85501098632812,1311500
2023-05-05,89.81288218002594,91.61012707990155,89.1413836716105,91.47187805175781,2098700
2023-05-08,91.51137203952196,91.79774715765073,89.76350515150216,90.2770004272461,1113100
2023-05-09,89.20062597611253,89.289497109874,87.8477520681426,89.16112518310547,1693300
2023-05-10,90.35600335471929,90.38562706841094,88.99325978685768,89.82275390625,1442500
2023-05-11,90.06963225993819,90.20788128601889,89.2006373054299,90.04000854492188,1326000
2023-05-12,90.29675469519057,90.4350037132028,88.3415067441502,89.79312896728516,1210700
2023-05-15,90.06963812402074,93.20988019831562,89.43764038250293,93.04200744628906,1247200
2023-05-16,92.53836937134749,93.9406137033109,92.1236223211622,92.26187133789062,1033100
2023-05-17,93.21975813457689,94.34550459282731,92.20263699545654,93.7332534790039,1431200
2023-05-18,94.32573856567633,98.09797794170345,94.20724371171103,97.33760833740234,2447700
2023-05-19,97.45612646153944,97.92025147186273,95.34288250586097,95.88600158691406,1885000
2023-05-22,95.49098977649835,97.04136029913455,95.47124314465886,96.58711242675781,1269200
2023-05-23,95.82587908176299,96.40915482255932,94.39239892295026,94.46160125732422,1725300
2023-05-24,93.51252235490536,94.35284604487437,91.9702947175293,93.32469177246094,1959900
2023-05-25,94.43194415354507,97.2692551733359,93.65094955032569,96.1620101928711,3968600
2023-05-26,97.27913649360863,103.39862166510075,97.14073182365495,102.52864837646484,3136200
2023-05-30,105.02983532079986,105.08915699944752,99.91872776044909,101.54993438720703,2139700
2023-05-31,99.26624704795216,101.0852842392963,98.23809264056625,99.04875183105469,2176600
2023-06-01,99.37498482022318,102.82523605866268,98.4852426516176,101.92559814453125,1694500
2023-06-02,102.77580387110032,102.91420854539135,100.34382632535782,102.04423522949219,1149800
2023-06-05,101.67845371791934,102.07389890255304,99.62214479181569,100.36360168457031,1084000
2023-06-06,99.27612698600377,101.98492143174819,98.94988416303258,101.89594268798828,1335000
2023-06-07,102.94385817702265,104.59484103108643,102.00468259181213,103.0328369140625,1566100
2023-06-08,103.3491828287323,103.77428498835377,101.81683590527423,103.47769927978516,1129700
2023-06-09,104.71347252479329,105.27697940182244,103.5172564364503,103.82372283935547,1599100
2023-06-12,105.19789682713176,108.38121175942064,104.58495647638634,108.21315002441406,2198800
2023-06-13,109.78503895508082,110.88239561333154,109.20175568851609,110.12116241455078,2137600
2023-06-14,109.16222704177217,110.89229315743009,108.18350603681138,109.10291290283203,1855200
2023-06-15,107.48157842980103,109.58731301661145,107.37283082957956,108.83596801757812,1553300
2023-06-16,109.98276765601034,110.49684109399935,108.79643969604231,109.79492950439453,3381500
2023-06-20,109.79492596177002,110.71433274095104,106.54240106644123,107.4519271850586,1793900
2023-06-21,106.25569992617305,107.73861344414121,105.54390023075022,105.67241668701172,1450600
2023-06-22,105.04960829501854,106.60172432785221,104.4465561221511,106.57206726074219,1689800
2023-06-23,104.7530180598517,105.79106061925187,103.84349950908492,103.9621353149414,2161300
2023-06-26,104.22904283462111,106.37432246515667,104.10052638526453,104.78266143798828,1548800
2023-06-27,105.4153860929378,109.20176077320487,104.29826052019756,109.03369903564453,2173900
2023-06-28,107.27397917736326,108.16372890592301,106.26559363749917,106.42377471923828,1626500
2023-06-29,106.85874849869772,108.53938840769027,106.09752284957231,108.1538314819336,1618200
2023-06-30,108.98427122888961,111.28773237221506,108.63825953284034,110.06185913085938,2273500
2023-07-03,110.48695830837728,110.80331292778433,108.27246843003894,110.25957489013672,639400
2023-07-05,109.13256103030918,109.2610775016458,106.60172407636973,106.85875701904297,1900800
2023-07-06,105.28687413487799,106.21616914647252,104.87166010341673,105.83061218261719,1792100
2023-07-07,106.01845005795327,106.97740220287876,105.00018377375063,105.12870025634766,1990300
2023-07-10,105.32642278315141,108.19339090931734,105.32642278315141,108.17361450195312,1142500
2023-07-11,108.54929081697874,108.58882854672827,106.12719380414482,108.17361450195312,1161700
2023-07-12,109.97286987304688,110.18047687083244,108.68768261878068,109.97286987304688,1344800
2023-07-13,110.72421210038603,113.04744182792324,110.53637396983373,112.72119903564453,1977400
2023-07-14,113.03756500907744,113.66039359205647,111.39647776513257,111.80180358886719,1752200
2023-07-17,112.24667446939425,115.91441320603894,112.11815800586896,114.9258041381836,1788700
2023-07-18,115.46954009868527,116.29996808059063,114.41172871650289,115.8155517578125,1310600
2023-07-19,115.8155735423963,116.06272585147418,113.92732628064607,113.99652862548828,1410400
2023-07-20,111.60408264092914,112.33565127578395,110.5265023235409,110.99114227294922,2179700
2023-07-21,112.6520105860718,114.34253888437722,112.04895839603051,113.73948669433594,1772500
2023-07-24,114.00640300662432,115.66726662394983,112.82007508388709,113.82845306396484,1565300
2023-07-25,114.2634316794809,116.69540894948561,114.2634316794809,115.89463806152344,1256700
2023-07-26,114.02617560888459,115.03456116451369,111.91055263372765,113.33415222167969,2725300
2023-07-27,117.16996165243907,117.84221622498217,108.89530729292653,109.35995483398438,4265600
2023-07-28,111.64362578109265,111.64362578109265,108.59870794790294,111.03068542480469,3063900
2023-07-31,110.98126415990906,112.30599678701414,110.31889030386735,111.65351867675781,1491100
2023-08-01,110.7242231519982,111.60408467900335,109.893795098753,109.96299743652344,1544100
2023-08-02,107.94623334842662,108.29224503552538,105.6625411285966,106.57206726074219,1912600
2023-08-03,105.70208386600423,107.02682399092403,104.6442724236565,106.33479309082031,1652600
2023-08-04,106.03823054111851,107.70897504904595,104.94087366738148,106.1865234375,1193500
2023-08-07,107.69907480612886,107.80782240753767,106.40399179184814,107.6792984008789,1096000
2023-08-08,105.6625308741072,105.87013786621833,103.30964408769289,105.05947875976562,1685100
2023-08-09,104.98040754532433,106.46332126316585,104.14997194123869,105.26710510253906,1556200
2023-08-10,105.99866923005662,107.74850402366488,105.0693742596437,105.20777893066406,1761900
2023-08-11,103.1119301758917,103.19101317008841,100.26473119512633,100.57120513916016,1773300
2023-08-14,100.5712052404517,103.56668955240828,100.13621483073251,103.54691314697266,1463400
2023-08-15,102.66705174560333,102.94386108200348,100.52177184601344,100.70960998535156,1377500
2023-08-16,101.01607112960752,101.90582076636039,100.03735030042353,100.09666442871094,1404700
2023-08-17,100.45257499852396,100.86778902580272,99.18715651015678,99.4738540649414,1072000
2023-08-18,98.44570659233172,100.3833797319506,98.2578684295022,99.90884399414062,1385500
2023-08-21,99.95827945458196,101.90584083680146,99.68147007807174,101.56970977783203,1250900
2023-08-22,103.04272696056626,103.10204109132863,100.91721594588006,101.57958221435547,843300
2023-08-23,101.45106642544907,104.71347186140103,101.45106642544907,104.12030792236328,1107300
2023-08-24,105.3659684046423,105.3659684046423,100.67007479117248,100.94688415527344,1586000
2023-08-25,101.49060966545102,103.1613538470609,100.45256713601346,102.59784698486328,1285500
2023-08-28,103.27010524030314,104.41689541180504,102.60773895632643,103.37885284423828,917700
2023-08-29,102.58796612407762,106.43366257971752,102.58796612407762,106.14696502685547,1435900
2023-08-30,105.73174345987199,107.03670721006084,104.95074888438978,106.14696502685547,909000
2023-08-31,105.55319034368516,107.29492134692427,105.55319034368516,106.7506332397461,1621100
2023-09-01,107.88868960419498,108.03713455525006,106.47352849788774,107.33450317382812,624600
2023-09-05,106.75063963511859,106.85949877312073,104.83076852878017,105.51361083984375,1368300
2023-09-06,104.91982687293141,106.36468309347988,103.79165725979848,104.4843978881836,1463700
2023-09-07,102.25773672377646,102.92078225896807,97.79453530213746,98.65550994873047,3224300
2023-09-08,98.42789787907044,99.49669247905808,97.95288309033634,98.6654052734375,1666700
2023-09-11,99.95192509523821,99.95192509523821,96.59710365893085,97.87371826171875,1404000
2023-09-12,97.54713823759252,98.74458115456366,96.77523351014206,96.8148193359375,1235000
2023-09-13,96.0330145933133,97.8143314217641,95.99342876820673,96.6465835571289,1620900
2023-09-14,97.90338627499779,97.9924487050459,96.50801446912673,96.94345092773438,1133200
2023-09-15,96.10229173625481,96.33979914615178,93.90532743159068,94.49909973144531,3275400
2023-09-18,94.14283014164832,95.93405284624228,93.9350102245853,95.75592041015625,1239500
2023-09-19,95.6668575136618,97.10181545253027,95.11267102705031,96.77523803710938,2014300
2023-09-20,97.38879737221629,97.88360884334783,94.91474001655861,94.99390411376953,1161000
2023-09-21,94.39024987783617,95.64707546051054,94.22201576054123,94.61786651611328,1487800
2023-09-22,95.60745390576616,96.04289032921513,94.19229307977942,94.4100112915039,1019800
2023-09-25,94.01418004104873,95.8152935040367,93.95480508025236,95.43923950195312,966500
2023-09-26,96.310107404372,96.60699731628156,94.52878303336287,94.8355712890625,1410600
2023-09-27,95.8449687833178,96.32988185194766,94.50897948390406,95.47881317138672,1852700
2023-09-28,95.38975425652559,99.62533921721192,95.25120764941707,98.64561462402344,1583900
2023-09-29,100.06078270885749,100.47642255919146,99.21960466406986,99.41752624511719,1331200
2023-10-02,99.46699233794845,100.57536507073215,98.62581444603998,99.62532806396484,1357800
2023-10-03,99.06125937902735,99.80347661845597,96.86429514228278,97.53723907470703,1152500
2023-10-04,98.12112683398225,99.67483471915008,97.31952703001213,99.22949981689453,1002700
2023-10-05,98.74457220235185,99.90242918855589,97.2403487096197,98.50706481933594,1069900
2023-10-06,97.73515239275096,100.34775604891678,96.95334945432076,99.62532806396484,1242200
2023-10-09,98.35863925021242,98.50708422517476,96.95337626104893,98.02217102050781,953400
2023-10-10,98.20027654161234,99.58574246059267,97.972659969081,98.55653381347656,1241800
2023-10-11,98.71489388351824,99.38783782302889,97.50755261996464,98.52686309814453,991500
2023-10-12,98.53676740085008,100.41705271761826,97.48776937738167,98.35863494873047,1135500
2023-10-13,98.46747914665382,98.5070649689205,94.29126927531271,94.60794830322266,1532800
2023-10-16,94.66734741815395,96.27053197495371,94.42983244288924,95.99343872070312,1900700
2023-10-17,94.16262351455678,96.40906424868787,92.91569650584688,95.51840209960938,1540200
2023-10-18,93.63813422198142,94.41993732509229,92.11411384315795,93.1037368774414,1410900
2023-10-19,93.90532459831445,94.2220036520305,91.3125096552352,91.77763366699219,1927300
2023-10-20,91.37188344666019,92.25264721667891,90.58018211283003,90.78800201416016,1264000
2023-10-23,90.05569600772539,91.84691128147752,89.70932945620213,89.97652435302734,1325100
2023-10-24,90.342676135171,91.17395575339559,89.50149817380841,90.65935516357422,1342900
2023-10-25,89.91714163368671,90.1843365074721,85.62217411447362,86.99775695800781,2722900
2023-10-26,84.51379516271489,88.85823898650993,83.90022626120759,84.23670196533203,2954300
2023-10-27,83.949718135792,84.37525631377889,81.90119889530257,82.96998596191406,2015500
2023-10-30,82.95019798272104,83.32625199749882,81.09960028978415,82.59393310546875,1656300
2023-10-31,82.52466415934664,83.19760812413399,81.7923452286213,82.4059066772461,1540200
2023-11-01,82.40590162077359,82.63351822661015,80.2386324445514,81.90119934082031,2091200
2023-11-02,82.91061019777557,85.83000245346669,82.87102437343604,85.00861358642578,2277600
2023-11-03,86.23575337940474,87.42329803868259,85.95866012892157,86.7899398803711,1606700
2023-11-06,87.21547498250797,87.47277908456758,85.74093878074335,86.70087432861328,1250200
2023-11-07,86.6711801051242,87.057132453085,85.84979124142339,86.12688446044922,1284300
2023-11-08,86.06750878333239,86.47325026489528,85.1669482787659,85.48362731933594,1434400
2023-11-09,86.02791358311119,86.10708522218059,83.7814730636345,84.04866790771484,2676700
2023-11-10,85.11748397325599,87.54205752048402,84.31588413725501,87.2055892944336,1798300
2023-11-13,86.52272242972737,86.99774469979872,84.86015580981194,85.72113037109375,1703300
2023-11-14,88.61084554858033,89.91714762459425,88.22489317727333,89.7093276977539,2095400
2023-11-15,90.16454802946683,91.5302249892165,89.49160411809221,90.4218521118164,1371900
2023-11-16,90.2932047734459,90.83750046986336,89.44212834826114,89.79839324951172,1995600
2023-11-17,90.0655969864866,91.14428249995636,89.64005876781853,91.13438415527344,1330800
2023-11-20,91.36198210776168,92.391190787902,91.01561561690274,92.11409759521484,1665700
2023-11-21,91.79742320250348,92.25264883486261,90.32287963113573,90.80780029296875,1427100
2023-11-22,91.81721922797857,92.95528716938163,91.0156270271806,91.48075103759766,1306400
2023-11-24,91.53027815242638,91.95632327808707,91.30239794522339,91.63926696777344,472300
2023-11-27,90.88626189356414,91.59963291402224,90.29177470435445,91.08441925048828,818500
2023-11-28,90.58902689311722,91.13397101518527,89.69730358392376,90.40077209472656,1063700
2023-11-29,91.74825974539912,93.30381851618232,91.61945821225316,91.90679168701172,1724600
2023-11-30,92.08512888714091,92.68951863697842,90.45030427789553,91.38166046142578,2072900
2023-12-01,90.91598349845262,93.04620907275299,90.28187089390067,92.99666595458984,934500
2023-12-04,92.26346760628626,92.5904264597776,90.43047820370153,92.3031005859375,1381400
2023-12-05,91.36185124134511,91.37176137789707,89.40997009767146,90.40077209472656,1352600
2023-12-06,91.81761841607766,92.38237524688323,90.28187987017024,90.3809585571289,1601100
2023-12-07,91.06460515423788,92.17429843089478,90.2719606201528,91.75816345214844,1331900
2023-12-08,91.41139348285805,92.70934166752616,90.99525090310357,91.44111633300781,1688300
2023-12-11,92.50127323944193,96.44466087738162,92.50127323944193,95.84027862548828,2222200
2023-12-12,95.45387268066406,96.27624025506526,95.20617215048685,95.45387268066406,913000
2023-12-13,95.29534208617339,98.11912643504729,94.66122937481995,97.25713348388672,1403200
2023-12-14,98.574875973092,104.68812925868781,98.574875973092,104.42060852050781,3680700
2023-12-15,103.22175211315283,105.27271193987143,103.14248613936194,104.19274139404297,4609900
2023-12-18,104.10354751396346,104.49986975604912,102.68670060097939,104.31161499023438,2556800
2023-12-19,105.02501163180057,105.95636792748559,104.50979791966333,104.90611267089844,1379500
2023-12-20,104.10356771971014,105.77802554893272,102.478653015071,102.65699768066406,1870700
2023-12-21,105.01509372218835,106.0356184935977,104.70794754494986,105.60957336425781,1812100
2023-12-22,106.01580453608382,106.82826180118786,105.56994669957281,106.64000701904297,832200
2023-12-26,107.08587440021087,109.83039242003926,107.08587440021087,109.33499145507812,1389000
2023-12-27,109.97900845288693,110.22670892237541,108.78013908766887,109.73130798339844,1261700
2023-12-28,110.04837396446605,110.15736278536772,108.90895019272433,109.4241714477539,874600
2023-12-29,108.9287645271517,109.62232284124612,107.35338555768197,107.52182006835938,1365800
2024-01-02,106.01581193341622,106.01581193341622,102.68671667357327,103.80632019042969,2383800
2024-01-03,101.7652634718468,102.14176547707856,100.15025907664626,100.81409454345703,1376800
2024-01-04,99.26843881745505,101.58691149577255,99.03064093310084,100.6456527709961,1441900
2024-01-05,100.76455686000882,102.22103695865825,100.63575532582249,101.82471466064453,1404500
2024-01-08,102.23094330533708,105.06463742614834,102.1219544884429,104.916015625,1421600
2024-01-09,103.40008498044907,104.82684210906766,103.20192762779357,104.27198791503906,1055100
2024-01-10,104.48998070974774,104.52961369787698,102.33994212846856,103.91531372070312,1148100
2024-01-11,103.86577992644497,104.70796015070135,102.01297738570516,104.13329315185547,1803500
2024-01-12,104.03421733664025,105.14391837621692,102.6570030642547,103.84596252441406,1191100
2024-01-16,103.03349730115409,104.34135563164818,102.26067295484656,103.13257598876953,1671000
2024-01-17,101.5373926134254,102.05260632902998,99.82330182184243,101.91389465332031,1366100
2024-01-18,103.8360430842707,105.45104747458127,103.38026755402976,105.04481506347656,2416600
2024-01-19,106.25360331965688,108.07668291254227,104.66832164707345,107.7199935913086,1934500
2024-01-22,108.98821640010101,110.93018734885106,107.98750429657328,109.07738494873047,1827700
2024-01-23,109.58269187434757,110.48432525848177,108.38382244693945,110.21680450439453,1173300
2024-01-24,111.01936540980002,112.55510395056007,109.44398632332623,109.65205383300781,1920900
2024-01-25,111.64357548323645,111.67329833531103,108.75043530660668,108.93868255615234,2007700
2024-01-26,107.73979636496237,107.81906233108327,103.8558547356614,104.4899673461914,2095700
2024-01-29,103.25146815809762,105.36187354645051,103.13256920524805,105.0943603515625,1720900
2024-01-30,103.92521143028814,105.46095740997035,103.36045464561366,103.62796783447266,2111100
2024-01-31,94.61167275003271,97.88132209333298,91.44110964561081,95.70155334472656,6316100
2024-02-01,96.2365862512631,96.2365862512631,92.51117653342581,94.264892578125,2896400
2024-02-02,94.07665213806007,95.80065315712213,93.00659166321785,95.48359680175781,1809000
2024-02-05,95.42415365745592,96.27624412021152,93.76951586365723,95.36470794677734,1957800
2024-02-06,95.78083073263606,96.89053173110906,95.34488297830922,96.85089874267578,1543200
2024-02-07,97.7327093199927,97.7327093199927,95.4241388305507,96.61310577392578,1380300
2024-02-08,96.50410468028541,98.65414294693046,96.50410468028541,97.56426239013672,1887800
2024-02-09,98.40644662937818,101.47793107694255,97.90113553237818,101.36894226074219,1653900
2024-02-12,101.30949939652834,103.80631698469449,100.97263036192342,101.96343231201172,1361900
2024-02-13,98.44607909146555,99.14954754552653,96.57346407281419,98.0002212524414,1886300
2024-02-14,99.27835600373687,100.87354780642006,99.10001134383381,100.63575744628906,1453900
2024-02-15,102.75857118578745,103.11568239008824,100.8837411472884,101.7368392944336,2115900
2024-02-16,102.34194674701472,103.26448278846301,100.81430601342504,101.4194107055664,1608800
2024-02-20,99.80249112488076,100.99285673516088,98.0466931463336,99.36602020263672,1446200
2024-02-21,97.48127077734051,98.81051972452515,97.02496369641449,98.78076171875,1110600
2024-02-22,100.69526253581725,102.51056883763263,99.54456929534372,101.65747833251953,1858500
2024-02-23,101.66741051962344,101.8955678637317,99.22715545071988,99.33627319335938,1451200
2024-02-26,100.09017173912683,101.73684453881042,99.38587115216139,101.33013916015625,1272700
2024-02-27,102.08404342578986,102.08404342578986,99.23707544805875,99.46522521972656,1675400
2024-02-28,98.19549345362343,99.88185361098185,97.9673436966247,99.5445785522461,1226200
2024-02-29,101.09206650794492,103.00656892114095,100.59607954456926,102.75857543945312,2391900
2024-03-01,103.22479739268529,105.93288935897756,101.93523591629463,105.03018951416016,2008900
2024-03-04,105.78410256547139,106.07177592225877,104.58381498118239,104.98060607910156,1252200
2024-03-05,103.86958776849362,104.57388834021542,101.60788845239313,102.92721557617188,1264900
2024-03-06,105.13932424933166,106.91495865311876,104.91117446292661,105.89322662353516,1497400
2024-03-07,106.36935827122511,109.66271111971479,106.1808808196757,109.1072006225586,1576700
2024-03-08,109.67261544755058,110.02972660322916,105.22857728290909,105.26825714111328,1632700
2024-03-11,104.96075500454536,105.74441528676127,103.72078764056326,105.49642181396484,1565600
2024-03-12,106.18089523965182,107.54981660122596,104.40526091542866,107.33158111572266,1505400
2024-03-13,105.83369069769235,107.45060532145071,103.96877504744666,104.6036376953125,1808400
2024-03-14,104.98059098194203,105.37738202279907,101.91538794868505,103.0164794921875,1646700
2024-03-15,101.7864258194696,103.50253614732969,101.70706610410431,102.2328109741211,3409700
2024-03-18,103.41328224472421,104.39533431674026,101.86580533510373,102.03443908691406,1767200
2024-03-19,101.00277957487151,102.95696931807792,100.68534823783332,102.64945983886719,2253300
2024-03-20,103.31407872586792,106.93478481774916,103.31407872586792,106.25032043457031,2435200
2024-03-21,108.482266759541,112.09305116506917,107.97635794935714,110.55548858642578,2562700
2024-03-22,110.02974061528221,111.36890383553691,109.78174714604393,109.8611068725586,1812700
2024-03-25,107.9168374698066,109.365118401686,107.74820372944583,108.02595520019531,1561800
2024-03-26,108.30371804306542,109.33537187714644,107.12326660027024,107.27206420898438,1732700
2024-03-27,108.11523133361426,110.78364349932642,107.64900239793785,110.64476776123047,1256500
2024-03-28,110.74397933782059,112.37081613031619,110.6745414589273,111.92443084716797,2046900
2024-04-01,111.944261147752,113.90837294091989,110.98204518468374,112.04345703125,1346600
2024-04-02,110.37693211178221,110.79356690003175,108.40290617722164,109.2560043334961,1187200
2024-04-03,108.08546660269036,109.53374747283233,107.60932340689118,107.97634887695312,1595600
2024-04-04,109.77182804963145,110.15869723925003,104.7623571631102,105.09962463378906,2475900
2024-04-05,105.02026982234398,106.86534171146464,104.8516285231107,106.40902709960938,1143900
2024-04-08,107.09349609507927,108.28386925772315,106.80582276997767,106.95462036132812,1154700
2024-04-09,108.0656282242732,110.36700713819553,107.8374709202187,110.29756927490234,1439400
2024-04-10,107.48038205130415,108.21444069676039,104.92108729911222,105.54603576660156,1516900
2024-04-11,106.81575427071209,108.65090454794898,104.97068213498015,108.58146667480469,1905300
2024-04-12,106.74631138793379,107.8474030162335,104.39533053353384,105.02027893066406,1841400
2024-04-15,106.57766664047611,107.12324768521212,103.10575836827462,103.58190155029297,1605200
2024-04-16,104.11758759821386,105.33771891851391,103.05617574676879,104.08782958984375,1269400
2024-04-17,103.78031473366224,104.08782422852867,100.72503322902135,101.25077819824219,2237600
2024-04-18,100.6060072929254,101.73685711524396,99.21724209606496,99.39579772949219,2113800
2024-04-19,99.32634508744702,99.85209761807984,95.03110380014078,95.19973754882812,2920000
2024-04-22,96.32066589604727,97.90782265075184,95.42788785647585,96.97537231445312,2302900
2024-04-23,97.26305064072318,99.54458622742443,97.26305064072318,99.04859924316406,1927800
2024-04-24,101.27061253447818,101.84595921690553,98.6716457417206,99.89176940917969,2437300
2024-04-25,106.55783448294189,108.9584095037116,103.16528556253246,108.03588104248047,7876500
2024-04-26,109.55360298205345,113.74964845748214,109.3849616625655,113.21398162841797,5205500
2024-04-29,113.22389830600565,117.6877807757933,113.08502256795396,117.34059143066406,2185300
2024-04-30,116.42796619041548,117.87624701232225,115.31695282362043,115.38639068603516,2337700
2024-05-01,114.12660897493221,116.28911254550668,110.8927716938359,112.82711791992188,3360100
2024-05-02,114.94001042022376,116.65612090815718,113.0949384907529,116.44780731201172,2468900
2024-05-03,119.0963727467527,120.88192862511941,118.1440788010103,119.47332763671875,2694100
2024-05-06,120.22722628562761,121.29855984833846,119.20549444214144,120.97120666503906,2078500
2024-05-07,122.05246421790376,122.65756887585113,119.81060118301943,120.11811065673828,2750500
2024-05-08,118.04490161261315,119.79077790680907,117.51915662305932,119.46342468261719,1795000
2024-05-09,119.59235858612776,122.11197293956373,119.29477098781987,121.62590789794922,1927000
2024-05-10,122.72700802410647,123.10395536899189,121.25888337110008,121.93342590332031,1386300
2024-05-13,122.01278835643774,124.92919401213457,121.92351433913771,123.84793853759766,2206300
2024-05-14,123.80824757659838,126.35761994029225,123.80824757659838,126.08979034423828,1738700
2024-05-15,128.29199376776634,131.58533943649627,127.48849728382781,130.89096069335938,3351700
2024-05-16,130.6727259291475,131.69445790029854,130.11722293158826,130.43466186523438,2407800
2024-05-17,131.52580752730984,132.38883505893332,129.84936931953865,130.8512725830078,1968100
2024-05-20,133.91649195055368,139.09459751688087,133.6089824278862,138.39028930664062,3406100
2024-05-21,136.7620464421089,139.63131853462988,136.40462778372714,139.26397705078125,1913800
2024-05-22,139.72066000148587,141.98430630232636,138.68812569645456,141.83538818359375,2062300
2024-05-23,144.1784658807524,144.59545177224285,137.93357003472227,139.24411010742188,2292400
2024-05-24,140.17736053627746,143.96995488249314,140.17736053627746,142.9771270751953,2134000
2024-05-28,143.18563433088644,145.47906424997151,142.01408958538084,144.18838500976562,2087500
2024-05-29,141.4084591828519,143.08634062316426,140.70355991402917,140.85247802734375,2079800
2024-05-30,141.06099361649888,141.63683563179706,139.12498218967426,140.25680541992188,2274400
2024-05-31,140.31637098187397,141.63683392615332,134.9848899285102,139.92916870117188,3212800
2024-06-03,142.80835741855947,144.59545061735295,137.95342973229188,140.0085906982422,1730500
2024-06-04,139.34341241457557,140.76314914778416,137.57617983021737,138.61863708496094,2583500
2024-06-05,140.98155836956497,144.49616238433117,140.0482977423773,144.3472442626953,2182900
2024-06-06,143.22535511037478,143.67213980890742,141.78575760774834,142.20274353027344,1319100
2024-06-07,141.7956930411186,143.39413147413597,138.42999179588958,139.8894500732422,1253100
2024-06-10,138.3009146433248,143.13598114914035,138.3009146433248,142.05380249023438,1467700
2024-06-11,140.9914987227257,143.5232131507377,140.19724844279122,143.41400146484375,1238700
2024-06-12,146.42225108017894,151.1381834966387,146.0449867884209,147.7923583984375,2573500
2024-06-13,144.39689729544872,147.00803961238455,143.82105527520594,146.58111572265625,1282600
2024-06-14,143.84092103994965,145.4592203283486,143.65228130188626,144.01962280273438,1060200
2024-06-17,143.53312538518998,143.95011125217954,140.48513670236224,143.701904296875,2452000
2024-06-18,146.2534779786904,150.86019890599988,145.92584294827174,150.66163635253906,2893200
2024-06-20,149.44044496144707,149.75814198034553,145.13156078833975,146.8888702392578,3293600
2024-06-21,146.54140505174573,148.4674784648032,145.22094211824518,147.3852996826172,6175700
2024-06-24,145.6776269687753,147.83206159689004,144.22810678364962,144.48623657226562,1785700
2024-06-25,144.76421016389622,146.9484281592863,143.24518493554976,146.5115966796875,2007200
2024-06-26,146.21374479792877,146.93850480277337,143.73167546004407,145.8166046142578,1343400
2024-06-27,145.94567759690992,147.186712270353,144.78407096048903,146.5115966796875,1365300
2024-06-28,147.78242145443772,150.43326981524498,145.3201976468129,147.22642517089844,2826200
2024-07-01,146.9385512876313,147.70303312736576,144.40683673219664,146.710205078125,1159600
2024-07-02,145.94569533870532,149.65887698680334,144.38694832768516,148.5270538330078,1203700
2024-07-03,148.9241799104811,151.57502849496555,147.7724959499958,150.6119842529297,990200
2024-07-05,151.57504364812323,151.57504364812323,148.82490594235648,150.11558532714844,929900
2024-07-08,151.06870652592875,153.78904544968356,150.73114865426396,153.0642852783203,1518900
2024-07-09,153.53091072095305,154.99036899220397,152.00196237216022,152.3792266845703,1223300
2024-07-10,153.25291517363436,158.46526164603796,152.71679477361607,157.98870849609375,1783300
2024-07-11,160.06371144952092,160.06371144952092,153.3621232836382,153.68975830078125,2082600
2024-07-12,154.86130541379404,157.7206548686402,153.45149148796096,155.20880126953125,1907500
2024-07-15,156.0526851510679,159.9942132043339,155.95341144870622,158.34613037109375,2113500
2024-07-16,160.05379259875872,162.03944840091796,157.82985264657387,161.83094787597656,1472000
2024-07-17,157.51214324602697,158.5347547903659,151.06869974908497,151.25733947753906,3141600
2024-07-18,150.74107735535534,152.428881928815,146.0847116022712,148.44764709472656,2945700
2024-07-19,147.95124742046204,149.20220537029857,144.95290232238523,145.36988830566406,2001000
2024-07-22,149.91699726880924,154.0670101864168,148.03063051523307,153.35218811035156,2252100
2024-07-23,150.75099358065654,153.03450091504465,150.48294093939907,151.17791748046875,1309100
2024-07-24,148.5469088913582,149.6191648653978,142.15309464765085,142.51051330566406,3150200
2024-07-25,127.51881981003152,129.03784530783724,119.48683803988713,123.4482192993164,6539000
2024-07-26,124.26234492365315,125.68208156408936,122.14761662633175,125.55301666259766,2617200
2024-07-29,127.4493131870334,129.33569529421985,126.22813910694768,127.0124740600586,1744200
2024-07-30,127.66772840804141,127.77694007649951,119.23862216086131,120.4697265625,2812500
2024-07-31,125.84093978013662,130.63630048672206,125.0268211827709,130.2193145751953,4440800
2024-08-01,127.8464455321723,130.6759957939443,118.79185288086556,120.86685943603516,3950700
2024-08-02,118.89114887742113,119.13935586881449,114.89005338810831,116.4289321899414,3522600
2024-08-05,110.36275851130888,118.76208205580608,108.36717221174102,115.55524444580078,2725900
2024-08-06,116.25021574406871,121.32356694387107,115.49567199014261,117.47139739990234,1623700
2024-08-07,121.11508175301472,122.29654945939305,112.68597442159506,113.43059539794922,2599900
2024-08-08,117.46147195973417,122.19726550769697,114.49291851976903,121.99869537353516,2255200
2024-08-09,120.85693815092634,122.35610275856877,119.14927302796966,120.84700775146484,1189000
2024-08-12,121.77034590800069,122.94188315663645,119.62583396486704,121.44271087646484,989500
2024-08-13,122.75323364609258,126.48626844888268,122.03839638867795,126.16856384277344,1730400
2024-08-14,126.61533855834043,127.42946469313289,122.62417380622506,124.35169219970703,1323700
2024-08-15,128.2336424546309,131.50003925526724,126.9330328841197,130.7852020263672,2169400
2024-08-16,130.45755726561288,132.5325787285091,128.61089708745357,132.16522216796875,1338200
2024-08-19,131.41069718828078,133.18785240593238,129.35553623024163,133.01907348632812,1347800
2024-08-20,131.7383233813506,133.57504572418682,129.1867486602643,130.7852020263672,1671900
2024-08-21,132.2943306630547,135.61037253876424,131.27171903760748,134.4388427734375,1409400
2024-08-22,134.8756609868693,135.19335800119623,129.603732709976,130.25900268554688,1815000
2024-08-23,132.8502835655861,136.53368131583014,132.05601830724603,134.9650115966797,1846900
2024-08-26,134.4884753854266,134.81609526437293,131.5695589054551,132.04611206054688,1648600
2024-08-27,131.14264484484994,135.07425032942768,129.69312447102809,134.0119171142578,1066200
2024-08-28,133.1779302925035,134.79624457345912,129.65338831310598,131.36105346679688,1352700
2024-08-29,133.19779961800825,137.09960613738892,131.86741381872977,132.99923706054688,1496200
2024-08-30,135.85855553847384,136.8215997378458,133.52541924618075,135.7493438720703,1497100
2024-09-03,132.53260394257802,133.35665293066813,122.90216861388254,123.64678955078125,3193900
2024-09-04,122.75324241328956,127.47909781985695,121.7504841014271,125.85086822509766,1632000
2024-09-05,123.24718364810433,127.22226579806315,123.1776201464366,125.31422424316406,1317100
2024-09-06,124.13166104221507,125.08567815422278,119.06343423575899,120.6932144165039,2298400
2024-09-09,123.10805026251506,124.06206719957926,121.19007657956283,123.42605590820312,1618800
2024-09-10,123.92295248034957,124.83722543639972,121.1503445101871,124.58878326416016,904700
2024-09-11,124.99623061886666,131.0383463639237,123.58508083093176,130.69052124023438,2644600
2024-09-12,130.14395601651856,130.62096074811916,126.4968191143109,127.3912124633789,1478400
2024-09-13,128.36508585240918,131.4159626761855,128.03714040087033,130.41224670410156,1122700
2024-09-16,127.5402754029166,128.702982999505,123.81364265857911,127.18252563476562,1974100
2024-09-17,128.8122979470972,130.8197150277984,127.86822068621494,128.90174865722656,1142900
2024-09-18,129.74643531965444,131.3563357150339,126.83469280900184,127.06326293945312,1361400
2024-09-19,133.1451517764681,135.12275732858467,130.57129398795004,132.9861602783203,2522600
2024-09-20,131.38618038414913,131.84330554278299,127.2918425961317,128.146484375,4334400
2024-09-23,129.17998480680043,129.7166131747566,128.10671290718275,128.88185119628906,1116000
2024-09-24,130.7402112038344,131.02841262613313,128.60361450780505,130.20358276367188,965500
2024-09-25,129.04087115223464,131.55510473828696,128.7924289784057,129.81600952148438,1736500
2024-09-26,135.9077979795289,137.54752538481236,132.17123323570937,136.5537567138672,2101400
2024-09-27,136.861834994519,137.56740232323767,132.8867599500397,133.801025390625,1701900
2024-09-30,132.10165981343036,133.46313317986275,130.55138314037163,133.09542846679688,1261800
2024-10-01,131.97248994317573,133.01595013898918,127.02351834801884,128.1862335205078,2249400
2024-10-02,128.87189880232302,133.16498623412073,128.10670793362124,130.62094116210938,1307900
2024-10-03,128.84211185476553,131.67435884637825,127.57008907296884,128.2061004638672,1409700
2024-10-04,131.17746638155532,131.45572040017723,128.44460249860623,129.6868133544922,1247100
2024-10-07,128.52410133367508,130.25326424373753,127.44089714438425,128.70297241210938,927200
2024-10-08,128.96136316252503,129.50793895787842,127.49057462890013,128.59365844726562,1071900
2024-10-09,128.3352835493625,130.47188009294928,128.295539475178,129.65699768066406,1434300
2024-10-10,127.67939538105908,128.57379628862464,126.47693619165555,128.13653564453125,986400
2024-10-11,127.50053731591171,131.4060413368864,127.50053731591171,131.08804321289062,1186800
2024-10-14,130.859457615644,133.32401495618694,130.7799694622008,132.8072509765625,1423700
2024-10-15,132.6979424745918,134.5165411410013,125.79125256470303,126.56639099121094,2843600
2024-10-16,130.06443750417577,130.06443750417577,125.98004042366877,126.20861053466797,1466400
2024-10-17,129.3787544267277,129.93526249381586,126.32788470433445,126.41732025146484,1915900
2024-10-18,127.03346277907582,127.34152866937652,124.44966551194884,125.2546157836914,1729400
2024-10-21,124.90679943637699,125.60243454435563,123.75402402103634,125.14530181884766,2303100
2024-10-22,124.76766063822397,125.47323549024858,124.18133317525216,124.57884216308594,2217500
2024-10-23,123.83351886782872,125.7614325806512,121.77641795289524,123.6546401977539,2821700
2024-10-24,117.46346093284025,117.56284387139056,108.84748785754779,110.03007507324219,7148000
2024-10-25,110.49714186817609,112.81261712853991,110.29838358322097,111.05364990234375,3573700
2024-10-28,111.15303265670993,111.44122650269863,109.53319233117398,110.63627624511719,2672100
2024-10-29,110.63626106289145,113.0908707402906,110.30831560226707,112.53435516357422,2284500
2024-10-30,110.78533551188484,112.06729043392346,108.73816688042362,108.79779815673828,2861400
2024-10-31,108.38041125637653,109.13567758614268,104.8724089824066,105.54817199707031,3392300
2024-11-01,106.01524976169746,107.16801756052615,105.44880188170107,105.82643127441406,2352100
2024-11-04,104.27614546943023,105.46866482494197,103.42150381796732,103.62025451660156,1830700
2024-11-05,103.57057644413808,104.90222287978212,103.07369208781952,104.79290771484375,3265700
2024-11-06,107.62515048303966,109.15554756976647,106.4723751813092,108.32078552246094,2249700
2024-11-07,110.44745159253382,111.73935392218725,109.92075539996623,110.9443359375,1761000
2024-11-08,109.5331819502822,110.58657429437967,108.84747915474917,110.19900512695312,1721200
2024-11-11,109.84125669816711,109.94063205496317,106.33325428847569,108.13197326660156,2027300
2024-11-12,109.22511693294409,109.54312260050037,106.49225312112033,107.65496063232422,2213300
2024-11-13,106.4127599864071,107.96303681628547,105.33948791255874,105.71711730957031,1780900
2024-11-14,107.3170805310303,107.4760871634178,105.51836159780451,105.85623931884766,1502500
2024-11-15,103.35193790931389,104.6040885107494,101.61284280026292,101.94078826904297,3091900
2024-11-18,101.76192693378444,103.7097128776546,101.62279990792615,103.50102233886719,2865000
2024-11-19,102.9941935757862,103.4016424062644,101.66254707802159,102.15943145751953,2031700
2024-11-20,101.65260016376516,103.1432531980883,101.24515136176053,102.93456268310547,2315500
2024-11-21,103.88859098797971,105.30968067150799,102.75569516551428,104.86248016357422,2568500
2024-11-22,104.46497146417866,107.57546485476124,104.41527999501466,107.53571319580078,1651600
2024-11-25,110.15223229430987,111.70423023107148,108.779304036155,110.10248565673828,2118100
2024-11-26,111.53509490502913,111.55498900430707,107.51581131679818,108.500732421875,1768300
2024-11-27,108.96832360508118,109.21704159289165,105.58575745280461,107.53570556640625,1370600
2024-11-29,109.38616645297205,111.74401567650281,109.2468849889934,109.4359130859375,1437400
2024-12-02,109.47570786119758,113.26616747775715,109.47570786119758,112.61949920654297,2785600
2024-12-03,110.98791557035271,115.5046352667405,110.65961358582346,114.87786865234375,2669500
2024-12-04,117.40484005758908,117.50432573378318,114.07202056832814,116.29058074951172,2628600
2024-12-05,115.61406208587992,116.47960336761685,112.45036915401384,113.13683319091797,1924100
2024-12-06,114.40032162538115,119.16575910257284,113.91283650274123,117.90227508544922,3466800
2024-12-09,118.49918722734614,121.99118956281932,117.096414268809,118.9468765258789,2828800
2024-12-10,120.52873024043323,120.52873024043323,115.53446913320559,116.42985534667969,2358700
2024-12-11,118.17088658686546,120.73765798697266,117.3053528658615,119.58360290527344,2361100
2024-12-12,118.73797163846137,120.94658869209589,117.18597374791646,120.32976531982422,2256800
2024-12-13,122.28966250479233,123.78197048144126,121.18535399485046,122.58812713623047,3953900
2024-12-16,127.26402685939122,129.53233384845635,124.38884733146396,128.81602478027344,3368800
2024-12-17,128.35838416425796,129.6119173652937,126.08012647151268,127.35355377197266,2285800
2024-12-18,129.2736734807243,132.6562322967346,122.30956929908,123.13530731201172,3468000
2024-12-19,127.23417058544302,129.43284423130365,124.09037923197847,124.54801940917969,3295200
2024-12-20,123.97099811408448,128.37827370163524,122.82689381830066,125.30412292480469,7149700
2024-12-23,125.44339537215946,128.20913806494963,125.1250366648657,127.81119537353516,2080500
2024-12-24,128.25887338866318,129.50246316536897,127.74153579100258,129.29354858398438,716900
2024-12-26,128.97520872998194,131.20372753125716,128.2290547111382,130.16905212402344,1397900
2024-12-27,128.95528465028386,129.37312900662698,126.96554853575421,127.88082122802734,1640200
2024-12-30,125.32401782460505,127.60226785737846,124.03068128374805,126.0502700805664,1893700
2024-12-31,126.1597121801317,127.45304877819667,124.60771433467038,125.27427673339844,1283400
2025-01-02,126.10998207520745,127.79131066354988,125.08526508715458,125.91100311279297,1756700
2025-01-03,126.34873750467636,130.7162247529313,125.56278775424788,129.93028259277344,2130800
2025-01-06,134.84493836712292,139.9386931095339,134.61612206757334,139.28207397460938,3888100
2025-01-07,140.54558794262064,143.420767747872,136.67553602232667,138.108154296875,3228200
2025-01-08,137.1928244327248,137.88924688428844,133.91970266864348,136.44667053222656,2178100
2025-01-10,135.59107223080525,135.59107223080525,131.72102149925772,133.48194885253906,1928800
2025-01-13,130.78586565120935,132.96462234385928,128.95528983202652,132.53683471679688,1304500
2025-01-14,133.55160264567758,134.99416379246586,131.59170388619606,133.4918975830078,1300000
2025-01-15,135.5413780662568,136.95409460259066,133.99932330134638,134.2380828857422,1871200
2025-01-16,136.71530782181816,139.04330464833055,134.87480373817385,136.8645477294922,1981400
2025-01-17,139.28207835300327,139.28207835300327,137.00382817938186,137.69027709960938,2253700
2025-01-21,134.30771809831896,134.8051540912757,129.51242783955595,131.62156677246094,4083000
2025-01-22,132.11900537846833,135.54136750658486,131.7111042128463,134.10874938964844,2262100
2025-01-23,131.40267915053994,131.92996003016322,129.1741606842078,131.15396118164062,2214300
2025-01-24,131.3230890075292,131.64145529784315,128.60709300815205,129.25375366210938,2254000
2025-01-27,123.92124552111405,124.74699104700584,117.54412037878443,119.65324401855469,5280400
2025-01-28,119.89202783624226,122.53838343117476,117.9420796109575,121.32463836669922,2888600
2025-01-29,122.26976531875648,122.8766378211647,120.31981718931739,121.42412567138672,2747400
2025-01-30,101.47692744636849,116.85764514652492,100.25323174626712,114.48985290527344,8838600
2025-01-31,113.20647656018919,118.28032182842318,110.5899661460321,115.19622039794922,3706900
2025-02-03,112.00268169173785,112.53991343513238,109.10760078404576,110.52031707763672,3401600
2025-02-04,110.91827381599828,111.91314578605186,109.46576165055254,111.09735107421875,3055100
2025-02-05,110.20196338958976,112.79857980581653,109.96319624507198,112.03253173828125,2844600
2025-02-06,112.30114630234429,113.53479302179716,111.11725380824068,113.48504638671875,2233200
2025-02-07,113.4949926576998,114.02227357108872,110.92822123262525,112.64935302734375,1938200
2025-02-10,114.22124397514415,114.46996195790705,112.25140180221351,113.47509002685547,1549800
2025-02-11,112.4503756500272,114.1317116797362,111.68432758582128,112.1419677734375,1697300
2025-02-12,109.21704083088012,111.35601702918059,108.83899222454329,110.968017578125,1592400
2025-02-13,111.19683224844621,112.62945025617286,110.59991060865026,112.26134490966797,1755400
2025-02-14,111.80323014356439,113.17761235971777,111.61400079847135,112.78919982910156,1838600
2025-02-18,114.19345852180676,115.48816433552406,113.10788971968474,114.61174774169922,2607200
2025-02-19,114.13370749496276,116.12556978143107,113.96440102421735,115.42842102050781,1583400
2025-02-20,115.69730623261148,118.27677155816724,115.5877532111583,118.067626953125,2424200
2025-02-21,118.8544059017839,120.14911928479516,114.16357164536282,115.43836975097656,2493800
2025-02-24,115.64751705345147,116.0160066815306,112.3211033725271,113.11785125732422,2249100
2025-02-25,113.62576815941378,114.0341035310565,110.50850675462611,110.89691925048828,2292500
2025-02-26,112.54022434048697,116.26500485926188,111.89286754806156,114.34285736083984,3419300
2025-02-27,115.07984507910741,115.94630029902352,108.28759507831444,108.36726379394531,3028000
2025-02-28,108.94490553863487,110.90689107751409,106.98291999975564,109.41299438476562,2831500
2025-03-03,110.50850168715434,111.23553465279008,104.49307759855256,105.34957885742188,3731100
2025-03-04,105.6981632707647,109.21380638193695,102.80000776578784,106.79369354248047,3543700
2025-03-05,107.56055933202472,110.2396164357485,106.21605386004468,109.76156616210938,2388800
2025-03-06,106.53475465649258,109.22376567988022,104.70223741815718,104.961181640625,3451700
2025-03-07,105.7081220908457,108.39713291325891,103.92540458180693,108.09835815429688,2402800
2025-03-10,105.51889301264967,105.6184921975617,102.02318045474615,104.54288482666016,3060500
2025-03-11,91.5161087592882,93.98602124643642,82.64236655240104,86.7157211303711,12239400
2025-03-12,88.66774521903461,88.67770665764058,85.86918124051371,86.3870620727539,7114300
2025-03-13,85.86918142376574,87.31327849230786,83.58849827261787,84.98280334472656,4470500
2025-03-14,85.59032174635736,86.55637613564998,83.66817440637806,86.3870620727539,5428900
2025-03-17,86.79539217056914,90.49029543908642,86.79539217056914,89.8031005859375,3563000
2025-03-18,88.35900116156543,89.29517875026352,87.48257700249466,88.50839233398438,3674800
2025-03-19,88.32912445463141,90.09191901395033,87.1041259587076,88.14985656738281,2919700
2025-03-20,87.27343999209253,89.006365585533,87.22364799585542,87.82120513916016,2471000
2025-03-21,86.2376758477847,88.03035498241341,85.01268477108155,87.15393829345703,5930700
2025-03-24,89.39477026101603,90.83886719709403,89.21550237392664,90.62972259521484,3206800
2025-03-25,89.88278200389044,90.91855126233023,89.10595695964842,89.58399963378906,1942200
2025-03-26,89.26529704968593,89.97240718159034,86.96469876149334,87.65189361572266,2200700
2025-03-27,86.82527174003488,87.58218148734191,84.90312445431975,85.33137512207031,2161400
2025-03-28,85.42100026313078,85.9388886487345,82.13443245533303,82.44316864013672,2363800
2025-03-31,81.02895593406768,82.66228235096564,79.27611504824377,82.26390838623047,2825400
2025-04-01,81.54683173545577,82.43320976314055,80.14257290443025,82.27386474609375,3045900
2025-04-02,81.41736835440024,84.54459143623019,80.77001161234023,83.2797622680664,1732900
2025-04-03,78.36982797650344,79.40559732860092,74.08732080901889,74.78446960449219,5073900
2025-04-04,70.81070500088614,72.13529528683011,66.84690318069153,68.44039154052734,6747100
2025-04-07,67.18551071880995,75.84015436092598,65.50238473774172,72.57350158691406,7338900
2025-04-08,75.2724858101272,75.84016631953416,66.11987517759404,67.68348693847656,5071700
2025-04-09,69.11761887058779,80.0728608138168,67.85278213661105,79.11676788330078,8851100
2025-04-10,74.87410532868554,76.10905784640764,69.99404109790476,71.99586486816406,6480600
2025-04-11,72.13528938857557,73.99768326837356,70.21314207465453,73.35032653808594,3689900
2025-04-14,75.262512387449,75.71067833991903,71.98589817996535,73.5594711303711,3946900
2025-04-15,73.77858224109282,75.05337291161983,73.39016969611511,73.75865936279297,2228200
2025-04-16,70.44221741789889,72.35440350640067,68.18144932923772,70.87046813964844,4925800
2025-04-17,71.00989023138067,71.49789434120696,70.20318087620514,70.96009063720703,3056600
2025-04-21,69.1275736243102,70.23305003210733,67.96232859191785,69.52593994140625,3268300
2025-04-22,70.45216617332834,71.75684112355675,70.12351467440733,70.99993133544922,3250100
2025-04-23,74.76454952060968,75.60113561978253,72.73284910644878,72.88224029541016,3431200
2025-04-24,74.45581521863147,77.27429461038756,74.12715611412737,76.98548126220703,3576800
2025-04-25,75.78039790704284,77.38384767383258,73.20093986381255,76.80621337890625,2588500
2025-04-28,76.14889015180673,78.32002022972283,75.0334445967398,76.51738739013672,4841600
2025-04-29,74.73467256054808,76.33812228028295,72.46395081041089,74.58528137207031,4966300
2025-04-30,73.38020066267288,74.16698711035181,70.98000316551109,73.90804290771484,4360200
2025-05-01,74.85418718202783,75.39198330427045,73.33040617450207,73.47979736328125,3041500
2025-05-02,75.38202916894195,76.78628810192963,75.13304638806777,75.57125091552734,2526900
2025-05-05,75.15295665970424,76.06921140866542,74.96372732737603,75.13304138183594,2484900
2025-05-06,74.04747521283939,74.72470865972039,73.43995663850416,73.76861572265625,2203600
2025-05-07,73.76862313132366,75.17288976008673,72.81253009823799,74.78446960449219,3310600
2025-05-08,75.89990231184562,77.71249646883587,75.29238378026119,76.52733612060547,2713300
2025-05-09,76.94564306469067,78.05112725319871,76.39787789079868,77.10498809814453,2353800
2025-05-12,82.73198444738043,83.42913307923234,81.31776430942354,82.7220230102539,4715000
2025-05-13,82.67224103847417,85.28157560387123,82.61248000682421,84.55455017089844,2817400
2025-05-14,84.7138952296161,85.50068169458376,83.2100447696948,83.92710876464844,2311000
2025-05-15,82.91126507848881,83.43910735214118,82.00496411931108,82.6523208618164,2958900
2025-05-16,82.53280895072973,82.53280895072973,81.41736343794724,82.39337921142578,2183400
2025-05-19,80.23220312372324,81.65638483212513,80.11269626041879,81.13850402832031,1840300
2025-05-20,80.66045630050651,81.12854512534483,80.27204378592816,81.08870697021484,1614600
2025-05-21,80.10274275913649,81.57672420552822,78.4395395609805,78.65864562988281,2329100
2025-05-22,78.68855379149367,79.29699676540491,78.02026646274294,78.2895736694336,1987700
2025-05-23,76.49418682092055,77.26221740106305,75.79596959269509,76.783447265625,1813300
2025-05-27,78.85813078428926,82.1796300002564,78.17986674868558,81.53128814697266,3697400
2025-05-28,81.79062127324279,82.25942239324878,79.70596153013454,80.04508972167969,2711200
2025-05-29,81.80060031843203,82.19958049271408,80.0450921175394,80.77323150634766,1803100
2025-05-30,79.97525926070891,80.08497898256248,76.82332472366609,78.3992919921875,3849100
2025-06-02,77.80083219813814,79.75582655556842,77.58139273589057,79.28702545166016,2453000
2025-06-03,79.27706375799465,81.43154458298335,78.20979613790321,81.24202728271484,2151300
2025-06-04,82.09981785938986,82.95762244647621,81.15224674128677,81.85045623779297,2472000
2025-06-05,82.49881262819258,83.46633710941252,80.86300070878033,81.53128814697266,2336600
2025-06-06,83.08730268508934,85.5509893313404,82.68832253337737,85.01237487792969,3122500
2025-06-09,85.890128541781,87.77530203347968,85.890128541781,86.578369140625,3667900
2025-06-10,87.11698275178034,88.6630280321442,86.54843849182393,88.4735107421875,3161700
2025-06-11,88.91238784175066,89.35126677364993,85.54102112918986,86.56838989257812,2521800
2025-06-12,85.68066671350888,86.34895412669094,85.23181116576563,85.69064331054688,2064500
2025-06-13,83.58602160025386,84.77297778687317,82.7880613385675,82.86785888671875,2736700
2025-06-16,84.33411069238986,88.32389697971922,83.90520836210541,87.45611572265625,4007700
2025-06-17,86.59830068779553,87.95482847177145,85.79037149657182,86.20929718017578,2998700
2025-06-18,86.41877612847065,86.93745264190817,85.20189001222951,86.03974914550781,3291000
2025-06-20,87.24665123881033,87.60573260680815,84.02489552313908,86.06966400146484,6559900
2025-06-23,85.91006975190533,88.1244023398743,85.36147870807382,87.13693237304688,3744100
2025-06-24,89.65049506428981,90.66789482828831,88.8625113599893,90.15919494628906,5908400
2025-06-25,90.42850525315492,90.7377112395151,88.51340214916259,89.96967315673828,3646000
2025-06-26,90.81751251220703,91.50574546523187,89.80011275743638,90.81751251220703,2922900
2025-06-27,90.8175103556444,91.46584451760505,89.04204912515382,90.11929321289062,5979700
2025-06-30,90.5581804778492,90.5581804778492,89.43106852518265,89.69039916992188,1932500
2025-07-01,89.29141417026212,92.42340342125381,88.97223157021318,91.68528747558594,3786300
2025-07-02,92.14411485226105,94.5778870094952,92.01444953286769,93.93952178955078,4544200
2025-07-03,94.96688401625532,94.96688401625532,91.92467663981475,92.82237243652344,2188800
2025-07-07,92.40345703059009,93.12161983604719,90.00958354903777,90.35868835449219,3151800
2025-07-08,90.97709683522076,93.56048729789451,90.56814771621234,91.9845199584961,2936200
2025-07-09,91.83490467436319,93.27123015905663,90.87735688787201,92.5430908203125,2058800
2025-07-10,95.10653228991934,98.96665339185913,93.96944376871173,98.3681869506836,7288500
2025-07-11,97.39068251168501,97.74976388577277,95.72494856572504,96.80219268798828,3750800
2025-07-14,96.76229802564563,96.80219680334199,93.3510248267885,94.97686767578125,3605100
2025-07-15,96.36331829652312,97.84951162537585,92.74258981565464,92.7924575805664,3654200
2025-07-16,92.2538323540033,92.49322501312099,88.37376575395444,91.7451400756836,3866300
2025-07-17,90.16916847598479,93.08171053794287,90.07939433049079,92.56304168701172,2823200
2025-07-18,93.21138228823082,93.86970070095995,92.06432477924335,93.68018341064453,2524400
2025-07-21,95.53542862702511,97.00167626214703,94.54795868068487,94.577880859375,2802100
2025-07-22,94.08914301626854,95.29605253284423,92.02442878379378,93.46074676513672,2641100
2025-07-23,94.46816820185961,94.46816820185961,91.55562590601377,92.7924575805664,2736100
2025-07-24,92.04437300416627,92.39347779966957,89.84001688408682,91.0968017578125,3521600
2025-07-25,91.16661561367299,91.53566596448745,89.42108416224565,89.91980743408203,3100400
2025-07-28,91.34615889513803,92.20396355589804,90.5581751900253,90.90727996826172,3688400
2025-07-29,91.37608522977104,92.13414678977888,88.95228964506691,90.31879425048828,6754500
2025-07-30,105.46002653066479,110.217843201026,102.21832526004638,107.3751220703125,19844300
2025-07-31,108.22295295135702,113.14036485068618,106.81654963351643,107.15568542480469,9399900
2025-08-01,104.11347483150615,105.52985480694447,102.15848038122284,103.89404296875,4812200
2025-08-04,104.7817629927043,105.5797156657758,102.73699452375172,105.4500503540039,3635900
2025-08-05,105.88893661561715,107.88382985154139,104.28304695190505,106.65696716308594,7233600
2025-08-06,106.02857784786029,106.82653057112293,103.06616019407872,104.61219787597656,3358100
2025-08-07,106.7666846097123,107.88382753743615,104.98125428866788,106.18816375732422,2966300
2025-08-08,105.97870109044896,108.11323620244232,104.73189284232603,107.19558715820312,3185700
2025-08-11,107.2953322094401,108.74162675908865,104.31296895752216,104.41271209716797,3042600
2025-08-12,105.72933411711814,111.62424687017997,104.62216783974017,111.34495544433594,4247300
2025-08-13,112.09305204491645,114.02810098553388,110.36747359800452,113.7188949584961,5223800
2025-08-14,112.21273354274709,113.44956509724261,110.30760703606309,111.53446960449219,2431000
2025-08-15,111.36491910123206,111.36491910123206,109.09074197505933,109.14060974121094,3238400
2025-08-18,109.7191331194901,110.81632292870216,109.240355372061,110.12808990478516,1980200
2025-08-19,110.0881780363182,112.39227712271425,109.22039680161333,110.33753967285156,3171000
2025-08-20,109.75902531199688,110.90609042956875,106.02857714059587,109.24034881591797,3571400
2025-08-21,108.05338778857286,109.7091451228168,107.54468791164446,109.02091217041016,2138400
2025-08-22,109.37001771442921,116.87081255819864,109.34009553497228,115.0055923461914,4133900
2025-08-25,114.6963741531533,117.36953115327057,114.20762748508449,116.77106475830078,3570200
2025-08-26,116.40200996221937,119.51404595439567,116.40200996221937,118.30713653564453,3563900
2025-08-27,118.40688593380307,118.40688593380307,116.6613543696363,116.69127655029297,3291300
2025-08-28,116.83092764532795,118.42684843159316,116.70126231565747,117.5889892578125,2760700
2025-08-29,119.12504368270592,119.88310520364757,117.13015055069036,117.93807983398438,4107600
2025-09-02,115.89332041904868,120.73093480395815,114.20763326580467,120.30203247070312,3626800
2025-09-03,120.4616277490073,121.8081868052373,118.08770747779766,119.32453918457031,3212700
2025-09-04,117.54908296025427,119.71354030507949,115.70380823028847,119.08515167236328,3136900
2025-09-05,119.87391998400082,123.24868629340423,119.18499457531837,120.01370239257812,3531600
2025-09-08,120.0236960671346,121.07207181052999,117.40775383482625,118.71572875976562,3738100
2025-09-09,118.81556424335427,119.81401436304634,114.47230774620783,114.89165496826172,4724500
2025-09-10,114.70195185261066,117.93693586170056,112.93469841784228,117.63739776611328,4412000
2025-09-11,117.63739700612703,118.59590824121567,114.25265158868055,115.38089752197266,4023900
2025-09-12,114.82176452047344,115.00148584790394,109.39019339596953,112.0660400390625,5904200
2025-09-15,112.07603234764302,114.11287162245695,110.73811276714277,113.8932113647461,3241300
2025-09-16,114.12286254918028,115.43082989237851,113.2142691976724,113.75343322753906,2871200
2025-09-17,113.57369838638172,116.1596804778228,112.63515285879723,114.14281463623047,2569300
2025-09-18,117.59745990720187,119.3447477062384,114.9116265099175,118.63584899902344,4876800
2025-09-19,119.31479719337584,120.41309087415226,117.35783574347579,119.66425323486328,9576500
2025-09-22,126.26401023548638,135.27002760627119,125.8246897138387,134.97048950195312,7137400
2025-09-23,135.78921388907898,138.0257476024905,132.97357728821788,134.47125244140625,4341200
2025-09-24,134.3015283448768,134.4612840302506,130.8269259812704,133.00355529785156,3688700
2025-09-25,131.15640830423624,132.9436273146431,128.39069720743882,132.6640625,2655300
2025-09-26,131.7954282497466,135.72932453058132,131.1963520272822,135.1002960205078,3276300
2025-09-29,136.8975011202848,137.06723581811895,133.34302101236915,134.12181091308594,2854200
2025-09-30,133.79230863461885,137.91591227599,132.79385857018138,137.42666625976562,3014000
2025-10-01,135.7093380734315,141.3206228556858,135.57953468297774,140.90127563476562,3177100
2025-10-02,144.67542143815012,145.1247361962382,141.50035725652185,144.30599975585938,3307400
2025-10-03,146.2429915580196,149.2283629272486,144.5955549398499,145.41427612304688,2798300
2025-10-06,147.67076038898685,150.47641790467375,147.07169948348596,147.64080810546875,3706000
2025-10-07,148.83897369921618,150.05706888655868,139.58333638580555,139.9228057861328,3689400
2025-10-08,140.33217404444002,144.65546509655437,139.98271039187017,144.3759002685547,2601400
2025-10-09,144.3758991414966,145.24454590491885,141.58023564818336,144.96498107910156,2039700
2025-10-10,145.57404323536014,147.77063064384856,131.54581477923682,131.87530517578125,5757100
2025-10-13,138.48502620931097,139.69315753714272,136.3882901345453,138.91436767578125,3344800
2025-10-14,135.40982223266087,138.6847379354977,134.79078793369237,136.7577362060547,3043200
2025-10-15,139.97272219696993,141.1908325398727,137.4765969426838,140.81141662597656,2373700
2025-10-16,141.7799187548916,142.8382734572705,137.95585292082103,139.0841064453125,1783500
2025-10-17,136.84757581060765,139.5034568794176,136.56801098601085,137.9458770751953,1924300
2025-10-20,140.62172571388973,141.24077521188298,138.50501611693184,138.9742889404297,2345700
2025-10-21,138.68472221422817,144.10631454768904,138.58488633853187,143.1078643798828,2180200
2025-10-22,141.31063471464896,142.55869728030166,135.61947246230045,138.6248016357422,3917900
2025-10-23,138.3552424517223,145.89352877915013,137.78611856218518,144.81520080566406,2813800
2025-10-24,147.33131198629042,148.76908274032962,143.84673046991003,144.056396484375,2079600
2025-10-27,147.87045366795954,149.84738043653226,146.47261450254533,147.27137756347656,3940900
2025-10-28,146.82209476187992,147.3912034140884,143.88664894009116,144.15623474121094,5016800
2025-10-29,169.74650831545628,176.9653140308005,161.90868360364468,173.67042541503906,12203800
2025-10-30,172.48227643131372,178.9322715906155,171.43390064765518,176.6058807373047,5268400
2025-10-31,179.7210200319464,185.6218638460955,177.72411980936923,181.47828674316406,4540000
2025-11-03,182.50669009265138,184.28394531636042,179.9107289308199,182.78627014160156,3309900
2025-11-04,175.98680172677646,182.03742187537242,174.82861123827868,175.37774658203125,3216500
2025-11-05,176.7755977526291,188.64716913446662,176.22644713662015,187.29925537109375,4135300
2025-11-06,187.459025900932,191.26311874257738,182.56662599278036,184.73326110839844,4504200
2025-11-07,180.2601736479261,182.21714253975966,174.57900539858713,181.9974822998047,3627400
2025-11-10,188.0880470096617,188.45746869556834,180.38998953193325,183.79470825195312,2954400
2025-11-11,183.0758109967987,183.0758109967987,175.37775402017635,176.95530700683594,2928800
2025-11-12,179.9207082796202,180.98905721912163,176.91537890803735,178.99215698242188,2365600
2025-11-13,175.9568564778009,176.7256673189824,167.340242493273,169.3271484375,4473200
2025-11-14,163.66594702211776,173.54061841203992,162.94706169415426,169.70657348632812,3208300
2025-11-17,168.20889865558257,173.11129256793447,164.2350713086816,167.1804962158203,3517700
2025-11-18,165.25348191566448,167.0606895182974,162.7473774771999,163.4662628173828,2803700
2025-11-19,164.32493175143495,170.1359038519661,162.50774511872143,167.96926879882812,2726200
2025-11-20,172.01300602730308,173.5606069454219,154.47024324308592,155.65838623046875,5142700
2025-11-21,155.08925830530418,160.37105271407984,151.28516580197692,158.66371154785156,3871300
2025-11-24,159.87275914980313,167.4767078667318,159.37315677746,165.8380126953125,5139900
2025-11-25,165.1985012072614,167.95630046220538,160.2324530395646,167.53663635253906,2833700
2025-11-26,169.4851024804036,180.74614412677894,168.675749083522,179.2373504638672,3744500
2025-11-28,179.55708529116407,182.02512217144746,179.31728591601367,181.74534606933594,1877100
2025-12-01,179.02751121125897,182.72456569528288,177.89840497754827,179.48715209960938,2765800
2025-12-02,186.19178249314325,191.3276935545395,185.74214347008694,189.78892517089844,3721700
2025-12-03,191.36768424873875,196.0439548245853,188.84968419046956,194.9248504638672,3339200
2025-12-04,192.84648858114392,200.69025082157674,192.84648858114392,198.47201538085938,4260700
2025-12-05,199.84094439871276,202.95845825240337,198.88170115707115,200.61033630371094,2656000
2025-12-08,202.89850390561014,204.83696346272194,201.31975865029898,202.8285675048828,2100000
2025-12-09,200.0407716670918,201.71944343912568,197.84252444481342,199.8109588623047,1871400
2025-12-10,199.62110119770253,204.53718618306954,198.6718598417044,203.8477325439453,2057200
2025-12-11,200.9800188404704,203.86771961377755,195.8241192860578,203.80776977539062,2507100
2025-12-12,201.1498892860215,202.12910559164925,191.69742166437834,193.21620178222656,4163300
2025-12-15,199.7510139180093,200.33055446978327,193.3960714580804,194.54515075683594,3223300
2025-12-16,194.24537685378965,195.22460838330053,188.98956591084658,192.13705444335938,3711500
2025-12-17,193.8457004546824,194.4152544187416,182.01512115829436,185.0626983642578,3577500
2025-12-18,192.34689553542006,194.9248453675191,189.11946877809638,190.29852294921875,2754700
2025-12-19,191.78735156132197,196.3337359720388,191.3576856142937,195.02476501464844,7880500
2025-12-22,200.89009648059292,201.83933784190495,196.75338986934275,197.06314086914062,2756500
2025-12-23,195.98400887103062,199.1614877391766,195.4544316007819,198.34213256835938,1344900
2025-12-24,198.34212590987437,199.4712320597261,197.1330815572616,198.37210083007812,713100
2025-12-26,199.09153376918184,199.31136001992652,196.5735336903405,198.74180603027344,1247800
2025-12-29,196.55355651317302,198.93165324999387,195.44443872429636,197.20303344726562,1717900
2025-12-30,197.852510918845,198.04236224532258,194.84491035548626,196.51358032226562,1989400
2025-12-31,197.61270996473155,198.14228721503372,193.24617523087468,193.4060516357422,1193900
2026-01-02,199.1315007254638,208.64393387089603,199.101525803779,207.39492797851562,3224100
2026-01-05,211.68151459784156,221.8234358594195,211.63155131520924,219.32542419433594,4271600
2026-01-06,220.77426538693953,229.4773446371275,219.44532136670873,228.65798950195312,3377900
2026-01-07,225.43055488977888,226.5796341039227,219.1355627355175,222.30303955078125,2518400
2026-01-08,221.2239027049781,221.2239027049781,212.4708754877213,216.13795471191406,3141800
2026-01-09,215.56842383864492,219.2454897543638,215.48848563439188,217.0872039794922,2569900
2026-01-12,217.76667206593913,226.0300991018689,216.4077530808688,224.1815643310547,2448100
2026-01-13,224.18156309466275,230.13682970874115,224.18156309466275,229.08766174316406,2313900
2026-01-14,227.31906446435613,230.94618232792527,224.4313635520157,230.00692749023438,2423500
2026-01-15,235.9721840544069,238.7299835194174,227.29907938736642,227.51890563964844,3459800
2026-01-16,229.45735680455456,231.9054051646706,225.47052473466061,227.96853637695312,2298000
2026-01-20,220.24468331225262,228.8878125331823,220.14477199697328,223.80184936523438,2627800
2026-01-21,229.00773197323292,234.65323253658008,225.53050382038623,231.70558166503906,3005500
2026-01-22,237.6108800075137,237.8107178975927,226.12002599145356,228.957763671875,2807300
2026-01-23,228.29828619788864,230.0169195062202,223.98172981059702,228.9977264404297,1830500
2026-01-26,228.99772569105158,234.89304256552836,226.83945512779542,231.56568908691406,2084300
2026-01-27,236.5617087863905,239.83909892809163,235.23276472791815,238.74996948242188,2805200
2026-01-28,243.3662974521558,250.95025756442135,240.81832238474476,250.28079223632812,3909300
2026-01-29,251.19006375730152,253.40829936541485,239.50935861505567,251.669677734375,2695100
2026-01-30,248.1824637740434,254.9970317764732,238.61008109165815,240.85829162597656,3704500
2026-02-02,240.85829153822442,254.47744098009818,240.47858888030433,249.33154296875,6576500
2026-02-03,257.9546770274074,285.77253092387764,246.60371155287257,282.75494384765625,11795000
2026-02-04,283.4843269551544,295.26495766192284,262.99066145829664,268.8559875488281,7187400
2026-02-05,265.5086667395182,281.14621376212983,262.0714002273905,270.91436767578125,3896600
2026-02-06,281.44597214759744,301.1402862088936,280.77649165080675,299.87127685546875,5021100
2026-02-09,297.5431738151747,316.28826371157453,296.26419302118995,309.7634582519531,5345100
2026-02-10,309.7534431241414,311.61194914609933,299.2418211286156,304.64752197265625,2930500
2026-02-11,312.1814907875139,325.0312780028711,310.66271074912896,321.1943359375,3651400
2026-02-12,324.44176437119586,327.7291257380112,307.3753317509661,310.7826232910156,5023400
2026-02-13,308.4634772486029,318.04988323560497,302.37578028651535,314.54119873046875,2600600
2026-02-17,306.13437170975646,315.87068449623666,300.2865743448651,305.4146423339844,2383300
2026-02-18,306.8041302459904,321.6585049423077,304.53496780152,314.7011413574219,2753700
2026-02-19,311.102505377405,318.10986863250463,308.86336081342563,315.7807312011719,1826700
2026-02-20,318.9595149504155,326.87653810328817,316.1505783325812,324.72735595703125,2603500
2026-02-23,319.16947104522205,323.3778731557226,310.33281195881887,318.3797607421875,2567600
2026-02-24,322.89804348393983,332.2945192292027,316.47047823955506,328.96575927734375,2271300
2026-02-25,332.7443265026054,343.56024894278494,330.56515684080375,342.6905822753906,3102700
2026-02-26,343.6701866635748,344.78978943447333,328.37597535625395,332.57440185546875,4915300
2026-02-27,323.8776821363888,324.87730461211834,309.88296747617443,319.9091796875,4426300
2026-03-02,310.3827714435331,325.8069385612864,309.95294111049157,325.70697021484375,2488700
2026-03-03,308.3935217691932,310.8925778128162,295.2684745471162,304.1051330566406,3698500
2026-03-04,311.35239948581994,314.8810654434038,300.3265653033931,305.08477783203125,3358900
2026-03-05,299.68681329720266,310.23284897582414,291.7698201806049,305.4646301269531,3936100
2026-03-06,293.0293414008504,294.9485994330188,269.02839646985245,272.9468994140625,5896900
2026-03-09,265.29980373528207,296.3280944824219,262.9206973192305,296.3280944824219,6533700
2026-03-10,294.82864764848796,309.67304712238126,294.82864764848796,300.65643310546875,2829500
2026-03-11,300.9163475437751,312.50196818021124,299.4169138556177,301.8759765625,2580500
2026-03-12,295.3884280651422,296.13814488764257,283.53292068824317,286.50177001953125,2956400
2026-03-13,289.89052477296946,295.43841744120147,284.4625819236743,286.3118896484375,2166100
2026-03-16,295.84825371610987,304.8848492655451,294.5487567249416,298.1573791503906,2448400
2026-03-17,296.8878689974323,299.5568743737104,288.3411092135651,299.2869567871094,2481800
2026-03-18,303.07554334311004,307.6837883511182,296.3880664851362,299.95672607421875,2653400
2026-03-19,285.78208146611104,304.13513530014956,283.352975688971,302.28582763671875,2808100
2026-03-20,301.97594289893374,302.8856029910859,284.75243706679834,290.7201843261719,4996200
2026-03-23,300.89636235421995,314.3712534078795,299.89673990781523,303.8052673339844,4243500
2026-03-24,299.88675304193913,327.2964156926379,297.8875080216595,320.0191650390625,3207700
2026-03-25,324.8673045853633,325.6870023519532,313.3616704227547,323.2379150390625,3077100
2026-03-26,314.86110835875087,314.86110835875087,296.55802268899043,297.2277526855469,3017600
2026-03-27,293.2892254599186,302.2858276550453,293.0693072971288,295.4983825683594,2164200
2026-03-30,300.88635346919204,300.88635346919204,272.96690613152737,276.24566650390625,3130100
2026-03-31,278.19490623876646,297.2777250102261,277.82505082572436,296.3480529785156,3354000
2026-04-01,301.856004273955,316.6903983524641,300.1866212943811,312.0821533203125,2961800
2026-04-02,289.89052073373875,313.3716431512333,289.89052073373875,309.49310302734375,2744900
2026-04-06,312.0021651014515,315.73076795225455,305.8144994795265,315.3109130859375,1762900
2026-04-07,314.3012992765087,320.7388396890837,309.47310583450775,320.3590087890625,1894800
2026-04-08,343.9001280039687,358.5545975380989,339.87165054277745,358.1547546386719,5814100
2026-04-09,359.86407732985725,369.50045226570796,357.0951341614715,364.0724792480469,4484300
2026-04-10,370.8199542656524,372.8591927084888,365.3620239542967,367.85107421875,3113400
2026-04-13,365.80184435723874,370.28016394680566,361.8833109031106,369.9902648925781,2434700
2026-04-14,366.43160662752524,369.86030428907594,362.363135958892,365.37200927734375,2639900
2026-04-15,362.86295310924174,368.0509961189741,351.82711260521523,364.82220458984375,2366600
2026-04-16,365.6019051259475,369.16055860770524,358.0547678303563,365.7818603515625,1818600
2026-04-17,375.59812638891606,381.3259739606113,370.95989412373183,380.23638916015625,2423200
2026-04-20,382.56549719113735,384.82465367763484,372.85917179678273,375.0683288574219,1819400
2026-04-21,379.0168617341056,387.3037406034424,375.7880701538213,379.78656005859375,1833900
2026-04-22,388.75317323183236,390.6524498272854,376.20792341155084,385.0345764160156,2223200
2026-04-23,389.5928400771749,404.6771390388945,389.22298465527405,400.8385925292969,2476200
2026-04-24,408.67564179248836,421.9506269999966,400.9885730486178,417.9221496582031,3234600
2026-04-27,421.2808994933064,421.2808994933064,389.1530184132367,401.8482360839844,4027200
2026-04-28,388.85312682139676,396.19035182614317,374.53852624523284,379.9864807128906,4596200
2026-04-29,314.42124704953505,334.8735133850265,301.7460114777026,306.2143249511719,13070500
2026-04-30,326.8765486802327,353.406537656098,326.6066615946956,343.34033203125,7836300
2026-05-01,343.2803608617998,353.8663593057273,336.52290310859956,345.28961181640625,2876800
2026-05-04,344.2899670204628,349.6879219825702,336.6328556291772,337.3125915527344,3100000
2026-05-05,345.45951539643653,365.99176885677605,344.9097352568309,356.9651794433594,3565700
2026-05-06,368.37087510057506,382.85539449322414,364.6522784037929,382.3356018066406,3836200
2026-05-07,378.39708725328177,378.856905034319,345.4295281760308,353.9762878417969,5001500
2026-05-08,366.86143651725183,367.73110316154174,354.1062443848503,359.6341552734375,3486000
2026-05-11,355.5057400479739,367.3312601185664,354.1162502101704,366.5015869140625,4427900
2026-05-12,356.47536502061143,359.69415069029856,340.1215555663396,358.314697265625,5646000
2026-05-13,366.17171496815666,366.7614885815175,349.88785592664675,363.2428283691406,3628700
2026-05-14,361.86332934763163,364.8621967179159,353.45650082554135,356.4153747558594,2352500
2026-05-15,339.4418058028365,346.4591444844642,335.1934103511008,337.75244140625,4251900
2026-05-18,337.7524347114488,341.9108677201535,315.5508288736755,320.92877197265625,4670100
2026-05-19,314.001390267484,325.08719926496553,309.29317720231205,321.3985900878906,3489000
2026-05-20,327.73620246421905,344.3399472548049,324.357504201604,344.2099914550781,3387500
2026-05-21,345.3699951171875,359.4700012207031,343.3299865722656,353.44000244140625,3587000
2026-05-22,355.0,360.3399963378906,352.4100036621094,358.44000244140625,2708500
2026-05-26,371.6300048828125,390.3500061035156,367.6199951171875,389.1400146484375,4005700
2026-05-27,402.1300048828125,406.6499938964844,365.04998779296875,375.8299865722656,3275000
2026-05-28,381.55999755859375,386.29998779296875,364.8299865722656,382.6499938964844,2762100
2026-05-29,385.1600036621094,386.9700012207031,368.1000061035156,374.30999755859375,4129200
2026-06-01,366.510009765625,376.70001220703125,360.1400146484375,369.4700012207031,2523400
2026-06-02,370.7699890136719,392.8999938964844,365.7799987792969,392.6199951171875,3413100
2026-06-03,397.0,420.6000061035156,393.6000061035156,409.6700134277344,3254600
2026-06-04,396.42999267578125,413.8699951171875,388.0899963378906,406.8599853515625,4214000
2026-06-05,389.5400085449219,392.9200134277344,354.1300048828125,357.92999267578125,5471100
2026-06-08,377.8399963378906,380.1700134277344,368.4100036621094,374.69000244140625,2940900
2026-06-09,386.6000061035156,395.6499938964844,340.3399963378906,369.2099914550781,4262100
2026-06-10,360.2699890136719,374.82000732421875,345.6099853515625,347.5899963378906,3745800
2026-06-11,358.54998779296875,381.5400085449219,356.6000061035156,381.3999938964844,5027400
2026-06-12,381.94000244140625,408.0,380.0,403.20001220703125,3322900
2026-06-15,426.45001220703125,437.7699890136719,423.0299987792969,432.4100036621094,4558000
2026-06-16,432.25,436.25,409.2200012207031,409.3500061035156,3977800
2026-06-17,429.2300109863281,440.75,408.239990234375,408.55999755859375,3527600
2026-06-18,421.8299865722656,439.5,421.8299865722656,437.9200134277344,17958200
2026-06-22,456.1400146484375,459.19000244140625,439.6099853515625,457.0,4338500
2026-06-23,410.1700134277344,428.6700134277344,408.7699890136719,420.1199951171875,7671700
2026-06-24,423.07000732421875,433.0,413.7699890136719,427.20001220703125,3256600
2026-06-25,454.0,472.3699951171875,427.0899963378906,471.9599914550781,7025300
2026-06-26,453.739990234375,456.239990234375,423.07000732421875,436.8599853515625,11486400
2026-06-29,440.6199951171875,469.1099853515625,414.92999267578125,463.2099914550781,5089100
2026-06-30,467.5,487.9100036621094,460.0,483.8399963378906,5022400
2026-07-01,461.0,463.6600036621094,425.1099853515625,427.3399963378906,5465800
2026-07-02,427.4100036621094,429.739990234375,362.010009765625,369.0899963378906,5932300
2026-07-06,386.5799865722656,399.79998779296875,377.1700134277344,379.5199890136719,3447000
2026-07-07,354.05999755859375,361.04998779296875,328.2799987792969,343.1099853515625,6405400
2026-07-08,342.989990234375,354.2699890136719,335.05999755859375,351.57000732421875,3194200
2026-07-09,379.239990234375,385.0,360.6600036621094,362.75,3708100
2026-07-10,353.4599914550781,362.54998779296875,344.9700012207031,359.6000061035156,1571900
2026-07-13,345.0,348.5899963378906,334.3500061035156,341.1099853515625,3105000
2026-07-14,363.57000732421875,365.0,347.1600036621094,353.2300109863281,2111200
2026-07-15,356.29998779296875,358.0,325.1400146484375,342.1199951171875,3182600
2026-07-16,332.239990234375,335.3900146484375,317.739990234375,322.29998779296875,3623900
2026-07-17,305.8900146484375,330.67999267578125,296.82000732421875,322.3599853515625,3518700
2026-07-20,335.2200012207031,351.2300109863281,331.2799987792969,333.760009765625,2940500
2026-07-21,361.0,379.19000244140625,356.010009765625,374.0400085449219,3997900
2026-07-22,362.6499938964844,376.3699951171875,360.79998779296875,369.4599914550781,2143000
2026-07-23,362.9700012207031,378.5,362.6700134277344,373.75,2092400
2026-07-24,365.0,371.3599853515625,345.4700012207031,349.9200134277344,2945200
2026-07-27,349.92999267578125,355.25,319.6000061035156,334.7699890136719,4145300
2026-07-28,319.3399963378906,323.9599914550781,301.0,320.6499938964844,5795500
2026-07-29,367.8999938964844,372.2300109863281,319.19000244140625,319.4100036621094,9221700
2026-07-30,347.8999938964844,369.0,344.5,365.489990234375,7309100
2026-07-31,382.989990234375,392.0,362.2300109863281,367.69000244140625,3771500
2026-08-03,359.9200134277344,370.3999938964844,349.30999755859375,365.79998779296875,2698700
2026-08-04,388.6099853515625,409.7200012207031,382.8699951171875,403.55999755859375,4144100
2026-08-05,402.4700012207031,409.3999938964844,386.0799865722656,389.3900146484375,3183600
2026-08-06,382.010009765625,396.5899963378906,370.0,384.8900146484375,2629600
2026-08-07,397.6000061035156,397.6000061035156,372.79998779296875,379.30999755859375,3737900
2026-08-10,386.6600036621094,387.0,364.260009765625,365.1000061035156,2377200
2026-08-11,373.7900085449219,387.80999755859375,371.20001220703125,379.55999755859375,1810700
2026-08-12,396.5,408.54998779296875,393.1600036621094,402.739990234375,2957100
2026-08-13,399.3999938964844,422.32000732421875,398.0,410.5199890136719,1880300
2026-08-14,410.510009765625,419.0,398.4200134277344,418.7900085449219,1842600
2026-08-17,425.0,444.1700134277344,420.2200012207031,443.1400146484375,3107400
2026-08-18,419.1499938964844,424.760009765625,392.17999267578125,404.2900085449219,4293800
2026-08-19,405.19000244140625,405.19000244140625,374.010009765625,379.6499938964844,2765200
2026-08-20,377.3399963378906,385.92999267578125,372.8999938964844,383.1499938964844,1995900
2026-08-21,381.79998779296875,385.57000732421875,365.010009765625,375.739990234375,1907400
